CustomerID,FirstPurchase,LastPurchase,Frequency,Monetary,RecencyDays,R,F,M,Segment,Country,Cohort
12346,2009-12-14 08:34:00,2011-01-18 10:01:00,12,77556.46,326,2,5,5,At risk,United Kingdom,2009-12
12347,2010-10-31 14:20:00,2011-12-07 15:52:00,8,4921.53,3,5,4,5,Champions,Iceland,2010-10
12348,2010-09-27 14:59:00,2011-09-25 13:13:00,5,2019.4,76,3,4,4,Loyal,Finland,2010-09
12349,2010-04-29 13:20:00,2011-11-21 09:51:00,4,4428.69,19,5,3,5,Loyal,Italy,2010-04
12350,2011-02-02 16:01:00,2011-02-02 16:01:00,1,334.4,311,2,1,2,Hibernating,Norway,2011-02
12351,2010-11-29 15:23:00,2010-11-29 15:23:00,1,300.93,376,2,1,2,Hibernating,Unspecified,2010-11
12352,2010-11-12 10:20:00,2011-11-03 14:37:00,10,2849.84,37,4,5,4,Champions,Norway,2010-11
12353,2010-10-27 12:44:00,2011-05-19 17:47:00,2,406.76,205,2,2,2,Hibernating,Bahrain,2010-10
12354,2011-04-21 13:11:00,2011-04-21 13:11:00,1,1079.4,233,2,1,3,Hibernating,Spain,2011-04
12355,2010-05-21 11:59:00,2011-05-09 13:49:00,2,947.61,215,2,2,3,Hibernating,Bahrain,2010-05
12356,2010-10-11 09:42:00,2011-11-17 08:40:00,6,6373.68,23,4,4,5,Champions,Portugal,2010-10
12357,2010-11-16 10:05:00,2011-11-06 16:07:00,3,18287.66,34,4,3,5,Loyal,Switzerland,2010-11
12358,2009-12-08 07:59:00,2011-12-08 10:26:00,5,3887.07,2,5,4,5,Champions,Austria,2009-12
12359,2009-12-05 13:32:00,2011-10-13 12:47:00,10,8935.94,58,4,5,5,Champions,Cyprus,2009-12
12360,2010-02-22 09:32:00,2011-10-18 15:22:00,8,4252.89,53,4,4,5,Champions,Austria,2010-02
12361,2010-01-26 14:37:00,2011-02-25 13:51:00,4,511.25,288,2,3,2,At risk,Belgium,2010-01
12362,2009-12-01 10:10:00,2011-12-06 15:40:00,11,5356.23,4,5,5,5,Champions,Belgium,2009-12
12363,2011-04-11 13:29:00,2011-08-22 10:18:00,2,552.0,110,3,2,2,Developing,Unspecified,2011-04
12364,2011-08-19 15:24:00,2011-12-02 10:22:00,4,1313.1,8,5,3,4,Loyal,Belgium,2011-08
12365,2011-02-21 13:51:00,2011-02-21 14:04:00,2,641.38,292,2,2,3,Hibernating,Cyprus,2011-02
12366,2010-03-16 10:28:00,2010-03-16 10:28:00,1,500.24,634,1,1,2,Hibernating,Cyprus,2010-03
12367,2011-12-05 16:48:00,2011-12-05 16:48:00,1,168.9,5,5,1,1,Recent light buyers,Denmark,2011-12
12368,2010-03-21 15:56:00,2010-03-21 15:56:00,1,917.6999999999999,629,1,1,3,Hibernating,Cyprus,2010-03
12369,2010-03-08 08:09:00,2010-10-22 13:13:00,3,1791.15,414,1,3,4,At risk,Austria,2010-03
12370,2010-02-09 09:41:00,2011-10-19 14:51:00,7,4320.31,52,4,4,5,Champions,Cyprus,2010-02
12371,2010-03-04 18:23:00,2011-10-26 10:16:00,5,4067.38,45,4,4,5,Champions,Switzerland,2010-03
12372,2011-02-16 12:46:00,2011-09-29 12:12:00,3,1298.04,72,3,3,4,Loyal,Denmark,2011-02
12373,2010-02-04 12:08:00,2011-02-01 13:10:00,3,1127.65,312,2,3,3,At risk,Austria,2010-02
12374,2010-04-30 14:01:00,2011-11-14 15:37:00,4,2989.2200000000003,26,4,3,5,Loyal,Austria,2010-04
12375,2011-09-02 14:23:00,2011-11-29 10:36:00,2,457.5,11,5,2,2,Recent light buyers,Finland,2011-09
12376,2010-10-18 08:42:00,2010-11-15 12:15:00,2,503.15,390,2,2,2,Hibernating,Switzerland,2010-10
12377,2010-04-29 15:34:00,2011-01-28 15:45:00,4,3426.32,316,2,3,5,At risk,Switzerland,2010-04
12378,2010-05-26 14:07:00,2011-08-02 10:34:00,2,5416.32,130,3,2,5,Developing,Switzerland,2010-05
12379,2010-06-23 12:49:00,2011-09-19 10:09:00,4,1620.22,82,3,3,4,Loyal,Belgium,2010-06
12380,2010-02-15 12:05:00,2011-11-18 11:27:00,11,9676.300000000001,22,4,5,5,Champions,Belgium,2010-02
12381,2011-08-12 09:57:00,2011-12-05 12:44:00,5,1845.31,5,5,4,4,Champions,Norway,2011-08
12383,2010-12-22 14:28:00,2011-06-08 08:02:00,5,1850.56,185,3,4,4,Loyal,Belgium,2010-12
12384,2011-08-10 11:23:00,2011-11-11 08:39:00,2,585.27,29,4,2,2,Recent light buyers,Switzerland,2011-08
12385,2010-11-25 15:14:00,2010-11-25 15:14:00,1,1938.4,380,2,1,4,Hibernating,Belgium,2010-11
12386,2010-12-08 09:53:00,2011-01-06 12:37:00,2,401.9,338,2,2,2,Hibernating,Australia,2010-12
12387,2010-10-20 16:27:00,2010-10-20 16:27:00,1,143.94,416,1,1,1,Hibernating,Australia,2010-10
12388,2010-05-06 12:54:00,2011-11-24 12:30:00,8,3901.11,16,5,4,5,Champions,Australia,2010-05
12389,2010-02-22 10:15:00,2010-11-02 11:52:00,3,1433.33,403,2,3,4,At risk,Australia,2010-02
12390,2011-09-21 09:33:00,2011-09-21 09:33:00,1,549.84,80,3,1,2,Developing,Belgium,2011-09
12391,2010-02-15 10:12:00,2011-11-18 12:07:00,6,2773.42,22,4,4,4,Champions,Cyprus,2010-02
12392,2010-04-27 14:04:00,2010-04-27 14:04:00,1,234.75000000000003,592,1,1,1,Hibernating,Australia,2010-04
12393,2010-10-07 13:49:00,2011-09-28 15:41:00,6,2399.4500000000003,73,3,4,4,Loyal,Australia,2010-10
12394,2011-05-06 14:01:00,2011-10-07 08:08:00,2,1272.48,64,3,2,4,Developing,Denmark,2011-05
12395,2010-04-16 10:16:00,2011-11-20 15:21:00,15,4721.17,20,5,5,5,Champions,Belgium,2010-04
12396,2010-02-03 13:22:00,2010-02-03 13:22:00,1,931.43,675,1,1,3,Hibernating,RSA,2010-02
12397,2011-07-27 14:21:00,2011-11-04 09:52:00,2,2409.9,36,4,2,4,Recent light buyers,Belgium,2011-07
12398,2011-10-25 10:27:00,2011-10-25 10:27:00,1,1635.6599999999999,46,4,1,4,Recent light buyers,Switzerland,2011-10
12399,2010-03-05 08:45:00,2011-08-12 13:15:00,7,1962.3,120,3,4,4,Loyal,Belgium,2010-03
12400,2010-10-21 13:45:00,2010-10-21 13:45:00,1,205.25,415,1,1,1,Hibernating,Australia,2010-10
12401,2011-02-09 13:50:00,2011-02-09 13:50:00,1,84.3,304,2,1,1,Hibernating,Belgium,2011-02
12402,2010-02-07 12:41:00,2011-01-20 13:49:00,6,1256.9,324,2,4,4,At risk,Belgium,2010-02
12403,2010-07-06 11:39:00,2011-10-21 10:51:00,2,1019.36,50,4,2,3,Recent light buyers,Denmark,2010-07
12404,2010-01-26 16:25:00,2010-01-26 16:25:00,1,63.24,683,1,1,1,Hibernating,Finland,2010-01
12405,2011-07-14 08:52:00,2011-07-14 08:52:00,1,1710.39,149,3,1,4,Developing,Finland,2011-07
12406,2010-01-11 14:04:00,2011-11-17 19:22:00,5,6390.36,23,4,4,5,Champions,Denmark,2010-01
12407,2011-03-20 13:21:00,2011-10-21 10:11:00,5,1708.1200000000001,50,4,4,4,Champions,Belgium,2011-03
12408,2010-07-29 13:27:00,2011-11-07 12:27:00,8,4340.7699999999995,33,4,4,5,Champions,Belgium,2010-07
12409,2010-05-23 15:21:00,2011-09-22 10:38:00,7,23419.29,79,3,4,5,Loyal,Switzerland,2010-05
12410,2010-07-25 13:26:00,2011-02-04 10:39:00,3,1013.71,309,2,3,3,At risk,Switzerland,2010-07
12411,2010-10-26 09:25:00,2010-10-26 09:25:00,1,346.9,410,2,1,2,Hibernating,Australia,2010-10
12412,2010-06-18 13:22:00,2011-09-26 10:16:00,6,2596.93,75,3,4,4,Loyal,Denmark,2010-06
12413,2010-11-02 13:26:00,2011-10-04 09:00:00,4,999.45,67,3,3,3,Loyal,France,2010-11
12414,2010-09-02 12:22:00,2011-05-06 14:51:00,6,952.41,218,2,4,3,At risk,Austria,2010-09
12415,2010-06-30 08:30:00,2011-11-15 14:22:00,28,144458.37,25,4,5,5,Champions,Australia,2010-06
12416,2010-02-21 10:19:00,2010-02-21 10:19:00,1,202.56,657,1,1,1,Hibernating,Australia,2010-02
12417,2009-12-06 10:30:00,2011-12-06 14:52:00,20,6816.91,4,5,5,5,Champions,Belgium,2009-12
12418,2010-03-19 14:47:00,2011-08-19 11:08:00,4,2021.2,113,3,3,4,Loyal,Switzerland,2010-03
12419,2010-10-22 10:40:00,2010-11-19 10:04:00,2,503.01,386,2,2,2,Hibernating,Spain,2010-10
12420,2011-10-07 08:55:00,2011-10-07 08:55:00,1,600.39,64,3,1,2,Developing,Cyprus,2011-10
12421,2010-07-22 13:57:00,2011-11-24 09:07:00,6,1098.6,16,5,4,3,Loyal,Spain,2010-07
12422,2009-12-18 12:44:00,2011-09-05 09:48:00,17,5231.8,96,3,5,5,Loyal,Australia,2009-12
12423,2010-08-31 09:31:00,2011-12-09 10:10:00,10,2622.39,1,5,5,4,Champions,Belgium,2010-08
12424,2010-06-09 15:15:00,2011-06-30 12:06:00,4,3340.03,163,3,3,5,Loyal,Australia,2010-06
12425,2010-09-17 14:10:00,2011-09-22 17:31:00,2,1741.41,79,3,2,4,Developing,Portugal,2010-09
12426,2010-02-15 08:41:00,2011-05-29 12:26:00,2,1345.21,195,2,2,4,Hibernating,Germany,2010-02
12427,2010-12-03 10:44:00,2011-11-18 08:56:00,3,825.8,22,4,3,3,Loyal,Germany,2010-12
12428,2011-03-01 09:33:00,2011-11-14 08:22:00,9,7956.46,26,4,5,5,Champions,Finland,2011-03
12429,2010-06-11 13:28:00,2011-11-30 17:22:00,8,6204.41,10,5,4,5,Champions,Denmark,2010-06
12430,2011-10-27 15:09:00,2011-10-27 15:09:00,1,256.4,44,4,1,1,Recent light buyers,Norway,2011-10
12431,2010-01-15 09:04:00,2011-11-04 11:55:00,27,10499.72,36,4,5,5,Champions,Australia,2010-01
12432,2011-06-20 13:27:00,2011-10-28 11:43:00,5,5059.32,43,4,4,5,Champions,Norway,2011-06
12433,2010-08-20 09:23:00,2011-12-09 10:02:00,10,16794.14,1,5,5,5,Champions,Norway,2010-08
12434,2010-11-23 13:38:00,2011-09-16 12:38:00,3,1103.43,85,3,3,3,Loyal,Australia,2010-11
12435,2009-12-02 13:58:00,2011-09-21 09:06:00,6,13925.93,80,3,4,5,Loyal,Denmark,2009-12
12436,2011-09-01 12:09:00,2011-09-01 12:09:00,1,509.01,100,3,1,2,Developing,Norway,2011-09
12437,2009-12-02 16:24:00,2011-12-08 11:35:00,39,12683.4,2,5,5,5,Champions,France,2009-12
12438,2011-07-22 13:29:00,2011-11-25 13:28:00,2,2906.85,15,5,2,4,Recent light buyers,Norway,2011-07
12439,2009-12-14 08:40:00,2010-01-26 12:11:00,2,1158.18,683,1,2,3,Hibernating,Cyprus,2009-12
12440,2009-12-22 12:03:00,2010-09-03 13:11:00,2,859.2,463,1,2,3,Hibernating,Austria,2009-12
12441,2010-12-08 10:45:00,2010-12-08 10:45:00,1,173.55,367,2,1,1,Hibernating,France,2010-12
12442,2011-12-06 14:22:00,2011-12-06 14:22:00,1,172.06,4,5,1,1,Recent light buyers,Spain,2011-12
12443,2009-12-07 15:42:00,2009-12-07 15:42:00,1,485.31,733,1,1,2,Hibernating,Norway,2009-12
12444,2011-06-21 14:00:00,2011-11-18 13:23:00,5,5005.46,22,4,4,5,Champions,Norway,2011-06
12445,2010-10-15 12:28:00,2011-11-17 18:43:00,2,434.98,23,4,2,2,Recent light buyers,Spain,2010-10
12446,2011-10-13 12:50:00,2011-10-13 12:50:00,1,1002.3100000000001,58,4,1,3,Recent light buyers,RSA,2011-10
12447,2011-04-10 13:25:00,2011-04-10 13:25:00,1,476.49,244,2,1,2,Hibernating,Belgium,2011-04
12448,2011-10-26 13:46:00,2011-10-26 13:46:00,1,449.45,45,4,1,2,Recent light buyers,Spain,2011-10
12449,2010-09-27 09:37:00,2011-11-17 13:46:00,6,4835.89,23,4,4,5,Champions,Belgium,2010-09
12450,2010-08-22 13:11:00,2011-07-06 14:41:00,5,688.2,157,3,4,3,Loyal,Spain,2010-08
12451,2010-06-28 12:58:00,2011-11-29 08:40:00,8,12669.88,11,5,4,5,Champions,Switzerland,2010-06
12452,2011-11-23 08:05:00,2011-11-23 10:28:00,2,430.57,17,5,2,2,Recent light buyers,Switzerland,2011-11
12453,2011-07-28 14:08:00,2011-07-28 14:08:00,1,707.09,135,3,1,3,Developing,Austria,2011-07
12454,2010-10-14 17:33:00,2011-10-14 17:13:00,5,16679.78,57,4,4,5,Champions,Spain,2010-10
12455,2009-12-18 12:33:00,2011-09-27 15:31:00,10,5879.95,74,3,5,5,Loyal,Spain,2009-12
12456,2011-03-30 09:12:00,2011-10-26 14:41:00,3,3181.04,45,4,3,5,Loyal,Switzerland,2011-03
12457,2010-09-30 17:59:00,2011-10-04 13:13:00,8,2995.91,67,3,4,5,Loyal,Cyprus,2010-09
12458,2010-08-09 10:33:00,2011-09-29 15:25:00,4,1777.49,72,3,3,4,Loyal,Switzerland,2010-08
12459,2010-04-13 14:53:00,2010-04-13 14:53:00,1,454.36,606,1,1,2,Hibernating,Spain,2010-04
12460,2010-09-09 13:51:00,2010-09-09 13:51:00,1,326.65,457,1,1,2,Hibernating,Belgium,2010-09
12461,2011-07-08 10:23:00,2011-09-06 16:57:00,2,826.88,95,3,2,3,Developing,Switzerland,2011-07
12462,2011-02-09 14:44:00,2011-11-21 09:11:00,2,1189.59,19,5,2,3,Recent light buyers,Spain,2011-02
12463,2011-04-12 12:47:00,2011-10-17 13:44:00,4,1344.78,54,4,3,4,Loyal,Belgium,2011-04
12464,2011-02-03 13:30:00,2011-11-29 13:33:00,8,1212.05,11,5,4,3,Loyal,Belgium,2011-02
12465,2011-06-23 13:37:00,2011-11-22 16:34:00,2,742.1899999999999,18,5,2,3,Recent light buyers,Belgium,2011-06
12466,2010-01-26 16:26:00,2010-01-26 16:26:00,1,56.73,683,1,1,1,Hibernating,France,2010-01
12467,2010-10-12 15:41:00,2010-10-12 15:41:00,1,132.8,424,1,1,1,Hibernating,USA,2010-10
12468,2010-01-26 10:09:00,2011-06-05 11:36:00,5,3670.74,188,3,4,5,Loyal,Germany,2010-01
12469,2010-06-21 10:30:00,2010-07-05 12:40:00,2,3070.54,523,1,2,5,Hibernating,Thailand,2010-06
12470,2010-01-19 11:01:00,2010-01-19 11:01:00,1,211.95,690,1,1,1,Hibernating,Unspecified,2010-01
12471,2009-12-07 10:41:00,2011-12-07 15:43:00,79,39963.79,3,5,5,5,Champions,Germany,2009-12
12472,2009-12-14 10:49:00,2011-11-07 14:01:00,19,16249.289999999999,33,4,5,5,Champions,Germany,2009-12
12473,2011-06-01 10:15:00,2011-11-10 13:46:00,5,3938.5499999999997,30,4,4,5,Champions,Germany,2011-06
12474,2010-02-11 09:41:00,2011-11-22 14:39:00,31,12424.45,18,5,5,5,Champions,Germany,2010-02
12475,2010-10-26 08:49:00,2011-10-17 10:10:00,2,1149.64,54,4,2,3,Recent light buyers,Germany,2010-10
12476,2010-07-26 09:04:00,2011-11-24 12:40:00,23,14115.41,16,5,5,5,Champions,Germany,2010-07
12477,2010-03-26 14:01:00,2011-11-17 09:51:00,9,20276.37,23,4,5,5,Champions,Germany,2010-03
12478,2011-12-06 09:56:00,2011-12-06 09:56:00,1,680.99,4,5,1,3,Recent light buyers,Greece,2011-12
12479,2011-11-28 13:26:00,2011-11-28 13:26:00,1,527.2,12,5,1,2,Recent light buyers,Germany,2011-11
12480,2010-07-20 13:21:00,2011-11-11 14:52:00,7,5464.85,29,4,4,5,Champions,Germany,2010-07
12481,2010-04-11 13:10:00,2011-11-17 08:29:00,15,12202.01,23,4,5,5,Champions,Germany,2010-04
12482,2010-02-24 10:24:00,2010-05-12 16:51:00,29,23691.4,577,1,5,5,At risk,Sweden,2010-02
12483,2010-01-31 13:28:00,2011-11-22 17:02:00,19,5120.58,18,5,5,5,Champions,Sweden,2010-01
12484,2010-01-27 16:41:00,2011-11-07 11:37:00,12,6370.15,33,4,5,5,Champions,Spain,2010-01
12485,2010-06-28 15:22:00,2010-06-28 15:22:00,1,708.1,530,1,1,3,Hibernating,Sweden,2010-06
12486,2010-10-04 12:14:00,2010-10-04 12:14:00,1,1037.28,432,1,1,3,Hibernating,Sweden,2010-10
12487,2009-12-09 11:36:00,2009-12-09 11:36:00,1,285.29999999999995,731,1,1,1,Hibernating,Sweden,2009-12
12488,2011-09-25 10:34:00,2011-11-30 08:50:00,3,1298.66,10,5,3,4,Loyal,France,2011-09
12489,2011-01-07 13:13:00,2011-01-07 13:13:00,1,334.93,337,2,1,2,Hibernating,France,2011-01
12490,2009-12-01 12:52:00,2011-12-04 16:07:00,21,9823.64,6,5,5,5,Champions,France,2009-12
12491,2011-11-01 12:18:00,2011-11-01 12:18:00,1,460.40000000000003,39,4,1,2,Recent light buyers,France,2011-11
12492,2010-11-01 14:58:00,2011-10-07 15:15:00,3,715.21,64,3,3,3,Loyal,Germany,2010-11
12493,2011-05-26 14:53:00,2011-06-27 10:17:00,2,433.74,166,3,2,2,Developing,France,2011-05
12494,2010-05-12 13:52:00,2011-11-24 09:34:00,9,1815.27,16,5,5,4,Champions,France,2010-05
12495,2010-03-09 10:53:00,2010-03-09 10:53:00,1,357.4,641,1,1,2,Hibernating,Sweden,2010-03
12496,2010-03-29 13:57:00,2010-03-29 14:06:00,2,54.09,621,1,2,1,Hibernating,Spain,2010-03
12497,2010-03-05 09:39:00,2011-09-19 12:29:00,3,6248.5,82,3,3,5,Loyal,Germany,2010-03
12498,2011-10-13 09:30:00,2011-11-18 12:53:00,3,403.70000000000005,22,4,3,2,Loyal,Germany,2011-10
12499,2010-05-28 15:12:00,2010-05-28 15:12:00,1,393.72,561,1,1,2,Hibernating,Germany,2010-05
12500,2010-02-04 15:05:00,2011-11-16 16:20:00,19,5955.21,24,4,5,5,Champions,Germany,2010-02
12501,2011-01-07 12:28:00,2011-01-07 12:28:00,1,2169.39,337,2,1,4,Hibernating,Germany,2011-01
12502,2011-02-03 10:41:00,2011-09-05 11:52:00,5,3723.87,96,3,4,5,Loyal,Spain,2011-02
12503,2010-05-04 13:59:00,2010-05-04 13:59:00,1,1126.0,585,1,1,3,Hibernating,Spain,2010-05
12504,2010-04-22 10:24:00,2011-11-21 16:02:00,4,779.05,19,5,3,3,Loyal,Germany,2010-04
12505,2010-10-27 09:18:00,2010-10-27 09:18:00,1,955.2,409,2,1,3,Hibernating,Italy,2010-10
12506,2011-04-21 08:54:00,2011-04-21 08:54:00,1,73.5,233,2,1,1,Hibernating,France,2011-04
12507,2010-05-04 09:23:00,2011-07-28 17:09:00,4,1844.06,135,3,3,4,Loyal,Spain,2010-05
12508,2011-11-10 16:27:00,2011-11-13 15:37:00,2,398.27,27,4,2,2,Recent light buyers,France,2011-11
12509,2011-02-28 14:45:00,2011-02-28 14:45:00,1,176.5,285,2,1,1,Hibernating,France,2011-02
12510,2009-12-04 13:47:00,2011-07-20 10:15:00,9,5178.02,143,3,5,5,Loyal,Spain,2009-12
12511,2010-10-07 10:39:00,2010-10-07 10:39:00,1,3084.02,429,1,1,5,Hibernating,Greece,2010-10
12512,2011-10-04 14:53:00,2011-10-04 14:55:00,2,138.03,67,3,2,1,Developing,Israel,2011-10
12513,2011-08-19 10:51:00,2011-08-19 10:51:00,1,612.29,113,3,1,3,Developing,France,2011-08
12514,2010-03-08 12:18:00,2011-03-17 16:38:00,2,1597.76,268,2,2,4,Hibernating,Italy,2010-03
12515,2010-12-21 15:43:00,2010-12-21 15:43:00,1,383.7,354,2,1,2,Hibernating,Italy,2010-12
12516,2010-04-19 14:14:00,2011-09-23 09:13:00,4,2648.62,78,3,3,4,Loyal,Germany,2010-04
12517,2011-06-02 15:13:00,2011-11-11 14:04:00,5,2502.84,29,4,4,4,Champions,Germany,2011-06
12518,2011-08-21 13:18:00,2011-12-09 10:13:00,5,2056.89,1,5,4,4,Champions,Germany,2011-08
12519,2010-08-20 08:21:00,2011-10-07 09:26:00,2,726.54,64,3,2,3,Developing,Germany,2010-08
12520,2011-03-11 11:35:00,2011-09-21 15:23:00,5,2634.26,80,3,4,4,Loyal,Germany,2011-03
12521,2011-07-20 10:51:00,2011-07-20 10:51:00,1,599.68,143,3,1,2,Developing,Germany,2011-07
12522,2011-10-19 14:41:00,2011-10-31 15:30:00,2,192.72,40,4,2,1,Recent light buyers,Germany,2011-10
12523,2009-12-07 13:46:00,2011-11-20 12:55:00,23,4372.15,20,5,5,5,Champions,France,2009-12
12524,2010-02-08 14:41:00,2011-11-30 15:31:00,17,11126.11,10,5,5,5,Champions,Germany,2010-02
12525,2010-03-02 14:01:00,2010-07-29 16:08:00,3,973.73,499,1,3,3,At risk,France,2010-03
12526,2011-09-06 14:19:00,2011-12-09 12:09:00,3,1316.66,1,5,3,4,Loyal,Germany,2011-09
12527,2010-06-28 15:37:00,2011-09-19 11:55:00,5,735.51,82,3,4,3,Loyal,Germany,2010-06
12528,2011-01-31 09:05:00,2011-11-30 14:40:00,6,1933.48,10,5,4,4,Champions,Germany,2011-01
12529,2010-06-29 13:10:00,2010-06-29 13:10:00,1,316.48,529,1,1,2,Hibernating,France,2010-06
12530,2010-03-07 14:37:00,2011-10-11 12:34:00,9,3759.26,60,3,5,5,Loyal,Germany,2010-03
12531,2010-01-22 14:17:00,2011-11-25 11:12:00,2,1933.2,15,5,2,4,Recent light buyers,Germany,2010-01
12532,2011-11-09 13:47:00,2011-11-09 13:47:00,1,349.83000000000004,31,4,1,2,Recent light buyers,France,2011-11
12533,2009-12-01 11:50:00,2010-03-22 10:56:00,2,1367.89,628,1,2,4,Hibernating,Germany,2009-12
12534,2011-08-01 10:26:00,2011-08-01 10:26:00,1,1089.18,131,3,1,3,Developing,Germany,2011-08
12535,2011-06-06 12:47:00,2011-09-09 08:48:00,2,716.35,92,3,2,3,Developing,France,2011-06
12536,2011-10-11 14:52:00,2011-10-27 14:20:00,3,12601.830000000002,44,4,3,5,Loyal,France,2011-10
12537,2010-10-27 08:36:00,2010-10-27 08:36:00,1,732.94,409,2,1,3,Hibernating,Sweden,2010-10
12538,2010-11-26 13:02:00,2011-11-10 17:16:00,2,640.45,30,4,2,3,Recent light buyers,Spain,2010-11
12539,2009-12-23 13:00:00,2011-11-17 13:30:00,7,11214.75,23,4,4,5,Champions,Spain,2009-12
12540,2009-12-07 16:56:00,2011-11-20 11:31:00,33,22254.49,20,5,5,5,Champions,Spain,2009-12
12541,2011-03-04 09:32:00,2011-11-10 10:40:00,3,981.18,30,4,3,3,Loyal,Spain,2011-03
12542,2010-03-09 16:26:00,2010-08-12 19:12:00,2,481.88,485,1,2,2,Hibernating,Spain,2010-03
12543,2010-09-17 15:51:00,2010-09-17 15:51:00,1,980.25,449,1,1,3,Hibernating,Spain,2010-09
12544,2011-11-03 16:15:00,2011-11-03 16:15:00,1,372.7,37,4,1,2,Recent light buyers,Spain,2011-11
12545,2011-03-25 12:04:00,2011-09-25 13:39:00,2,1000.39,76,3,2,3,Developing,Spain,2011-03
12546,2011-09-23 09:44:00,2011-10-24 12:09:00,2,1161.5,47,4,2,3,Recent light buyers,Spain,2011-09
12547,2010-07-27 13:55:00,2011-05-26 12:38:00,3,383.58,198,2,3,2,At risk,Spain,2010-07
12548,2011-06-26 15:35:00,2011-06-26 15:35:00,1,95.19999999999999,167,3,1,1,Developing,Spain,2011-06
12549,2010-01-11 12:29:00,2010-05-13 12:05:00,6,1575.68,576,1,4,4,At risk,USA,2010-01
12550,2011-09-21 14:35:00,2011-09-21 14:35:00,1,964.83,80,3,1,3,Developing,Spain,2011-09
12551,2010-12-17 11:23:00,2010-12-17 11:23:00,1,168.0,358,2,1,1,Hibernating,Spain,2010-12
12552,2011-10-31 12:11:00,2011-11-01 10:02:00,2,437.82,39,4,2,2,Recent light buyers,Italy,2011-10
12553,2010-10-12 13:35:00,2011-12-01 16:38:00,12,4608.75,9,5,5,5,Champions,France,2010-10
12554,2010-09-17 12:29:00,2010-09-17 12:29:00,1,468.5,449,1,1,2,Hibernating,Spain,2010-09
12555,2010-01-26 16:26:00,2010-01-26 16:26:00,1,129.23,683,1,1,1,Hibernating,Spain,2010-01
12556,2011-07-11 13:35:00,2011-10-20 13:06:00,2,603.71,51,4,2,2,Recent light buyers,Spain,2011-07
12557,2009-12-17 10:39:00,2011-11-23 16:59:00,8,18096.14,17,5,4,5,Champions,Spain,2009-12
12558,2011-12-02 10:41:00,2011-12-02 10:41:00,1,269.96,8,5,1,1,Recent light buyers,USA,2011-12
12559,2011-01-24 10:12:00,2011-02-02 09:49:00,2,561.71,311,2,2,2,Hibernating,Germany,2011-01
12560,2011-07-19 15:55:00,2011-12-04 13:54:00,3,2134.01,6,5,3,4,Loyal,Germany,2011-07
12561,2011-02-10 11:39:00,2011-02-10 11:39:00,1,238.85,303,2,1,1,Hibernating,Germany,2011-02
12562,2010-09-30 13:13:00,2011-12-01 17:20:00,9,4966.92,9,5,5,5,Champions,France,2010-09
12563,2010-10-27 09:52:00,2010-10-27 09:52:00,1,249.24,409,2,1,1,Hibernating,Italy,2010-10
12564,2011-03-23 14:55:00,2011-03-23 14:55:00,1,456.9,262,2,1,2,Hibernating,France,2011-03
12565,2011-02-24 10:34:00,2011-02-24 10:34:00,1,145.92,289,2,1,1,Hibernating,Saudi Arabia,2011-02
12566,2011-09-14 14:30:00,2011-09-14 14:30:00,1,351.65,87,3,1,2,Developing,Germany,2011-09
12567,2010-02-11 10:30:00,2011-11-17 11:02:00,15,11767.48,23,4,5,5,Champions,France,2010-02
12568,2010-03-05 09:15:00,2010-03-05 09:15:00,1,70.0,645,1,1,1,Hibernating,Germany,2010-03
12569,2011-04-01 13:47:00,2011-12-07 16:24:00,32,4124.69,3,5,5,5,Champions,Germany,2011-04
12570,2010-01-26 17:28:00,2010-01-26 17:28:00,1,77.52,683,1,1,1,Hibernating,Spain,2010-01
12571,2011-08-10 12:35:00,2011-10-31 10:19:00,2,519.61,40,4,2,2,Recent light buyers,France,2011-08
12572,2011-10-19 08:20:00,2011-12-01 09:20:00,2,1020.42,9,5,2,3,Recent light buyers,Germany,2011-10
12573,2010-08-31 17:25:00,2011-04-26 15:52:00,5,717.41,228,2,4,3,At risk,France,2010-08
12574,2011-01-28 09:20:00,2011-01-28 09:20:00,1,218.45,316,2,1,1,Hibernating,France,2011-01
12575,2010-07-01 09:15:00,2010-09-08 13:09:00,2,622.8199999999999,458,1,2,3,Hibernating,France,2010-07
12576,2010-07-01 13:46:00,2011-11-04 10:11:00,8,2142.72,36,4,4,4,Champions,Poland,2010-07
12577,2009-12-03 19:31:00,2011-11-04 13:24:00,8,1653.75,36,4,4,4,Champions,France,2009-12
12578,2010-09-22 11:19:00,2011-11-18 13:30:00,4,4642.45,22,4,3,5,Loyal,Italy,2010-09
12579,2011-09-22 17:15:00,2011-09-22 17:15:00,1,440.42,79,3,1,2,Developing,France,2011-09
12580,2010-05-12 11:45:00,2011-04-07 10:24:00,2,1052.9,247,2,2,3,Hibernating,Germany,2010-05
12581,2011-10-31 08:56:00,2011-10-31 08:56:00,1,197.71,40,4,1,1,Recent light buyers,Germany,2011-10
12582,2010-05-11 09:55:00,2011-04-15 08:45:00,4,1980.4,239,2,3,4,At risk,Finland,2010-05
12583,2009-12-06 11:57:00,2011-12-07 08:07:00,27,13591.58,3,5,5,5,Champions,France,2009-12
12584,2011-03-04 15:15:00,2011-12-06 09:35:00,9,2338.15,4,5,5,4,Champions,Italy,2011-03
12585,2010-12-23 12:58:00,2011-04-19 13:39:00,2,2040.1,235,2,2,4,Hibernating,Germany,2010-12
12586,2009-12-16 13:15:00,2011-11-22 16:24:00,4,2062.67,18,5,3,4,Loyal,Italy,2009-12
12587,2011-12-02 12:47:00,2011-12-02 12:47:00,1,144.0,8,5,1,1,Recent light buyers,Finland,2011-12
12588,2010-04-21 12:22:00,2011-10-31 15:01:00,4,958.78,40,4,3,3,Loyal,Finland,2010-04
12589,2010-01-19 12:26:00,2011-11-11 10:19:00,8,4695.66,29,4,4,5,Champions,France,2010-01
12590,2011-05-12 14:46:00,2011-05-12 14:52:00,2,9864.26,212,2,2,5,Hibernating,Germany,2011-05
12591,2010-10-27 10:42:00,2011-01-26 14:35:00,3,1352.15,318,2,3,4,At risk,Italy,2010-10
12592,2010-07-08 14:06:00,2011-09-08 15:04:00,5,2582.66,93,3,4,4,Loyal,Germany,2010-07
12593,2011-05-05 09:29:00,2011-08-23 12:43:00,3,418.09999999999997,109,3,3,2,Loyal,France,2011-05
12594,2010-03-03 13:51:00,2011-11-02 12:20:00,15,5090.110000000001,38,4,5,5,Champions,Italy,2010-03
12595,2010-07-23 09:10:00,2010-07-23 09:10:00,1,299.02,505,1,1,2,Hibernating,Germany,2010-07
12596,2011-04-11 13:22:00,2011-10-19 13:02:00,2,618.27,52,4,2,3,Recent light buyers,Spain,2011-04
12597,2011-03-16 14:00:00,2011-11-20 13:33:00,4,3811.22,20,5,3,5,Loyal,Spain,2011-03
12598,2010-03-01 09:58:00,2011-11-30 12:18:00,11,4534.09,10,5,5,5,Champions,France,2010-03
12599,2010-05-11 10:42:00,2011-11-10 13:34:00,13,2296.72,30,4,5,4,Champions,France,2010-05
12600,2009-12-07 13:37:00,2011-11-11 10:29:00,21,4967.42,29,4,5,5,Champions,Germany,2009-12
12601,2010-10-31 10:57:00,2011-06-03 10:17:00,6,681.26,190,3,4,3,Loyal,Germany,2010-10
12602,2011-10-12 11:22:00,2011-10-12 11:22:00,1,153.12,59,4,1,1,Recent light buyers,France,2011-10
12603,2011-11-18 10:42:00,2011-11-18 10:42:00,1,739.1999999999999,22,4,1,3,Recent light buyers,Germany,2011-11
12604,2011-03-23 12:06:00,2011-09-21 14:08:00,2,254.18,80,3,2,1,Developing,France,2011-03
12605,2010-09-07 14:21:00,2010-11-28 14:18:00,4,1232.95,377,2,3,4,At risk,Germany,2010-09
12606,2010-01-26 16:23:00,2010-01-26 16:23:00,1,21.0,683,1,1,1,Hibernating,Spain,2010-01
12607,2011-10-10 16:06:00,2011-10-10 16:06:00,1,1579.51,61,3,1,4,Developing,USA,2011-10
12608,2010-10-31 10:49:00,2010-10-31 10:49:00,1,415.79,405,2,1,2,Hibernating,United Kingdom,2010-10
12609,2009-12-20 13:30:00,2011-09-22 16:34:00,9,3435.86,79,3,5,5,Loyal,Germany,2009-12
12610,2011-08-05 13:52:00,2011-11-17 09:34:00,5,2099.54,23,4,4,4,Champions,Italy,2011-08
12611,2011-10-18 13:12:00,2011-10-18 13:12:00,1,1193.32,53,4,1,3,Recent light buyers,Italy,2011-10
12612,2011-09-26 15:35:00,2011-09-26 15:35:00,1,704.0400000000001,75,3,1,3,Developing,Germany,2011-09
12613,2009-12-14 13:10:00,2011-10-13 14:59:00,10,6835.07,58,4,5,5,Champions,Germany,2009-12
12614,2011-03-07 10:22:00,2011-03-07 10:22:00,1,315.6,278,2,1,2,Hibernating,Germany,2011-03
12615,2010-03-18 14:09:00,2011-12-07 15:02:00,8,5740.98,3,5,4,5,Champions,France,2010-03
12616,2010-11-16 11:38:00,2011-09-05 15:17:00,3,1131.1,96,3,3,3,Loyal,France,2010-11
12617,2011-11-10 14:39:00,2011-11-10 14:39:00,1,355.53,30,4,1,2,Recent light buyers,France,2011-11
12618,2011-11-18 11:10:00,2011-11-18 11:10:00,1,177.31,22,4,1,1,Recent light buyers,Italy,2011-11
12619,2010-05-28 12:52:00,2011-11-23 14:52:00,10,3781.38,17,5,5,5,Champions,Germany,2010-05
12620,2011-05-19 12:10:00,2011-11-25 10:20:00,3,1339.41,15,5,3,4,Loyal,France,2011-05
12621,2010-02-09 12:01:00,2011-12-08 11:25:00,35,24311.2,2,5,5,5,Champions,Germany,2010-02
12622,2011-04-21 16:39:00,2011-04-21 16:39:00,1,180.1,233,2,1,1,Hibernating,Germany,2011-04
12623,2010-01-12 11:45:00,2011-03-08 13:50:00,7,3747.84,277,2,4,5,At risk,Germany,2010-01
12624,2011-06-15 12:34:00,2011-08-25 15:04:00,2,641.13,107,3,2,3,Developing,France,2011-06
12625,2010-04-22 11:33:00,2011-05-12 09:54:00,4,5164.88,212,2,3,5,At risk,Germany,2010-04
12626,2011-01-17 11:01:00,2011-11-16 16:06:00,9,6620.48,24,4,5,5,Champions,Germany,2011-01
12627,2011-07-22 13:59:00,2011-11-29 12:07:00,7,4478.53,11,5,4,5,Champions,Germany,2011-07
12628,2011-10-06 09:28:00,2011-12-05 13:15:00,3,786.46,5,5,3,3,Loyal,Germany,2011-10
12629,2010-10-12 16:40:00,2010-11-19 09:18:00,2,1558.22,386,2,2,4,Hibernating,Sweden,2010-10
12630,2011-10-27 10:41:00,2011-11-30 10:48:00,2,1270.88,10,5,2,4,Recent light buyers,Finland,2011-10
12631,2010-01-15 14:50:00,2011-10-13 13:53:00,6,3481.57,58,4,4,5,Champions,Finland,2010-01
12632,2010-05-24 09:07:00,2010-07-07 09:39:00,2,804.88,521,1,2,3,Hibernating,Germany,2010-05
12633,2010-07-02 11:44:00,2011-10-12 11:40:00,7,5678.16,59,4,4,5,Champions,Germany,2010-07
12634,2010-06-09 15:41:00,2010-06-22 10:05:00,2,490.0,536,1,2,2,Hibernating,USA,2010-06
12635,2010-09-09 10:50:00,2011-09-11 11:04:00,4,2930.41,90,3,3,5,Loyal,Germany,2010-09
12636,2009-12-01 09:55:00,2009-12-01 09:55:00,1,141.0,739,1,1,1,Hibernating,USA,2009-12
12637,2010-06-14 13:36:00,2011-10-03 13:46:00,12,8340.31,68,3,5,5,Loyal,France,2010-06
12638,2010-03-10 10:30:00,2011-11-06 13:11:00,2,921.49,34,4,2,3,Recent light buyers,Sweden,2010-03
12639,2010-03-22 09:05:00,2011-04-15 12:48:00,3,1312.37,239,2,3,4,At risk,Sweden,2010-03
12640,2011-09-19 12:01:00,2011-11-16 11:52:00,3,1174.58,24,4,3,3,Loyal,France,2011-09
12641,2011-08-16 13:26:00,2011-08-16 13:26:00,1,185.9,116,3,1,1,Developing,Sweden,2011-08
12642,2011-08-24 09:23:00,2011-11-14 15:03:00,3,1013.26,26,4,3,3,Loyal,Germany,2011-08
12643,2010-04-07 14:16:00,2011-08-03 12:56:00,12,8350.42,129,3,5,5,Loyal,France,2010-04
12644,2010-01-14 13:02:00,2011-08-02 10:33:00,4,1918.49,130,3,3,4,Loyal,Germany,2010-01
12645,2010-02-09 10:49:00,2011-11-06 12:38:00,8,3539.3,34,4,4,5,Champions,Germany,2010-02
12646,2011-10-21 12:52:00,2011-12-05 10:14:00,2,1346.97,5,5,2,4,Recent light buyers,USA,2011-10
12647,2010-01-13 15:06:00,2011-11-17 12:56:00,36,16955.55,23,4,5,5,Champions,Germany,2010-01
12648,2010-01-07 18:38:00,2011-07-08 11:55:00,4,1112.0,155,3,3,3,Loyal,Germany,2010-01
12649,2010-01-12 17:24:00,2011-08-24 14:41:00,8,2294.65,108,3,4,4,Loyal,Germany,2010-01
12650,2011-12-06 16:34:00,2011-12-06 16:34:00,1,314.44,4,5,1,2,Recent light buyers,France,2011-12
12651,2010-08-31 15:21:00,2011-01-09 12:46:00,4,377.75,335,2,3,2,At risk,France,2010-08
12652,2010-10-01 15:16:00,2011-01-12 15:00:00,2,1017.03,332,2,2,3,Hibernating,France,2010-10
12653,2010-07-01 09:56:00,2011-07-14 10:41:00,3,4160.83,149,3,3,5,Loyal,Israel,2010-07
12654,2011-02-17 13:16:00,2011-11-29 10:10:00,5,601.98,11,5,4,2,Loyal,Germany,2011-02
12655,2010-10-12 09:17:00,2010-10-12 09:17:00,1,261.35,424,1,1,1,Hibernating,France,2010-10
12656,2010-05-26 09:00:00,2011-11-22 13:42:00,8,6407.83,18,5,4,5,Champions,France,2010-05
12657,2011-09-22 11:40:00,2011-11-28 15:47:00,4,1643.18,12,5,3,4,Loyal,France,2011-09
12658,2011-11-21 10:22:00,2011-11-21 10:22:00,1,686.05,19,5,1,3,Recent light buyers,Germany,2011-11
12659,2011-11-10 11:53:00,2011-11-10 11:53:00,1,91.68,30,4,1,1,Recent light buyers,France,2011-11
12660,2011-11-28 13:26:00,2011-11-28 13:26:00,1,245.1,12,5,1,1,Recent light buyers,France,2011-11
12661,2010-09-29 16:46:00,2010-09-29 16:46:00,1,162.0,437,1,1,1,Hibernating,Sweden,2010-09
12662,2010-04-01 09:50:00,2011-12-09 11:59:00,20,6726.54,1,5,5,5,Champions,Germany,2010-04
12663,2010-02-09 14:28:00,2010-03-25 09:40:00,2,239.4,625,1,2,1,Hibernating,Germany,2010-02
12664,2009-12-13 10:28:00,2011-12-01 17:07:00,11,6070.04,9,5,5,5,Champions,Finland,2009-12
12665,2010-02-08 15:11:00,2011-01-19 08:34:00,3,313.6,325,2,3,2,At risk,Germany,2010-02
12666,2010-11-10 16:40:00,2010-11-10 16:40:00,1,1248.42,395,2,1,4,Hibernating,Israel,2010-11
12667,2011-10-12 17:00:00,2011-10-12 17:00:00,1,620.13,59,4,1,3,Recent light buyers,Finland,2011-10
12668,2010-01-31 15:45:00,2011-11-28 10:56:00,10,11444.68,12,5,5,5,Champions,Germany,2010-01
12669,2011-03-28 10:15:00,2011-07-12 09:54:00,3,2744.0299999999997,151,3,3,4,Loyal,France,2011-03
12670,2010-02-11 10:13:00,2011-11-29 15:23:00,7,3760.29,11,5,4,5,Champions,France,2010-02
12671,2010-04-12 16:30:00,2010-04-12 16:30:00,1,2622.481,607,1,1,4,Hibernating,Germany,2010-04
12672,2010-04-23 09:57:00,2011-01-14 09:20:00,2,437.05,330,2,2,2,Hibernating,France,2010-04
12673,2010-11-03 10:46:00,2011-12-04 13:55:00,3,1230.02,6,5,3,3,Loyal,Germany,2010-11
12674,2011-05-16 09:10:00,2011-11-01 12:12:00,4,1970.6,39,4,3,4,Loyal,France,2011-05
12675,2010-05-10 16:44:00,2010-06-04 09:49:00,2,958.5,554,1,2,3,Hibernating,Italy,2010-05
12676,2010-08-13 13:29:00,2011-11-15 12:25:00,11,2843.09,25,4,5,4,Champions,Sweden,2010-08
12677,2010-02-11 13:55:00,2010-06-02 14:30:00,2,395.1,556,1,2,2,Hibernating,France,2010-02
12678,2010-01-07 16:46:00,2011-10-28 13:04:00,21,34281.18,43,4,5,5,Champions,France,2010-01
12679,2011-03-01 12:26:00,2011-10-12 12:30:00,4,1113.02,59,4,3,3,Loyal,France,2011-03
12680,2011-08-18 15:44:00,2011-12-09 12:50:00,4,880.81,1,5,3,3,Loyal,France,2011-08
12681,2009-12-13 13:31:00,2011-11-25 11:33:00,45,29834.76,15,5,5,5,Champions,France,2009-12
12682,2009-12-01 09:28:00,2011-12-06 10:00:00,52,22958.62,4,5,5,5,Champions,France,2009-12
12683,2009-12-13 15:01:00,2011-12-05 16:31:00,21,11633.7,5,5,5,5,Champions,France,2009-12
12684,2011-05-10 12:55:00,2011-12-02 09:53:00,7,2283.63,8,5,4,4,Champions,France,2011-05
12685,2011-09-07 10:28:00,2011-11-11 13:46:00,6,2863.08,29,4,4,4,Champions,France,2011-09
12686,2010-12-03 09:51:00,2010-12-03 09:51:00,1,89.14,372,2,1,1,Hibernating,France,2010-12
12687,2010-08-16 12:10:00,2010-08-16 12:12:00,2,2138.91,481,1,2,4,Hibernating,Sweden,2010-08
12688,2011-08-18 08:49:00,2011-08-18 08:49:00,1,4873.8099999999995,114,3,1,5,Developing,Israel,2011-08
12689,2011-08-04 10:04:00,2011-11-14 08:31:00,2,1247.61,26,4,2,4,Recent light buyers,France,2011-08
12690,2011-05-18 09:09:00,2011-05-18 09:09:00,1,389.01,206,2,1,2,Hibernating,France,2011-05
12691,2010-10-15 12:00:00,2011-11-11 16:49:00,7,1170.4,29,4,4,3,Loyal,France,2010-10
12692,2010-03-12 14:02:00,2010-03-12 14:02:00,1,110.95,638,1,1,1,Hibernating,France,2010-03
12693,2010-07-05 13:56:00,2011-08-04 17:51:00,7,1703.02,128,3,4,4,Loyal,Germany,2010-07
12694,2010-10-14 19:39:00,2011-09-30 13:06:00,3,1843.35,71,3,3,4,Loyal,France,2010-10
12695,2010-02-12 13:22:00,2011-12-02 13:22:00,7,1407.1200000000001,8,5,4,4,Champions,France,2010-02
12696,2010-07-19 10:02:00,2010-10-01 10:43:00,2,851.91,435,1,2,3,Hibernating,Finland,2010-07
12697,2011-06-23 15:44:00,2011-11-11 08:47:00,3,957.59,29,4,3,3,Loyal,Sweden,2011-06
12698,2010-04-28 15:51:00,2010-04-28 15:51:00,1,339.75,591,1,1,2,Hibernating,Germany,2010-04
12699,2010-10-18 12:07:00,2010-10-18 12:07:00,1,638.11,418,1,1,3,Hibernating,Germany,2010-10
12700,2011-05-08 16:10:00,2011-12-02 10:47:00,4,4939.99,8,5,3,5,Loyal,France,2011-05
12701,2010-03-16 13:23:00,2011-09-21 10:47:00,6,2446.41,80,3,4,4,Loyal,Germany,2010-03
12702,2011-11-20 10:36:00,2011-11-20 10:36:00,1,219.0,20,5,1,1,Recent light buyers,Germany,2011-11
12703,2010-01-24 12:05:00,2011-09-29 17:52:00,4,1006.53,72,3,3,3,Loyal,Germany,2010-01
12704,2011-06-23 10:20:00,2011-12-02 13:15:00,8,2340.84,8,5,4,4,Champions,Finland,2011-06
12705,2010-06-24 09:51:00,2011-11-24 13:17:00,14,11762.1,16,5,5,5,Champions,Germany,2010-06
12707,2011-02-21 08:38:00,2011-02-21 08:38:00,1,603.42,292,2,1,2,Hibernating,France,2011-02
12708,2009-12-18 10:25:00,2011-11-10 09:52:00,18,5117.66,30,4,5,5,Champions,Germany,2009-12
12709,2009-12-09 13:49:00,2011-11-24 15:38:00,34,30570.64,16,5,5,5,Champions,Germany,2009-12
12710,2011-05-22 14:05:00,2011-09-04 12:00:00,3,1149.02,97,3,3,3,Loyal,Germany,2011-05
12711,2010-02-01 11:30:00,2010-04-07 11:59:00,2,1339.05,612,1,2,4,Hibernating,Germany,2010-02
12712,2009-12-09 10:46:00,2011-11-11 08:19:00,21,6723.03,29,4,5,5,Champions,Germany,2009-12
12713,2011-12-09 12:16:00,2011-12-09 12:16:00,1,848.55,1,5,1,3,Recent light buyers,Germany,2011-12
12714,2009-12-04 10:00:00,2011-11-30 15:43:00,12,14093.71,10,5,5,5,Champions,France,2009-12
12715,2011-08-25 15:22:00,2011-08-25 15:22:00,1,353.86,107,3,1,2,Developing,Sweden,2011-08
12716,2011-07-29 13:28:00,2011-12-06 08:55:00,2,1053.49,4,5,2,3,Recent light buyers,France,2011-07
12717,2010-04-28 14:34:00,2011-07-11 14:47:00,3,1308.91,152,3,3,4,Loyal,Greece,2010-04
12718,2011-09-29 16:38:00,2011-09-29 16:38:00,1,238.25,72,3,1,1,Developing,France,2011-09
12719,2011-10-05 14:50:00,2011-12-04 13:45:00,2,644.95,6,5,2,3,Recent light buyers,France,2011-10
12720,2010-07-21 09:46:00,2011-12-07 08:03:00,30,7787.28,3,5,5,5,Champions,Germany,2010-07
12721,2010-08-25 11:07:00,2011-11-08 12:13:00,8,4013.08,32,4,4,5,Champions,France,2010-08
12722,2011-07-12 11:55:00,2011-09-15 14:50:00,4,997.63,86,3,3,3,Loyal,France,2011-07
12723,2011-10-05 15:52:00,2011-12-06 10:19:00,5,725.07,4,5,4,3,Loyal,France,2011-10
12724,2010-06-22 14:00:00,2011-12-04 16:02:00,7,2317.52,6,5,4,4,Champions,France,2010-06
12725,2010-05-04 13:59:00,2010-12-03 15:45:00,4,2266.76,372,2,3,4,At risk,Italy,2010-05
12726,2010-03-25 16:25:00,2011-11-11 13:35:00,11,4014.6,29,4,5,5,Champions,France,2010-03
12727,2010-02-23 09:54:00,2011-11-29 11:46:00,10,5679.53,11,5,5,5,Champions,France,2010-02
12728,2010-11-21 11:34:00,2011-09-29 15:31:00,5,1070.17,72,3,4,3,Loyal,France,2010-11
12729,2011-08-18 11:40:00,2011-08-18 11:40:00,1,453.01,114,3,1,2,Developing,France,2011-08
12730,2010-07-06 12:19:00,2010-07-06 12:19:00,1,829.25,522,1,1,3,Hibernating,Germany,2010-07
12731,2010-03-02 09:23:00,2011-11-16 11:59:00,17,25775.71,24,4,5,5,Champions,France,2010-03
12732,2011-06-13 11:33:00,2011-06-13 11:33:00,1,236.26000000000002,180,3,1,1,Developing,France,2011-06
12733,2010-01-19 13:23:00,2011-04-19 16:19:00,4,2424.87,235,2,3,4,At risk,USA,2010-01
12734,2010-11-12 13:26:00,2010-12-22 12:47:00,3,639.65,353,2,3,3,At risk,France,2010-11
12735,2011-01-06 14:26:00,2011-01-28 13:37:00,2,779.5699999999999,316,2,2,3,Hibernating,France,2011-01
12736,2011-01-11 07:57:00,2011-01-11 07:57:00,1,234.0,333,2,1,1,Hibernating,France,2011-01
12737,2010-07-29 12:27:00,2010-07-29 12:29:00,2,3710.5,499,1,2,5,Hibernating,France,2010-07
12738,2010-12-02 18:27:00,2010-12-02 18:27:00,1,155.35,373,2,1,1,Hibernating,Germany,2010-12
12739,2010-11-10 14:27:00,2011-09-22 13:00:00,4,2726.73,79,3,3,4,Loyal,United Arab Emirates,2010-11
12740,2011-10-07 10:44:00,2011-10-07 10:44:00,1,427.6,64,3,1,2,Developing,France,2011-10
12741,2010-06-24 16:24:00,2010-06-28 14:36:00,2,406.07,530,1,2,2,Hibernating,USA,2010-06
12742,2010-03-24 12:43:00,2010-03-24 12:43:00,1,1201.52,626,1,1,3,Hibernating,United Arab Emirates,2010-03
12743,2011-07-28 16:06:00,2011-07-28 16:21:00,2,546.43,135,3,2,2,Developing,Unspecified,2011-07
12744,2010-04-27 16:19:00,2011-10-19 11:18:00,11,25317.06,52,4,5,5,Champions,Singapore,2010-04
12745,2010-01-26 16:22:00,2010-08-10 10:14:00,3,925.41,487,1,3,3,At risk,United Kingdom,2010-01
12746,2010-06-17 10:41:00,2010-06-17 10:41:00,1,254.55,541,1,1,1,Hibernating,United Kingdom,2010-06
12747,2009-12-07 13:23:00,2011-12-07 14:34:00,26,8917.98,3,5,5,5,Champions,United Kingdom,2009-12
12748,2009-12-04 17:31:00,2011-12-09 12:20:00,336,54598.04,1,5,5,5,Champions,United Kingdom,2009-12
12749,2010-07-06 15:05:00,2011-12-06 09:56:00,9,6897.36,4,5,5,5,Champions,United Kingdom,2010-07
12750,2011-08-03 09:13:00,2011-08-03 09:13:00,1,275.88,129,3,1,1,Developing,Poland,2011-08
12751,2010-09-21 12:49:00,2010-09-21 12:49:00,1,268.27,445,1,1,1,Hibernating,Brazil,2010-09
12752,2011-09-19 13:32:00,2011-09-19 13:32:00,1,4366.78,82,3,1,5,Developing,Norway,2011-09
12753,2010-12-12 11:44:00,2011-11-17 10:52:00,6,21429.39,23,4,4,5,Champions,Japan,2010-12
12754,2011-02-04 10:31:00,2011-04-18 09:00:00,3,3010.74,236,2,3,5,At risk,Japan,2011-02
12755,2010-01-15 11:57:00,2011-03-04 12:42:00,11,5236.259999999999,281,2,5,5,At risk,Japan,2010-01
12756,2011-09-14 09:31:00,2011-09-14 09:31:00,1,112.07999999999998,87,3,1,1,Developing,Japan,2011-09
12757,2011-05-12 19:01:00,2011-11-24 12:30:00,13,7857.1,16,5,5,5,Champions,Portugal,2011-05
12758,2009-12-01 14:40:00,2011-08-15 10:22:00,7,9903.24,117,3,4,5,Loyal,Portugal,2009-12
12759,2009-12-04 10:47:00,2011-10-18 14:49:00,8,5020.74,53,4,4,5,Champions,Netherlands,2009-12
12760,2010-09-10 08:50:00,2010-09-10 08:50:00,1,347.8,456,1,1,2,Hibernating,Netherlands,2010-09
12761,2010-09-01 10:47:00,2010-09-08 12:17:00,2,782.95,458,1,2,3,Hibernating,Netherlands,2010-09
12762,2011-11-14 14:23:00,2011-12-02 10:23:00,2,1898.52,8,5,2,4,Recent light buyers,Portugal,2011-11
12763,2010-12-05 15:46:00,2011-07-24 14:12:00,2,494.08,139,3,2,2,Developing,Japan,2010-12
12764,2011-01-27 10:19:00,2011-01-27 10:19:00,1,1693.88,317,2,1,4,Hibernating,Lebanon,2011-01
12765,2010-03-08 09:43:00,2010-08-24 13:51:00,6,1404.58,473,1,4,4,At risk,Netherlands,2010-03
12766,2010-10-28 09:29:00,2011-12-06 08:46:00,9,8918.99,4,5,5,5,Champions,Portugal,2010-10
12767,2010-11-29 09:38:00,2010-11-29 09:38:00,1,949.82,376,2,1,3,Hibernating,Korea,2010-11
12768,2010-09-15 12:08:00,2010-09-15 12:08:00,1,168.69000000000003,451,1,1,1,Hibernating,Korea,2010-09
12769,2011-04-15 10:25:00,2011-04-15 10:25:00,1,1143.6,239,2,1,3,Hibernating,Brazil,2011-04
12770,2010-09-09 11:43:00,2011-05-13 09:33:00,2,3246.45,211,2,2,5,Hibernating,Japan,2010-09
12771,2010-08-11 11:51:00,2010-08-11 11:51:00,1,282.3,486,1,1,1,Hibernating,Portugal,2010-08
12772,2011-10-11 09:19:00,2011-10-11 09:19:00,1,892.47,60,3,1,3,Developing,Portugal,2011-10
12773,2010-05-24 17:30:00,2010-05-24 17:30:00,1,124.25,565,1,1,1,Hibernating,Portugal,2010-05
12774,2010-06-22 10:38:00,2010-06-22 10:38:00,1,98.7,536,1,1,1,Hibernating,Netherlands,2010-06
12775,2010-10-26 14:24:00,2011-11-22 16:33:00,7,1686.12,18,5,4,4,Champions,Netherlands,2010-10
12776,2010-02-10 12:11:00,2010-02-10 12:11:00,1,55.5,668,1,1,1,Hibernating,Portugal,2010-02
12777,2010-09-08 11:35:00,2010-09-08 11:35:00,1,519.45,458,1,1,2,Hibernating,United Kingdom,2010-09
12778,2010-04-16 09:57:00,2011-11-20 11:30:00,9,1775.68,20,5,5,4,Champions,Netherlands,2010-04
12779,2009-12-03 07:25:00,2011-11-02 11:43:00,14,6474.11,38,4,5,5,Champions,Poland,2009-12
12780,2010-04-20 09:40:00,2010-04-20 09:40:00,1,337.4,599,1,1,2,Hibernating,Netherlands,2010-04
12781,2011-02-28 08:43:00,2011-10-07 10:37:00,2,826.74,64,3,2,3,Developing,Czech Republic,2011-02
12782,2010-07-08 13:31:00,2011-12-05 09:16:00,11,4618.24,5,5,5,5,Champions,Portugal,2010-07
12783,2011-09-25 15:35:00,2011-12-07 15:56:00,6,2225.91,3,5,4,4,Champions,Portugal,2011-09
12784,2010-06-28 13:06:00,2011-11-30 15:38:00,3,1804.75,10,5,3,4,Loyal,Portugal,2010-06
12785,2009-12-08 13:56:00,2010-12-10 13:48:00,3,1100.4,365,2,3,3,At risk,Portugal,2009-12
12786,2010-04-09 12:12:00,2010-04-09 12:12:00,1,728.5,610,1,1,3,Hibernating,Netherlands,2010-04
12787,2010-10-22 14:57:00,2011-11-30 08:44:00,4,862.18,10,5,3,3,Loyal,Netherlands,2010-10
12788,2010-06-29 13:05:00,2010-09-02 14:21:00,4,444.9,464,1,3,2,At risk,Netherlands,2010-06
12789,2010-01-15 12:06:00,2011-10-05 13:34:00,3,273.35,66,3,3,1,Loyal,Netherlands,2010-01
12790,2010-10-25 13:04:00,2011-05-31 14:14:00,2,591.85,193,2,2,2,Hibernating,Netherlands,2010-10
12791,2010-03-25 17:29:00,2010-12-01 11:27:00,6,863.51,374,2,4,3,At risk,Netherlands,2010-03
12792,2010-06-23 10:49:00,2011-03-28 11:36:00,2,827.01,257,2,2,3,Hibernating,Portugal,2010-06
12793,2010-11-03 13:05:00,2011-01-09 12:12:00,3,885.53,335,2,3,3,At risk,Portugal,2010-11
12794,2011-09-02 12:01:00,2011-10-17 14:54:00,2,860.41,54,4,2,3,Recent light buyers,Portugal,2011-09
12795,2011-11-21 10:27:00,2011-11-21 10:27:00,1,430.48,19,5,1,2,Recent light buyers,Portugal,2011-11
12796,2010-03-21 15:49:00,2010-03-21 15:49:00,1,381.0,629,1,1,2,Hibernating,Netherlands,2010-03
12797,2010-10-11 12:53:00,2010-12-09 10:55:00,2,552.08,366,2,2,2,Hibernating,Portugal,2010-10
12798,2010-10-14 12:27:00,2011-11-29 15:52:00,4,8510.93,11,5,3,5,Loyal,Japan,2010-10
12799,2010-06-28 15:57:00,2010-06-28 15:57:00,1,219.35,530,1,1,1,Hibernating,Japan,2010-06
12800,2010-02-01 11:02:00,2010-08-26 14:11:00,3,584.25,471,1,3,2,At risk,Portugal,2010-02
12801,2010-07-27 09:38:00,2010-07-27 09:38:00,1,1071.82,501,1,1,3,Hibernating,Sweden,2010-07
12802,2010-05-25 09:34:00,2011-06-06 09:36:00,7,2416.42,187,3,4,4,Loyal,Netherlands,2010-05
12803,2010-11-11 14:57:00,2010-11-11 14:57:00,1,1092.81,394,2,1,3,Hibernating,Netherlands,2010-11
12804,2010-07-27 13:52:00,2010-08-31 11:58:00,2,327.02,466,1,2,2,Hibernating,Netherlands,2010-07
12805,2010-02-03 09:06:00,2010-11-23 12:27:00,4,1434.95,382,2,3,4,At risk,Netherlands,2010-02
12806,2010-04-30 10:44:00,2010-09-30 13:34:00,4,2878.96,436,1,3,4,At risk,Netherlands,2010-04
12807,2010-11-21 14:21:00,2010-11-21 14:21:00,1,330.35,384,2,1,2,Hibernating,Sweden,2010-11
12808,2010-09-03 10:24:00,2011-11-03 10:05:00,5,776.7,37,4,4,3,Loyal,Portugal,2010-09
12809,2010-03-02 14:19:00,2011-06-15 10:51:00,3,1755.94,178,3,3,4,Loyal,Portugal,2010-03
12810,2010-02-01 09:52:00,2010-06-23 10:53:00,2,534.99,535,1,2,2,Hibernating,Japan,2010-02
12811,2010-10-08 12:20:00,2011-03-24 09:42:00,5,1033.9,261,2,4,3,At risk,Portugal,2010-10
12812,2011-10-26 09:54:00,2011-10-26 09:54:00,1,229.64000000000001,45,4,1,1,Recent light buyers,Japan,2011-10
12813,2010-01-15 16:52:00,2010-07-26 09:50:00,3,1687.8,502,1,3,4,At risk,Netherlands,2010-01
12814,2011-08-30 12:11:00,2011-08-30 12:11:00,1,125.92,102,3,1,1,Developing,Poland,2011-08
12815,2011-05-25 13:34:00,2011-07-15 10:21:00,2,1063.46,148,3,2,3,Developing,Poland,2011-05
12816,2011-06-16 13:24:00,2011-09-05 12:41:00,2,572.2,96,3,2,2,Developing,Poland,2011-06
12817,2010-10-01 08:57:00,2011-03-03 16:28:00,3,690.98,282,2,3,3,At risk,Austria,2010-10
12818,2011-03-23 12:06:00,2011-03-23 12:06:00,1,1542.08,262,2,1,4,Hibernating,Austria,2011-03
12819,2010-09-07 15:20:00,2010-09-07 15:20:00,1,540.52,459,1,1,2,Hibernating,United Kingdom,2010-09
12820,2009-12-05 13:37:00,2011-12-06 15:12:00,11,2689.52,4,5,5,4,Champions,United Kingdom,2009-12
12821,2010-04-07 15:14:00,2011-05-09 15:51:00,2,220.8,215,2,2,1,Hibernating,United Kingdom,2010-04
12822,2011-09-13 13:46:00,2011-09-30 10:04:00,2,948.88,71,3,2,3,Developing,United Kingdom,2011-09
12823,2010-01-29 12:52:00,2011-09-26 07:35:00,18,6501.5,75,3,5,5,Loyal,United Kingdom,2010-01
12824,2011-10-11 12:49:00,2011-10-11 12:49:00,1,397.12,60,3,1,2,Developing,United Kingdom,2011-10
12825,2010-03-08 10:17:00,2010-07-06 13:56:00,2,518.63,522,1,2,2,Hibernating,United Kingdom,2010-03
12826,2009-12-18 10:43:00,2011-12-07 10:25:00,12,2800.75,3,5,5,4,Champions,United Kingdom,2009-12
12827,2011-10-26 15:44:00,2011-12-04 12:17:00,3,430.15000000000003,6,5,3,2,Loyal,United Kingdom,2011-10
12828,2011-08-01 16:16:00,2011-12-07 08:45:00,6,1018.71,3,5,4,3,Loyal,United Kingdom,2011-08
12829,2010-06-07 15:04:00,2011-01-07 11:13:00,3,385.3,337,2,3,2,At risk,United Kingdom,2010-06
12830,2011-06-21 10:53:00,2011-11-02 11:54:00,6,6814.64,38,4,4,5,Champions,United Kingdom,2011-06
12831,2010-09-02 15:58:00,2011-03-22 13:02:00,3,451.11,263,2,3,2,At risk,United Kingdom,2010-09
12832,2011-09-02 13:48:00,2011-11-07 13:30:00,2,383.03,33,4,2,2,Recent light buyers,United Kingdom,2011-09
12833,2011-07-17 13:46:00,2011-07-17 13:46:00,1,417.38,146,3,1,2,Developing,United Kingdom,2011-07
12834,2011-03-02 09:49:00,2011-03-02 09:49:00,1,312.38,283,2,1,2,Hibernating,United Kingdom,2011-03
12835,2009-12-03 12:13:00,2010-10-08 10:59:00,41,6043.31,428,1,5,5,At risk,United Kingdom,2009-12
12836,2009-12-01 14:19:00,2011-10-11 15:10:00,15,6585.62,60,3,5,5,Loyal,United Kingdom,2009-12
12837,2010-05-19 15:10:00,2011-06-19 16:07:00,2,688.41,174,3,2,3,Developing,United Kingdom,2010-05
12838,2010-04-26 09:59:00,2011-11-06 12:20:00,10,3007.69,34,4,5,5,Champions,United Kingdom,2010-04
12839,2009-12-07 09:18:00,2011-12-07 12:33:00,26,9669.12,3,5,5,5,Champions,United Kingdom,2009-12
12840,2010-02-03 14:51:00,2011-07-19 09:29:00,7,4041.97,144,3,4,5,Loyal,United Kingdom,2010-02
12841,2010-07-08 15:38:00,2011-12-05 11:13:00,40,7034.69,5,5,5,5,Champions,United Kingdom,2010-07
12842,2009-12-02 08:15:00,2011-09-30 15:33:00,4,1917.99,71,3,3,4,Loyal,United Kingdom,2009-12
12843,2009-12-13 11:41:00,2011-10-05 12:09:00,30,6588.41,66,3,5,5,Loyal,United Kingdom,2009-12
12844,2010-04-25 11:51:00,2011-11-10 13:31:00,4,648.6,30,4,3,3,Loyal,United Kingdom,2010-04
12845,2011-02-22 14:10:00,2011-03-17 13:34:00,4,354.09,268,2,3,2,At risk,United Kingdom,2011-02
12846,2010-01-26 16:29:00,2010-01-26 16:29:00,1,15.58,683,1,1,1,Hibernating,United Kingdom,2010-01
12847,2010-11-17 12:44:00,2011-11-17 13:16:00,2,1636.8999999999999,23,4,2,4,Recent light buyers,United Kingdom,2010-11
12848,2010-02-02 12:45:00,2010-02-02 12:45:00,1,208.0,676,1,1,1,Hibernating,United Kingdom,2010-02
12849,2010-04-27 13:44:00,2011-11-08 13:41:00,6,3090.56,32,4,4,5,Champions,United Kingdom,2010-04
12850,2010-09-20 12:26:00,2010-09-20 12:26:00,1,330.0,446,1,1,2,Hibernating,United Kingdom,2010-09
12851,2010-08-19 15:13:00,2011-09-04 12:41:00,2,284.13,97,3,2,1,Developing,United Kingdom,2010-08
12852,2011-02-18 08:47:00,2011-02-18 08:47:00,1,311.55,295,2,1,2,Hibernating,United Kingdom,2011-02
12853,2010-02-05 11:57:00,2011-07-28 11:29:00,11,3907.5,135,3,5,5,Loyal,United Kingdom,2010-02
12854,2009-12-11 12:55:00,2011-09-22 12:15:00,7,2994.02,79,3,4,5,Loyal,United Kingdom,2009-12
12855,2010-11-02 18:16:00,2010-12-02 09:37:00,4,612.84,373,2,3,3,At risk,United Kingdom,2010-11
12856,2011-10-07 12:38:00,2011-12-02 10:52:00,6,2179.93,8,5,4,4,Champions,United Kingdom,2011-10
12857,2010-01-25 15:37:00,2011-05-13 10:20:00,6,3688.0,211,2,4,5,At risk,United Kingdom,2010-01
12858,2010-11-21 12:55:00,2010-11-21 12:55:00,1,177.92,384,2,1,1,Hibernating,United Kingdom,2010-11
12859,2010-09-07 12:20:00,2010-09-07 12:20:00,1,575.1,459,1,1,2,Hibernating,United Kingdom,2010-09
12860,2010-01-15 15:22:00,2010-01-15 15:22:00,1,55.47,694,1,1,1,Hibernating,United Kingdom,2010-01
12861,2010-03-30 11:39:00,2010-03-30 11:39:00,1,68.25,620,1,1,1,Hibernating,United Kingdom,2010-03
12862,2010-08-01 15:20:00,2010-10-10 11:47:00,2,1008.3199999999999,426,1,2,3,Hibernating,United Kingdom,2010-08
12863,2010-04-29 13:54:00,2011-10-18 14:15:00,6,2792.5499999999997,53,4,4,4,Champions,United Kingdom,2010-04
12864,2010-07-19 17:22:00,2011-07-24 13:03:00,2,299.57,139,3,2,2,Developing,United Kingdom,2010-07
12865,2010-08-20 12:20:00,2011-11-13 14:31:00,4,3323.47,27,4,3,5,Loyal,Austria,2010-08
12866,2010-07-25 11:37:00,2011-03-01 14:11:00,3,1227.35,284,2,3,3,At risk,Belgium,2010-07
12867,2009-12-16 16:25:00,2011-11-13 15:30:00,13,7913.29,27,4,5,5,Champions,United Kingdom,2009-12
12868,2010-11-12 10:05:00,2011-06-07 10:42:00,8,2043.76,186,3,4,4,Loyal,United Kingdom,2010-11
12869,2010-01-27 12:10:00,2010-01-27 12:10:00,1,337.66999999999996,682,1,1,2,Hibernating,United Kingdom,2010-01
12870,2010-03-25 14:32:00,2010-11-29 13:42:00,3,1676.95,376,2,3,4,At risk,United Kingdom,2010-03
12871,2010-09-26 10:34:00,2011-09-16 15:07:00,3,744.02,85,3,3,3,Loyal,United Kingdom,2010-09
12872,2009-12-03 20:03:00,2011-01-17 10:52:00,12,3306.96,327,2,5,5,At risk,United Kingdom,2009-12
12873,2010-01-27 09:50:00,2011-03-02 14:58:00,3,2027.3,283,2,3,4,At risk,United Kingdom,2010-01
12874,2010-06-03 12:51:00,2010-11-19 15:23:00,2,948.42,386,2,2,3,Hibernating,Belgium,2010-06
12875,2010-01-11 12:37:00,2011-07-19 15:30:00,5,1356.99,144,3,4,4,Loyal,United Kingdom,2010-01
12876,2010-04-28 13:26:00,2011-10-13 12:26:00,4,4081.79,58,4,3,5,Loyal,Belgium,2010-04
12877,2010-01-18 10:23:00,2011-12-06 10:30:00,20,2955.17,4,5,5,5,Champions,United Kingdom,2010-01
12878,2011-03-18 14:02:00,2011-04-17 13:07:00,2,854.99,237,2,2,3,Hibernating,United Kingdom,2011-03
12879,2011-09-09 12:11:00,2011-10-26 12:24:00,3,573.22,45,4,3,2,Loyal,United Kingdom,2011-09
12880,2010-05-14 11:57:00,2010-11-23 10:50:00,2,640.13,382,2,2,3,Hibernating,United Kingdom,2010-05
12881,2011-03-09 11:44:00,2011-03-09 11:44:00,1,298.0,276,2,1,2,Hibernating,United Kingdom,2011-03
12882,2011-11-06 11:22:00,2011-11-30 16:18:00,2,1463.04,10,5,2,4,Recent light buyers,United Kingdom,2011-11
12883,2011-09-11 15:18:00,2011-11-15 09:32:00,4,703.47,25,4,3,3,Loyal,United Kingdom,2011-09
12884,2011-09-12 13:10:00,2011-09-12 13:10:00,1,309.05,89,3,1,2,Developing,United Kingdom,2011-09
12885,2011-08-08 11:45:00,2011-10-07 13:40:00,3,1175.22,64,3,3,3,Loyal,United Kingdom,2011-08
12886,2011-05-04 11:21:00,2011-10-03 10:09:00,2,1378.4,68,3,2,4,Developing,United Kingdom,2011-05
12887,2010-11-21 11:18:00,2010-11-21 11:18:00,1,222.4,384,2,1,1,Hibernating,United Kingdom,2010-11
12888,2011-03-29 14:31:00,2011-05-09 16:02:00,2,354.12,215,2,2,2,Hibernating,United Kingdom,2011-03
12889,2010-07-25 14:32:00,2010-11-23 16:08:00,4,385.46000000000004,382,2,3,2,At risk,United Kingdom,2010-07
12890,2010-11-17 14:05:00,2011-11-15 17:26:00,2,717.27,25,4,2,3,Recent light buyers,United Kingdom,2010-11
12891,2010-02-18 14:32:00,2011-06-07 12:31:00,11,840.5,186,3,5,3,Loyal,United Kingdom,2010-02
12892,2010-11-08 09:51:00,2010-11-08 09:51:00,1,263.38,397,2,1,1,Hibernating,United Kingdom,2010-11
12893,2011-11-09 12:34:00,2011-11-09 12:34:00,1,188.14,31,4,1,1,Recent light buyers,United Kingdom,2011-11
12894,2010-05-13 14:47:00,2010-05-13 14:47:00,1,157.35,576,1,1,1,Hibernating,United Kingdom,2010-05
12895,2011-09-14 08:35:00,2011-10-28 13:51:00,2,372.8,43,4,2,2,Recent light buyers,United Kingdom,2011-09
12897,2010-06-14 11:58:00,2011-05-19 12:13:00,4,514.25,205,2,3,2,At risk,United Kingdom,2010-06
12898,2010-02-18 12:36:00,2010-09-02 08:08:00,2,310.96000000000004,464,1,2,2,Hibernating,United Kingdom,2010-02
12899,2010-10-22 09:53:00,2010-10-22 09:53:00,1,366.4,414,1,1,2,Hibernating,United Kingdom,2010-10
12900,2010-10-13 15:17:00,2010-10-13 15:17:00,1,340.33,423,1,1,2,Hibernating,United Kingdom,2010-10
12901,2011-03-14 10:41:00,2011-12-01 10:07:00,28,17654.54,9,5,5,5,Champions,United Kingdom,2011-03
12902,2011-03-20 12:06:00,2011-03-20 12:06:00,1,138.68,265,2,1,1,Hibernating,United Kingdom,2011-03
12903,2010-10-07 12:39:00,2010-10-07 12:39:00,1,833.53,429,1,1,3,Hibernating,United Kingdom,2010-10
12904,2011-06-20 13:18:00,2011-11-21 14:34:00,2,509.58,19,5,2,2,Recent light buyers,United Kingdom,2011-06
12905,2010-01-26 14:06:00,2010-05-12 10:05:00,2,1018.42,577,1,2,3,Hibernating,United Kingdom,2010-01
12906,2011-09-22 15:03:00,2011-11-28 09:55:00,5,2919.81,12,5,4,5,Champions,United Kingdom,2011-09
12907,2010-08-02 14:33:00,2010-11-09 12:08:00,2,508.91,396,2,2,2,Hibernating,United Kingdom,2010-08
12908,2010-03-19 15:59:00,2011-06-16 15:39:00,5,1776.0,177,3,4,4,Loyal,United Kingdom,2010-03
12909,2010-02-24 12:14:00,2011-10-31 12:43:00,8,3103.19,40,4,4,5,Champions,United Kingdom,2010-02
12910,2010-03-28 13:10:00,2011-11-16 14:28:00,13,5796.52,24,4,5,5,Champions,United Kingdom,2010-03
12911,2010-06-06 12:13:00,2010-06-06 12:13:00,1,1680.47,552,1,1,4,Hibernating,United Kingdom,2010-06
12912,2011-10-30 11:35:00,2011-12-07 08:55:00,5,1662.3,3,5,4,4,Champions,United Kingdom,2011-10
12913,2009-12-01 12:18:00,2011-12-05 12:11:00,13,6283.24,5,5,5,5,Champions,United Kingdom,2009-12
12914,2010-11-04 12:28:00,2010-11-04 12:28:00,1,223.98,401,2,1,1,Hibernating,United Kingdom,2010-11
12915,2010-04-29 19:36:00,2011-07-14 11:34:00,4,975.1,149,3,3,3,Loyal,United Kingdom,2010-04
12916,2010-01-24 11:26:00,2011-07-24 10:35:00,7,4654.0199999999995,139,3,4,5,Loyal,United Kingdom,2010-01
12917,2009-12-09 14:22:00,2011-08-03 16:42:00,6,4359.2,129,3,4,5,Loyal,United Kingdom,2009-12
12918,2010-03-23 15:22:00,2010-03-23 15:22:00,1,10953.5,627,1,1,5,Hibernating,United Kingdom,2010-03
12919,2011-06-23 09:22:00,2011-12-01 13:47:00,6,1335.19,9,5,4,4,Champions,United Kingdom,2011-06
12920,2009-12-14 15:58:00,2011-11-22 15:05:00,4,488.09000000000003,18,5,3,2,Loyal,United Kingdom,2009-12
12921,2009-12-01 13:43:00,2011-11-30 16:22:00,74,35233.24,10,5,5,5,Champions,United Kingdom,2009-12
12922,2011-07-01 15:35:00,2011-07-01 15:35:00,1,405.38,162,3,1,2,Developing,United Kingdom,2011-07
12923,2010-05-13 14:55:00,2011-10-06 16:20:00,3,789.87,65,3,3,3,Loyal,United Kingdom,2010-05
12924,2009-12-09 12:40:00,2011-09-12 13:55:00,12,2469.4,89,3,5,4,Loyal,United Kingdom,2009-12
12925,2010-04-26 10:32:00,2011-12-05 11:11:00,3,729.3299999999999,5,5,3,3,Loyal,United Kingdom,2010-04
12926,2009-12-14 14:35:00,2010-10-24 15:57:00,4,1548.46,412,1,3,4,At risk,United Kingdom,2009-12
12927,2010-11-10 10:02:00,2010-11-10 10:02:00,1,197.31,395,2,1,1,Hibernating,United Kingdom,2010-11
12928,2010-06-08 10:16:00,2011-11-04 14:24:00,12,4304.89,36,4,5,5,Champions,United Kingdom,2010-06
12929,2011-02-01 12:08:00,2011-02-01 12:08:00,1,117.85,312,2,1,1,Hibernating,United Kingdom,2011-02
12930,2011-06-21 13:25:00,2011-09-22 15:18:00,2,415.8,79,3,2,2,Developing,United Kingdom,2011-06
12931,2009-12-01 11:46:00,2011-11-18 12:39:00,57,92347.34,22,4,5,5,Champions,United Kingdom,2009-12
12932,2010-02-10 08:46:00,2010-06-18 14:22:00,8,1698.56,540,1,4,4,At risk,United Kingdom,2010-02
12933,2009-12-10 16:39:00,2011-11-15 16:38:00,8,1687.03,25,4,4,4,Champions,United Kingdom,2009-12
12934,2009-12-03 10:51:00,2009-12-03 10:51:00,1,181.65,737,1,1,1,Hibernating,United Kingdom,2009-12
12935,2010-04-11 15:59:00,2011-12-07 17:25:00,15,4243.86,3,5,5,5,Champions,United Kingdom,2010-04
12936,2011-09-22 13:51:00,2011-11-22 17:32:00,4,1063.9,18,5,3,3,Loyal,United Kingdom,2011-09
12937,2009-12-03 15:43:00,2011-11-24 15:05:00,9,3097.61,16,5,5,5,Champions,United Kingdom,2009-12
12938,2011-11-14 11:21:00,2011-11-14 11:21:00,1,114.14,26,4,1,1,Recent light buyers,United Kingdom,2011-11
12939,2010-01-12 11:27:00,2011-10-06 14:33:00,20,25264.8,65,3,5,5,Loyal,United Kingdom,2010-01
12940,2011-09-13 10:16:00,2011-10-16 12:09:00,2,913.54,55,4,2,3,Recent light buyers,United Kingdom,2011-09
12941,2009-12-15 13:12:00,2009-12-15 13:12:00,1,377.49,725,1,1,2,Hibernating,United Kingdom,2009-12
12942,2010-12-09 09:34:00,2011-07-31 14:39:00,3,683.9,132,3,3,3,Loyal,United Kingdom,2010-12
12943,2010-04-13 11:03:00,2010-05-30 13:52:00,2,496.5,559,1,2,2,Hibernating,United Kingdom,2010-04
12944,2010-12-20 10:41:00,2011-11-04 11:04:00,2,604.51,36,4,2,2,Recent light buyers,United Kingdom,2010-12
12945,2010-02-21 15:18:00,2011-02-24 14:15:00,2,900.11,289,2,2,3,Hibernating,United Kingdom,2010-02
12946,2010-09-29 10:14:00,2010-09-29 10:14:00,1,324.45,437,1,1,2,Hibernating,United Kingdom,2010-09
12947,2010-12-01 16:21:00,2011-07-19 10:06:00,6,1603.99,144,3,4,4,Loyal,United Kingdom,2010-12
12948,2009-12-02 12:28:00,2011-11-23 17:10:00,9,2317.43,17,5,5,4,Champions,United Kingdom,2009-12
12949,2009-12-03 15:56:00,2011-11-09 11:25:00,22,15526.7,31,4,5,5,Champions,United Kingdom,2009-12
12950,2011-11-15 13:48:00,2011-12-07 13:17:00,3,1843.0,3,5,3,4,Loyal,United Kingdom,2011-11
12951,2010-01-10 12:43:00,2011-12-01 12:14:00,15,3213.7200000000003,9,5,5,5,Champions,United Kingdom,2010-01
12952,2011-09-22 16:37:00,2011-12-04 10:35:00,4,1387.79,6,5,3,4,Loyal,United Kingdom,2011-09
12953,2010-07-05 13:37:00,2011-11-30 09:24:00,2,828.8100000000001,10,5,2,3,Recent light buyers,United Kingdom,2010-07
12954,2010-03-11 10:16:00,2010-03-11 10:16:00,1,162.45,639,1,1,1,Hibernating,United Kingdom,2010-03
12955,2011-03-17 09:03:00,2011-12-08 16:29:00,11,4757.16,2,5,5,5,Champions,United Kingdom,2011-03
12956,2009-12-15 19:03:00,2011-02-06 16:08:00,4,521.89,307,2,3,2,At risk,United Kingdom,2009-12
12957,2009-12-11 12:01:00,2011-11-30 09:53:00,13,8706.97,10,5,5,5,Champions,United Kingdom,2009-12
12958,2010-05-05 16:22:00,2010-11-04 16:16:00,2,539.49,401,2,2,2,Hibernating,United Kingdom,2010-05
12959,2010-08-12 17:20:00,2010-08-12 17:20:00,1,150.95,485,1,1,1,Hibernating,United Kingdom,2010-08
12960,2010-02-16 13:32:00,2010-10-22 09:31:00,4,1322.07,414,1,3,4,At risk,United Kingdom,2010-02
12961,2010-11-25 16:44:00,2010-11-25 16:44:00,1,211.99,380,2,1,1,Hibernating,United Kingdom,2010-11
12962,2011-08-18 13:38:00,2011-12-02 15:55:00,2,266.39,8,5,2,1,Recent light buyers,United Kingdom,2011-08
12963,2010-07-08 14:45:00,2011-12-01 12:55:00,12,3235.79,9,5,5,5,Champions,United Kingdom,2010-07
12964,2010-09-28 17:47:00,2010-09-28 17:47:00,1,132.24,438,1,1,1,Hibernating,United Kingdom,2010-09
12965,2011-09-11 15:31:00,2011-09-11 15:31:00,1,771.91,90,3,1,3,Developing,United Kingdom,2011-09
12966,2011-11-30 12:38:00,2011-11-30 12:38:00,1,160.18,10,5,1,1,Recent light buyers,United Kingdom,2011-11
12967,2010-11-21 11:03:00,2010-12-16 19:10:00,3,2938.52,359,2,3,5,At risk,United Kingdom,2010-11
12968,2011-08-19 15:44:00,2011-08-19 15:44:00,1,135.95,113,3,1,1,Developing,United Kingdom,2011-08
12969,2010-04-16 10:50:00,2010-04-16 10:50:00,1,122.45,603,1,1,1,Hibernating,United Kingdom,2010-04
12970,2009-12-04 14:19:00,2011-12-02 14:30:00,10,1524.97,8,5,5,4,Champions,United Kingdom,2009-12
12971,2009-12-15 19:04:00,2011-12-06 12:20:00,116,15704.6,4,5,5,5,Champions,United Kingdom,2009-12
12972,2010-02-16 14:30:00,2010-10-22 08:41:00,4,1161.2,414,1,3,3,At risk,United Kingdom,2010-02
12973,2010-10-22 10:14:00,2010-10-22 10:14:00,1,385.55,414,1,1,2,Hibernating,United Kingdom,2010-10
12974,2010-05-23 11:45:00,2011-05-26 09:33:00,2,408.95,198,2,2,2,Hibernating,United Kingdom,2010-05
12975,2009-12-06 10:38:00,2010-09-29 09:46:00,6,2100.09,437,1,4,4,At risk,United Kingdom,2009-12
12976,2010-02-12 15:46:00,2011-05-12 09:55:00,8,3156.38,212,2,4,5,At risk,United Kingdom,2010-02
12977,2010-07-16 16:25:00,2011-07-06 16:40:00,4,517.63,157,3,3,2,Loyal,United Kingdom,2010-07
12978,2009-12-10 12:10:00,2010-11-19 14:29:00,5,2502.82,386,2,4,4,At risk,United Kingdom,2009-12
12979,2009-12-10 15:45:00,2009-12-10 15:45:00,1,517.7,730,1,1,2,Hibernating,United Arab Emirates,2009-12
12980,2009-12-02 11:26:00,2011-07-05 09:34:00,21,16245.78,158,3,5,5,Loyal,United Kingdom,2009-12
12981,2011-07-29 14:14:00,2011-11-10 12:00:00,2,372.21999999999997,30,4,2,2,Recent light buyers,United Kingdom,2011-07
12982,2010-04-12 13:50:00,2011-04-11 11:51:00,8,2744.81,243,2,4,4,At risk,United Kingdom,2010-04
12983,2010-04-20 12:58:00,2010-04-20 12:58:00,1,490.08000000000004,599,1,1,2,Hibernating,United Kingdom,2010-04
12984,2011-11-21 12:37:00,2011-11-21 12:37:00,1,97.5,19,5,1,1,Recent light buyers,United Kingdom,2011-11
12985,2011-11-11 12:44:00,2011-12-09 10:46:00,2,1239.38,1,5,2,4,Recent light buyers,United Kingdom,2011-11
12986,2010-01-21 10:45:00,2010-10-07 11:57:00,10,2729.84,429,1,5,4,At risk,United Kingdom,2010-01
12987,2010-01-20 09:57:00,2011-09-27 12:03:00,5,1312.21,74,3,4,4,Loyal,United Kingdom,2010-01
12988,2011-02-20 14:31:00,2011-02-20 14:31:00,1,535.32,293,2,1,2,Hibernating,United Kingdom,2011-02
12989,2009-12-10 13:27:00,2011-12-06 15:28:00,33,13551.75,4,5,5,5,Champions,United Kingdom,2009-12
12990,2010-03-30 11:36:00,2011-11-08 13:01:00,7,955.5,32,4,4,3,Loyal,United Kingdom,2010-03
12991,2010-11-15 13:43:00,2011-11-16 15:34:00,3,764.82,24,4,3,3,Loyal,United Kingdom,2010-11
12992,2009-12-14 16:46:00,2009-12-14 16:46:00,1,93.35000000000001,726,1,1,1,Hibernating,United Kingdom,2009-12
12993,2010-02-18 10:35:00,2011-11-16 15:49:00,8,1259.6299999999999,24,4,4,4,Champions,United Kingdom,2010-02
12994,2011-03-16 08:31:00,2011-12-05 15:43:00,3,974.4200000000001,5,5,3,3,Loyal,United Kingdom,2011-03
12995,2011-09-15 15:44:00,2011-09-15 15:44:00,1,211.32,86,3,1,1,Developing,United Kingdom,2011-09
12996,2010-11-29 09:27:00,2010-11-29 09:27:00,1,355.5,376,2,1,2,Hibernating,United Kingdom,2010-11
12997,2010-04-06 11:06:00,2011-11-17 15:47:00,8,2110.91,23,4,4,4,Champions,United Kingdom,2010-04
12998,2010-02-24 11:55:00,2010-08-04 08:05:00,3,920.08,493,1,3,3,At risk,United Kingdom,2010-02
12999,2011-04-08 10:26:00,2011-05-27 13:24:00,3,455.88,197,2,3,2,At risk,United Kingdom,2011-04
13000,2009-12-14 17:03:00,2011-08-25 10:43:00,4,1032.5,107,3,3,3,Loyal,United Kingdom,2009-12
13001,2009-12-03 16:21:00,2011-12-05 14:51:00,33,24172.100000000002,5,5,5,5,Champions,United Kingdom,2009-12
13002,2010-10-01 11:58:00,2011-01-25 15:18:00,3,414.13,319,2,3,2,At risk,United Kingdom,2010-10
13003,2011-05-09 08:23:00,2011-08-26 10:50:00,3,149.05,106,3,3,1,Loyal,United Kingdom,2011-05
13004,2009-12-15 09:44:00,2011-11-28 11:27:00,36,11650.85,12,5,5,5,Champions,United Kingdom,2009-12
13005,2010-09-08 12:52:00,2011-06-19 10:53:00,4,999.68,174,3,3,3,Loyal,United Kingdom,2010-09
13006,2011-10-14 13:49:00,2011-10-14 13:49:00,1,81.57,57,4,1,1,Recent light buyers,United Kingdom,2011-10
13007,2010-05-09 10:38:00,2010-05-09 10:38:00,1,175.25,580,1,1,1,Hibernating,United Kingdom,2010-05
13008,2009-12-16 16:07:00,2011-01-20 14:24:00,3,612.13,324,2,3,3,At risk,United Kingdom,2009-12
13009,2010-02-05 12:22:00,2010-02-05 12:22:00,1,234.0,673,1,1,1,Hibernating,United Kingdom,2010-02
13010,2010-03-01 11:28:00,2010-11-30 15:09:00,2,330.12,375,2,2,2,Hibernating,United Kingdom,2010-03
13011,2010-12-02 17:22:00,2010-12-02 17:22:00,1,50.550000000000004,373,2,1,1,Hibernating,United Kingdom,2010-12
13012,2010-04-26 14:14:00,2011-11-30 13:05:00,11,2972.83,10,5,5,5,Champions,United Kingdom,2010-04
13013,2009-12-14 10:34:00,2011-12-08 15:01:00,29,11097.43,2,5,5,5,Champions,United Kingdom,2009-12
13014,2010-10-03 11:35:00,2011-11-29 12:27:00,11,5381.08,11,5,5,5,Champions,United Kingdom,2010-10
13015,2010-04-15 16:35:00,2011-10-17 13:19:00,11,6586.42,54,4,5,5,Champions,United Kingdom,2010-04
13016,2011-08-08 15:00:00,2011-09-27 14:08:00,3,789.89,74,3,3,3,Loyal,United Kingdom,2011-08
13017,2011-12-02 15:53:00,2011-12-02 15:53:00,1,204.0,8,5,1,1,Recent light buyers,United Kingdom,2011-12
13018,2010-03-01 12:34:00,2011-11-23 13:28:00,35,9763.16,17,5,5,5,Champions,United Kingdom,2010-03
13019,2009-12-06 15:40:00,2010-11-25 14:56:00,6,1229.95,380,2,4,3,At risk,United Kingdom,2009-12
13020,2010-02-18 10:35:00,2010-05-26 11:12:00,2,618.96,563,1,2,3,Hibernating,United Kingdom,2010-02
13021,2009-12-05 12:02:00,2011-12-05 16:37:00,17,4887.24,5,5,5,5,Champions,United Kingdom,2009-12
13022,2010-10-06 10:50:00,2010-10-06 10:50:00,1,65.3,430,1,1,1,Hibernating,Belgium,2010-10
13023,2010-06-29 09:51:00,2011-10-06 16:27:00,3,1449.03,65,3,3,4,Loyal,United Kingdom,2010-06
13024,2010-05-06 14:25:00,2010-08-26 09:42:00,2,555.87,471,1,2,2,Hibernating,United Kingdom,2010-05
13025,2009-12-08 10:02:00,2009-12-08 10:02:00,1,323.39,732,1,1,2,Hibernating,United Kingdom,2009-12
13026,2009-12-13 11:34:00,2011-12-08 16:58:00,9,1733.08,2,5,5,4,Champions,United Kingdom,2009-12
13027,2010-01-20 10:41:00,2011-08-18 09:39:00,19,17335.2,114,3,5,5,Loyal,United Kingdom,2010-01
13028,2011-10-25 14:09:00,2011-11-17 11:10:00,2,661.3199999999999,23,4,2,3,Recent light buyers,United Kingdom,2011-10
13029,2010-07-04 13:46:00,2011-11-09 09:13:00,5,1927.3,31,4,4,4,Champions,United Kingdom,2010-07
13030,2010-12-06 14:31:00,2011-11-28 14:30:00,2,799.48,12,5,2,3,Recent light buyers,United Kingdom,2010-12
13031,2010-06-03 14:57:00,2010-10-28 15:34:00,5,3419.27,408,2,4,5,At risk,United Kingdom,2010-06
13032,2010-09-05 14:01:00,2011-10-18 15:54:00,9,2843.55,53,4,5,4,Champions,United Kingdom,2010-09
13033,2010-10-06 09:37:00,2010-12-17 14:23:00,2,220.55,358,2,2,1,Hibernating,United Kingdom,2010-10
13034,2010-11-03 15:22:00,2011-10-16 12:21:00,3,756.82,55,4,3,3,Loyal,United Kingdom,2010-11
13035,2010-10-04 15:41:00,2011-09-27 08:57:00,3,1364.2,74,3,3,4,Loyal,United Kingdom,2010-10
13036,2010-01-24 11:35:00,2010-01-24 11:35:00,1,307.1,685,1,1,2,Hibernating,United Kingdom,2010-01
13037,2009-12-03 17:04:00,2011-07-24 15:46:00,12,3914.9500000000003,139,3,5,5,Loyal,United Kingdom,2009-12
13038,2011-02-22 11:43:00,2011-09-20 14:37:00,3,908.46,81,3,3,3,Loyal,United Kingdom,2011-02
13039,2009-12-17 16:43:00,2010-05-04 16:45:00,4,1010.73,585,1,3,3,At risk,United Kingdom,2009-12
13040,2011-11-06 13:53:00,2011-12-01 10:38:00,2,676.99,9,5,2,3,Recent light buyers,United Kingdom,2011-11
13041,2010-04-29 08:43:00,2010-09-15 11:44:00,4,799.13,451,1,3,3,At risk,United Kingdom,2010-04
13042,2009-12-07 15:42:00,2010-04-20 13:43:00,3,1556.54,599,1,3,4,At risk,United Kingdom,2009-12
13043,2011-03-11 14:52:00,2011-03-11 14:52:00,1,516.42,274,2,1,2,Hibernating,United Kingdom,2011-03
13044,2010-01-08 14:46:00,2011-02-21 15:20:00,11,4853.9,292,2,5,5,At risk,United Kingdom,2010-01
13045,2010-08-10 13:02:00,2011-09-01 15:04:00,3,808.92,100,3,3,3,Loyal,United Kingdom,2010-08
13046,2010-09-09 13:09:00,2011-11-09 08:36:00,3,949.25,31,4,3,3,Loyal,United Kingdom,2010-09
13047,2009-12-16 11:43:00,2011-11-08 12:06:00,24,8428.53,32,4,5,5,Champions,United Kingdom,2009-12
13048,2010-01-27 12:55:00,2011-11-25 13:23:00,9,4084.21,15,5,5,5,Champions,United Kingdom,2010-01
13049,2010-11-03 15:39:00,2011-10-06 15:31:00,4,1408.24,65,3,3,4,Loyal,United Kingdom,2010-11
13050,2009-12-15 15:06:00,2011-11-25 09:18:00,35,12016.52,15,5,5,5,Champions,United Kingdom,2009-12
13051,2010-03-30 11:11:00,2010-05-10 09:14:00,2,155.8,579,1,2,1,Hibernating,United Kingdom,2010-03
13052,2010-02-23 12:31:00,2011-05-11 14:12:00,7,3168.53,213,2,4,5,At risk,United Kingdom,2010-02
13053,2010-03-28 11:28:00,2010-03-28 11:28:00,1,127.65,622,1,1,1,Hibernating,United Kingdom,2010-03
13055,2010-10-06 08:17:00,2011-09-22 14:26:00,4,2321.11,79,3,3,4,Loyal,United Kingdom,2010-10
13056,2010-06-06 14:10:00,2010-06-06 14:10:00,1,209.48,552,1,1,1,Hibernating,United Kingdom,2010-06
13057,2010-03-18 12:14:00,2010-06-27 15:44:00,3,722.09,531,1,3,3,At risk,United Kingdom,2010-03
13058,2011-07-11 12:01:00,2011-11-15 12:43:00,3,271.40000000000003,25,4,3,1,Loyal,United Kingdom,2011-07
13059,2010-03-31 12:23:00,2011-04-04 10:40:00,10,2303.17,250,2,5,4,At risk,United Kingdom,2010-03
13060,2011-03-31 11:37:00,2011-03-31 11:37:00,1,307.53,254,2,1,2,Hibernating,United Kingdom,2011-03
13061,2011-09-28 16:04:00,2011-09-28 16:04:00,1,248.61,73,3,1,1,Developing,United Kingdom,2011-09
13062,2011-06-01 15:12:00,2011-06-01 15:12:00,1,346.98,192,2,1,2,Hibernating,United Kingdom,2011-06
13063,2010-08-16 12:27:00,2010-08-16 12:27:00,1,188.4,481,1,1,1,Hibernating,United Kingdom,2010-08
13064,2010-04-27 10:08:00,2011-11-27 12:31:00,6,1680.74,13,5,4,4,Champions,United Kingdom,2010-04
13065,2010-06-10 11:44:00,2010-12-01 16:52:00,5,1055.05,374,2,4,3,At risk,United Kingdom,2010-06
13066,2011-11-07 17:06:00,2011-11-15 12:57:00,2,470.8,25,4,2,2,Recent light buyers,United Kingdom,2011-11
13067,2010-09-19 13:43:00,2011-09-18 13:38:00,3,508.51,83,3,3,2,Loyal,United Kingdom,2010-09
13068,2011-01-24 08:20:00,2011-11-29 15:00:00,2,344.0,11,5,2,2,Recent light buyers,United Kingdom,2011-01
13069,2010-06-14 14:27:00,2011-12-09 08:39:00,38,9350.63,1,5,5,5,Champions,United Kingdom,2010-06
13070,2009-12-07 14:44:00,2011-05-31 13:45:00,4,751.7,193,2,3,3,At risk,United Kingdom,2009-12
13071,2010-04-06 13:37:00,2010-04-06 13:37:00,1,129.22,613,1,1,1,Hibernating,United Kingdom,2010-04
13072,2011-03-18 08:12:00,2011-03-18 08:12:00,1,177.15,267,2,1,1,Hibernating,United Kingdom,2011-03
13073,2010-09-28 09:27:00,2010-10-24 14:06:00,2,418.08,412,1,2,2,Hibernating,United Kingdom,2010-09
13074,2009-12-16 11:46:00,2010-07-16 16:53:00,4,1378.74,512,1,3,4,At risk,United Kingdom,2009-12
13075,2011-08-02 10:19:00,2011-08-02 10:19:00,1,919.61,130,3,1,3,Developing,United Kingdom,2011-08
13076,2010-09-08 10:27:00,2010-09-08 10:27:00,1,135.4,458,1,1,1,Hibernating,United Kingdom,2010-09
13077,2009-12-11 11:17:00,2011-12-08 19:24:00,11,2750.9500000000003,2,5,5,4,Champions,United Kingdom,2009-12
13078,2009-12-01 09:06:00,2011-12-06 15:36:00,57,29018.06,4,5,5,5,Champions,United Kingdom,2009-12
13079,2010-10-18 14:15:00,2011-12-05 16:53:00,6,419.18,5,5,4,2,Loyal,United Kingdom,2010-10
13080,2010-04-09 13:07:00,2011-06-13 14:59:00,4,280.73,180,3,3,1,Loyal,United Kingdom,2010-04
13081,2009-12-08 13:58:00,2011-11-28 10:54:00,28,56838.37,12,5,5,5,Champions,United Kingdom,2009-12
13082,2009-12-22 15:37:00,2011-08-05 16:16:00,21,7335.75,127,3,5,5,Loyal,United Kingdom,2009-12
13083,2010-10-10 13:38:00,2011-12-05 15:01:00,3,395.43,5,5,3,2,Loyal,United Kingdom,2010-10
13084,2010-08-05 08:49:00,2010-08-05 08:49:00,1,122.39999999999999,492,1,1,1,Hibernating,United Kingdom,2010-08
13085,2009-12-01 07:45:00,2011-07-05 12:11:00,8,2433.28,158,3,4,4,Loyal,United Kingdom,2009-12
13086,2010-11-22 10:28:00,2010-11-22 10:28:00,1,439.33000000000004,383,2,1,2,Hibernating,United Kingdom,2010-11
13087,2009-12-13 15:16:00,2009-12-13 15:16:00,1,313.64,727,1,1,2,Hibernating,United Kingdom,2009-12
13088,2010-10-18 15:35:00,2010-10-18 15:35:00,1,236.11,418,1,1,1,Hibernating,United Kingdom,2010-10
13089,2009-12-02 15:44:00,2011-12-07 09:02:00,203,113507.24,3,5,5,5,Champions,United Kingdom,2009-12
13090,2010-08-02 13:58:00,2011-12-01 12:39:00,24,13094.69,9,5,5,5,Champions,United Kingdom,2010-08
13091,2009-12-10 11:50:00,2011-11-11 15:54:00,3,2321.82,29,4,3,4,Loyal,United Kingdom,2009-12
13092,2010-02-10 08:44:00,2011-09-30 11:18:00,12,2140.28,71,3,5,4,Loyal,United Kingdom,2010-02
13093,2009-12-04 10:32:00,2011-03-09 12:14:00,55,54144.25,276,2,5,5,At risk,United Kingdom,2009-12
13094,2010-11-15 14:15:00,2011-11-18 14:07:00,13,2209.44,22,4,5,4,Champions,United Kingdom,2010-11
13095,2011-09-30 12:03:00,2011-09-30 12:03:00,1,74.39999999999999,71,3,1,1,Developing,United Kingdom,2011-09
13096,2010-11-10 14:08:00,2010-11-10 14:08:00,1,419.70000000000005,395,2,1,2,Hibernating,United Kingdom,2010-11
13097,2009-12-01 13:31:00,2011-11-07 10:43:00,28,13389.22,33,4,5,5,Champions,United Kingdom,2009-12
13098,2011-01-26 13:46:00,2011-12-08 14:14:00,28,28882.44,2,5,5,5,Champions,United Kingdom,2011-01
13099,2011-09-01 17:40:00,2011-09-01 17:40:00,1,207.35999999999999,100,3,1,1,Developing,United Kingdom,2011-09
13101,2010-01-27 15:49:00,2011-04-19 14:37:00,4,695.4,235,2,3,3,At risk,United Kingdom,2010-01
13102,2010-05-06 13:12:00,2011-12-08 12:52:00,37,11380.1,2,5,5,5,Champions,United Kingdom,2010-05
13103,2010-05-11 14:41:00,2011-10-31 09:38:00,3,709.64,40,4,3,3,Loyal,United Kingdom,2010-05
13104,2010-02-24 15:06:00,2011-12-06 13:10:00,9,1709.1,4,5,5,4,Champions,United Kingdom,2010-02
13105,2010-09-29 13:41:00,2010-09-29 13:41:00,1,72.0,437,1,1,1,Hibernating,United Kingdom,2010-09
13106,2010-10-22 13:10:00,2011-07-29 15:12:00,2,603.46,134,3,2,2,Developing,United Kingdom,2010-10
13107,2010-02-04 10:50:00,2011-10-26 14:52:00,9,5253.07,45,4,5,5,Champions,United Kingdom,2010-02
13108,2010-09-30 17:09:00,2010-12-02 10:35:00,2,748.46,373,2,2,3,Hibernating,United Kingdom,2010-09
13109,2010-06-06 12:59:00,2011-10-11 10:16:00,3,1134.03,60,3,3,3,Loyal,United Kingdom,2010-06
13110,2009-12-01 14:14:00,2011-11-08 14:30:00,12,2957.4700000000003,32,4,5,5,Champions,United Kingdom,2009-12
13111,2009-12-21 09:00:00,2009-12-21 09:00:00,1,321.88000000000005,719,1,1,2,Hibernating,United Kingdom,2009-12
13112,2010-06-16 17:03:00,2010-06-16 17:03:00,1,20.6,542,1,1,1,Hibernating,United Kingdom,2010-06
13113,2010-03-28 16:13:00,2011-12-09 12:49:00,37,18252.76,1,5,5,5,Champions,United Kingdom,2010-03
13114,2009-12-09 09:56:00,2009-12-09 09:56:00,1,234.38,731,1,1,1,Hibernating,United Kingdom,2009-12
13115,2010-04-19 13:29:00,2011-11-28 12:38:00,10,5494.7,12,5,5,5,Champions,United Kingdom,2010-04
13116,2011-07-24 14:33:00,2011-07-24 14:33:00,1,501.14,139,3,1,2,Developing,United Kingdom,2011-07
13117,2010-03-26 13:50:00,2011-11-18 12:02:00,18,2255.66,22,4,5,4,Champions,United Kingdom,2010-03
13118,2010-09-26 15:46:00,2011-11-20 12:46:00,9,2415.41,20,5,5,4,Champions,United Kingdom,2010-09
13119,2010-02-09 08:38:00,2010-02-09 08:38:00,1,134.9,669,1,1,1,Hibernating,United Kingdom,2010-02
13120,2011-04-15 10:19:00,2011-04-15 10:19:00,1,30.599999999999998,239,2,1,1,Hibernating,United Kingdom,2011-04
13121,2011-03-15 16:47:00,2011-03-15 16:47:00,1,283.73,270,2,1,1,Hibernating,United Kingdom,2011-03
13122,2011-04-13 14:12:00,2011-09-06 15:53:00,2,922.39,95,3,2,3,Developing,United Kingdom,2011-04
13123,2010-06-28 12:43:00,2010-08-24 10:18:00,2,506.75,473,1,2,2,Hibernating,United Kingdom,2010-06
13124,2010-11-19 15:50:00,2011-09-11 12:45:00,4,4782.45,90,3,3,5,Loyal,United Kingdom,2010-11
13125,2010-07-04 11:58:00,2010-07-04 11:58:00,1,158.57,524,1,1,1,Hibernating,United Kingdom,2010-07
13126,2010-03-02 12:24:00,2011-12-05 10:00:00,13,3774.81,5,5,5,5,Champions,United Kingdom,2010-03
13127,2011-09-23 10:26:00,2011-09-23 10:26:00,1,259.17,78,3,1,1,Developing,United Kingdom,2011-09
13128,2010-03-18 15:08:00,2010-03-18 15:08:00,1,263.5,632,1,1,1,Hibernating,United Kingdom,2010-03
13129,2010-06-28 11:54:00,2010-09-13 13:47:00,2,233.25,453,1,2,1,Hibernating,United Kingdom,2010-06
13130,2011-09-06 15:30:00,2011-09-06 15:30:00,1,64.0,95,3,1,1,Developing,United Kingdom,2011-09
13131,2010-02-09 09:47:00,2011-11-16 13:21:00,7,3313.77,24,4,4,5,Champions,United Kingdom,2010-02
13132,2011-03-23 12:44:00,2011-03-23 12:44:00,1,77.3,262,2,1,1,Hibernating,United Kingdom,2011-03
13133,2010-09-06 15:30:00,2011-03-11 10:31:00,3,200.45000000000002,274,2,3,1,At risk,United Kingdom,2010-09
13134,2010-10-19 13:21:00,2011-09-15 10:35:00,6,2475.23,86,3,4,4,Loyal,United Kingdom,2010-10
13135,2010-08-05 17:28:00,2011-05-27 10:52:00,2,3371.45,197,2,2,5,Hibernating,United Kingdom,2010-08
13136,2009-12-08 18:30:00,2011-10-14 13:41:00,13,6274.56,57,4,5,5,Champions,United Kingdom,2009-12
13137,2010-07-25 15:40:00,2011-11-29 12:09:00,16,7712.7,11,5,5,5,Champions,United Kingdom,2010-07
13138,2010-11-08 11:45:00,2011-11-17 16:51:00,7,1274.01,23,4,4,4,Champions,United Kingdom,2010-11
13139,2010-09-28 09:12:00,2011-11-23 13:54:00,8,8202.98,17,5,4,5,Champions,United Kingdom,2010-09
13140,2010-08-05 19:05:00,2011-08-23 15:33:00,5,1056.17,109,3,4,3,Loyal,United Kingdom,2010-08
13141,2009-12-09 13:34:00,2011-09-16 09:54:00,17,7668.58,85,3,5,5,Loyal,United Kingdom,2009-12
13142,2011-11-20 16:07:00,2011-11-20 16:07:00,1,307.09,20,5,1,2,Recent light buyers,United Kingdom,2011-11
13143,2010-05-04 12:22:00,2010-05-04 12:22:00,1,405.1,585,1,1,2,Hibernating,United Kingdom,2010-05
13144,2010-10-04 14:14:00,2011-01-11 11:15:00,2,135.35,333,2,2,1,Hibernating,United Kingdom,2010-10
13145,2010-04-19 11:11:00,2011-10-31 12:45:00,7,1128.52,40,4,4,3,Loyal,United Kingdom,2010-04
13146,2011-11-13 15:29:00,2011-11-13 15:29:00,1,228.91,27,4,1,1,Recent light buyers,United Kingdom,2011-11
13147,2011-09-01 12:28:00,2011-11-29 13:59:00,4,712.8000000000001,11,5,3,3,Loyal,United Kingdom,2011-09
13148,2009-12-07 15:26:00,2011-11-10 15:23:00,26,8621.81,30,4,5,5,Champions,United Kingdom,2009-12
13149,2011-02-23 13:57:00,2011-11-25 13:09:00,4,1676.06,15,5,3,4,Loyal,United Kingdom,2011-02
13150,2010-03-19 09:03:00,2010-08-12 12:59:00,3,449.96999999999997,485,1,3,2,At risk,United Kingdom,2010-03
13151,2010-03-22 10:26:00,2011-02-17 12:29:00,3,2580.7400000000002,296,2,3,4,At risk,United Kingdom,2010-03
13152,2010-01-14 10:01:00,2010-10-18 13:44:00,7,2146.38,418,1,4,4,At risk,United Kingdom,2010-01
13153,2011-12-04 12:14:00,2011-12-04 12:14:00,1,486.22,6,5,1,2,Recent light buyers,United Kingdom,2011-12
13154,2009-12-04 08:46:00,2010-11-05 16:00:00,3,1624.84,400,2,3,4,At risk,United Kingdom,2009-12
13155,2010-08-05 09:30:00,2011-11-06 15:41:00,6,1370.48,34,4,4,4,Champions,United Kingdom,2010-08
13156,2010-02-01 13:45:00,2010-11-19 13:09:00,3,1586.54,386,2,3,4,At risk,United Kingdom,2010-02
13157,2010-03-08 11:59:00,2011-10-21 13:50:00,9,5687.36,50,4,5,5,Champions,United Kingdom,2010-03
13158,2010-11-16 17:12:00,2011-09-06 11:58:00,5,1508.18,95,3,4,4,Loyal,United Kingdom,2010-11
13159,2011-08-16 11:44:00,2011-12-01 11:20:00,4,1437.85,9,5,3,4,Loyal,United Kingdom,2011-08
13160,2011-11-17 13:07:00,2011-11-17 13:07:00,1,91.8,23,4,1,1,Recent light buyers,United Kingdom,2011-11
13161,2010-07-27 12:44:00,2011-01-30 14:03:00,2,478.88,314,2,2,2,Hibernating,United Kingdom,2010-07
13162,2009-12-04 13:59:00,2011-08-09 15:59:00,16,9275.49,123,3,5,5,Loyal,United Kingdom,2009-12
13163,2010-04-08 16:21:00,2010-04-08 16:21:00,1,17.65,611,1,1,1,Hibernating,United Kingdom,2010-04
13164,2010-02-10 11:52:00,2010-05-19 13:52:00,2,372.2,570,1,2,2,Hibernating,United Kingdom,2010-02
13165,2010-10-22 17:04:00,2011-10-24 15:05:00,3,1451.16,47,4,3,4,Loyal,United Kingdom,2010-10
13166,2010-10-21 14:29:00,2011-03-01 15:16:00,2,884.18,284,2,2,3,Hibernating,United Kingdom,2010-10
13167,2010-11-14 12:58:00,2011-11-21 12:24:00,5,1125.15,19,5,4,3,Loyal,United Kingdom,2010-11
13168,2010-06-15 15:00:00,2011-11-03 12:56:00,5,1875.31,37,4,4,4,Champions,United Kingdom,2010-06
13169,2010-05-26 15:58:00,2011-10-07 12:11:00,3,840.08,64,3,3,3,Loyal,United Kingdom,2010-05
13170,2011-11-13 12:19:00,2011-11-13 12:19:00,1,116.00999999999999,27,4,1,1,Recent light buyers,United Kingdom,2011-11
13171,2011-02-13 14:16:00,2011-11-18 10:27:00,3,468.41,22,4,3,2,Loyal,United Kingdom,2011-02
13172,2010-11-04 15:10:00,2010-11-04 15:10:00,1,69.6,401,2,1,1,Hibernating,United Kingdom,2010-11
13173,2009-12-10 12:52:00,2011-12-05 15:51:00,11,2473.41,5,5,5,4,Champions,United Kingdom,2009-12
13174,2009-12-04 15:40:00,2011-11-23 14:35:00,12,8078.87,17,5,5,5,Champions,United Kingdom,2009-12
13175,2009-12-04 12:11:00,2010-05-06 13:13:00,2,831.45,583,1,2,3,Hibernating,United Kingdom,2009-12
13176,2011-10-24 15:43:00,2011-10-24 15:43:00,1,492.84,47,4,1,2,Recent light buyers,United Kingdom,2011-10
13177,2010-10-05 10:35:00,2011-10-06 09:56:00,2,512.2,65,3,2,2,Developing,United Kingdom,2010-10
13178,2009-12-16 14:00:00,2011-11-13 16:14:00,21,14059.19,27,4,5,5,Champions,United Kingdom,2009-12
13179,2010-03-31 11:40:00,2010-03-31 11:40:00,1,572.3100000000001,619,1,1,2,Hibernating,United Kingdom,2010-03
13180,2010-04-11 13:37:00,2010-04-11 13:37:00,1,86.10000000000001,608,1,1,1,Hibernating,United Kingdom,2010-04
13181,2010-11-23 15:05:00,2010-11-23 15:05:00,1,359.69,382,2,1,2,Hibernating,United Kingdom,2010-11
13182,2011-10-25 13:46:00,2011-10-25 13:46:00,1,121.18,46,4,1,1,Recent light buyers,United Kingdom,2011-10
13183,2010-03-14 12:32:00,2011-12-02 10:30:00,15,7036.18,8,5,5,5,Champions,United Kingdom,2010-03
13184,2011-02-22 17:25:00,2011-11-25 12:02:00,10,1701.29,15,5,5,4,Champions,United Kingdom,2011-02
13185,2011-03-17 11:56:00,2011-03-17 11:56:00,1,71.4,268,2,1,1,Hibernating,United Kingdom,2011-03
13186,2011-08-03 09:09:00,2011-10-31 11:40:00,3,1575.89,40,4,3,4,Loyal,United Kingdom,2011-08
13187,2010-03-25 17:18:00,2011-01-06 18:57:00,4,367.01,338,2,3,2,At risk,United Kingdom,2010-03
13188,2011-11-28 15:28:00,2011-11-28 15:28:00,1,114.60000000000001,12,5,1,1,Recent light buyers,United Kingdom,2011-11
13189,2011-08-16 13:12:00,2011-11-21 10:39:00,2,260.68,19,5,2,1,Recent light buyers,United Kingdom,2011-08
13190,2009-12-07 12:13:00,2010-06-13 15:47:00,3,570.66,545,1,3,2,At risk,United Kingdom,2009-12
13191,2010-02-19 17:02:00,2010-02-19 17:02:00,1,164.69,659,1,1,1,Hibernating,United Kingdom,2010-02
13192,2010-01-22 08:37:00,2011-09-05 14:13:00,6,2558.58,96,3,4,4,Loyal,United Kingdom,2010-01
13193,2011-10-09 14:30:00,2011-10-09 14:30:00,1,117.88,62,3,1,1,Developing,United Kingdom,2011-10
13194,2010-10-14 11:54:00,2011-07-27 09:01:00,2,472.78,136,3,2,2,Developing,United Kingdom,2010-10
13195,2010-10-21 13:07:00,2010-10-21 13:07:00,1,172.38,415,1,1,1,Hibernating,United Kingdom,2010-10
13196,2010-04-01 12:54:00,2011-11-28 13:54:00,7,3068.84,12,5,4,5,Champions,United Kingdom,2010-04
13197,2010-04-09 09:14:00,2010-04-09 09:14:00,1,373.01000000000005,610,1,1,2,Hibernating,United Kingdom,2010-04
13198,2010-10-01 13:27:00,2011-11-29 15:17:00,8,4974.2300000000005,11,5,4,5,Champions,United Kingdom,2010-10
13199,2009-12-05 10:11:00,2011-12-06 12:30:00,67,15964.210000000001,4,5,5,5,Champions,United Kingdom,2009-12
13200,2011-08-05 14:50:00,2011-11-20 15:35:00,4,870.09,20,5,3,3,Loyal,United Kingdom,2011-08
13201,2010-03-07 11:01:00,2010-07-25 14:30:00,4,1240.6100000000001,503,1,3,4,At risk,United Kingdom,2010-03
13202,2009-12-09 10:48:00,2010-11-10 16:24:00,7,1580.3,395,2,4,4,At risk,United Kingdom,2009-12
13203,2009-12-17 14:15:00,2011-11-30 10:45:00,10,2648.25,10,5,5,4,Champions,United Kingdom,2009-12
13204,2009-12-08 14:56:00,2009-12-08 14:56:00,1,966.6600000000001,732,1,1,3,Hibernating,United Kingdom,2009-12
13205,2010-09-22 16:26:00,2010-09-22 16:26:00,1,2803.2,444,1,1,4,Hibernating,United Kingdom,2010-09
13206,2009-12-07 13:48:00,2010-11-04 16:50:00,13,8377.32,401,2,5,5,At risk,United Kingdom,2009-12
13207,2010-04-06 16:37:00,2011-11-24 14:52:00,4,535.86,16,5,3,2,Loyal,United Kingdom,2010-04
13208,2009-12-03 13:25:00,2011-10-12 09:54:00,9,1988.5,59,4,5,4,Champions,United Kingdom,2009-12
13209,2010-01-24 14:30:00,2011-11-09 13:54:00,13,8509.51,31,4,5,5,Champions,United Kingdom,2010-01
13210,2011-09-07 08:18:00,2011-09-07 08:18:00,1,353.48,94,3,1,2,Developing,United Kingdom,2011-09
13211,2009-12-06 15:24:00,2011-11-29 14:43:00,10,2729.32,11,5,5,4,Champions,United Kingdom,2009-12
13212,2011-10-09 14:48:00,2011-11-20 12:40:00,3,788.08,20,5,3,3,Loyal,United Kingdom,2011-10
13213,2010-05-20 14:50:00,2011-10-14 11:42:00,11,3851.52,57,4,5,5,Champions,United Kingdom,2010-05
13214,2010-03-03 14:10:00,2010-10-18 10:00:00,7,3264.23,418,1,4,5,At risk,United Kingdom,2010-03
13215,2010-11-02 18:26:00,2010-11-02 18:26:00,1,81.6,403,2,1,1,Hibernating,United Kingdom,2010-11
13216,2011-03-17 12:18:00,2011-03-17 12:18:00,1,333.74,268,2,1,2,Hibernating,United Kingdom,2011-03
13217,2010-02-22 12:49:00,2011-08-09 15:32:00,4,666.48,123,3,3,3,Loyal,United Kingdom,2010-02
13218,2011-08-04 16:59:00,2011-08-04 16:59:00,1,62.63999999999999,128,3,1,1,Developing,United Kingdom,2011-08
13219,2010-03-31 14:18:00,2010-03-31 14:18:00,1,76.23,619,1,1,1,Hibernating,United Kingdom,2010-03
13220,2010-05-13 10:35:00,2011-09-22 13:38:00,5,1336.0900000000001,79,3,4,4,Loyal,United Kingdom,2010-05
13221,2010-12-15 13:24:00,2011-04-13 16:58:00,2,847.41,241,2,2,3,Hibernating,United Kingdom,2010-12
13222,2010-05-11 13:54:00,2010-05-11 13:54:00,1,88.5,578,1,1,1,Hibernating,United Kingdom,2010-05
13223,2010-02-12 13:27:00,2011-05-23 13:03:00,6,969.1200000000001,201,2,4,3,At risk,United Kingdom,2010-02
13224,2011-07-11 14:10:00,2011-10-10 14:55:00,2,2155.95,61,3,2,4,Developing,United Kingdom,2011-07
13225,2009-12-17 09:09:00,2011-12-06 13:29:00,16,16260.07,4,5,5,5,Champions,United Kingdom,2009-12
13226,2010-11-11 13:46:00,2011-03-11 14:35:00,2,312.46,274,2,2,2,Hibernating,United Kingdom,2010-11
13227,2011-05-22 11:47:00,2011-05-22 11:47:00,1,257.7,202,2,1,1,Hibernating,United Kingdom,2011-05
13228,2011-09-19 14:28:00,2011-09-19 14:28:00,1,358.0,82,3,1,2,Developing,United Kingdom,2011-09
13229,2011-04-28 12:07:00,2011-04-28 12:07:00,1,160.95,226,2,1,1,Hibernating,United Kingdom,2011-04
13230,2010-03-18 20:02:00,2011-12-05 16:03:00,30,6267.33,5,5,5,5,Champions,United Kingdom,2010-03
13232,2011-04-10 13:48:00,2011-11-27 10:39:00,7,1357.6,13,5,4,4,Champions,United Kingdom,2011-04
13233,2010-01-14 14:10:00,2011-09-26 13:25:00,4,1176.46,75,3,3,3,Loyal,United Kingdom,2010-01
13234,2009-12-07 12:32:00,2010-02-05 11:41:00,2,356.95,673,1,2,2,Hibernating,United Kingdom,2009-12
13235,2011-05-11 17:13:00,2011-05-11 17:13:00,1,1031.07,213,2,1,3,Hibernating,United Kingdom,2011-05
13236,2011-08-25 08:58:00,2011-11-15 12:50:00,2,744.85,25,4,2,3,Recent light buyers,United Kingdom,2011-08
13237,2010-11-17 10:07:00,2010-11-17 10:07:00,1,643.0,388,2,1,3,Hibernating,United Kingdom,2010-11
13238,2010-04-28 15:02:00,2011-11-22 15:37:00,6,1006.63,18,5,4,3,Loyal,United Kingdom,2010-04
13239,2010-07-25 13:34:00,2011-03-23 10:25:00,5,1594.69,262,2,4,4,At risk,United Kingdom,2010-07
13240,2010-02-25 13:17:00,2011-09-04 14:08:00,8,1514.45,97,3,4,4,Loyal,United Kingdom,2010-02
13241,2010-10-24 11:17:00,2010-10-24 11:17:00,1,115.58,412,1,1,1,Hibernating,United Kingdom,2010-10
13242,2010-02-09 13:12:00,2011-08-19 12:53:00,7,699.4,113,3,4,3,Loyal,United Kingdom,2010-02
13243,2010-03-18 13:10:00,2011-05-20 13:14:00,5,1278.04,204,2,4,4,At risk,United Kingdom,2010-03
13244,2011-09-08 11:46:00,2011-09-08 11:46:00,1,121.74000000000001,93,3,1,1,Developing,United Kingdom,2011-09
13245,2010-10-03 14:03:00,2011-10-20 11:40:00,2,989.22,51,4,2,3,Recent light buyers,United Kingdom,2010-10
13246,2010-07-02 13:36:00,2011-11-21 16:50:00,11,3387.43,19,5,5,5,Champions,United Kingdom,2010-07
13247,2011-09-18 11:31:00,2011-11-22 10:59:00,4,501.12,18,5,3,2,Loyal,United Kingdom,2011-09
13248,2011-06-03 13:05:00,2011-08-07 12:40:00,2,465.68,125,3,2,2,Developing,United Kingdom,2011-06
13249,2010-01-24 12:11:00,2011-09-08 13:26:00,9,1608.93,93,3,5,4,Loyal,United Kingdom,2010-01
13250,2010-07-25 14:01:00,2010-09-05 11:33:00,2,256.04,461,1,2,1,Hibernating,United Kingdom,2010-07
13251,2010-11-02 13:20:00,2010-11-02 13:20:00,1,252.68,403,2,1,1,Hibernating,United Kingdom,2010-11
13252,2010-03-24 10:30:00,2010-11-10 16:00:00,2,399.3,395,2,2,2,Hibernating,United Kingdom,2010-03
13253,2010-01-05 12:13:00,2011-07-06 10:09:00,4,2951.11,157,3,3,5,Loyal,United Kingdom,2010-01
13254,2010-11-28 15:42:00,2010-11-28 15:42:00,1,51.410000000000004,377,2,1,1,Hibernating,United Kingdom,2010-11
13255,2010-07-15 13:20:00,2011-11-30 13:14:00,3,678.76,10,5,3,3,Loyal,United Kingdom,2010-07
13257,2010-09-29 14:58:00,2010-09-29 14:58:00,1,149.75,437,1,1,1,Hibernating,United Kingdom,2010-09
13258,2010-11-04 12:45:00,2011-11-28 09:31:00,5,1035.18,12,5,4,3,Loyal,United Kingdom,2010-11
13259,2010-01-10 10:26:00,2011-10-09 10:48:00,9,1433.38,62,3,5,4,Loyal,United Kingdom,2010-01
13260,2011-10-09 13:21:00,2011-10-09 13:21:00,1,557.62,62,3,1,2,Developing,United Kingdom,2011-10
13261,2011-02-27 10:41:00,2011-03-16 12:22:00,2,944.1,269,2,2,3,Hibernating,United Kingdom,2011-02
13262,2010-04-18 12:14:00,2011-03-21 15:06:00,3,573.45,264,2,3,2,At risk,United Kingdom,2010-04
13263,2010-10-22 17:07:00,2011-12-08 13:59:00,39,8704.69,2,5,5,5,Champions,United Kingdom,2010-10
13264,2010-09-23 12:42:00,2010-09-23 12:42:00,1,722.5600000000001,443,1,1,3,Hibernating,United Kingdom,2010-09
13265,2011-03-11 09:54:00,2011-10-17 15:02:00,5,2107.66,54,4,4,4,Champions,United Kingdom,2011-03
13266,2009-12-17 10:52:00,2011-11-28 14:39:00,19,6135.04,12,5,5,5,Champions,United Kingdom,2009-12
13267,2009-12-07 16:56:00,2011-12-07 11:12:00,36,9429.81,3,5,5,5,Champions,United Kingdom,2009-12
13268,2011-03-17 13:20:00,2011-11-22 11:51:00,11,3214.69,18,5,5,5,Champions,United Kingdom,2011-03
13269,2009-12-02 11:47:00,2011-12-08 14:53:00,28,8540.27,2,5,5,5,Champions,United Kingdom,2009-12
13270,2010-12-08 14:53:00,2010-12-08 14:53:00,1,590.0,367,2,1,2,Hibernating,United Kingdom,2010-12
13271,2011-11-02 14:31:00,2011-11-02 14:31:00,1,217.38,38,4,1,1,Recent light buyers,United Kingdom,2011-11
13272,2011-09-11 12:06:00,2011-11-08 14:00:00,2,276.56,32,4,2,1,Recent light buyers,United Kingdom,2011-09
13273,2011-08-18 14:02:00,2011-08-18 14:02:00,1,138.98,114,3,1,1,Developing,United Kingdom,2011-08
13274,2010-10-26 13:48:00,2010-10-26 13:48:00,1,360.85,410,2,1,2,Hibernating,United Kingdom,2010-10
13275,2010-03-17 14:05:00,2010-11-21 12:09:00,2,241.66,384,2,2,1,Hibernating,United Kingdom,2010-03
13276,2010-03-07 14:05:00,2011-10-07 12:44:00,5,1939.26,64,3,4,4,Loyal,United Kingdom,2010-03
13277,2010-06-18 08:45:00,2011-11-24 09:21:00,7,523.3,16,5,4,2,Loyal,United Kingdom,2010-06
13278,2010-04-08 11:59:00,2011-10-30 11:49:00,4,1435.85,41,4,3,4,Loyal,United Kingdom,2010-04
13279,2011-09-22 17:24:00,2011-09-22 17:24:00,1,137.75,79,3,1,1,Developing,United Kingdom,2011-09
13280,2010-03-05 09:07:00,2011-08-09 13:14:00,7,2322.63,123,3,4,4,Loyal,United Kingdom,2010-03
13281,2010-09-26 16:03:00,2010-09-26 16:03:00,1,350.85,440,1,1,2,Hibernating,United Kingdom,2010-09
13282,2010-10-29 14:11:00,2011-11-21 15:33:00,4,1313.19,19,5,3,4,Loyal,United Kingdom,2010-10
13283,2010-03-09 14:36:00,2011-10-11 09:50:00,4,373.36,60,3,3,2,Loyal,United Kingdom,2010-03
13284,2011-01-13 09:23:00,2011-01-13 09:23:00,1,201.19,331,2,1,1,Hibernating,United Kingdom,2011-01
13285,2010-03-25 14:26:00,2011-11-16 13:19:00,6,3364.59,24,4,4,5,Champions,United Kingdom,2010-03
13286,2010-04-18 15:35:00,2010-04-18 15:35:00,1,734.91,601,1,1,3,Hibernating,United Kingdom,2010-04
13287,2010-01-04 10:43:00,2010-04-15 15:26:00,3,781.59,604,1,3,3,At risk,United Kingdom,2010-01
13288,2010-02-11 14:59:00,2010-09-22 16:32:00,5,927.61,444,1,4,3,At risk,United Kingdom,2010-02
13289,2009-12-16 11:53:00,2009-12-16 11:53:00,1,307.95,724,1,1,2,Hibernating,United Kingdom,2009-12
13290,2010-09-27 16:29:00,2010-09-27 16:29:00,1,208.63,439,1,1,1,Hibernating,United Kingdom,2010-09
13291,2010-02-11 18:36:00,2011-07-07 10:36:00,11,3320.84,156,3,5,5,Loyal,United Kingdom,2010-02
13292,2010-07-01 14:36:00,2011-11-01 10:04:00,5,994.51,39,4,4,3,Loyal,United Kingdom,2010-07
13293,2010-02-09 12:05:00,2010-11-12 13:28:00,6,1192.94,393,2,4,3,At risk,United Kingdom,2010-02
13294,2010-03-03 12:54:00,2011-06-03 08:54:00,3,1689.53,190,3,3,4,Loyal,United Kingdom,2010-03
13295,2010-05-12 09:13:00,2010-12-15 11:21:00,4,1101.97,360,2,3,3,At risk,United Kingdom,2010-05
13296,2010-05-11 14:29:00,2011-07-25 13:46:00,6,792.51,138,3,4,3,Loyal,United Kingdom,2010-05
13297,2010-06-15 12:35:00,2011-12-02 09:32:00,7,4368.62,8,5,4,5,Champions,United Kingdom,2010-06
13298,2011-12-08 13:11:00,2011-12-08 13:11:00,1,360.0,2,5,1,2,Recent light buyers,United Kingdom,2011-12
13299,2010-06-29 11:30:00,2011-03-16 12:55:00,3,1218.7,269,2,3,3,At risk,United Kingdom,2010-06
13300,2010-05-14 15:56:00,2011-06-23 13:09:00,3,1285.51,170,3,3,4,Loyal,United Kingdom,2010-05
13301,2011-02-20 13:13:00,2011-08-28 11:25:00,4,618.09,104,3,3,3,Loyal,United Kingdom,2011-02
13302,2010-07-01 12:32:00,2011-07-07 17:56:00,2,159.2,156,3,2,1,Developing,United Kingdom,2010-07
13303,2010-11-04 14:55:00,2010-11-04 14:55:00,1,61.72,401,2,1,1,Hibernating,United Kingdom,2010-11
13304,2010-02-08 12:42:00,2010-12-23 14:35:00,4,1217.99,352,2,3,3,At risk,United Kingdom,2010-02
13305,2010-03-10 14:49:00,2011-12-05 15:15:00,16,3618.5099999999998,5,5,5,5,Champions,United Kingdom,2010-03
13306,2010-10-05 14:55:00,2010-10-05 14:55:00,1,53.65,431,1,1,1,Hibernating,United Kingdom,2010-10
13307,2010-04-26 13:28:00,2011-08-11 17:14:00,3,273.34,121,3,3,1,Loyal,United Kingdom,2010-04
13308,2010-04-22 09:22:00,2011-11-17 09:31:00,4,1670.3700000000001,23,4,3,4,Loyal,United Kingdom,2010-04
13309,2010-11-12 12:10:00,2011-12-02 16:34:00,6,1706.3700000000001,8,5,4,4,Champions,United Kingdom,2010-11
13310,2010-11-02 17:03:00,2011-11-11 17:23:00,5,1541.2,29,4,4,4,Champions,United Kingdom,2010-11
13311,2011-07-12 14:26:00,2011-12-05 12:55:00,2,598.57,5,5,2,2,Recent light buyers,United Kingdom,2011-07
13312,2010-09-14 14:36:00,2010-09-14 14:36:00,1,124.75,452,1,1,1,Hibernating,United Kingdom,2010-09
13313,2009-12-02 16:18:00,2011-11-17 16:48:00,12,3445.32,23,4,5,5,Champions,United Kingdom,2009-12
13314,2011-09-27 10:20:00,2011-12-08 12:29:00,3,775.94,2,5,3,3,Loyal,United Kingdom,2011-09
13315,2010-01-19 15:34:00,2010-01-19 15:34:00,1,310.26,690,1,1,2,Hibernating,United Kingdom,2010-01
13316,2010-03-10 10:01:00,2011-11-02 13:40:00,10,13191.57,38,4,5,5,Champions,United Kingdom,2010-03
13317,2009-12-13 11:11:00,2011-10-04 13:35:00,19,6486.091,67,3,5,5,Loyal,United Kingdom,2009-12
13318,2011-11-02 13:26:00,2011-12-08 18:51:00,3,640.76,2,5,3,3,Loyal,United Kingdom,2011-11
13319,2009-12-06 14:46:00,2011-12-04 13:34:00,58,21323.22,6,5,5,5,Champions,United Kingdom,2009-12
13320,2010-08-18 10:29:00,2011-09-22 18:07:00,6,2228.1,79,3,4,4,Loyal,United Kingdom,2010-08
13321,2011-09-14 15:18:00,2011-09-28 15:24:00,2,567.36,73,3,2,2,Developing,United Kingdom,2011-09
13322,2011-11-22 14:21:00,2011-11-22 14:21:00,1,199.48000000000002,18,5,1,1,Recent light buyers,United Kingdom,2011-11
13323,2011-09-16 13:23:00,2011-12-06 17:12:00,5,787.85,4,5,4,3,Loyal,United Kingdom,2011-09
13324,2010-05-25 10:23:00,2011-11-03 16:28:00,18,10513.47,37,4,5,5,Champions,United Kingdom,2010-05
13325,2011-09-19 10:36:00,2011-09-19 10:36:00,1,675.3,82,3,1,3,Developing,United Kingdom,2011-09
13326,2010-10-03 16:00:00,2010-10-03 16:00:00,1,281.76,433,1,1,1,Hibernating,United Kingdom,2010-10
13327,2009-12-18 15:35:00,2011-11-01 10:21:00,20,9134.48,39,4,5,5,Champions,United Kingdom,2009-12
13328,2011-01-27 15:22:00,2011-01-27 15:22:00,1,1308.48,317,2,1,4,Hibernating,United Kingdom,2011-01
13329,2009-12-04 15:41:00,2011-11-08 10:29:00,8,4808.77,32,4,4,5,Champions,United Kingdom,2009-12
13330,2010-02-23 10:12:00,2011-09-08 12:27:00,6,2806.18,93,3,4,4,Loyal,United Kingdom,2010-02
13331,2010-11-03 08:04:00,2010-11-03 08:04:00,1,262.4,402,2,1,1,Hibernating,United Kingdom,2010-11
13332,2011-11-25 13:30:00,2011-11-25 13:30:00,1,350.9,15,5,1,2,Recent light buyers,United Kingdom,2011-11
13333,2010-02-19 09:26:00,2010-10-24 13:24:00,3,1015.74,412,1,3,3,At risk,United Kingdom,2010-02
13334,2010-02-25 12:21:00,2011-09-18 15:21:00,5,6263.75,83,3,4,5,Loyal,United Kingdom,2010-02
13336,2011-09-23 14:05:00,2011-09-23 14:05:00,1,795.12,78,3,1,3,Developing,United Kingdom,2011-09
13337,2010-06-11 13:27:00,2010-06-11 13:27:00,1,1575.26,547,1,1,4,Hibernating,United Kingdom,2010-06
13338,2010-01-05 12:25:00,2011-07-05 09:06:00,4,2445.62,158,3,3,4,Loyal,United Kingdom,2010-01
13339,2011-05-23 08:31:00,2011-05-23 08:31:00,1,860.12,201,2,1,3,Hibernating,United Kingdom,2011-05
13340,2010-02-22 14:54:00,2011-10-25 13:15:00,12,22100.56,46,4,5,5,Champions,United Kingdom,2010-02
13341,2011-03-24 09:50:00,2011-03-24 09:50:00,1,775.85,261,2,1,3,Hibernating,United Kingdom,2011-03
13343,2011-06-15 12:24:00,2011-06-15 12:24:00,1,353.43,178,3,1,2,Developing,United Kingdom,2011-06
13344,2011-03-07 10:28:00,2011-10-03 09:45:00,3,2543.72,68,3,3,4,Loyal,United Kingdom,2011-03
13345,2011-02-25 09:01:00,2011-02-25 09:01:00,1,389.5,288,2,1,2,Hibernating,United Kingdom,2011-02
13346,2010-04-22 12:34:00,2010-09-03 11:41:00,6,299.4,463,1,4,2,At risk,United Kingdom,2010-04
13347,2011-09-30 13:28:00,2011-09-30 13:28:00,1,341.36,71,3,1,2,Developing,United Kingdom,2011-09
13348,2011-10-06 17:28:00,2011-10-06 17:28:00,1,233.76,65,3,1,1,Developing,United Kingdom,2011-10
13349,2011-11-29 08:07:00,2011-11-29 08:07:00,1,247.32,11,5,1,1,Recent light buyers,United Kingdom,2011-11
13350,2011-09-21 13:33:00,2011-11-23 16:33:00,2,979.12,17,5,2,3,Recent light buyers,United Kingdom,2011-09
13351,2011-10-04 12:55:00,2011-10-04 12:55:00,1,373.94,67,3,1,2,Developing,United Kingdom,2011-10
13352,2011-10-10 13:55:00,2011-10-10 13:55:00,1,397.97999999999996,61,3,1,2,Developing,United Kingdom,2011-10
13354,2011-09-29 13:17:00,2011-09-29 13:17:00,1,743.53,72,3,1,3,Developing,United Kingdom,2011-09
13355,2011-08-09 14:48:00,2011-08-09 14:48:00,1,674.7,123,3,1,3,Developing,United Kingdom,2011-08
13356,2011-09-20 14:33:00,2011-09-20 14:33:00,1,768.24,81,3,1,3,Developing,United Kingdom,2011-09
13357,2010-03-22 14:30:00,2011-03-27 13:56:00,5,3838.36,258,2,4,5,At risk,United Kingdom,2010-03
13358,2011-03-16 11:52:00,2011-03-16 11:52:00,1,439.03,269,2,1,2,Hibernating,United Kingdom,2011-03
13359,2010-11-01 15:05:00,2011-10-07 09:30:00,2,1043.31,64,3,2,3,Developing,United Kingdom,2010-11
13360,2010-01-08 11:16:00,2010-10-04 12:37:00,4,1553.65,432,1,3,4,At risk,United Kingdom,2010-01
13361,2010-04-01 07:49:00,2010-08-24 14:56:00,2,1450.5,473,1,2,4,Hibernating,United Kingdom,2010-04
13362,2010-10-10 15:27:00,2011-11-30 14:41:00,7,5394.07,10,5,4,5,Champions,United Kingdom,2010-10
13363,2010-10-26 11:07:00,2011-11-22 12:40:00,3,1723.86,18,5,3,4,Loyal,United Kingdom,2010-10
13364,2011-09-29 18:13:00,2011-09-29 18:13:00,1,134.95999999999998,72,3,1,1,Developing,United Kingdom,2011-09
13365,2011-05-06 12:00:00,2011-11-06 12:36:00,2,2225.37,34,4,2,4,Recent light buyers,United Kingdom,2011-05
13366,2011-10-20 13:37:00,2011-10-20 13:37:00,1,56.160000000000004,51,4,1,1,Recent light buyers,United Kingdom,2011-10
13367,2010-10-04 10:00:00,2010-10-04 10:00:00,1,510.20000000000005,432,1,1,2,Hibernating,United Kingdom,2010-10
13368,2010-10-12 10:43:00,2011-03-28 09:59:00,4,1121.5,257,2,3,3,At risk,United Kingdom,2010-10
13369,2010-12-09 11:30:00,2010-12-09 11:30:00,1,308.28000000000003,366,2,1,2,Hibernating,United Kingdom,2010-12
13370,2010-12-03 10:26:00,2010-12-03 10:26:00,1,754.87,372,2,1,3,Hibernating,United Kingdom,2010-12
13371,2010-03-17 15:29:00,2010-07-22 17:33:00,2,2297.66,506,1,2,4,Hibernating,United Kingdom,2010-03
13372,2011-09-11 12:46:00,2011-09-11 12:46:00,1,378.64,90,3,1,2,Developing,United Kingdom,2011-09
13373,2009-12-06 12:34:00,2011-10-10 10:51:00,6,7587.1900000000005,61,3,4,5,Loyal,United Kingdom,2009-12
13374,2010-09-16 10:29:00,2010-10-21 10:04:00,2,422.8,415,1,2,2,Hibernating,United Kingdom,2010-09
13375,2010-09-21 08:12:00,2011-09-12 10:19:00,2,1792.23,89,3,2,4,Developing,United Kingdom,2010-09
13376,2011-04-19 13:03:00,2011-09-01 16:16:00,3,1019.76,100,3,3,3,Loyal,United Kingdom,2011-04
13377,2010-03-04 10:06:00,2010-11-08 12:20:00,2,1552.88,397,2,2,4,Hibernating,United Kingdom,2010-03
13379,2011-07-26 12:26:00,2011-11-13 13:45:00,3,572.56,27,4,3,2,Loyal,United Kingdom,2011-07
13380,2010-10-03 10:18:00,2010-10-03 10:18:00,1,62.4,433,1,1,1,Hibernating,United Kingdom,2010-10
13381,2009-12-01 15:19:00,2011-11-08 11:58:00,12,8224.37,32,4,5,5,Champions,United Kingdom,2009-12
13382,2009-12-08 09:56:00,2011-03-04 10:03:00,5,1387.58,281,2,4,4,At risk,United Kingdom,2009-12
13383,2010-06-14 11:45:00,2010-06-14 11:45:00,1,305.28000000000003,544,1,1,2,Hibernating,United Kingdom,2010-06
13384,2010-07-27 12:22:00,2011-11-09 11:04:00,11,6680.83,31,4,5,5,Champions,United Kingdom,2010-07
13385,2011-01-14 09:52:00,2011-01-14 09:52:00,1,534.57,330,2,1,2,Hibernating,United Kingdom,2011-01
13386,2010-09-28 13:09:00,2010-10-21 12:52:00,2,835.46,415,1,2,3,Hibernating,United Kingdom,2010-09
13387,2010-10-18 14:07:00,2010-10-18 14:07:00,1,189.44,418,1,1,1,Hibernating,United Kingdom,2010-10
13388,2010-04-15 10:18:00,2011-07-31 12:52:00,3,1185.65,132,3,3,3,Loyal,United Kingdom,2010-04
13389,2011-04-21 12:12:00,2011-11-28 14:01:00,3,797.96,12,5,3,3,Loyal,United Kingdom,2011-04
13390,2011-09-26 08:38:00,2011-09-26 08:38:00,1,544.08,75,3,1,2,Developing,United Kingdom,2011-09
13391,2011-05-20 10:50:00,2011-05-20 10:50:00,1,59.8,204,2,1,1,Hibernating,United Kingdom,2011-05
13392,2010-01-31 13:34:00,2010-01-31 13:34:00,1,91.14,678,1,1,1,Hibernating,United Kingdom,2010-01
13393,2009-12-07 18:12:00,2010-05-05 09:34:00,4,1131.45,584,1,3,3,At risk,United Kingdom,2009-12
13394,2009-12-01 11:58:00,2011-12-08 11:36:00,19,6621.7,2,5,5,5,Champions,United Kingdom,2009-12
13395,2010-10-14 13:00:00,2011-06-07 15:04:00,3,1180.23,186,3,3,3,Loyal,United Kingdom,2010-10
13396,2011-01-24 13:37:00,2011-11-10 16:59:00,2,1360.99,30,4,2,4,Recent light buyers,United Kingdom,2011-01
13397,2010-01-20 09:50:00,2011-09-28 10:56:00,10,3191.87,73,3,5,5,Loyal,United Kingdom,2010-01
13398,2010-09-17 09:34:00,2011-05-31 13:17:00,2,670.34,193,2,2,3,Hibernating,United Kingdom,2010-09
13399,2010-07-08 17:47:00,2010-09-01 13:59:00,3,275.4,465,1,3,1,At risk,United Kingdom,2010-07
13400,2010-05-06 09:00:00,2010-05-06 09:00:00,1,310.83,583,1,1,2,Hibernating,United Kingdom,2010-05
13402,2010-05-24 10:56:00,2011-08-04 15:51:00,4,1226.8500000000001,128,3,3,3,Loyal,United Kingdom,2010-05
13403,2009-12-16 13:23:00,2011-11-22 08:28:00,3,229.5,18,5,3,1,Loyal,United Kingdom,2009-12
13404,2011-05-11 11:57:00,2011-12-08 15:37:00,2,252.49,2,5,2,1,Recent light buyers,United Kingdom,2011-05
13405,2009-12-15 14:13:00,2011-09-26 17:01:00,6,1213.811,75,3,4,3,Loyal,United Kingdom,2009-12
13406,2010-03-18 07:29:00,2010-10-08 14:44:00,2,568.92,428,1,2,2,Hibernating,United Kingdom,2010-03
13407,2010-02-16 11:13:00,2010-05-10 12:41:00,3,2244.7,579,1,3,4,At risk,United Kingdom,2010-02
13408,2009-12-04 09:31:00,2011-12-08 09:05:00,106,50174.782,2,5,5,5,Champions,United Kingdom,2009-12
13410,2009-12-08 13:43:00,2011-11-15 15:33:00,9,2201.96,25,4,5,4,Champions,United Kingdom,2009-12
13411,2011-08-24 13:57:00,2011-08-24 13:57:00,1,213.55,108,3,1,1,Developing,United Kingdom,2011-08
13412,2010-03-29 16:28:00,2010-03-29 16:28:00,1,487.34999999999997,621,1,1,2,Hibernating,United Kingdom,2010-03
13413,2010-01-21 17:43:00,2010-03-10 12:17:00,6,429.44,640,1,4,2,At risk,United Kingdom,2010-01
13414,2010-04-15 17:00:00,2011-07-29 11:45:00,6,2494.14,134,3,4,4,Loyal,United Kingdom,2010-04
13415,2009-12-11 14:20:00,2010-08-24 11:38:00,4,800.67,473,1,3,3,At risk,United Kingdom,2009-12
13416,2009-12-03 13:02:00,2011-10-27 08:56:00,3,940.8000000000001,44,4,3,3,Loyal,United Kingdom,2009-12
13417,2010-02-08 12:39:00,2011-12-05 08:49:00,6,1669.49,5,5,4,4,Champions,United Kingdom,2010-02
13418,2009-12-11 12:51:00,2011-11-28 10:23:00,31,11610.36,12,5,5,5,Champions,United Kingdom,2009-12
13419,2011-10-07 12:49:00,2011-10-07 12:49:00,1,221.06,64,3,1,1,Developing,United Kingdom,2011-10
13420,2011-06-22 11:35:00,2011-07-13 08:48:00,2,159.85,150,3,2,1,Developing,United Kingdom,2011-06
13421,2010-02-14 14:45:00,2011-10-30 14:21:00,8,4103.12,41,4,4,5,Champions,United Kingdom,2010-02
13422,2011-10-06 13:42:00,2011-10-06 13:42:00,1,2626.3,65,3,1,4,Developing,United Kingdom,2011-10
13423,2010-10-07 09:02:00,2010-10-07 09:02:00,1,217.03,429,1,1,1,Hibernating,United Kingdom,2010-10
13424,2010-09-16 10:49:00,2010-09-16 10:49:00,1,572.77,450,1,1,2,Hibernating,United Kingdom,2010-09
13425,2010-05-09 14:35:00,2011-08-23 17:13:00,5,3403.63,109,3,4,5,Loyal,United Kingdom,2010-05
13426,2009-12-09 15:16:00,2011-12-09 08:59:00,22,8167.38,1,5,5,5,Champions,United Kingdom,2009-12
13427,2009-12-17 13:44:00,2011-11-20 13:02:00,6,1006.53,20,5,4,3,Loyal,United Kingdom,2009-12
13428,2010-07-13 13:20:00,2011-11-29 14:20:00,3,499.98,11,5,3,2,Loyal,United Kingdom,2010-07
13429,2011-09-25 15:59:00,2011-11-29 09:10:00,4,1006.8,11,5,3,3,Loyal,United Kingdom,2011-09
13430,2011-09-14 14:26:00,2011-11-21 08:19:00,2,679.45,19,5,2,3,Recent light buyers,United Kingdom,2011-09
13431,2010-02-18 11:53:00,2011-10-03 13:49:00,8,3316.24,68,3,4,5,Loyal,United Kingdom,2010-02
13432,2010-04-06 14:42:00,2010-05-17 13:18:00,2,439.1,572,1,2,2,Hibernating,United Kingdom,2010-04
13433,2010-01-12 08:59:00,2010-07-26 16:55:00,4,658.3199999999999,502,1,3,3,At risk,United Kingdom,2010-01
13434,2010-02-22 09:54:00,2011-09-26 14:30:00,5,1666.8600000000001,75,3,4,4,Loyal,United Kingdom,2010-02
13435,2010-07-27 16:56:00,2011-12-04 14:45:00,9,4475.2300000000005,6,5,5,5,Champions,United Kingdom,2010-07
13436,2011-12-08 10:33:00,2011-12-08 10:33:00,1,196.89,2,5,1,1,Recent light buyers,United Kingdom,2011-12
13437,2011-06-02 14:30:00,2011-11-25 14:00:00,7,3408.06,15,5,4,5,Champions,United Kingdom,2011-06
13438,2010-06-10 18:46:00,2010-06-10 18:46:00,1,46.5,548,1,1,1,Hibernating,United Kingdom,2010-06
13439,2010-07-01 14:36:00,2011-03-29 14:20:00,3,986.61,256,2,3,3,At risk,United Kingdom,2010-07
13440,2010-09-14 10:34:00,2010-10-12 13:11:00,7,1295.25,424,1,4,4,At risk,United Kingdom,2010-09
13441,2010-10-04 10:38:00,2011-09-09 09:38:00,2,720.9,92,3,2,3,Developing,United Kingdom,2010-10
13442,2009-12-01 14:59:00,2010-02-10 14:03:00,3,419.87,668,1,3,2,At risk,United Kingdom,2009-12
13443,2010-01-31 13:30:00,2010-09-17 12:31:00,6,1280.16,449,1,4,4,At risk,United Kingdom,2010-01
13444,2010-07-21 14:34:00,2010-11-30 13:02:00,2,631.6800000000001,375,2,2,3,Hibernating,United Kingdom,2010-07
13445,2010-03-23 15:34:00,2010-03-23 15:34:00,1,241.89999999999998,627,1,1,1,Hibernating,United Kingdom,2010-03
13446,2010-02-14 11:52:00,2010-10-05 18:51:00,11,3881.89,431,1,5,5,At risk,United Kingdom,2010-02
13447,2011-11-04 10:10:00,2011-11-16 13:38:00,3,1129.14,24,4,3,3,Loyal,United Kingdom,2011-11
13448,2009-12-06 12:14:00,2011-11-23 12:33:00,13,8796.91,17,5,5,5,Champions,United Kingdom,2009-12
13449,2011-11-16 08:28:00,2011-11-16 08:28:00,1,291.88,24,4,1,2,Recent light buyers,United Kingdom,2011-11
13450,2010-04-15 19:15:00,2011-11-13 11:54:00,13,4120.04,27,4,5,5,Champions,United Kingdom,2010-04
13451,2010-03-21 16:13:00,2011-11-13 15:58:00,11,7190.92,27,4,5,5,Champions,United Kingdom,2010-03
13452,2010-08-24 09:53:00,2011-03-25 14:19:00,3,729.8,260,2,3,3,At risk,United Kingdom,2010-08
13453,2010-11-02 13:23:00,2011-06-27 09:34:00,3,781.6899999999999,166,3,3,3,Loyal,United Kingdom,2010-11
13454,2010-03-08 14:40:00,2010-03-08 14:40:00,1,219.87,642,1,1,1,Hibernating,United Kingdom,2010-03
13455,2009-12-09 08:58:00,2011-11-15 11:21:00,6,2212.9900000000002,25,4,4,4,Champions,United Kingdom,2009-12
13456,2011-05-16 15:34:00,2011-11-22 09:18:00,6,1766.72,18,5,4,4,Champions,United Kingdom,2011-05
13457,2009-12-02 12:46:00,2010-01-20 08:48:00,2,148.22,689,1,2,1,Hibernating,United Kingdom,2009-12
13458,2010-11-16 14:01:00,2011-12-02 15:29:00,16,11959.27,8,5,5,5,Champions,United Kingdom,2010-11
13459,2010-01-26 13:35:00,2010-03-25 10:24:00,2,1160.4099999999999,625,1,2,3,Hibernating,United Kingdom,2010-01
13460,2011-10-21 09:50:00,2011-11-10 17:17:00,2,183.44,30,4,2,1,Recent light buyers,United Kingdom,2011-10
13461,2010-04-21 16:01:00,2011-11-01 09:01:00,6,4160.0,39,4,4,5,Champions,United Kingdom,2010-04
13462,2009-12-14 09:48:00,2011-04-01 11:20:00,5,1153.85,253,2,4,3,At risk,United Kingdom,2009-12
13464,2010-03-31 15:22:00,2011-10-12 15:01:00,6,3097.64,59,4,4,5,Champions,United Kingdom,2010-03
13465,2010-05-02 15:30:00,2010-09-19 15:13:00,2,931.12,447,1,2,3,Hibernating,United Kingdom,2010-05
13466,2010-03-21 13:50:00,2011-06-08 16:39:00,5,1013.35,185,3,4,3,Loyal,United Kingdom,2010-03
13467,2011-11-03 16:56:00,2011-11-29 10:01:00,2,1083.71,11,5,2,3,Recent light buyers,United Kingdom,2011-11
13468,2009-12-03 13:32:00,2011-12-08 10:39:00,72,12808.28,2,5,5,5,Champions,United Kingdom,2009-12
13469,2010-02-24 15:03:00,2010-02-24 15:03:00,1,82.4,654,1,1,1,Hibernating,United Kingdom,2010-02
13470,2011-08-16 17:06:00,2011-09-01 14:57:00,2,165.0,100,3,2,1,Developing,United Kingdom,2011-08
13471,2011-10-23 13:10:00,2011-12-08 15:44:00,4,2531.58,2,5,3,4,Loyal,United Kingdom,2011-10
13472,2010-06-02 09:48:00,2010-09-02 09:41:00,2,592.24,464,1,2,2,Hibernating,United Kingdom,2010-06
13473,2009-12-15 19:02:00,2011-10-10 11:20:00,8,2657.7599999999998,61,3,4,4,Loyal,United Kingdom,2009-12
13474,2010-08-01 14:40:00,2011-04-17 13:53:00,3,663.79,237,2,3,3,At risk,United Kingdom,2010-08
13475,2011-02-14 12:36:00,2011-06-01 13:52:00,4,1431.78,192,2,3,4,At risk,United Kingdom,2011-02
13476,2010-03-05 09:39:00,2011-06-14 12:00:00,5,2061.4700000000003,179,3,4,4,Loyal,United Kingdom,2010-03
13477,2010-01-25 11:52:00,2011-11-02 12:04:00,11,2834.17,38,4,5,4,Champions,United Kingdom,2010-01
13478,2010-01-31 15:51:00,2010-08-27 13:23:00,5,2215.78,470,1,4,4,At risk,United Kingdom,2010-01
13479,2010-08-19 16:18:00,2011-05-23 10:45:00,4,851.37,201,2,3,3,At risk,United Kingdom,2010-08
13480,2010-01-29 12:35:00,2010-10-19 11:53:00,2,627.82,417,1,2,3,Hibernating,United Kingdom,2010-01
13481,2009-12-04 12:37:00,2011-10-25 09:07:00,11,3830.84,46,4,5,5,Champions,United Kingdom,2009-12
13482,2010-03-22 10:31:00,2011-04-21 17:03:00,2,336.09,233,2,2,2,Hibernating,United Kingdom,2010-03
13483,2011-10-05 11:53:00,2011-10-05 11:53:00,1,140.34,66,3,1,1,Developing,United Kingdom,2011-10
13484,2010-03-10 11:46:00,2011-04-12 16:30:00,3,790.72,242,2,3,3,At risk,United Kingdom,2010-03
13485,2009-12-03 13:46:00,2011-04-20 13:58:00,11,3019.2200000000003,234,2,5,5,At risk,United Kingdom,2009-12
13486,2011-07-07 17:19:00,2011-09-22 13:13:00,3,1122.41,79,3,3,3,Loyal,United Kingdom,2011-07
13487,2009-12-05 10:25:00,2011-10-13 12:07:00,5,846.87,58,4,4,3,Loyal,United Kingdom,2009-12
13488,2010-01-25 10:13:00,2011-11-22 14:41:00,23,14205.96,18,5,5,5,Champions,United Kingdom,2010-01
13489,2011-02-18 10:42:00,2011-08-26 13:16:00,4,449.52,106,3,3,2,Loyal,United Kingdom,2011-02
13490,2010-02-23 14:48:00,2010-02-23 14:48:00,1,154.25,655,1,1,1,Hibernating,United Kingdom,2010-02
13491,2009-12-07 08:24:00,2011-10-19 08:32:00,27,4467.66,52,4,5,5,Champions,United Kingdom,2009-12
13492,2011-05-09 10:06:00,2011-07-26 14:25:00,3,1269.84,137,3,3,4,Loyal,Switzerland,2011-05
13493,2011-02-25 16:42:00,2011-03-09 15:35:00,2,618.63,276,2,2,3,Hibernating,Switzerland,2011-02
13494,2011-02-01 11:58:00,2011-02-01 11:58:00,1,316.26000000000005,312,2,1,2,Hibernating,United Kingdom,2011-02
13495,2009-12-07 12:12:00,2011-12-02 11:21:00,10,4863.31,8,5,5,5,Champions,United Kingdom,2009-12
13496,2010-12-15 10:17:00,2011-11-29 10:58:00,2,653.33,11,5,2,3,Recent light buyers,United Kingdom,2010-12
13497,2010-02-08 10:27:00,2011-03-02 09:04:00,6,1166.83,283,2,4,3,At risk,United Kingdom,2010-02
13498,2009-12-09 15:26:00,2009-12-09 15:26:00,1,327.38,731,1,1,2,Hibernating,United Kingdom,2009-12
13499,2011-03-15 08:52:00,2011-11-22 11:21:00,5,1159.11,18,5,4,3,Loyal,United Kingdom,2011-03
13500,2010-11-03 13:16:00,2011-11-16 15:35:00,4,1466.3,24,4,3,4,Loyal,United Kingdom,2010-11
13501,2010-05-18 13:24:00,2011-02-24 18:59:00,3,2885.11,289,2,3,4,At risk,Switzerland,2010-05
13502,2010-06-09 10:52:00,2011-11-23 10:39:00,5,780.5,17,5,4,3,Loyal,United Kingdom,2010-06
13503,2010-02-16 13:49:00,2011-09-29 13:23:00,6,1905.39,72,3,4,4,Loyal,United Kingdom,2010-02
13504,2011-10-06 13:20:00,2011-10-06 13:20:00,1,295.93,65,3,1,2,Developing,United Kingdom,2011-10
13505,2011-04-21 12:07:00,2011-09-28 11:56:00,4,4393.63,73,3,3,5,Loyal,Switzerland,2011-04
13506,2010-09-05 12:33:00,2011-01-27 13:53:00,5,1338.08,317,2,4,4,At risk,United Kingdom,2010-09
13507,2011-07-17 11:50:00,2011-12-06 13:13:00,4,2479.16,4,5,3,4,Loyal,United Kingdom,2011-07
13508,2010-03-07 11:58:00,2011-04-10 11:58:00,2,287.05,244,2,2,1,Hibernating,United Kingdom,2010-03
13509,2010-07-20 12:10:00,2011-12-01 10:10:00,8,1114.72,9,5,4,3,Loyal,United Kingdom,2010-07
13510,2009-12-21 11:53:00,2011-12-08 13:46:00,11,4558.29,2,5,5,5,Champions,United Kingdom,2009-12
13511,2010-02-01 12:10:00,2010-02-01 12:10:00,1,282.76,677,1,1,1,Hibernating,United Kingdom,2010-02
13512,2010-05-05 13:22:00,2011-03-24 10:03:00,4,713.39,261,2,3,3,At risk,United Kingdom,2010-05
13513,2010-02-22 16:36:00,2011-08-05 11:50:00,3,824.59,127,3,3,3,Loyal,United Kingdom,2010-02
13514,2010-01-26 15:11:00,2011-09-27 09:39:00,4,815.9000000000001,74,3,3,3,Loyal,United Kingdom,2010-01
13515,2010-03-05 11:58:00,2011-09-28 11:26:00,6,1265.82,73,3,4,4,Loyal,United Kingdom,2010-03
13516,2010-10-18 08:52:00,2011-11-18 13:15:00,4,1685.26,22,4,3,4,Loyal,United Kingdom,2010-10
13517,2011-06-13 08:44:00,2011-10-11 11:43:00,3,2128.42,60,3,3,4,Loyal,United Kingdom,2011-06
13518,2011-09-15 10:29:00,2011-09-15 10:29:00,1,659.4399999999999,86,3,1,3,Developing,United Kingdom,2011-09
13519,2010-09-23 11:45:00,2011-09-22 18:24:00,2,343.21,79,3,2,2,Developing,United Kingdom,2010-09
13520,2009-12-17 11:11:00,2011-10-12 10:20:00,11,6606.0,59,4,5,5,Champions,Switzerland,2009-12
13521,2011-11-29 15:09:00,2011-12-08 13:50:00,3,1093.65,2,5,3,3,Loyal,United Kingdom,2011-11
13522,2011-11-09 15:11:00,2011-11-09 15:11:00,1,125.80000000000001,31,4,1,1,Recent light buyers,United Kingdom,2011-11
13523,2010-11-02 14:55:00,2011-11-06 15:11:00,6,4534.57,34,4,4,5,Champions,United Kingdom,2010-11
13524,2011-05-04 12:26:00,2011-10-30 12:34:00,5,680.1800000000001,41,4,4,3,Loyal,United Kingdom,2011-05
13525,2011-04-05 15:36:00,2011-11-25 12:01:00,2,628.78,15,5,2,3,Recent light buyers,United Kingdom,2011-04
13526,2009-12-01 12:56:00,2009-12-01 13:13:00,2,1182.0,739,1,2,3,Hibernating,United Kingdom,2009-12
13527,2010-01-21 12:37:00,2011-11-06 12:04:00,12,4683.74,34,4,5,5,Champions,United Kingdom,2010-01
13529,2011-05-19 11:50:00,2011-09-22 09:15:00,2,307.76,79,3,2,2,Developing,United Kingdom,2011-05
13530,2010-03-15 14:10:00,2010-03-15 14:10:00,1,402.97999999999996,635,1,1,2,Hibernating,United Kingdom,2010-03
13531,2009-12-03 15:20:00,2011-05-18 16:56:00,6,1433.07,206,2,4,4,At risk,United Kingdom,2009-12
13532,2011-11-06 12:25:00,2011-11-06 12:25:00,1,210.31,34,4,1,1,Recent light buyers,United Kingdom,2011-11
13533,2011-03-17 12:47:00,2011-06-10 11:54:00,3,270.79,183,3,3,1,Loyal,United Kingdom,2011-03
13534,2010-07-07 15:00:00,2011-12-07 14:52:00,35,7720.9,3,5,5,5,Champions,United Kingdom,2010-07
13535,2010-11-02 11:49:00,2010-11-02 11:49:00,1,89.5,403,2,1,1,Hibernating,United Kingdom,2010-11
13536,2011-09-25 13:30:00,2011-12-08 16:38:00,7,3448.29,2,5,4,5,Champions,United Kingdom,2011-09
13537,2010-09-14 10:41:00,2010-10-10 12:45:00,2,717.85,426,1,2,3,Hibernating,United Kingdom,2010-09
13538,2010-02-02 12:47:00,2011-10-27 16:34:00,12,3112.73,44,4,5,5,Champions,United Kingdom,2010-02
13539,2010-04-28 12:04:00,2011-09-15 10:18:00,7,1569.3600000000001,86,3,4,4,Loyal,United Kingdom,2010-04
13540,2010-02-22 09:22:00,2010-08-29 14:20:00,3,632.39,468,1,3,3,At risk,United Kingdom,2010-02
13541,2010-05-18 16:15:00,2010-10-08 16:37:00,2,785.25,428,1,2,3,Hibernating,United Kingdom,2010-05
13542,2009-12-10 19:53:00,2010-11-28 11:24:00,17,4006.17,377,2,5,5,At risk,United Kingdom,2009-12
13543,2010-01-21 14:30:00,2010-03-15 13:34:00,2,1439.6100000000001,635,1,2,4,Hibernating,United Kingdom,2010-01
13544,2010-03-05 11:31:00,2011-10-31 11:57:00,6,829.0,40,4,4,3,Loyal,United Kingdom,2010-03
13545,2010-06-13 11:49:00,2010-11-14 11:27:00,2,374.64,391,2,2,2,Hibernating,United Kingdom,2010-06
13546,2010-10-11 17:23:00,2011-11-27 14:50:00,5,1092.14,13,5,4,3,Loyal,United Kingdom,2010-10
13547,2010-10-27 14:14:00,2010-10-27 14:14:00,1,175.53,409,2,1,1,Hibernating,United Kingdom,2010-10
13548,2010-08-25 13:44:00,2011-09-04 14:50:00,3,908.99,97,3,3,3,Loyal,United Kingdom,2010-08
13549,2010-11-17 12:17:00,2011-11-14 09:20:00,8,1005.8,26,4,4,3,Loyal,United Kingdom,2010-11
13550,2010-11-21 15:24:00,2010-11-21 15:24:00,1,349.51,384,2,1,2,Hibernating,United Kingdom,2010-11
13551,2010-02-11 15:01:00,2011-01-24 14:46:00,2,244.2,320,2,2,1,Hibernating,United Kingdom,2010-02
13552,2010-02-19 13:28:00,2011-10-04 15:19:00,22,6978.92,67,3,5,5,Loyal,United Kingdom,2010-02
13553,2010-02-03 12:21:00,2010-02-03 12:21:00,1,517.8,675,1,1,2,Hibernating,United Kingdom,2010-02
13554,2010-09-19 12:39:00,2010-11-24 15:05:00,7,1638.28,381,2,4,4,At risk,United Kingdom,2010-09
13555,2010-01-19 13:20:00,2011-09-27 12:36:00,13,8999.19,74,3,5,5,Loyal,United Kingdom,2010-01
13556,2010-09-30 09:01:00,2010-10-06 16:44:00,2,200.82,430,1,2,1,Hibernating,United Kingdom,2010-09
13557,2009-12-08 17:41:00,2011-11-11 15:24:00,13,3032.26,29,4,5,5,Champions,United Kingdom,2009-12
13558,2011-10-02 13:01:00,2011-12-04 11:24:00,4,605.06,6,5,3,2,Loyal,United Kingdom,2011-10
13559,2010-06-14 11:52:00,2010-07-15 09:52:00,2,990.0,513,1,2,3,Hibernating,United Kingdom,2010-06
13560,2011-12-02 13:11:00,2011-12-02 13:11:00,1,174.37,8,5,1,1,Recent light buyers,United Kingdom,2011-12
13561,2010-02-28 13:42:00,2011-05-08 12:39:00,11,1820.72,216,2,5,4,At risk,United Kingdom,2010-02
13562,2010-01-14 16:33:00,2011-09-19 10:51:00,8,4838.18,82,3,4,5,Loyal,United Kingdom,2010-01
13563,2011-07-22 17:21:00,2011-09-16 14:45:00,2,777.53,85,3,2,3,Developing,United Kingdom,2011-07
13564,2009-12-02 11:55:00,2011-07-18 14:33:00,37,16709.55,145,3,5,5,Loyal,United Kingdom,2009-12
13565,2010-10-24 15:51:00,2011-11-20 14:33:00,3,414.8,20,5,3,2,Loyal,United Kingdom,2010-10
13566,2010-03-10 12:22:00,2011-10-30 11:59:00,5,1708.1200000000001,41,4,4,4,Champions,United Kingdom,2010-03
13567,2010-06-16 12:48:00,2010-10-07 12:51:00,4,1083.69,429,1,3,3,At risk,United Kingdom,2010-06
13568,2011-06-19 14:42:00,2011-06-19 14:42:00,1,192.85,174,3,1,1,Developing,United Kingdom,2011-06
13569,2010-10-07 13:05:00,2011-11-22 13:07:00,4,775.46,18,5,3,3,Loyal,United Kingdom,2010-10
13570,2011-04-10 13:36:00,2011-04-10 13:36:00,1,239.49,244,2,1,1,Hibernating,United Kingdom,2011-04
13571,2009-12-08 13:02:00,2011-11-27 10:47:00,26,4546.54,13,5,5,5,Champions,United Kingdom,2009-12
13572,2011-05-18 11:59:00,2011-05-18 11:59:00,1,1384.25,206,2,1,4,Hibernating,United Kingdom,2011-05
13573,2010-03-12 16:06:00,2011-10-20 14:33:00,6,916.47,51,4,4,3,Loyal,United Kingdom,2010-03
13574,2010-10-24 13:28:00,2010-10-24 13:28:00,1,421.25,412,1,1,2,Hibernating,United Kingdom,2010-10
13575,2011-06-16 14:24:00,2011-11-16 13:14:00,5,732.0699999999999,24,4,4,3,Loyal,United Kingdom,2011-06
13576,2009-12-08 15:12:00,2011-11-29 15:34:00,28,11202.59,11,5,5,5,Champions,United Kingdom,2009-12
13577,2009-12-14 16:10:00,2011-11-14 15:19:00,11,3489.28,26,4,5,5,Champions,United Kingdom,2009-12
13578,2010-10-26 13:44:00,2010-10-26 13:44:00,1,147.66,410,2,1,1,Hibernating,United Kingdom,2010-10
13579,2010-02-18 13:53:00,2011-11-25 08:41:00,5,1374.34,15,5,4,4,Champions,United Kingdom,2010-02
13580,2010-10-29 15:01:00,2010-10-29 15:01:00,1,107.75,407,2,1,1,Hibernating,United Kingdom,2010-10
13581,2010-10-21 16:30:00,2011-02-03 14:41:00,2,280.53000000000003,310,2,2,1,Hibernating,United Kingdom,2010-10
13582,2010-04-01 11:38:00,2010-11-15 11:34:00,2,241.68,390,2,2,1,Hibernating,United Kingdom,2010-04
13583,2010-01-29 13:53:00,2011-07-07 10:40:00,2,1445.031,156,3,2,4,Developing,United Kingdom,2010-01
13584,2010-02-02 08:40:00,2011-02-06 12:49:00,3,392.45,307,2,3,2,At risk,United Kingdom,2010-02
13585,2009-12-01 14:56:00,2010-06-27 12:33:00,3,684.54,531,1,3,3,At risk,United Kingdom,2009-12
13586,2010-06-16 13:47:00,2010-06-16 13:47:00,1,131.53,542,1,1,1,Hibernating,United Kingdom,2010-06
13587,2010-02-14 13:17:00,2011-10-07 12:31:00,4,1673.5,64,3,3,4,Loyal,United Kingdom,2010-02
13588,2011-03-29 15:53:00,2011-11-24 10:42:00,9,2478.95,16,5,5,4,Champions,United Kingdom,2011-03
13589,2009-12-06 10:26:00,2011-11-25 12:10:00,6,1120.74,15,5,4,3,Loyal,United Kingdom,2009-12
13590,2009-12-01 13:37:00,2011-11-28 12:54:00,18,6349.59,12,5,5,5,Champions,United Kingdom,2009-12
13591,2009-12-14 15:44:00,2011-10-06 12:26:00,7,2093.94,65,3,4,4,Loyal,United Kingdom,2009-12
13592,2011-03-20 14:01:00,2011-11-04 09:49:00,4,247.95999999999998,36,4,3,1,Loyal,United Kingdom,2011-03
13593,2010-03-02 16:36:00,2011-08-23 13:35:00,14,5523.6900000000005,109,3,5,5,Loyal,United Kingdom,2010-03
13594,2010-08-11 10:23:00,2011-10-18 10:19:00,2,533.32,53,4,2,2,Recent light buyers,United Kingdom,2010-08
13595,2010-03-03 14:42:00,2010-07-11 12:36:00,3,818.22,517,1,3,3,At risk,United Kingdom,2010-03
13596,2011-11-27 11:57:00,2011-12-04 12:01:00,2,697.04,6,5,2,3,Recent light buyers,United Kingdom,2011-11
13597,2010-11-02 09:30:00,2010-11-04 14:54:00,2,396.71,401,2,2,2,Hibernating,United Kingdom,2010-11
13598,2010-02-26 11:22:00,2011-10-23 14:28:00,5,789.59,48,4,4,3,Loyal,United Kingdom,2010-02
13599,2009-12-01 12:30:00,2011-12-08 16:10:00,33,9814.79,2,5,5,5,Champions,United Kingdom,2009-12
13600,2010-03-15 17:16:00,2011-01-31 15:27:00,2,518.42,313,2,2,2,Hibernating,United Kingdom,2010-03
13601,2010-06-11 15:03:00,2011-10-25 17:31:00,4,1185.14,46,4,3,3,Loyal,United Kingdom,2010-06
13602,2010-05-28 11:49:00,2011-10-06 11:47:00,4,1025.17,65,3,3,3,Loyal,United Kingdom,2010-05
13603,2011-11-13 15:57:00,2011-11-13 15:57:00,1,164.34,27,4,1,1,Recent light buyers,United Kingdom,2011-11
13604,2010-02-19 12:02:00,2010-02-19 12:02:00,1,717.62,659,1,1,3,Hibernating,United Kingdom,2010-02
13605,2010-05-17 15:46:00,2010-11-17 17:16:00,2,522.67,388,2,2,2,Hibernating,United Kingdom,2010-05
13606,2011-02-01 11:42:00,2011-11-10 17:46:00,3,280.53999999999996,30,4,3,1,Loyal,United Kingdom,2011-02
13607,2010-11-02 11:48:00,2011-10-30 16:17:00,2,1078.31,41,4,2,3,Recent light buyers,United Kingdom,2010-11
13608,2010-06-17 12:28:00,2010-06-17 12:28:00,1,236.2,541,1,1,1,Hibernating,United Kingdom,2010-06
13609,2010-04-25 13:26:00,2010-04-25 13:26:00,1,167.35,594,1,1,1,Hibernating,United Kingdom,2010-04
13610,2010-01-05 14:12:00,2011-11-27 15:38:00,14,2175.88,13,5,5,4,Champions,United Kingdom,2010-01
13611,2009-12-03 07:57:00,2011-09-11 14:51:00,10,3319.53,90,3,5,5,Loyal,United Kingdom,2009-12
13612,2010-03-17 12:14:00,2010-03-17 12:14:00,1,818.29,633,1,1,3,Hibernating,United Kingdom,2010-03
13613,2010-02-17 12:40:00,2010-09-13 12:01:00,5,1039.8500000000001,453,1,4,3,At risk,United Kingdom,2010-02
13614,2010-06-06 13:42:00,2011-11-15 14:47:00,6,2359.19,25,4,4,4,Champions,United Kingdom,2010-06
13615,2010-01-28 15:43:00,2011-01-25 08:21:00,8,6272.53,319,2,4,5,At risk,United Kingdom,2010-01
13616,2010-01-17 14:56:00,2010-05-20 12:59:00,2,288.1,569,1,2,2,Hibernating,United Kingdom,2010-01
13617,2010-08-01 15:23:00,2011-10-30 13:50:00,8,1278.75,41,4,4,4,Champions,United Kingdom,2010-08
13618,2011-06-19 11:09:00,2011-06-19 11:09:00,1,177.34,174,3,1,1,Developing,United Kingdom,2011-06
13619,2010-02-03 14:16:00,2010-06-13 11:39:00,2,231.69,545,1,2,1,Hibernating,United Kingdom,2010-02
13620,2010-06-29 15:02:00,2010-06-29 15:02:00,1,112.34,529,1,1,1,Hibernating,United Kingdom,2010-06
13621,2011-08-15 08:26:00,2011-08-15 08:26:00,1,213.85,117,3,1,1,Developing,United Kingdom,2011-08
13622,2010-01-12 13:22:00,2010-01-12 13:22:00,1,658.95,697,1,1,3,Hibernating,United Kingdom,2010-01
13623,2009-12-02 13:57:00,2011-11-09 12:00:00,10,2566.49,31,4,5,4,Champions,United Kingdom,2009-12
13624,2010-11-16 13:43:00,2010-11-16 13:43:00,1,462.08,389,2,1,2,Hibernating,United Kingdom,2010-11
13625,2010-04-22 10:50:00,2010-04-22 10:50:00,1,301.26,597,1,1,2,Hibernating,United Kingdom,2010-04
13626,2010-11-25 16:12:00,2011-04-01 10:05:00,2,707.04,253,2,2,3,Hibernating,United Kingdom,2010-11
13627,2010-03-09 14:03:00,2011-10-11 14:20:00,7,2245.9,60,3,4,4,Loyal,United Kingdom,2010-03
13628,2010-02-01 14:44:00,2010-02-01 14:44:00,1,310.14,677,1,1,2,Hibernating,United Kingdom,2010-02
13629,2010-02-11 17:34:00,2011-11-16 13:21:00,19,13370.86,24,4,5,5,Champions,United Kingdom,2010-02
13630,2011-02-27 12:49:00,2011-12-04 15:16:00,7,2031.78,6,5,4,4,Champions,United Kingdom,2011-02
13631,2011-03-17 17:13:00,2011-09-01 09:57:00,11,3070.42,100,3,5,5,Loyal,United Kingdom,2011-03
13632,2010-04-07 10:59:00,2011-11-15 10:51:00,8,3648.15,25,4,4,5,Champions,United Kingdom,2010-04
13634,2010-01-10 14:26:00,2011-11-06 13:40:00,16,5073.47,34,4,5,5,Champions,United Kingdom,2010-01
13635,2009-12-01 09:46:00,2011-10-03 10:55:00,4,2999.16,68,3,3,5,Loyal,United Kingdom,2009-12
13636,2011-02-27 14:29:00,2011-11-03 10:30:00,5,949.12,37,4,4,3,Loyal,United Kingdom,2011-02
13637,2011-04-27 13:06:00,2011-10-18 13:32:00,3,810.5,53,4,3,3,Loyal,United Kingdom,2011-04
13638,2011-11-24 10:38:00,2011-11-24 10:38:00,1,122.64,16,5,1,1,Recent light buyers,United Kingdom,2011-11
13639,2010-09-29 10:05:00,2011-09-26 13:36:00,2,1346.27,75,3,2,4,Developing,United Kingdom,2010-09
13640,2010-04-07 15:33:00,2010-04-07 15:33:00,1,405.0,612,1,1,2,Hibernating,United Kingdom,2010-04
13641,2009-12-05 13:17:00,2010-03-09 07:37:00,5,1016.47,641,1,4,3,At risk,United Kingdom,2009-12
13642,2010-10-03 12:23:00,2011-05-08 12:34:00,4,514.72,216,2,3,2,At risk,United Kingdom,2010-10
13643,2009-12-08 12:48:00,2011-11-08 15:37:00,10,2156.77,32,4,5,4,Champions,United Kingdom,2009-12
13644,2011-08-26 11:53:00,2011-11-23 14:07:00,4,2624.26,17,5,3,4,Loyal,United Kingdom,2011-08
13645,2011-08-11 16:11:00,2011-08-11 16:11:00,1,252.1,121,3,1,1,Developing,United Kingdom,2011-08
13646,2010-11-05 12:00:00,2010-11-05 12:13:00,2,326.25,400,2,2,2,Hibernating,United Kingdom,2010-11
13647,2010-04-15 12:55:00,2011-11-30 12:00:00,8,3071.68,10,5,4,5,Champions,United Kingdom,2010-04
13648,2009-12-01 18:13:00,2010-11-04 14:46:00,8,1764.02,401,2,4,4,At risk,United Kingdom,2009-12
13649,2010-06-30 16:35:00,2011-03-28 11:51:00,6,1481.08,257,2,4,4,At risk,United Kingdom,2010-06
13650,2010-01-26 08:44:00,2011-11-23 12:22:00,10,3288.0,17,5,5,5,Champions,United Kingdom,2010-01
13651,2010-11-23 09:44:00,2011-11-04 14:59:00,3,226.85,36,4,3,1,Loyal,United Kingdom,2010-11
13652,2010-02-25 17:37:00,2011-10-25 08:51:00,5,2262.05,46,4,4,4,Champions,United Kingdom,2010-02
13653,2010-08-09 08:19:00,2010-08-09 08:19:00,1,152.2,488,1,1,1,Hibernating,United Kingdom,2010-08
13654,2009-12-02 11:43:00,2011-10-27 16:24:00,11,6308.0,44,4,5,5,Champions,United Kingdom,2009-12
13655,2010-04-27 09:59:00,2011-08-17 14:25:00,6,2280.51,115,3,4,4,Loyal,United Kingdom,2010-04
13656,2010-04-23 12:50:00,2011-06-28 10:31:00,4,1078.85,165,3,3,3,Loyal,United Kingdom,2010-04
13657,2011-05-22 12:35:00,2011-11-29 12:32:00,2,382.14,11,5,2,2,Recent light buyers,United Kingdom,2011-05
13658,2010-02-05 13:17:00,2011-11-30 10:13:00,9,6025.5,10,5,5,5,Champions,United Kingdom,2010-02
13659,2010-02-17 09:05:00,2011-05-18 12:37:00,12,4894.88,206,2,5,5,At risk,United Kingdom,2010-02
13660,2010-11-04 16:10:00,2010-11-04 16:10:00,1,314.59,401,2,1,2,Hibernating,United Kingdom,2010-11
13661,2010-04-15 14:58:00,2010-04-15 14:58:00,1,325.24,604,1,1,2,Hibernating,United Kingdom,2010-04
13662,2010-02-19 13:21:00,2011-09-15 12:04:00,11,2250.11,86,3,5,4,Loyal,United Kingdom,2010-02
13663,2010-03-03 10:11:00,2011-06-13 15:44:00,5,2047.51,180,3,4,4,Loyal,United Kingdom,2010-03
13665,2010-07-23 13:29:00,2010-11-18 13:06:00,3,1711.6599999999999,387,2,3,4,At risk,United Kingdom,2010-07
13666,2009-12-04 10:48:00,2011-10-10 15:39:00,5,127.89999999999999,61,3,4,1,Loyal,United Kingdom,2009-12
13667,2011-07-13 15:42:00,2011-07-13 15:42:00,1,305.02,150,3,1,2,Developing,United Kingdom,2011-07
13668,2009-12-11 14:28:00,2011-12-07 12:11:00,35,13089.94,3,5,5,5,Champions,United Kingdom,2009-12
13669,2010-10-28 15:05:00,2011-10-20 09:32:00,3,413.55,51,4,3,2,Loyal,United Kingdom,2010-10
13670,2011-09-25 15:25:00,2011-09-25 15:25:00,1,349.7,76,3,1,2,Developing,United Kingdom,2011-09
13671,2010-11-10 10:50:00,2010-11-10 10:50:00,1,194.95,395,2,1,1,Hibernating,United Kingdom,2010-11
13672,2009-12-09 11:40:00,2011-02-11 13:53:00,3,419.92,302,2,3,2,At risk,United Kingdom,2009-12
13673,2011-11-07 15:40:00,2011-11-21 12:11:00,2,396.92,19,5,2,2,Recent light buyers,United Kingdom,2011-11
13674,2010-10-03 10:41:00,2010-10-03 10:41:00,1,240.68,433,1,1,1,Hibernating,United Kingdom,2010-10
13675,2011-02-28 12:14:00,2011-07-11 12:57:00,2,486.82000000000005,152,3,2,2,Developing,United Kingdom,2011-02
13676,2010-03-30 16:53:00,2010-06-18 17:30:00,2,243.9,540,1,2,1,Hibernating,United Kingdom,2010-03
13677,2010-07-07 17:25:00,2010-10-31 11:32:00,2,556.1899999999999,405,2,2,2,Hibernating,United Kingdom,2010-07
13678,2011-07-11 10:14:00,2011-07-11 10:14:00,1,232.6,152,3,1,1,Developing,United Kingdom,2011-07
13679,2009-12-04 16:52:00,2010-08-03 12:13:00,3,281.26,494,1,3,1,At risk,United Kingdom,2009-12
13680,2009-12-04 14:14:00,2011-12-08 13:47:00,12,11435.67,2,5,5,5,Champions,United Kingdom,2009-12
13681,2011-07-07 15:21:00,2011-11-22 11:13:00,4,827.83,18,5,3,3,Loyal,United Kingdom,2011-07
13682,2011-06-05 14:06:00,2011-06-05 14:06:00,1,59.5,188,3,1,1,Developing,United Kingdom,2011-06
13683,2010-09-08 10:00:00,2010-09-08 10:00:00,1,258.6,458,1,1,1,Hibernating,United Kingdom,2010-09
13684,2010-03-28 14:48:00,2011-02-27 10:13:00,4,596.98,286,2,3,2,At risk,United Kingdom,2010-03
13685,2011-10-10 12:59:00,2011-12-07 11:41:00,7,3119.44,3,5,4,5,Champions,United Kingdom,2011-10
13686,2010-11-03 13:44:00,2011-06-10 09:10:00,3,409.04,183,3,3,2,Loyal,United Kingdom,2010-11
13687,2010-09-27 16:30:00,2010-09-27 16:30:00,1,11880.84,439,1,1,5,Hibernating,United Kingdom,2010-09
13688,2010-03-14 14:11:00,2010-03-14 14:11:00,1,375.5,636,1,1,2,Hibernating,United Kingdom,2010-03
13689,2010-09-21 10:27:00,2011-10-07 13:21:00,2,1259.5,64,3,2,4,Developing,United Kingdom,2010-09
13690,2011-10-11 15:03:00,2011-10-11 15:03:00,1,172.25,60,3,1,1,Developing,United Kingdom,2011-10
13691,2010-11-08 17:34:00,2010-11-08 17:34:00,1,212.78,397,2,1,1,Hibernating,United Kingdom,2010-11
13692,2010-10-15 13:28:00,2011-11-15 11:17:00,5,3114.4,25,4,4,5,Champions,United Kingdom,2010-10
13693,2009-12-07 11:29:00,2010-11-30 18:21:00,9,2011.82,375,2,5,4,At risk,United Kingdom,2009-12
13694,2009-12-04 15:26:00,2011-12-06 09:32:00,143,195640.69,4,5,5,5,Champions,United Kingdom,2009-12
13695,2010-05-11 11:07:00,2011-11-08 14:26:00,16,2770.73,32,4,5,4,Champions,United Kingdom,2010-05
13696,2010-02-11 14:17:00,2010-10-14 09:44:00,3,2020.4,422,1,3,4,At risk,United Kingdom,2010-02
13697,2011-11-01 09:14:00,2011-11-01 09:14:00,1,151.29999999999998,39,4,1,1,Recent light buyers,United Kingdom,2011-11
13698,2010-01-27 09:02:00,2010-04-22 11:52:00,2,465.53000000000003,597,1,2,2,Hibernating,United Kingdom,2010-01
13699,2010-06-07 13:03:00,2011-07-07 16:51:00,2,764.15,156,3,2,3,Developing,United Kingdom,2010-06
13700,2010-02-07 10:53:00,2011-11-13 13:00:00,13,2613.46,27,4,5,4,Champions,United Kingdom,2010-02
13701,2010-09-19 12:39:00,2010-09-19 12:39:00,1,161.0,447,1,1,1,Hibernating,United Kingdom,2010-09
13702,2010-09-20 11:40:00,2010-09-20 11:40:00,1,135.18,446,1,1,1,Hibernating,United Kingdom,2010-09
13703,2010-10-20 13:11:00,2011-01-25 13:10:00,2,425.56,319,2,2,2,Hibernating,United Kingdom,2010-10
13704,2011-09-12 14:40:00,2011-12-04 15:13:00,9,2308.06,6,5,5,4,Champions,United Kingdom,2011-09
13705,2010-03-25 17:19:00,2011-12-02 12:32:00,7,1717.19,8,5,4,4,Champions,United Kingdom,2010-03
13706,2010-03-23 09:18:00,2011-02-10 09:21:00,2,631.17,303,2,2,3,Hibernating,United Kingdom,2010-03
13707,2010-06-21 11:57:00,2011-03-17 18:03:00,5,3365.86,268,2,4,5,At risk,United Kingdom,2010-06
13708,2011-03-13 13:46:00,2011-03-13 13:46:00,1,296.88,272,2,1,2,Hibernating,United Kingdom,2011-03
13709,2010-01-11 10:40:00,2011-12-06 10:28:00,18,7591.75,4,5,5,5,Champions,United Kingdom,2010-01
13710,2010-04-06 12:54:00,2011-11-08 08:16:00,3,509.52,32,4,3,2,Loyal,United Kingdom,2010-04
13711,2009-12-15 19:04:00,2011-05-05 10:31:00,9,1792.26,219,2,5,4,At risk,United Kingdom,2009-12
13712,2010-04-08 11:16:00,2011-04-07 12:33:00,2,766.42,247,2,2,3,Hibernating,United Kingdom,2010-04
13713,2010-05-05 16:48:00,2010-10-27 16:18:00,3,743.26,409,2,3,3,At risk,United Kingdom,2010-05
13714,2010-08-31 13:57:00,2010-08-31 13:57:00,1,161.35,466,1,1,1,Hibernating,United Kingdom,2010-08
13715,2010-03-11 15:33:00,2011-03-03 19:21:00,17,8210.64,282,2,5,5,At risk,United Kingdom,2010-03
13716,2011-03-15 13:49:00,2011-03-15 13:49:00,1,138.28,270,2,1,1,Hibernating,United Kingdom,2011-03
13717,2010-08-11 09:40:00,2011-11-07 14:13:00,8,1763.3,33,4,4,4,Champions,United Kingdom,2010-08
13718,2011-02-17 11:58:00,2011-04-07 13:24:00,2,306.55,247,2,2,2,Hibernating,United Kingdom,2011-02
13719,2010-05-17 14:36:00,2011-11-24 15:26:00,11,2815.25,16,5,5,4,Champions,United Kingdom,2010-05
13720,2011-03-30 09:17:00,2011-08-15 12:46:00,4,799.9,117,3,3,3,Loyal,United Kingdom,2011-03
13721,2010-11-09 17:59:00,2011-11-03 14:05:00,2,741.54,37,4,2,3,Recent light buyers,United Kingdom,2010-11
13722,2010-03-03 14:13:00,2011-07-31 12:44:00,10,5635.41,132,3,5,5,Loyal,United Kingdom,2010-03
13723,2010-04-07 14:32:00,2011-05-06 17:04:00,6,1209.2,218,2,4,3,At risk,United Kingdom,2010-04
13724,2010-03-12 15:28:00,2010-03-12 15:28:00,1,213.01,638,1,1,1,Hibernating,United Kingdom,2010-03
13725,2011-02-04 12:18:00,2011-10-21 10:03:00,8,1980.56,50,4,4,4,Champions,United Kingdom,2011-02
13726,2011-08-31 11:06:00,2011-11-01 10:49:00,2,1079.6599999999999,39,4,2,3,Recent light buyers,United Kingdom,2011-08
13727,2009-12-09 13:25:00,2011-11-11 09:46:00,8,1080.05,29,4,4,3,Loyal,United Kingdom,2009-12
13728,2009-12-09 17:13:00,2011-11-03 10:49:00,16,2855.17,37,4,5,4,Champions,United Kingdom,2009-12
13729,2010-01-24 14:57:00,2010-09-30 10:44:00,3,724.73,436,1,3,3,At risk,United Kingdom,2010-01
13730,2011-07-01 12:47:00,2011-07-27 08:35:00,2,752.6,136,3,2,3,Developing,United Kingdom,2011-07
13731,2011-04-07 10:10:00,2011-05-04 14:33:00,2,610.59,220,2,2,2,Hibernating,United Kingdom,2011-04
13732,2011-11-11 15:49:00,2011-11-11 15:49:00,1,491.86,29,4,1,2,Recent light buyers,United Kingdom,2011-11
13733,2009-12-04 15:28:00,2010-10-25 12:18:00,2,487.03000000000003,411,2,2,2,Hibernating,United Kingdom,2009-12
13734,2010-04-16 08:42:00,2010-07-19 12:04:00,4,6701.640000000001,509,1,3,5,At risk,United Kingdom,2010-04
13735,2009-12-13 13:31:00,2011-11-15 11:14:00,13,9813.22,25,4,5,5,Champions,United Kingdom,2009-12
13736,2009-12-06 12:07:00,2011-12-04 15:19:00,7,2766.21,6,5,4,4,Champions,United Kingdom,2009-12
13737,2011-05-23 16:32:00,2011-05-23 16:32:00,1,339.59999999999997,201,2,1,2,Hibernating,United Kingdom,2011-05
13738,2010-11-08 15:23:00,2010-11-08 15:23:00,1,440.93,397,2,1,2,Hibernating,United Kingdom,2010-11
13739,2010-06-30 10:25:00,2011-11-21 13:35:00,2,292.2,19,5,2,2,Recent light buyers,United Kingdom,2010-06
13740,2009-12-02 12:22:00,2011-04-13 10:32:00,5,1597.77,241,2,4,4,At risk,United Kingdom,2009-12
13741,2011-05-06 13:43:00,2011-09-29 09:19:00,3,668.4300000000001,72,3,3,3,Loyal,United Kingdom,2011-05
13742,2011-01-23 14:59:00,2011-11-23 11:07:00,12,3131.02,17,5,5,5,Champions,United Kingdom,2011-01
13743,2011-03-25 14:46:00,2011-12-07 10:09:00,7,1341.6,3,5,4,4,Champions,United Kingdom,2011-03
13744,2011-02-20 14:08:00,2011-09-05 15:19:00,2,1156.36,96,3,2,3,Developing,United Kingdom,2011-02
13745,2010-06-11 17:19:00,2011-06-30 16:43:00,2,777.36,163,3,2,3,Developing,United Kingdom,2010-06
13746,2010-10-22 11:55:00,2010-10-22 11:55:00,1,176.69,414,1,1,1,Hibernating,United Kingdom,2010-10
13747,2010-10-11 09:15:00,2010-12-01 10:37:00,2,169.79999999999998,374,2,2,1,Hibernating,United Kingdom,2010-10
13748,2009-12-01 16:44:00,2011-09-05 09:45:00,9,2064.35,96,3,5,4,Loyal,United Kingdom,2009-12
13750,2010-04-01 14:49:00,2011-10-17 12:16:00,11,3602.1800000000003,54,4,5,5,Champions,United Kingdom,2010-04
13751,2011-02-24 15:56:00,2011-02-24 15:56:00,1,296.25,289,2,1,2,Hibernating,United Kingdom,2011-02
13752,2010-06-30 10:23:00,2011-08-07 14:16:00,7,1590.73,125,3,4,4,Loyal,United Kingdom,2010-06
13753,2009-12-03 10:20:00,2011-02-25 12:48:00,4,2094.57,288,2,3,4,At risk,United Kingdom,2009-12
13754,2010-09-28 15:29:00,2011-07-11 11:51:00,3,447.05,152,3,3,2,Loyal,United Kingdom,2010-09
13755,2011-10-07 15:45:00,2011-12-06 12:26:00,9,2161.35,4,5,5,4,Champions,United Kingdom,2011-10
13756,2009-12-15 15:18:00,2011-12-07 16:44:00,23,8674.7,3,5,5,5,Champions,United Kingdom,2009-12
13757,2010-02-03 12:37:00,2010-02-03 12:37:00,1,195.55,675,1,1,1,Hibernating,United Kingdom,2010-02
13758,2009-12-01 10:06:00,2011-11-28 11:11:00,15,8698.13,12,5,5,5,Champions,United Kingdom,2009-12
13759,2011-09-29 15:40:00,2011-11-06 14:47:00,2,659.4100000000001,34,4,2,3,Recent light buyers,United Kingdom,2011-09
13760,2010-04-25 13:10:00,2011-10-16 16:13:00,5,1363.6399999999999,55,4,4,4,Champions,United Kingdom,2010-04
13761,2010-02-21 11:08:00,2011-10-20 14:01:00,6,1952.17,51,4,4,4,Champions,United Kingdom,2010-02
13762,2010-01-10 12:13:00,2011-05-05 09:15:00,5,2472.48,219,2,4,4,At risk,United Kingdom,2010-01
13763,2010-09-30 17:39:00,2011-10-07 15:13:00,3,5217.4400000000005,64,3,3,5,Loyal,United Kingdom,2010-09
13764,2010-03-07 12:56:00,2011-09-30 12:03:00,6,2953.26,71,3,4,5,Loyal,United Kingdom,2010-03
13765,2010-02-24 13:46:00,2010-02-24 13:46:00,1,352.821,654,1,1,2,Hibernating,United Kingdom,2010-02
13766,2010-08-01 14:25:00,2010-08-01 14:25:00,1,190.35,496,1,1,1,Hibernating,United Kingdom,2010-08
13767,2009-12-01 10:52:00,2011-12-07 15:00:00,73,33903.57,3,5,5,5,Champions,United Kingdom,2009-12
13768,2009-12-09 10:25:00,2009-12-13 10:41:00,2,875.97,727,1,2,3,Hibernating,United Kingdom,2009-12
13769,2009-12-16 11:59:00,2011-12-07 15:08:00,20,5478.12,3,5,5,5,Champions,United Kingdom,2009-12
13770,2009-12-09 14:44:00,2010-10-13 15:10:00,4,785.37,423,1,3,3,At risk,United Kingdom,2009-12
13771,2010-02-25 12:37:00,2011-10-06 14:18:00,9,5728.82,65,3,5,5,Loyal,United Kingdom,2010-02
13772,2010-02-23 13:55:00,2011-11-06 11:43:00,8,3114.22,34,4,4,5,Champions,United Kingdom,2010-02
13773,2010-02-18 10:27:00,2010-11-08 11:49:00,2,301.54,397,2,2,2,Hibernating,United Kingdom,2010-02
13774,2011-09-19 12:06:00,2011-09-19 12:06:00,1,345.0,82,3,1,2,Developing,United Kingdom,2011-09
13775,2010-04-28 12:15:00,2010-04-28 12:15:00,1,1049.66,591,1,1,3,Hibernating,United Kingdom,2010-04
13776,2010-10-07 16:07:00,2010-10-07 16:11:00,2,623.98,429,1,2,3,Hibernating,United Kingdom,2010-10
13777,2009-12-02 09:47:00,2011-12-09 12:25:00,61,49638.26,1,5,5,5,Champions,United Kingdom,2009-12
13778,2010-05-23 13:34:00,2011-08-28 15:25:00,4,1124.49,104,3,3,3,Loyal,United Kingdom,2010-05
13779,2010-07-12 11:24:00,2010-07-12 11:24:00,1,161.13,516,1,1,1,Hibernating,United Kingdom,2010-07
13780,2010-10-28 19:51:00,2011-12-02 13:49:00,3,735.82,8,5,3,3,Loyal,United Kingdom,2010-10
13781,2009-12-18 15:46:00,2011-04-03 12:08:00,3,778.83,251,2,3,3,At risk,United Kingdom,2009-12
13782,2009-12-06 12:52:00,2011-11-27 11:54:00,13,1793.72,13,5,5,4,Champions,United Kingdom,2009-12
13783,2010-02-04 13:47:00,2010-08-09 09:23:00,4,1542.09,488,1,3,4,At risk,United Kingdom,2010-02
13784,2010-09-15 12:27:00,2011-11-30 09:33:00,14,2910.23,10,5,5,4,Champions,United Kingdom,2010-09
13785,2010-09-05 16:01:00,2010-10-07 09:25:00,4,542.49,429,1,3,2,At risk,United Kingdom,2010-09
13786,2009-12-03 15:32:00,2010-12-07 13:53:00,6,3128.54,368,2,4,5,At risk,United Kingdom,2009-12
13787,2010-01-14 10:13:00,2011-09-25 12:06:00,6,1222.5,76,3,4,3,Loyal,United Kingdom,2010-01
13788,2010-07-22 15:50:00,2010-07-22 15:50:00,1,3.75,506,1,1,1,Hibernating,United Kingdom,2010-07
13789,2010-11-16 15:31:00,2010-11-16 15:31:00,1,239.45999999999998,389,2,1,1,Hibernating,United Kingdom,2010-11
13790,2011-12-05 15:48:00,2011-12-05 15:48:00,1,348.8,5,5,1,2,Recent light buyers,United Kingdom,2011-12
13791,2011-06-24 16:38:00,2011-08-04 11:44:00,2,1516.0,128,3,2,4,Developing,United Kingdom,2011-06
13792,2010-10-13 11:05:00,2011-10-04 14:31:00,3,383.95,67,3,3,2,Loyal,United Kingdom,2010-10
13793,2010-03-03 08:25:00,2010-03-03 08:25:00,1,96.0,647,1,1,1,Hibernating,United Kingdom,2010-03
13794,2010-06-11 12:30:00,2010-06-11 12:30:00,1,126.03,547,1,1,1,Hibernating,United Kingdom,2010-06
13795,2010-03-12 12:44:00,2010-11-16 17:25:00,4,836.3,389,2,3,3,At risk,United Kingdom,2010-03
13796,2010-07-28 14:45:00,2010-07-28 14:45:00,1,289.7,500,1,1,2,Hibernating,United Kingdom,2010-07
13797,2010-03-02 12:17:00,2010-09-29 10:34:00,3,1179.45,437,1,3,3,At risk,United Kingdom,2010-03
13798,2009-12-08 16:21:00,2011-12-08 15:51:00,110,75428.87,2,5,5,5,Champions,United Kingdom,2009-12
13799,2010-03-05 16:39:00,2011-08-15 12:07:00,9,2803.57,117,3,5,4,Loyal,United Kingdom,2010-03
13800,2009-12-03 10:03:00,2011-02-03 12:27:00,3,1679.56,310,2,3,4,At risk,United Kingdom,2009-12
13801,2011-10-04 10:15:00,2011-10-04 10:15:00,1,324.8,67,3,1,2,Developing,United Kingdom,2011-10
13802,2010-02-16 10:11:00,2011-07-24 10:54:00,19,26259.11,139,3,5,5,Loyal,United Kingdom,2010-02
13803,2010-03-31 10:00:00,2011-03-29 12:57:00,3,1338.91,256,2,3,4,At risk,United Kingdom,2010-03
13804,2010-09-29 10:26:00,2011-11-09 12:32:00,9,3208.52,31,4,5,5,Champions,United Kingdom,2010-09
13805,2011-08-02 15:29:00,2011-10-18 14:50:00,2,924.6,53,4,2,3,Recent light buyers,United Kingdom,2011-08
13806,2011-10-07 11:43:00,2011-10-07 11:43:00,1,256.38,64,3,1,1,Developing,United Kingdom,2011-10
13807,2009-12-04 12:41:00,2010-12-07 15:48:00,3,422.2,368,2,3,2,At risk,United Kingdom,2009-12
13808,2011-09-04 12:07:00,2011-12-04 12:18:00,5,1747.66,6,5,4,4,Champions,United Kingdom,2011-09
13809,2010-09-05 11:42:00,2011-02-07 13:15:00,3,679.7,306,2,3,3,At risk,Cyprus,2010-09
13810,2011-10-14 12:57:00,2011-11-11 08:33:00,3,1499.01,29,4,3,4,Loyal,Germany,2011-10
13811,2011-04-14 18:40:00,2011-06-09 09:54:00,3,814.5,184,3,3,3,Loyal,Germany,2011-04
13812,2011-08-26 12:54:00,2011-10-28 14:27:00,3,539.0,43,4,3,2,Loyal,Germany,2011-08
13813,2009-12-06 10:16:00,2011-10-31 10:38:00,8,2765.47,40,4,4,4,Champions,Germany,2009-12
13814,2010-06-30 14:12:00,2011-09-08 13:48:00,3,2257.32,93,3,3,4,Loyal,Germany,2010-06
13815,2010-02-12 10:26:00,2011-11-17 14:19:00,8,7475.74,23,4,4,5,Champions,Germany,2010-02
13816,2011-10-06 14:37:00,2011-11-16 08:38:00,2,571.6700000000001,24,4,2,2,Recent light buyers,Germany,2011-10
13817,2010-12-23 11:46:00,2011-11-10 17:49:00,2,382.98,30,4,2,2,Recent light buyers,Germany,2010-12
13818,2010-10-06 12:35:00,2010-10-06 12:35:00,1,61.28,430,1,1,1,Hibernating,United Kingdom,2010-10
13819,2009-12-01 16:18:00,2011-02-11 10:38:00,6,2642.35,302,2,4,4,At risk,United Kingdom,2009-12
13820,2010-01-28 12:26:00,2010-10-17 13:46:00,3,660.65,419,1,3,3,At risk,United Kingdom,2010-01
13821,2010-01-04 13:36:00,2011-07-18 09:49:00,6,1410.73,145,3,4,4,Loyal,United Kingdom,2010-01
13822,2011-10-30 15:55:00,2011-12-04 12:13:00,2,632.0,6,5,2,3,Recent light buyers,United Kingdom,2011-10
13823,2009-12-15 14:34:00,2011-11-21 10:22:00,7,3403.4500000000003,19,5,4,5,Champions,United Kingdom,2009-12
13824,2010-03-12 15:17:00,2011-11-07 12:41:00,12,3314.76,33,4,5,5,Champions,United Kingdom,2010-03
13825,2009-12-09 14:30:00,2010-03-28 11:02:00,2,255.59,622,1,2,1,Hibernating,United Kingdom,2009-12
13826,2011-06-16 13:48:00,2011-06-16 13:48:00,1,189.5,177,3,1,1,Developing,United Kingdom,2011-06
13827,2011-07-19 15:38:00,2011-10-13 12:38:00,3,412.05,58,4,3,2,Loyal,United Kingdom,2011-07
13828,2011-11-17 16:02:00,2011-11-17 16:02:00,1,209.49,23,4,1,1,Recent light buyers,United Kingdom,2011-11
13829,2010-10-14 18:19:00,2010-10-14 18:19:00,1,102.0,422,1,1,1,Hibernating,United Kingdom,2010-10
13830,2010-05-07 12:24:00,2010-05-07 12:24:00,1,156.85000000000002,582,1,1,1,Hibernating,United Kingdom,2010-05
13831,2009-12-10 14:50:00,2011-11-23 15:41:00,18,6615.58,17,5,5,5,Champions,United Kingdom,2009-12
13832,2010-10-13 14:41:00,2011-11-20 15:36:00,2,613.6899999999999,20,5,2,3,Recent light buyers,United Kingdom,2010-10
13833,2010-10-31 14:11:00,2011-07-03 13:27:00,2,701.36,160,3,2,3,Developing,United Kingdom,2010-10
13834,2010-02-08 12:52:00,2010-05-12 10:27:00,2,324.19,577,1,2,2,Hibernating,United Kingdom,2010-02
13835,2010-03-04 08:26:00,2011-11-14 15:37:00,7,1095.27,26,4,4,3,Loyal,United Kingdom,2010-03
13836,2010-10-21 13:27:00,2010-11-05 13:31:00,2,620.37,400,2,2,3,Hibernating,United Kingdom,2010-10
13837,2011-01-26 12:15:00,2011-05-12 12:10:00,2,271.24,212,2,2,1,Hibernating,United Kingdom,2011-01
13838,2010-05-09 11:40:00,2011-12-04 11:00:00,10,1727.98,6,5,5,4,Champions,United Kingdom,2010-05
13839,2010-08-10 13:52:00,2010-08-10 13:52:00,1,139.95000000000002,487,1,1,1,Hibernating,United Kingdom,2010-08
13840,2010-10-19 13:34:00,2010-10-19 13:34:00,1,651.4,417,1,1,3,Hibernating,United Kingdom,2010-10
13841,2011-04-01 12:10:00,2011-04-01 12:10:00,1,85.0,253,2,1,1,Hibernating,United Kingdom,2011-04
13842,2010-02-16 15:54:00,2011-10-12 10:51:00,18,5319.34,59,4,5,5,Champions,United Kingdom,2010-02
13843,2010-11-23 17:48:00,2010-11-23 17:48:00,1,319.75,382,2,1,2,Hibernating,United Kingdom,2010-11
13844,2011-11-28 13:21:00,2011-11-28 13:21:00,1,361.62,12,5,1,2,Recent light buyers,United Kingdom,2011-11
13845,2011-10-06 08:25:00,2011-10-06 08:25:00,1,312.98,65,3,1,2,Developing,United Kingdom,2011-10
13846,2010-11-05 09:47:00,2011-11-15 12:07:00,4,1307.79,25,4,3,4,Loyal,United Kingdom,2010-11
13847,2009-12-20 10:41:00,2009-12-20 10:41:00,1,310.72,720,1,1,2,Hibernating,United Kingdom,2009-12
13848,2009-12-09 16:17:00,2011-09-08 12:58:00,8,3015.0,93,3,4,5,Loyal,United Kingdom,2009-12
13849,2010-03-25 12:03:00,2011-10-19 10:59:00,5,3469.3,52,4,4,5,Champions,United Kingdom,2010-03
13850,2011-08-02 14:04:00,2011-08-02 14:04:00,1,1595.48,130,3,1,4,Developing,United Kingdom,2011-08
13851,2010-01-29 11:54:00,2011-09-05 12:36:00,8,4606.46,96,3,4,5,Loyal,United Kingdom,2010-01
13852,2010-04-08 09:06:00,2010-04-08 09:06:00,1,187.35000000000002,611,1,1,1,Hibernating,United Kingdom,2010-04
13853,2011-10-13 14:18:00,2011-10-13 14:18:00,1,1090.14,58,4,1,3,Recent light buyers,United Kingdom,2011-10
13854,2010-01-08 11:28:00,2011-12-01 09:06:00,39,11944.56,9,5,5,5,Champions,United Kingdom,2010-01
13855,2009-12-08 16:56:00,2010-07-27 09:53:00,4,1310.3400000000001,501,1,3,4,At risk,United Kingdom,2009-12
13856,2010-03-30 15:40:00,2011-06-24 10:03:00,11,1142.03,169,3,5,3,Loyal,United Kingdom,2010-03
13857,2010-05-17 14:21:00,2010-11-11 12:54:00,6,1001.01,394,2,4,3,At risk,United Kingdom,2010-05
13858,2011-10-13 16:17:00,2011-10-13 16:17:00,1,216.17,58,4,1,1,Recent light buyers,United Kingdom,2011-10
13859,2010-06-28 15:36:00,2011-01-17 16:14:00,2,515.86,327,2,2,2,Hibernating,United Kingdom,2010-06
13860,2011-09-14 09:27:00,2011-12-08 12:57:00,5,1245.9,2,5,4,4,Champions,United Kingdom,2011-09
13861,2010-06-27 11:37:00,2010-10-06 14:20:00,2,273.26,430,1,2,1,Hibernating,United Kingdom,2010-06
13862,2010-11-15 13:43:00,2011-11-21 16:24:00,9,2556.09,19,5,5,4,Champions,United Kingdom,2010-11
13863,2010-04-25 13:09:00,2011-04-06 10:20:00,4,1239.55,248,2,3,4,At risk,United Kingdom,2010-04
13864,2010-11-18 12:50:00,2010-11-18 12:50:00,1,662.4000000000001,387,2,1,3,Hibernating,United Kingdom,2010-11
13865,2011-02-23 12:04:00,2011-10-12 13:31:00,4,501.56,59,4,3,2,Loyal,United Kingdom,2011-02
13866,2011-09-26 14:54:00,2011-09-26 14:54:00,1,145.67000000000002,75,3,1,1,Developing,United Kingdom,2011-09
13867,2011-05-05 17:28:00,2011-11-08 15:48:00,3,1015.29,32,4,3,3,Loyal,United Kingdom,2011-05
13868,2011-11-01 12:45:00,2011-12-02 16:32:00,2,3192.54,8,5,2,5,Recent light buyers,United Kingdom,2011-11
13869,2010-01-17 14:53:00,2011-08-08 13:53:00,10,8111.57,124,3,5,5,Loyal,United Kingdom,2010-01
13870,2010-02-08 12:08:00,2011-12-07 13:23:00,15,5712.08,3,5,5,5,Champions,United Kingdom,2010-02
13871,2009-12-20 13:09:00,2011-11-17 10:49:00,17,7885.85,23,4,5,5,Champions,United Kingdom,2009-12
13872,2009-12-14 09:56:00,2010-06-30 15:35:00,3,919.57,528,1,3,3,At risk,United Kingdom,2009-12
13873,2010-03-03 12:31:00,2011-08-12 10:08:00,8,1038.92,120,3,4,3,Loyal,United Kingdom,2010-03
13874,2010-02-04 18:39:00,2010-12-16 18:20:00,7,2049.15,359,2,4,4,At risk,United Kingdom,2010-02
13875,2009-12-17 10:30:00,2011-10-17 09:36:00,14,4814.37,54,4,5,5,Champions,United Kingdom,2009-12
13876,2011-10-07 10:22:00,2011-10-07 10:22:00,1,122.7,64,3,1,1,Developing,United Kingdom,2011-10
13877,2010-01-19 10:53:00,2011-09-14 15:49:00,3,449.68,87,3,3,2,Loyal,United Kingdom,2010-01
13878,2010-04-14 13:50:00,2011-10-16 12:19:00,4,2473.06,55,4,3,4,Loyal,United Kingdom,2010-04
13879,2010-03-04 10:49:00,2010-03-04 10:49:00,1,395.5,646,1,1,2,Hibernating,United Kingdom,2010-03
13880,2010-05-26 14:29:00,2011-11-18 13:44:00,17,4293.86,22,4,5,5,Champions,United Kingdom,2010-05
13881,2010-03-04 14:41:00,2011-12-06 12:50:00,43,45179.1,4,5,5,5,Champions,United Kingdom,2010-03
13882,2011-10-06 15:28:00,2011-12-07 11:16:00,5,1191.13,3,5,4,3,Loyal,United Kingdom,2011-10
13883,2009-12-08 17:26:00,2011-11-29 10:45:00,15,6560.02,11,5,5,5,Champions,United Kingdom,2009-12
13884,2010-08-26 19:57:00,2011-12-02 16:30:00,10,1888.48,8,5,5,4,Champions,United Kingdom,2010-08
13885,2011-05-23 08:52:00,2011-06-03 15:07:00,2,506.8,190,3,2,2,Developing,United Kingdom,2011-05
13886,2011-09-29 13:17:00,2011-09-29 13:17:00,1,243.56,72,3,1,1,Developing,United Kingdom,2011-09
13887,2011-05-19 17:22:00,2011-05-19 17:22:00,1,349.55,205,2,1,2,Hibernating,United Kingdom,2011-05
13888,2010-05-13 11:57:00,2011-08-12 10:13:00,7,2169.05,120,3,4,4,Loyal,United Kingdom,2010-05
13889,2010-01-22 14:32:00,2011-09-08 09:13:00,6,1991.23,93,3,4,4,Loyal,United Kingdom,2010-01
13890,2009-12-06 15:15:00,2011-12-08 15:36:00,14,2927.38,2,5,5,5,Champions,United Kingdom,2009-12
13891,2010-05-06 16:02:00,2010-11-26 15:57:00,3,863.5600000000001,379,2,3,3,At risk,United Kingdom,2010-05
13892,2010-05-13 10:32:00,2011-11-13 11:50:00,6,1267.6499999999999,27,4,4,4,Champions,United Kingdom,2010-05
13893,2011-02-15 11:30:00,2011-02-15 11:30:00,1,821.1,298,2,1,3,Hibernating,United Kingdom,2011-02
13894,2011-02-02 12:54:00,2011-11-16 09:44:00,3,564.62,24,4,3,2,Loyal,United Kingdom,2011-02
13895,2009-12-03 13:09:00,2011-11-11 16:57:00,6,4008.52,29,4,4,5,Champions,United Kingdom,2009-12
13896,2010-03-24 08:55:00,2010-03-24 08:55:00,1,388.55,626,1,1,2,Hibernating,United Kingdom,2010-03
13897,2010-01-31 13:48:00,2011-10-20 14:30:00,3,1160.72,51,4,3,3,Loyal,United Kingdom,2010-01
13898,2010-10-24 15:42:00,2011-01-18 10:28:00,2,686.4,326,2,2,3,Hibernating,United Kingdom,2010-10
13899,2011-03-10 09:30:00,2011-11-23 13:40:00,2,388.52,17,5,2,2,Recent light buyers,United Kingdom,2011-03
13900,2010-03-25 13:46:00,2011-06-09 19:26:00,6,1610.59,184,3,4,4,Loyal,United Kingdom,2010-03
13901,2010-01-05 09:29:00,2011-09-28 14:48:00,15,5676.34,73,3,5,5,Loyal,United Kingdom,2010-01
13902,2009-12-15 10:02:00,2010-03-17 13:09:00,5,34095.26,633,1,4,5,At risk,Denmark,2009-12
13903,2010-11-04 17:44:00,2010-11-04 17:44:00,1,165.45000000000002,401,2,1,1,Hibernating,United Kingdom,2010-11
13904,2011-02-18 11:18:00,2011-11-02 13:41:00,2,332.64,38,4,2,2,Recent light buyers,United Kingdom,2011-02
13905,2009-12-07 11:41:00,2009-12-07 11:41:00,1,312.65,733,1,1,2,Hibernating,United Kingdom,2009-12
13906,2010-10-26 15:00:00,2010-10-26 15:00:00,1,42.0,410,2,1,1,Hibernating,United Kingdom,2010-10
13907,2010-01-17 12:22:00,2010-01-17 12:22:00,1,136.8,692,1,1,1,Hibernating,United Kingdom,2010-01
13908,2011-03-08 12:04:00,2011-09-21 11:49:00,4,2369.55,80,3,3,4,Loyal,United Kingdom,2011-03
13909,2010-07-06 16:52:00,2010-10-12 17:22:00,2,286.6,424,1,2,1,Hibernating,United Kingdom,2010-07
13911,2010-03-01 16:31:00,2011-10-13 15:43:00,20,4234.99,58,4,5,5,Champions,United Kingdom,2010-03
13912,2010-10-12 08:43:00,2010-10-12 08:43:00,1,124.95,424,1,1,1,Hibernating,United Kingdom,2010-10
13913,2010-07-21 10:11:00,2010-07-21 10:11:00,1,42.22,507,1,1,1,Hibernating,United Kingdom,2010-07
13914,2011-11-03 16:28:00,2011-11-28 10:35:00,2,626.45,12,5,2,3,Recent light buyers,United Kingdom,2011-11
13915,2010-11-10 15:17:00,2010-11-10 15:17:00,1,70.80000000000001,395,2,1,1,Hibernating,United Kingdom,2010-11
13916,2010-02-02 10:06:00,2010-09-02 10:04:00,4,1275.81,464,1,3,4,At risk,United Kingdom,2010-02
13917,2011-06-01 12:46:00,2011-10-21 09:56:00,2,272.04,50,4,2,1,Recent light buyers,United Kingdom,2011-06
13918,2011-03-31 18:05:00,2011-10-21 12:25:00,2,1212.8400000000001,50,4,2,3,Recent light buyers,United Kingdom,2011-03
13919,2010-06-17 09:30:00,2011-10-11 14:24:00,4,1360.68,60,3,3,4,Loyal,Denmark,2010-06
13920,2010-05-26 15:48:00,2010-10-04 12:37:00,4,1774.68,432,1,3,4,At risk,United Kingdom,2010-05
13921,2009-12-18 12:19:00,2010-11-02 16:32:00,4,730.7,403,2,3,3,At risk,United Kingdom,2009-12
13922,2010-08-29 14:36:00,2010-12-23 10:38:00,3,865.2,352,2,3,3,At risk,United Kingdom,2010-08
13923,2011-10-17 12:33:00,2011-10-17 12:33:00,1,351.13,54,4,1,2,Recent light buyers,United Kingdom,2011-10
13924,2011-09-28 15:07:00,2011-12-08 09:39:00,6,1838.8500000000001,2,5,4,4,Champions,United Kingdom,2011-09
13925,2011-07-28 12:09:00,2011-09-08 12:47:00,4,678.25,93,3,3,3,Loyal,United Kingdom,2011-07
13926,2011-11-16 13:16:00,2011-11-16 13:16:00,1,223.85000000000002,24,4,1,1,Recent light buyers,United Kingdom,2011-11
13927,2010-09-28 16:12:00,2011-09-26 12:00:00,2,708.26,75,3,2,3,Developing,United Kingdom,2010-09
13928,2011-07-29 15:59:00,2011-11-29 10:33:00,4,464.57,11,5,3,2,Loyal,United Kingdom,2011-07
13929,2010-01-14 07:25:00,2011-06-23 15:26:00,11,3494.1,170,3,5,5,Loyal,United Kingdom,2010-01
13930,2011-07-26 11:00:00,2011-10-13 09:45:00,2,337.34,58,4,2,2,Recent light buyers,United Kingdom,2011-07
13931,2009-12-03 10:26:00,2011-09-05 10:12:00,11,5257.38,96,3,5,5,Loyal,United Kingdom,2009-12
13932,2011-02-18 12:02:00,2011-02-18 12:02:00,1,307.4,295,2,1,2,Hibernating,United Kingdom,2011-02
13933,2011-07-14 13:35:00,2011-08-22 14:03:00,2,608.7900000000001,110,3,2,2,Developing,United Kingdom,2011-07
13934,2011-03-21 08:39:00,2011-03-21 08:39:00,1,922.1,264,2,1,3,Hibernating,United Kingdom,2011-03
13935,2010-02-25 16:01:00,2010-04-22 11:21:00,3,6116.92,597,1,3,5,At risk,United Kingdom,2010-02
13936,2010-10-21 14:21:00,2011-06-13 08:47:00,3,939.66,180,3,3,3,Loyal,United Kingdom,2010-10
13937,2010-11-02 12:37:00,2011-06-23 16:35:00,2,880.13,170,3,2,3,Developing,United Kingdom,2010-11
13938,2011-11-04 14:37:00,2011-11-04 14:37:00,1,71.66,36,4,1,1,Recent light buyers,United Kingdom,2011-11
13939,2010-04-06 12:43:00,2011-11-16 13:33:00,7,1560.96,24,4,4,4,Champions,United Kingdom,2010-04
13940,2011-07-18 16:05:00,2011-11-22 15:15:00,4,839.14,18,5,3,3,Loyal,United Kingdom,2011-07
13941,2009-12-16 16:10:00,2011-11-18 09:43:00,15,10027.18,22,4,5,5,Champions,United Kingdom,2009-12
13942,2010-06-23 12:35:00,2010-06-23 12:35:00,1,320.0,535,1,1,2,Hibernating,United Kingdom,2010-06
13943,2010-05-11 11:30:00,2010-05-11 11:30:00,1,246.54,578,1,1,1,Hibernating,United Kingdom,2010-05
13944,2010-02-24 15:02:00,2010-02-24 15:02:00,1,200.43,654,1,1,1,Hibernating,United Kingdom,2010-02
13945,2010-08-17 09:59:00,2010-11-10 10:00:00,2,854.15,395,2,2,3,Hibernating,United Kingdom,2010-08
13946,2009-12-04 11:07:00,2011-09-21 13:33:00,6,1876.23,80,3,4,4,Loyal,United Kingdom,2009-12
13947,2011-10-05 14:42:00,2011-10-05 14:42:00,1,90.6,66,3,1,1,Developing,United Kingdom,2011-10
13948,2009-12-04 12:14:00,2010-12-14 10:18:00,4,548.76,361,2,3,2,At risk,United Kingdom,2009-12
13949,2011-09-06 11:55:00,2011-12-07 09:35:00,6,2427.32,3,5,4,4,Champions,United Kingdom,2011-09
13950,2011-04-07 11:29:00,2011-11-28 14:44:00,4,745.06,12,5,3,3,Loyal,United Kingdom,2011-04
13951,2011-02-18 15:21:00,2011-06-16 16:43:00,3,674.45,177,3,3,3,Loyal,United Kingdom,2011-02
13952,2009-12-16 09:41:00,2011-05-06 09:00:00,14,12823.521,218,2,5,5,At risk,United Kingdom,2009-12
13953,2009-12-11 12:58:00,2011-12-02 16:04:00,12,6640.68,8,5,5,5,Champions,United Kingdom,2009-12
13954,2011-09-30 10:52:00,2011-12-08 12:50:00,2,439.92,2,5,2,2,Recent light buyers,United Kingdom,2011-09
13955,2010-11-29 17:35:00,2011-07-08 17:19:00,3,545.17,155,3,3,2,Loyal,United Kingdom,2010-11
13956,2011-03-13 12:51:00,2011-12-04 13:20:00,5,1026.42,6,5,4,3,Loyal,United Kingdom,2011-03
13957,2010-02-19 10:32:00,2010-10-18 10:02:00,3,458.25,418,1,3,2,At risk,United Kingdom,2010-02
13958,2009-12-05 13:12:00,2010-11-25 10:11:00,8,4709.2300000000005,380,2,4,5,At risk,United Kingdom,2009-12
13959,2010-07-16 15:11:00,2011-09-21 15:06:00,6,1076.18,80,3,4,3,Loyal,United Kingdom,2010-07
13960,2011-09-29 12:39:00,2011-11-18 15:27:00,2,230.22,22,4,2,1,Recent light buyers,United Kingdom,2011-09
13961,2010-11-12 14:40:00,2010-11-12 14:40:00,1,538.4,393,2,1,2,Hibernating,United Kingdom,2010-11
13962,2010-09-30 10:35:00,2011-11-18 08:47:00,3,362.8,22,4,3,2,Loyal,United Kingdom,2010-09
13963,2010-04-21 16:20:00,2011-02-04 14:43:00,17,2860.57,309,2,5,4,At risk,United Kingdom,2010-04
13964,2010-10-05 12:38:00,2010-11-17 13:53:00,2,438.9,388,2,2,2,Hibernating,United Kingdom,2010-10
13965,2010-01-05 15:21:00,2010-08-20 10:40:00,3,996.61,477,1,3,3,At risk,United Kingdom,2010-01
13966,2010-09-30 13:08:00,2010-09-30 13:08:00,1,390.86,436,1,1,2,Hibernating,United Kingdom,2010-09
13967,2010-11-08 13:24:00,2011-07-17 12:02:00,2,166.3,146,3,2,1,Developing,United Kingdom,2010-11
13968,2010-10-12 13:22:00,2010-10-12 13:22:00,1,123.66,424,1,1,1,Hibernating,United Kingdom,2010-10
13969,2010-03-25 13:15:00,2011-12-02 15:11:00,35,13048.28,8,5,5,5,Champions,United Kingdom,2010-03
13970,2010-09-28 11:53:00,2010-11-18 13:21:00,2,846.55,387,2,2,3,Hibernating,United Kingdom,2010-09
13971,2010-01-26 09:51:00,2011-11-21 12:06:00,14,4667.57,19,5,5,5,Champions,United Kingdom,2010-01
13972,2011-05-22 11:34:00,2011-09-30 11:54:00,2,190.25,71,3,2,1,Developing,United Kingdom,2011-05
13973,2011-02-25 15:21:00,2011-02-25 15:21:00,1,264.7,288,2,1,1,Hibernating,United Kingdom,2011-02
13974,2010-05-06 17:55:00,2011-10-21 14:41:00,2,677.72,50,4,2,3,Recent light buyers,United Kingdom,2010-05
13975,2010-02-02 13:13:00,2011-11-08 13:19:00,12,5358.84,32,4,5,5,Champions,United Kingdom,2010-02
13976,2010-02-09 13:08:00,2011-05-17 09:13:00,4,1192.36,207,2,3,3,At risk,United Kingdom,2010-02
13977,2010-10-24 14:08:00,2010-10-24 14:08:00,1,519.8100000000001,412,1,1,2,Hibernating,United Kingdom,2010-10
13978,2011-10-25 15:04:00,2011-11-25 11:36:00,2,196.79000000000002,15,5,2,1,Recent light buyers,United Kingdom,2011-10
13979,2009-12-03 10:02:00,2011-09-27 13:32:00,7,3416.23,74,3,4,5,Loyal,United Kingdom,2009-12
13980,2010-02-21 14:18:00,2011-10-10 13:34:00,5,799.92,61,3,4,3,Loyal,United Kingdom,2010-02
13981,2010-10-20 10:03:00,2010-10-20 10:03:00,1,331.14,416,1,1,2,Hibernating,United Kingdom,2010-10
13982,2010-01-20 14:04:00,2011-10-31 16:24:00,9,4016.99,40,4,5,5,Champions,United Kingdom,2010-01
13983,2009-12-09 13:53:00,2011-11-10 11:06:00,21,6779.09,30,4,5,5,Champions,United Kingdom,2009-12
13984,2009-12-07 11:51:00,2011-11-13 12:38:00,12,1893.8,27,4,5,4,Champions,United Kingdom,2009-12
13985,2010-02-09 13:56:00,2011-12-05 17:06:00,22,10020.86,5,5,5,5,Champions,United Kingdom,2010-02
13986,2011-11-22 15:00:00,2011-11-22 15:00:00,1,320.46,18,5,1,2,Recent light buyers,United Kingdom,2011-11
13987,2010-11-04 09:54:00,2010-11-25 10:20:00,2,682.54,380,2,2,3,Hibernating,United Kingdom,2010-11
13988,2010-03-24 11:05:00,2011-11-20 10:15:00,8,4757.8,20,5,4,5,Champions,United Kingdom,2010-03
13989,2010-05-25 12:13:00,2011-10-05 09:47:00,5,2026.06,66,3,4,4,Loyal,United Kingdom,2010-05
13990,2011-05-10 15:19:00,2011-05-10 15:19:00,1,311.3,214,2,1,2,Hibernating,United Kingdom,2011-05
13991,2011-07-19 12:58:00,2011-11-27 16:18:00,6,855.97,13,5,4,3,Loyal,United Kingdom,2011-07
13992,2010-09-02 17:04:00,2011-11-09 15:23:00,3,219.5,31,4,3,1,Loyal,United Kingdom,2010-09
13993,2009-12-03 11:57:00,2011-10-28 09:06:00,19,6775.71,43,4,5,5,Champions,United Kingdom,2009-12
13994,2011-07-14 18:28:00,2011-12-06 11:05:00,6,2313.14,4,5,4,4,Champions,United Kingdom,2011-07
13995,2009-12-18 12:43:00,2011-11-24 14:22:00,14,3902.01,16,5,5,5,Champions,United Kingdom,2009-12
13996,2010-11-05 15:07:00,2010-11-18 16:27:00,2,895.76,387,2,2,3,Hibernating,United Kingdom,2010-11
13997,2010-06-07 17:33:00,2010-07-08 18:06:00,3,382.31,520,1,3,2,At risk,United Kingdom,2010-06
13998,2010-05-12 13:18:00,2010-09-19 10:20:00,3,566.7,447,1,3,2,At risk,United Kingdom,2010-05
13999,2009-12-05 12:42:00,2011-11-29 13:40:00,29,9502.26,11,5,5,5,Champions,United Kingdom,2009-12
14000,2009-12-02 09:50:00,2011-05-12 16:50:00,5,2046.3400000000001,212,2,4,4,At risk,United Kingdom,2009-12
14001,2010-08-03 12:49:00,2011-10-25 10:31:00,9,4228.85,46,4,5,5,Champions,United Kingdom,2010-08
14002,2011-07-06 14:59:00,2011-07-28 15:55:00,2,529.73,135,3,2,2,Developing,United Kingdom,2011-07
14003,2009-12-07 08:53:00,2009-12-07 08:53:00,1,209.41,733,1,1,1,Hibernating,United Kingdom,2009-12
14004,2010-09-30 09:39:00,2011-10-27 14:40:00,11,6258.45,44,4,5,5,Champions,United Kingdom,2010-09
14005,2011-05-08 10:33:00,2011-11-30 12:41:00,5,2874.72,10,5,4,4,Champions,United Kingdom,2011-05
14006,2010-02-25 09:45:00,2011-08-16 09:39:00,7,2196.67,116,3,4,4,Loyal,United Kingdom,2010-02
14007,2010-07-15 09:06:00,2010-07-15 09:06:00,1,79.48,513,1,1,1,Hibernating,United Kingdom,2010-07
14008,2010-10-03 13:09:00,2010-10-03 13:09:00,1,509.04,433,1,1,2,Hibernating,United Kingdom,2010-10
14009,2010-09-03 12:08:00,2011-05-25 15:47:00,3,1099.91,199,2,3,3,At risk,United Kingdom,2010-09
14010,2010-05-23 12:46:00,2010-05-23 13:00:00,2,445.15,566,1,2,2,Hibernating,United Kingdom,2010-05
14011,2010-04-11 13:40:00,2010-08-16 15:31:00,2,457.82,481,1,2,2,Hibernating,United Kingdom,2010-04
14012,2011-03-07 12:26:00,2011-03-07 12:26:00,1,328.8,278,2,1,2,Hibernating,United Kingdom,2011-03
14013,2010-03-26 10:02:00,2011-08-21 15:01:00,5,1084.57,111,3,4,3,Loyal,United Kingdom,2010-03
14014,2010-05-12 09:04:00,2011-09-23 13:18:00,3,1948.21,78,3,3,4,Loyal,United Kingdom,2010-05
14015,2011-10-18 10:02:00,2011-10-18 10:02:00,1,917.34,53,4,1,3,Recent light buyers,United Kingdom,2011-10
14016,2010-01-08 14:12:00,2011-07-01 11:29:00,11,11403.41,162,3,5,5,Loyal,EIRE,2010-01
14017,2010-05-17 14:52:00,2010-05-17 14:52:00,1,229.75,572,1,1,1,Hibernating,United Kingdom,2010-05
14018,2010-03-04 14:23:00,2010-03-04 14:23:00,1,367.15000000000003,646,1,1,2,Hibernating,United Kingdom,2010-03
14019,2011-07-24 15:39:00,2011-10-24 10:13:00,3,1421.61,47,4,3,4,Loyal,United Kingdom,2011-07
14020,2010-06-28 15:29:00,2011-11-23 09:22:00,4,1249.01,17,5,3,4,Loyal,United Kingdom,2010-06
14021,2010-04-26 11:22:00,2011-07-07 15:46:00,7,1716.58,156,3,4,4,Loyal,United Kingdom,2010-04
14022,2010-08-10 09:38:00,2011-04-28 14:39:00,2,792.15,226,2,2,3,Hibernating,United Kingdom,2010-08
14023,2011-04-03 15:50:00,2011-12-02 13:58:00,2,584.07,8,5,2,2,Recent light buyers,United Kingdom,2011-04
14024,2010-11-14 10:51:00,2011-08-10 11:30:00,3,645.74,122,3,3,3,Loyal,United Kingdom,2010-11
14025,2010-05-05 09:56:00,2010-09-01 10:11:00,8,4057.9,465,1,4,5,At risk,United Kingdom,2010-05
14026,2010-03-24 14:10:00,2010-08-26 10:31:00,2,713.11,471,1,2,3,Hibernating,United Kingdom,2010-03
14027,2011-10-10 09:01:00,2011-10-10 09:01:00,1,104.82,61,3,1,1,Developing,United Kingdom,2011-10
14028,2010-06-07 12:02:00,2010-06-07 13:33:00,3,10396.5,551,1,3,5,At risk,United Kingdom,2010-06
14029,2011-07-18 16:57:00,2011-10-07 14:46:00,2,467.66,64,3,2,2,Developing,United Kingdom,2011-07
14030,2009-12-10 17:27:00,2011-11-21 16:48:00,20,7585.79,19,5,5,5,Champions,United Kingdom,2009-12
14031,2009-12-03 15:35:00,2011-12-02 17:13:00,44,39099.1,8,5,5,5,Champions,United Kingdom,2009-12
14032,2009-12-14 12:02:00,2011-12-07 15:23:00,16,4546.41,3,5,5,5,Champions,United Kingdom,2009-12
14033,2010-06-02 15:10:00,2010-06-02 15:10:00,1,109.44,556,1,1,1,Hibernating,United Kingdom,2010-06
14034,2011-07-05 13:06:00,2011-11-17 14:02:00,3,651.8199999999999,23,4,3,3,Loyal,United Kingdom,2011-07
14035,2010-04-06 12:39:00,2011-11-11 10:03:00,9,2856.72,29,4,5,4,Champions,United Kingdom,2010-04
14036,2011-02-28 09:26:00,2011-02-28 09:26:00,1,626.65,285,2,1,3,Hibernating,United Kingdom,2011-02
14037,2009-12-07 11:39:00,2011-06-16 13:57:00,6,836.95,177,3,4,3,Loyal,United Kingdom,2009-12
14038,2010-02-04 08:56:00,2011-09-22 13:37:00,5,3069.88,79,3,4,5,Loyal,United Kingdom,2010-02
14039,2010-05-13 10:15:00,2011-11-06 13:48:00,2,267.28000000000003,34,4,2,1,Recent light buyers,United Kingdom,2010-05
14040,2009-12-01 12:14:00,2011-10-30 12:42:00,35,12645.57,41,4,5,5,Champions,United Kingdom,2009-12
14041,2011-03-18 13:25:00,2011-03-18 13:25:00,1,141.41,267,2,1,1,Hibernating,United Kingdom,2011-03
14042,2009-12-14 15:07:00,2009-12-14 15:07:00,1,431.98,726,1,1,2,Hibernating,United Kingdom,2009-12
14043,2009-12-10 15:56:00,2010-08-05 18:18:00,2,304.25,492,1,2,2,Hibernating,United Kingdom,2009-12
14044,2010-01-24 15:14:00,2011-11-13 12:05:00,10,3123.1,27,4,5,5,Champions,United Kingdom,2010-01
14045,2010-01-08 10:08:00,2011-08-22 15:27:00,16,10986.63,110,3,5,5,Loyal,United Kingdom,2010-01
14046,2011-02-28 14:48:00,2011-02-28 14:48:00,1,154.99,285,2,1,1,Hibernating,United Kingdom,2011-02
14047,2010-02-01 10:05:00,2011-12-01 11:43:00,14,3968.11,9,5,5,5,Champions,United Kingdom,2010-02
14048,2010-11-22 14:08:00,2011-02-07 14:53:00,3,748.69,306,2,3,3,At risk,United Kingdom,2010-11
14049,2010-04-01 14:52:00,2011-11-23 12:20:00,13,13239.03,17,5,5,5,Champions,United Kingdom,2010-04
14050,2011-08-25 13:46:00,2011-11-08 10:00:00,2,746.36,32,4,2,3,Recent light buyers,United Kingdom,2011-08
14051,2009-12-03 11:53:00,2011-12-09 10:20:00,37,21810.58,1,5,5,5,Champions,United Kingdom,2009-12
14052,2010-11-14 11:37:00,2011-11-20 12:30:00,2,480.81,20,5,2,2,Recent light buyers,United Kingdom,2010-11
14053,2010-08-10 11:02:00,2011-08-07 14:27:00,4,572.3,125,3,3,2,Loyal,United Kingdom,2010-08
14054,2011-10-05 15:49:00,2011-10-05 15:49:00,1,92.46,66,3,1,1,Developing,United Kingdom,2011-10
14055,2009-12-16 15:11:00,2011-08-25 15:04:00,3,1520.96,107,3,3,4,Loyal,United Kingdom,2009-12
14056,2011-02-28 15:19:00,2011-12-08 13:36:00,23,8214.65,2,5,5,5,Champions,United Kingdom,2011-02
14057,2009-12-03 13:17:00,2011-11-16 10:32:00,22,8408.84,24,4,5,5,Champions,United Kingdom,2009-12
14058,2010-06-27 11:29:00,2010-09-03 09:31:00,2,469.19,463,1,2,2,Hibernating,United Kingdom,2010-06
14059,2011-03-18 10:06:00,2011-03-18 10:06:00,1,183.6,267,2,1,1,Hibernating,United Kingdom,2011-03
14060,2010-03-11 09:47:00,2011-12-05 12:29:00,30,8898.24,5,5,5,5,Champions,United Kingdom,2010-03
14061,2009-12-01 18:03:00,2010-07-20 17:22:00,3,917.4300000000001,508,1,3,3,At risk,United Kingdom,2009-12
14062,2009-12-10 14:28:00,2011-11-30 10:04:00,24,25604.2,10,5,5,5,Champions,United Kingdom,2009-12
14063,2009-12-08 13:46:00,2010-09-27 16:18:00,9,22710.2,439,1,5,5,At risk,United Kingdom,2009-12
14064,2010-01-21 13:22:00,2011-11-10 13:14:00,15,3332.42,30,4,5,5,Champions,United Kingdom,2010-01
14065,2010-10-04 12:03:00,2010-11-15 16:13:00,3,891.02,390,2,3,3,At risk,United Kingdom,2010-10
14066,2011-03-18 12:21:00,2011-03-18 12:21:00,1,152.55,267,2,1,1,Hibernating,United Kingdom,2011-03
14067,2011-09-04 12:00:00,2011-10-07 10:21:00,2,374.7,64,3,2,2,Developing,United Kingdom,2011-09
14068,2010-01-31 10:10:00,2011-01-23 16:02:00,4,1528.3700000000001,321,2,3,4,At risk,United Kingdom,2010-01
14069,2010-05-27 12:30:00,2010-07-13 12:12:00,2,230.06,515,1,2,1,Hibernating,United Kingdom,2010-05
14070,2010-01-24 12:27:00,2010-01-24 12:27:00,1,326.55,685,1,1,2,Hibernating,United Kingdom,2010-01
14071,2011-03-20 11:33:00,2011-12-06 12:27:00,8,1438.82,4,5,4,4,Champions,United Kingdom,2011-03
14072,2010-02-11 12:31:00,2010-02-11 12:31:00,1,390.85,667,1,1,2,Hibernating,United Kingdom,2010-02
14073,2011-11-07 15:49:00,2011-11-07 15:49:00,1,151.04,33,4,1,1,Recent light buyers,United Kingdom,2011-11
14074,2010-03-26 13:55:00,2010-03-26 13:55:00,1,219.39999999999998,624,1,1,1,Hibernating,United Kingdom,2010-03
14075,2010-06-16 14:47:00,2011-12-05 08:38:00,6,1734.87,5,5,4,4,Champions,United Kingdom,2010-06
14076,2011-08-02 15:19:00,2011-08-02 15:19:00,1,122.47,130,3,1,1,Developing,United Kingdom,2011-08
14077,2010-11-09 16:01:00,2011-10-30 12:35:00,6,615.0799999999999,41,4,4,3,Loyal,United Kingdom,2010-11
14078,2010-03-28 15:05:00,2011-08-30 12:16:00,9,1556.3899999999999,102,3,5,4,Loyal,United Kingdom,2010-03
14079,2010-01-26 17:19:00,2011-08-07 12:10:00,2,618.73,125,3,2,3,Developing,United Kingdom,2010-01
14080,2009-12-02 15:01:00,2011-11-07 11:09:00,5,1115.68,33,4,4,3,Loyal,United Kingdom,2009-12
14081,2009-12-10 18:27:00,2011-02-10 16:17:00,10,4946.58,303,2,5,5,At risk,United Kingdom,2009-12
14082,2010-11-12 11:47:00,2010-12-10 11:02:00,2,413.36,365,2,2,2,Hibernating,United Kingdom,2010-11
14083,2009-12-18 11:34:00,2011-12-05 13:14:00,11,1097.72,5,5,5,3,Loyal,United Kingdom,2009-12
14084,2010-07-15 14:36:00,2010-07-15 14:36:00,1,150.5,513,1,1,1,Hibernating,United Kingdom,2010-07
14085,2009-12-08 13:41:00,2011-12-07 13:46:00,33,9796.92,3,5,5,5,Champions,United Kingdom,2009-12
14086,2010-09-03 10:52:00,2010-09-03 10:52:00,1,39.95,463,1,1,1,Hibernating,United Kingdom,2010-09
14087,2009-12-04 15:27:00,2011-12-07 12:41:00,3,846.22,3,5,3,3,Loyal,United Kingdom,2009-12
14088,2010-10-14 19:46:00,2011-11-29 16:16:00,16,64036.8,11,5,5,5,Champions,United Kingdom,2010-10
14089,2011-10-14 10:38:00,2011-10-14 10:38:00,1,161.0,57,4,1,1,Recent light buyers,United Kingdom,2011-10
14090,2011-01-19 10:51:00,2011-01-19 10:51:00,1,76.32000000000001,325,2,1,1,Hibernating,United Kingdom,2011-01
14091,2010-01-10 13:41:00,2010-02-23 15:17:00,2,9530.08,655,1,2,5,Hibernating,United Kingdom,2010-01
14092,2009-12-16 16:24:00,2011-12-02 12:13:00,24,7229.45,8,5,5,5,Champions,United Kingdom,2009-12
14093,2011-11-27 16:27:00,2011-11-27 16:27:00,1,442.85,13,5,1,2,Recent light buyers,United Kingdom,2011-11
14094,2010-09-26 11:58:00,2010-09-26 11:58:00,1,335.22,440,1,1,2,Hibernating,United Kingdom,2010-09
14095,2009-12-17 12:49:00,2009-12-17 12:49:00,1,2.95,723,1,1,1,Hibernating,United Kingdom,2009-12
14096,2011-08-30 10:49:00,2011-12-05 17:17:00,17,65164.79,5,5,5,5,Champions,United Kingdom,2011-08
14097,2010-03-04 10:46:00,2010-08-15 14:20:00,2,422.85999999999996,482,1,2,2,Hibernating,United Kingdom,2010-03
14098,2011-11-03 10:13:00,2011-11-03 10:13:00,1,147.35,37,4,1,1,Recent light buyers,United Kingdom,2011-11
14099,2009-12-10 11:55:00,2011-11-23 13:53:00,20,5765.71,17,5,5,5,Champions,United Kingdom,2009-12
14100,2011-07-25 11:01:00,2011-07-25 11:01:00,1,194.9,138,3,1,1,Developing,United Kingdom,2011-07
14101,2010-03-28 13:36:00,2011-09-27 12:28:00,13,9961.93,74,3,5,5,Loyal,United Kingdom,2010-03
14102,2011-10-26 12:46:00,2011-12-04 15:38:00,5,1360.28,6,5,4,4,Champions,United Kingdom,2011-10
14104,2010-05-28 16:11:00,2011-07-08 12:50:00,5,771.5799999999999,155,3,4,3,Loyal,United Kingdom,2010-05
14105,2009-12-18 16:57:00,2011-04-14 17:58:00,5,5988.83,240,2,4,5,At risk,United Kingdom,2009-12
14106,2009-12-02 14:09:00,2009-12-02 14:09:00,1,214.79999999999998,738,1,1,1,Hibernating,United Kingdom,2009-12
14107,2009-12-09 14:20:00,2011-10-19 12:12:00,11,4877.3,52,4,5,5,Champions,United Kingdom,2009-12
14108,2009-12-01 18:07:00,2011-11-09 10:41:00,4,1044.96,31,4,3,3,Loyal,United Kingdom,2009-12
14109,2011-09-28 10:18:00,2011-09-28 10:18:00,1,144.2,73,3,1,1,Developing,United Kingdom,2011-09
14110,2009-12-01 09:50:00,2011-12-06 12:26:00,33,12987.95,4,5,5,5,Champions,United Kingdom,2009-12
14111,2011-04-12 11:36:00,2011-11-25 13:44:00,4,692.85,15,5,3,3,Loyal,United Kingdom,2011-04
14112,2010-02-23 14:16:00,2011-11-17 12:30:00,13,5834.59,23,4,5,5,Champions,United Kingdom,2010-02
14113,2009-12-08 07:42:00,2011-12-06 12:18:00,16,7092.610000000001,4,5,5,5,Champions,United Kingdom,2009-12
14114,2010-04-12 11:07:00,2011-03-11 09:42:00,7,1364.09,274,2,4,4,At risk,United Kingdom,2010-04
14115,2010-02-11 11:44:00,2010-07-26 12:36:00,2,622.6700000000001,502,1,2,3,Hibernating,United Kingdom,2010-02
14116,2011-08-10 12:44:00,2011-11-20 10:29:00,5,1382.74,20,5,4,4,Champions,United Kingdom,2011-08
14117,2011-07-19 09:49:00,2011-07-19 09:49:00,1,90.0,144,3,1,1,Developing,United Kingdom,2011-07
14118,2010-10-07 11:59:00,2010-10-07 11:59:00,1,458.45,429,1,1,2,Hibernating,United Kingdom,2010-10
14119,2009-12-21 14:52:00,2010-11-29 10:33:00,2,183.37,376,2,2,1,Hibernating,United Kingdom,2009-12
14121,2011-10-11 10:39:00,2011-12-06 12:19:00,4,2780.15,4,5,3,4,Loyal,United Kingdom,2011-10
14122,2009-12-02 14:22:00,2010-10-29 15:11:00,3,362.42,407,2,3,2,At risk,United Kingdom,2009-12
14123,2009-12-06 15:35:00,2009-12-06 15:35:00,1,436.18,734,1,1,2,Hibernating,United Kingdom,2009-12
14124,2011-09-16 13:32:00,2011-09-16 13:32:00,1,419.58000000000004,85,3,1,2,Developing,United Kingdom,2011-09
14125,2011-09-22 15:40:00,2011-11-29 12:47:00,3,2740.43,11,5,3,4,Loyal,United Kingdom,2011-09
14126,2010-09-21 14:51:00,2011-12-02 11:45:00,4,1172.46,8,5,3,3,Loyal,United Kingdom,2010-09
14127,2010-10-10 11:53:00,2011-08-09 10:49:00,6,1900.0800000000002,123,3,4,4,Loyal,United Kingdom,2010-10
14128,2010-06-06 14:05:00,2011-10-10 12:00:00,3,924.21,61,3,3,3,Loyal,United Kingdom,2010-06
14129,2010-05-09 14:54:00,2011-12-08 11:02:00,9,2591.34,2,5,5,4,Champions,United Kingdom,2010-05
14130,2009-12-11 16:33:00,2011-01-24 16:05:00,4,1882.67,320,2,3,4,At risk,United Kingdom,2009-12
14131,2010-03-01 11:59:00,2010-03-01 11:59:00,1,187.87,649,1,1,1,Hibernating,United Kingdom,2010-03
14132,2011-06-09 12:04:00,2011-12-07 13:35:00,11,3586.0299999999997,3,5,5,5,Champions,United Kingdom,2011-06
14133,2009-12-06 12:10:00,2011-08-02 11:34:00,4,911.14,130,3,3,3,Loyal,United Kingdom,2009-12
14134,2009-12-10 09:25:00,2010-11-22 12:26:00,15,11123.35,383,2,5,5,At risk,United Kingdom,2009-12
14135,2009-12-02 08:58:00,2011-12-08 11:38:00,24,8839.67,2,5,5,5,Champions,United Kingdom,2009-12
14136,2009-12-08 09:19:00,2010-11-04 11:53:00,5,1570.81,401,2,4,4,At risk,United Kingdom,2009-12
14137,2010-01-13 12:30:00,2010-01-13 12:30:00,1,332.7,696,1,1,2,Hibernating,United Kingdom,2010-01
14138,2011-10-07 09:38:00,2011-12-08 12:44:00,2,982.3800000000001,2,5,2,3,Recent light buyers,United Kingdom,2011-10
14139,2010-06-15 09:17:00,2011-10-24 13:34:00,4,1086.8,47,4,3,3,Loyal,United Kingdom,2010-06
14140,2011-11-08 11:20:00,2011-12-06 09:05:00,2,935.05,4,5,2,3,Recent light buyers,United Kingdom,2011-11
14141,2011-08-26 14:40:00,2011-12-07 09:53:00,4,915.13,3,5,3,3,Loyal,United Kingdom,2011-08
14142,2010-03-03 15:13:00,2010-12-01 16:33:00,2,671.34,374,2,2,3,Hibernating,United Kingdom,2010-03
14143,2011-07-29 09:48:00,2011-07-29 09:48:00,1,115.8,134,3,1,1,Developing,United Kingdom,2011-07
14144,2010-08-10 15:17:00,2010-08-10 15:17:00,1,30.599999999999998,487,1,1,1,Hibernating,United Kingdom,2010-08
14145,2010-04-08 09:47:00,2011-10-24 12:10:00,7,7600.05,47,4,4,5,Champions,United Kingdom,2010-04
14146,2010-01-13 16:04:00,2011-12-01 10:18:00,12,9450.3,9,5,5,5,Champions,United Kingdom,2010-01
14147,2010-03-09 13:43:00,2011-09-22 18:10:00,9,2590.2,79,3,5,4,Loyal,United Kingdom,2010-03
14148,2010-10-21 14:08:00,2011-04-20 12:02:00,2,466.29,234,2,2,2,Hibernating,United Kingdom,2010-10
14149,2011-05-03 09:44:00,2011-05-03 09:44:00,1,446.62,221,2,1,2,Hibernating,United Kingdom,2011-05
14150,2010-12-15 10:04:00,2011-11-04 10:05:00,2,658.64,36,4,2,3,Recent light buyers,United Kingdom,2010-12
14151,2009-12-23 10:54:00,2010-02-04 15:35:00,2,679.45,674,1,2,3,Hibernating,United Kingdom,2009-12
14152,2010-02-18 13:57:00,2011-09-25 12:54:00,7,1997.3400000000001,76,3,4,4,Loyal,United Kingdom,2010-02
14153,2010-08-13 14:35:00,2010-08-13 14:35:00,1,233.4,484,1,1,1,Hibernating,United Kingdom,2010-08
14154,2010-01-13 12:47:00,2011-04-14 16:26:00,8,6460.7,240,2,4,5,At risk,United Kingdom,2010-01
14155,2011-03-18 14:13:00,2011-03-18 14:13:00,1,118.75,267,2,1,1,Hibernating,United Kingdom,2011-03
14156,2009-12-01 12:30:00,2011-11-30 10:54:00,156,313624.17,10,5,5,5,Champions,EIRE,2009-12
14157,2010-03-03 16:49:00,2011-11-20 11:32:00,5,1002.78,20,5,4,3,Loyal,United Kingdom,2010-03
14158,2011-10-30 15:08:00,2011-10-30 15:08:00,1,507.66,41,4,1,2,Recent light buyers,United Kingdom,2011-10
14159,2009-12-03 12:31:00,2011-11-20 12:36:00,20,7938.01,20,5,5,5,Champions,United Kingdom,2009-12
14160,2010-01-10 12:06:00,2010-04-08 14:30:00,7,8421.47,611,1,4,5,At risk,United Kingdom,2010-01
14161,2009-12-13 11:46:00,2011-05-08 11:41:00,7,3035.73,216,2,4,5,At risk,United Kingdom,2009-12
14162,2011-02-20 12:32:00,2011-06-19 11:36:00,2,289.36,174,3,2,2,Developing,United Kingdom,2011-02
14163,2010-09-03 17:15:00,2011-09-13 15:18:00,5,2594.62,88,3,4,4,Loyal,United Kingdom,2010-09
14164,2011-09-20 12:18:00,2011-09-30 12:24:00,2,1631.77,71,3,2,4,Developing,United Kingdom,2011-09
14165,2011-03-09 12:39:00,2011-03-09 12:39:00,1,122.53999999999999,276,2,1,1,Hibernating,United Kingdom,2011-03
14166,2010-03-23 15:10:00,2010-07-22 19:42:00,2,256.85,506,1,2,1,Hibernating,United Kingdom,2010-03
14167,2010-01-27 16:07:00,2011-10-31 14:29:00,8,1296.49,40,4,4,4,Champions,United Kingdom,2010-01
14168,2010-05-24 12:28:00,2010-10-15 10:49:00,2,370.45,421,1,2,2,Hibernating,United Kingdom,2010-05
14169,2010-09-21 13:39:00,2010-10-05 08:45:00,2,624.4300000000001,431,1,2,3,Hibernating,United Kingdom,2010-09
14170,2010-11-09 14:06:00,2010-11-29 13:10:00,3,597.33,376,2,3,2,At risk,United Kingdom,2010-11
14171,2009-12-09 13:50:00,2011-09-02 16:43:00,2,498.79,99,3,2,2,Developing,United Kingdom,2009-12
14172,2010-03-07 10:58:00,2010-04-13 13:26:00,3,402.72,606,1,3,2,At risk,United Kingdom,2010-03
14173,2009-12-09 12:46:00,2011-11-29 11:54:00,6,586.0,11,5,4,2,Loyal,United Kingdom,2009-12
14174,2011-11-06 13:17:00,2011-11-06 13:17:00,1,134.46,34,4,1,1,Recent light buyers,United Kingdom,2011-11
14175,2010-03-22 10:43:00,2011-10-11 11:55:00,8,7678.88,60,3,4,5,Loyal,United Kingdom,2010-03
14176,2010-11-23 13:21:00,2011-02-15 13:12:00,5,756.46,298,2,4,3,At risk,United Kingdom,2010-11
14177,2010-02-26 11:59:00,2011-09-14 15:11:00,13,2229.34,87,3,5,4,Loyal,United Kingdom,2010-02
14178,2011-06-10 12:51:00,2011-12-01 12:01:00,7,1620.93,9,5,4,4,Champions,United Kingdom,2011-06
14179,2011-10-18 14:00:00,2011-10-30 12:07:00,2,719.78,41,4,2,3,Recent light buyers,United Kingdom,2011-10
14180,2010-06-09 14:56:00,2011-11-29 10:56:00,33,6117.5,11,5,5,5,Champions,United Kingdom,2010-06
14181,2010-05-26 12:32:00,2010-10-25 08:27:00,2,310.55,411,2,2,2,Hibernating,United Kingdom,2010-05
14182,2010-04-22 15:36:00,2010-09-22 11:45:00,4,678.77,444,1,3,3,At risk,United Kingdom,2010-04
14183,2010-08-15 15:36:00,2010-10-24 14:45:00,2,286.29,412,1,2,1,Hibernating,United Kingdom,2010-08
14184,2011-10-04 12:43:00,2011-10-04 12:43:00,1,452.89,67,3,1,2,Developing,United Kingdom,2011-10
14185,2011-01-12 13:52:00,2011-01-12 13:52:00,1,197.65,332,2,1,1,Hibernating,United Kingdom,2011-01
14186,2010-03-05 11:17:00,2010-10-08 13:30:00,5,1550.63,428,1,4,4,At risk,United Kingdom,2010-03
14187,2010-08-23 12:06:00,2010-08-23 12:06:00,1,123.5,474,1,1,1,Hibernating,United Kingdom,2010-08
14188,2011-02-02 13:46:00,2011-11-09 12:45:00,6,2054.36,31,4,4,4,Champions,United Kingdom,2011-02
14189,2010-11-16 09:28:00,2011-12-07 15:55:00,16,5503.15,3,5,5,5,Champions,United Kingdom,2010-11
14190,2010-02-11 14:27:00,2010-02-11 14:27:00,1,79.9,667,1,1,1,Hibernating,United Kingdom,2010-02
14191,2009-12-11 10:48:00,2011-12-08 09:23:00,15,4817.66,2,5,5,5,Champions,United Kingdom,2009-12
14192,2010-11-16 17:44:00,2010-11-16 17:44:00,1,293.74,389,2,1,2,Hibernating,United Kingdom,2010-11
14193,2010-11-08 12:31:00,2011-10-03 09:34:00,3,1210.19,68,3,3,3,Loyal,United Kingdom,2010-11
14194,2010-01-06 12:16:00,2011-12-05 10:38:00,36,18670.59,5,5,5,5,Champions,United Kingdom,2010-01
14195,2010-03-15 17:12:00,2011-05-22 10:29:00,6,2615.6,202,2,4,4,At risk,United Kingdom,2010-03
14196,2011-08-25 10:25:00,2011-08-25 10:25:00,1,335.52,107,3,1,2,Developing,United Kingdom,2011-08
14197,2010-10-25 10:01:00,2010-10-25 10:01:00,1,390.05,411,2,1,2,Hibernating,United Kingdom,2010-10
14198,2010-01-05 10:07:00,2011-11-21 16:35:00,9,1569.73,19,5,5,4,Champions,United Kingdom,2010-01
14199,2010-06-27 12:13:00,2011-05-05 13:44:00,4,1091.7,219,2,3,3,At risk,United Kingdom,2010-06
14200,2010-04-01 13:01:00,2010-04-01 13:01:00,1,379.2,618,1,1,2,Hibernating,United Kingdom,2010-04
14201,2010-04-30 13:00:00,2011-10-10 13:27:00,10,1193.54,61,3,5,3,Loyal,United Kingdom,2010-04
14202,2010-03-25 10:36:00,2010-11-23 17:13:00,3,847.76,382,2,3,3,At risk,United Kingdom,2010-03
14203,2010-11-07 13:35:00,2010-11-07 13:35:00,1,339.34,398,2,1,2,Hibernating,United Kingdom,2010-11
14204,2009-12-02 13:26:00,2011-12-07 13:38:00,4,1062.96,3,5,3,3,Loyal,United Kingdom,2009-12
14205,2010-03-07 12:20:00,2011-11-23 10:55:00,9,2414.2,17,5,5,4,Champions,United Kingdom,2010-03
14206,2010-11-02 11:37:00,2011-04-14 16:38:00,3,1185.01,240,2,3,3,At risk,United Kingdom,2010-11
14207,2010-01-21 09:33:00,2010-01-21 09:33:00,1,157.8,688,1,1,1,Hibernating,United Kingdom,2010-01
14208,2010-06-06 13:11:00,2011-09-06 12:48:00,2,567.05,95,3,2,2,Developing,United Kingdom,2010-06
14209,2010-01-22 10:28:00,2011-11-29 10:18:00,15,4993.27,11,5,5,5,Champions,United Kingdom,2010-01
14210,2010-01-06 10:17:00,2011-08-26 12:36:00,16,5556.570000000001,106,3,5,5,Loyal,United Kingdom,2010-01
14211,2009-12-09 12:48:00,2011-10-17 13:23:00,18,4402.29,54,4,5,5,Champions,United Kingdom,2009-12
14212,2010-09-20 11:48:00,2011-09-11 12:45:00,2,2190.14,90,3,2,4,Developing,United Kingdom,2010-09
14213,2010-10-31 10:37:00,2010-10-31 10:37:00,1,1192.2,405,2,1,3,Hibernating,United Kingdom,2010-10
14214,2011-03-07 12:26:00,2011-11-09 10:31:00,5,1004.38,31,4,4,3,Loyal,United Kingdom,2011-03
14215,2009-12-08 09:35:00,2011-11-28 12:19:00,9,3250.33,12,5,5,5,Champions,United Kingdom,2009-12
14216,2010-10-21 15:07:00,2011-12-06 14:56:00,5,2150.04,4,5,4,4,Champions,United Kingdom,2010-10
14217,2010-06-30 12:54:00,2011-12-08 11:53:00,23,3298.59,2,5,5,5,Champions,United Kingdom,2010-06
14218,2011-10-28 10:00:00,2011-10-28 10:00:00,1,169.48000000000002,43,4,1,1,Recent light buyers,United Kingdom,2011-10
14219,2010-08-03 14:42:00,2011-12-05 16:23:00,3,633.83,5,5,3,3,Loyal,United Kingdom,2010-08
14220,2010-05-19 13:26:00,2011-04-06 13:23:00,4,1515.0,248,2,3,4,At risk,United Kingdom,2010-05
14221,2010-04-06 14:10:00,2011-10-28 13:42:00,17,6517.49,43,4,5,5,Champions,United Kingdom,2010-04
14222,2011-06-15 16:42:00,2011-06-15 16:42:00,1,683.17,178,3,1,3,Developing,United Kingdom,2011-06
14223,2011-03-20 16:02:00,2011-09-08 13:38:00,3,991.13,93,3,3,3,Loyal,United Kingdom,2011-03
14224,2010-06-13 13:46:00,2011-08-21 13:24:00,9,1897.9,111,3,5,4,Loyal,United Kingdom,2010-06
14225,2010-01-12 15:02:00,2010-10-01 10:32:00,4,2037.02,435,1,3,4,At risk,United Kingdom,2010-01
14226,2010-09-24 14:32:00,2011-11-11 11:34:00,6,3002.53,29,4,4,5,Champions,United Kingdom,2010-09
14227,2010-02-08 09:38:00,2011-11-13 15:48:00,15,6368.71,27,4,5,5,Champions,United Kingdom,2010-02
14228,2010-06-11 12:29:00,2010-09-28 09:45:00,3,745.5,438,1,3,3,At risk,United Kingdom,2010-06
14229,2010-08-25 11:47:00,2011-10-19 10:04:00,7,2594.04,52,4,4,4,Champions,United Kingdom,2010-08
14230,2010-06-09 13:56:00,2010-09-30 09:07:00,3,979.8000000000001,436,1,3,3,At risk,United Kingdom,2010-06
14231,2010-09-15 09:52:00,2011-06-09 11:05:00,4,1235.6200000000001,184,3,3,4,Loyal,United Kingdom,2010-09
14232,2011-03-20 12:44:00,2011-10-28 11:09:00,5,2048.07,43,4,4,4,Champions,United Kingdom,2011-03
14233,2010-03-05 16:35:00,2011-10-21 15:54:00,7,2904.27,50,4,4,4,Champions,United Kingdom,2010-03
14234,2011-10-13 13:58:00,2011-11-17 17:53:00,4,775.46,23,4,3,3,Loyal,United Kingdom,2011-10
14235,2010-03-30 13:36:00,2011-09-25 14:37:00,9,4717.99,76,3,5,5,Loyal,United Kingdom,2010-03
14236,2010-07-22 14:27:00,2011-09-20 09:13:00,5,1555.34,81,3,4,4,Loyal,United Kingdom,2010-07
14237,2010-04-28 10:04:00,2010-12-01 13:20:00,2,471.14,374,2,2,2,Hibernating,United Kingdom,2010-04
14238,2009-12-05 10:58:00,2011-01-17 14:40:00,3,434.23,327,2,3,2,At risk,United Kingdom,2009-12
14239,2009-12-05 12:36:00,2011-10-27 14:40:00,21,4263.17,44,4,5,5,Champions,United Kingdom,2009-12
14240,2010-10-12 12:48:00,2011-11-09 13:45:00,3,1247.49,31,4,3,4,Loyal,United Kingdom,2010-10
14241,2010-01-12 15:11:00,2011-06-09 11:46:00,2,333.70000000000005,184,3,2,2,Developing,United Kingdom,2010-01
14242,2011-01-18 08:53:00,2011-04-19 11:46:00,2,280.55,235,2,2,1,Hibernating,United Kingdom,2011-01
14243,2010-08-20 13:41:00,2011-12-01 11:12:00,17,7217.75,9,5,5,5,Champions,United Kingdom,2010-08
14244,2010-02-17 11:40:00,2010-02-17 11:40:00,1,366.41999999999996,661,1,1,2,Hibernating,United Kingdom,2010-02
14245,2011-03-21 10:41:00,2011-05-04 08:40:00,2,1693.45,220,2,2,4,Hibernating,United Kingdom,2011-03
14246,2011-04-08 08:25:00,2011-08-21 11:50:00,3,1474.06,111,3,3,4,Loyal,United Kingdom,2011-04
14247,2010-06-06 15:07:00,2011-03-06 15:21:00,5,772.66,279,2,4,3,At risk,United Kingdom,2010-06
14248,2010-07-12 14:27:00,2011-01-25 14:45:00,3,1032.95,319,2,3,3,At risk,United Kingdom,2010-07
14249,2010-01-29 14:21:00,2010-10-25 12:34:00,12,5625.461,411,2,5,5,At risk,United Kingdom,2010-01
14250,2011-09-11 13:44:00,2011-12-02 14:30:00,3,1904.05,8,5,3,4,Loyal,United Kingdom,2011-09
14251,2011-10-13 12:46:00,2011-12-08 08:32:00,5,2879.7000000000003,2,5,4,4,Champions,United Kingdom,2011-10
14252,2010-11-23 13:36:00,2010-11-23 13:36:00,1,350.99,382,2,1,2,Hibernating,United Kingdom,2010-11
14253,2010-03-26 15:08:00,2010-08-03 14:55:00,2,363.40000000000003,494,1,2,2,Hibernating,United Kingdom,2010-03
14254,2010-10-03 11:52:00,2010-10-03 11:52:00,1,601.03,433,1,1,2,Hibernating,United Kingdom,2010-10
14255,2010-06-11 15:54:00,2010-06-11 15:54:00,1,1000.63,547,1,1,3,Hibernating,United Kingdom,2010-06
14256,2010-01-14 10:35:00,2011-03-24 13:17:00,5,2473.9900000000002,261,2,4,4,At risk,United Kingdom,2010-01
14257,2010-03-01 15:36:00,2011-10-06 16:54:00,9,5954.45,65,3,5,5,Loyal,United Kingdom,2010-03
14258,2009-12-04 08:36:00,2011-11-30 15:27:00,25,32051.34,10,5,5,5,Champions,United Kingdom,2009-12
14259,2011-07-21 10:44:00,2011-07-21 10:44:00,1,120.0,142,3,1,1,Developing,United Kingdom,2011-07
14260,2010-06-09 11:23:00,2010-08-25 14:55:00,3,824.28,472,1,3,3,At risk,United Kingdom,2010-06
14261,2011-09-22 10:47:00,2011-10-20 10:04:00,2,1163.45,51,4,2,3,Recent light buyers,United Kingdom,2011-09
14262,2011-04-13 12:23:00,2011-12-01 14:17:00,8,2618.23,9,5,4,4,Champions,United Kingdom,2011-04
14263,2010-10-12 14:09:00,2010-10-12 14:09:00,1,322.93,424,1,1,2,Hibernating,United Kingdom,2010-10
14264,2010-04-07 13:21:00,2011-07-08 10:20:00,6,1517.3600000000001,155,3,4,4,Loyal,United Kingdom,2010-04
14265,2010-04-06 14:39:00,2011-08-22 13:32:00,4,1373.35,110,3,3,4,Loyal,Unspecified,2010-04
14266,2010-10-07 13:32:00,2010-10-07 13:32:00,1,40.56,429,1,1,1,Hibernating,United Kingdom,2010-10
14267,2011-03-24 11:38:00,2011-06-30 10:09:00,3,1516.24,163,3,3,4,Loyal,United Kingdom,2011-03
14268,2010-08-26 10:45:00,2010-08-26 10:45:00,1,354.85,471,1,1,2,Hibernating,United Kingdom,2010-08
14269,2010-09-26 12:53:00,2010-09-26 12:53:00,1,295.73,440,1,1,2,Hibernating,United Kingdom,2010-09
14270,2011-01-12 09:33:00,2011-01-12 09:33:00,1,492.65000000000003,332,2,1,2,Hibernating,United Kingdom,2011-01
14271,2010-10-26 17:01:00,2011-04-28 12:47:00,2,219.13,226,2,2,1,Hibernating,United Kingdom,2010-10
14272,2010-05-06 14:01:00,2011-09-27 10:08:00,4,920.81,74,3,3,3,Loyal,United Kingdom,2010-05
14273,2011-04-11 13:24:00,2011-10-19 13:20:00,4,559.97,52,4,3,2,Loyal,United Kingdom,2011-04
14274,2010-01-22 12:51:00,2010-01-22 12:51:00,1,256.6,687,1,1,1,Hibernating,United Kingdom,2010-01
14275,2010-04-11 12:32:00,2010-11-09 09:06:00,6,1189.3799999999999,396,2,4,3,At risk,United Kingdom,2010-04
14276,2010-02-17 13:10:00,2011-09-02 09:45:00,7,2102.68,99,3,4,4,Loyal,United Kingdom,2010-02
14277,2009-12-13 15:43:00,2011-11-24 15:01:00,9,17225.81,16,5,5,5,Champions,France,2009-12
14278,2010-10-26 12:07:00,2010-10-26 12:07:00,1,205.83,410,2,1,1,Hibernating,United Kingdom,2010-10
14279,2010-01-27 16:34:00,2010-07-07 08:42:00,2,191.86,521,1,2,1,Hibernating,United Kingdom,2010-01
14280,2011-05-27 10:37:00,2011-05-27 10:37:00,1,134.04,197,2,1,1,Hibernating,United Kingdom,2011-05
14281,2010-10-27 14:45:00,2010-10-27 14:45:00,1,245.15,409,2,1,1,Hibernating,United Kingdom,2010-10
14282,2010-02-15 11:22:00,2011-12-06 17:04:00,25,7278.66,4,5,5,5,Champions,United Kingdom,2010-02
14283,2010-05-19 12:22:00,2010-09-02 14:46:00,4,628.4399999999999,464,1,3,3,At risk,United Kingdom,2010-05
14284,2010-02-24 12:06:00,2011-11-09 08:11:00,3,1299.65,31,4,3,4,Loyal,United Kingdom,2010-02
14285,2009-12-08 14:13:00,2011-11-18 14:50:00,8,3284.42,22,4,4,5,Champions,United Kingdom,2009-12
14286,2009-12-04 08:40:00,2011-11-16 10:34:00,7,8479.76,24,4,4,5,Champions,United Kingdom,2009-12
14287,2011-05-25 11:41:00,2011-12-01 13:25:00,3,176.63,9,5,3,1,Loyal,United Kingdom,2011-05
14288,2011-05-10 13:22:00,2011-05-10 13:22:00,1,426.6,214,2,1,2,Hibernating,United Kingdom,2011-05
14289,2011-02-23 12:33:00,2011-12-01 11:44:00,6,911.26,9,5,4,3,Loyal,United Kingdom,2011-02
14290,2009-12-08 11:44:00,2011-11-28 14:02:00,8,4516.56,12,5,4,5,Champions,United Kingdom,2009-12
14291,2009-12-09 10:46:00,2011-12-08 10:26:00,23,7904.1,2,5,5,5,Champions,United Kingdom,2009-12
14292,2010-03-19 11:10:00,2011-12-02 11:50:00,16,9226.25,8,5,5,5,Champions,United Kingdom,2010-03
14293,2009-12-10 10:57:00,2011-12-06 15:17:00,9,2903.01,4,5,5,4,Champions,United Kingdom,2009-12
14294,2010-10-28 16:25:00,2010-10-28 16:25:00,1,375.34,408,2,1,2,Hibernating,United Kingdom,2010-10
14295,2009-12-08 09:49:00,2011-10-30 15:50:00,5,2362.91,41,4,4,4,Champions,United Kingdom,2009-12
14296,2010-05-14 14:34:00,2010-10-14 14:14:00,2,456.40000000000003,422,1,2,2,Hibernating,United Kingdom,2010-05
14297,2011-03-10 08:31:00,2011-11-22 09:06:00,4,1305.33,18,5,3,4,Loyal,United Kingdom,2011-03
14298,2009-12-11 13:49:00,2011-12-01 13:12:00,82,91194.49,9,5,5,5,Champions,United Kingdom,2009-12
14299,2009-12-02 10:58:00,2011-12-01 16:05:00,27,14070.25,9,5,5,5,Champions,United Kingdom,2009-12
14300,2011-11-21 08:57:00,2011-11-21 08:57:00,1,43.2,19,5,1,1,Recent light buyers,United Kingdom,2011-11
14301,2010-02-11 13:07:00,2011-08-14 15:33:00,4,1992.18,118,3,3,4,Loyal,United Kingdom,2010-02
14302,2009-12-02 08:16:00,2010-10-05 08:10:00,3,742.9000000000001,431,1,3,3,At risk,United Kingdom,2009-12
14303,2010-10-01 10:31:00,2010-10-28 15:37:00,2,277.94,408,2,2,1,Hibernating,United Kingdom,2010-10
14304,2010-05-18 10:50:00,2011-05-01 11:50:00,3,1725.01,223,2,3,4,At risk,United Kingdom,2010-05
14305,2011-07-27 14:14:00,2011-09-29 15:29:00,3,1858.96,72,3,3,4,Loyal,United Kingdom,2011-07
14306,2010-01-31 13:42:00,2011-10-19 13:23:00,6,3151.4,52,4,4,5,Champions,United Kingdom,2010-01
14307,2009-12-07 13:06:00,2011-09-12 09:38:00,10,4287.92,89,3,5,5,Loyal,United Kingdom,2009-12
14308,2010-06-08 16:39:00,2010-06-08 16:48:00,2,1147.02,550,1,2,3,Hibernating,United Kingdom,2010-06
14309,2010-06-07 10:24:00,2011-12-01 13:33:00,11,3780.81,9,5,5,5,Champions,United Kingdom,2010-06
14310,2010-10-03 12:34:00,2010-10-03 12:34:00,1,492.1,433,1,1,2,Hibernating,United Kingdom,2010-10
14311,2010-05-21 10:28:00,2011-04-11 10:14:00,2,516.45,243,2,2,2,Hibernating,United Kingdom,2010-05
14312,2010-07-23 15:05:00,2011-10-24 09:46:00,11,3090.29,47,4,5,5,Champions,United Kingdom,2010-07
14314,2010-10-05 08:00:00,2011-08-25 10:39:00,2,229.8,107,3,2,1,Developing,United Kingdom,2010-10
14315,2010-03-15 12:49:00,2011-10-26 12:06:00,8,3197.82,45,4,4,5,Champions,United Kingdom,2010-03
14316,2010-03-19 15:18:00,2010-10-13 16:31:00,5,1370.34,423,1,4,4,At risk,United Kingdom,2010-03
14317,2011-10-06 10:44:00,2011-10-06 10:44:00,1,508.58000000000004,65,3,1,2,Developing,United Kingdom,2011-10
14318,2010-09-05 15:32:00,2010-09-05 15:32:00,1,158.02,461,1,1,1,Hibernating,United Kingdom,2010-09
14319,2010-10-11 13:38:00,2010-10-11 13:38:00,1,494.85,425,1,1,2,Hibernating,United Kingdom,2010-10
14320,2010-01-21 11:44:00,2011-05-17 09:24:00,5,1346.75,207,2,4,4,At risk,United Kingdom,2010-01
14321,2010-08-23 12:56:00,2011-11-29 09:47:00,7,2218.06,11,5,4,4,Champions,United Kingdom,2010-08
14322,2010-02-18 08:49:00,2010-10-06 15:17:00,4,474.1,430,1,3,2,At risk,United Kingdom,2010-02
14323,2011-04-15 11:44:00,2011-08-17 11:37:00,2,605.0600000000001,115,3,2,2,Developing,United Kingdom,2011-04
14324,2010-01-15 13:31:00,2010-10-26 11:44:00,2,701.61,410,2,2,3,Hibernating,United Kingdom,2010-01
14325,2010-05-19 09:20:00,2010-05-19 09:20:00,1,245.48000000000002,570,1,1,1,Hibernating,United Kingdom,2010-05
14326,2010-06-25 12:10:00,2011-04-11 15:04:00,3,940.98,243,2,3,3,At risk,United Kingdom,2010-06
14327,2010-01-08 14:04:00,2011-06-29 13:58:00,6,1894.93,164,3,4,4,Loyal,United Kingdom,2010-01
14328,2010-09-27 16:01:00,2010-09-27 16:01:00,1,445.05,439,1,1,2,Hibernating,United Kingdom,2010-09
14329,2009-12-16 15:31:00,2011-11-22 15:50:00,15,9927.22,18,5,5,5,Champions,United Kingdom,2009-12
14330,2010-03-26 09:10:00,2010-03-26 09:10:00,1,200.63,624,1,1,1,Hibernating,United Kingdom,2010-03
14331,2011-07-27 15:14:00,2011-08-07 13:17:00,2,462.65999999999997,125,3,2,2,Developing,United Kingdom,2011-07
14332,2010-10-19 13:01:00,2011-11-17 11:54:00,5,1943.51,23,4,4,4,Champions,United Kingdom,2010-10
14333,2011-10-03 10:38:00,2011-10-03 10:38:00,1,415.2,68,3,1,2,Developing,United Kingdom,2011-10
14334,2010-05-20 10:04:00,2011-11-23 10:01:00,12,4318.48,17,5,5,5,Champions,United Kingdom,2010-05
14335,2011-09-04 13:07:00,2011-11-23 13:41:00,2,468.26,17,5,2,2,Recent light buyers,Germany,2011-09
14336,2011-03-08 16:48:00,2011-11-23 11:40:00,4,1614.91,17,5,3,4,Loyal,United Kingdom,2011-03
14338,2010-06-21 10:32:00,2011-07-01 14:08:00,3,928.1,162,3,3,3,Loyal,United Kingdom,2010-06
14339,2010-10-07 08:50:00,2011-04-11 11:06:00,2,620.27,243,2,2,3,Hibernating,United Kingdom,2010-10
14340,2011-05-05 09:44:00,2011-05-05 09:44:00,1,134.7,219,2,1,1,Hibernating,United Kingdom,2011-05
14341,2009-12-01 12:20:00,2011-10-25 15:48:00,18,4467.32,46,4,5,5,Champions,United Kingdom,2009-12
14342,2010-08-24 13:03:00,2011-11-18 13:21:00,6,918.44,22,4,4,3,Loyal,United Kingdom,2010-08
14343,2010-01-18 16:47:00,2010-10-14 13:05:00,4,1088.91,422,1,3,3,At risk,United Kingdom,2010-01
14344,2010-03-23 15:47:00,2011-08-04 13:51:00,20,2993.05,128,3,5,5,Loyal,United Kingdom,2010-03
14345,2011-11-01 09:51:00,2011-11-01 09:51:00,1,108.97999999999999,39,4,1,1,Recent light buyers,United Kingdom,2011-11
14346,2010-07-30 10:44:00,2011-08-11 09:47:00,5,2315.75,121,3,4,4,Loyal,United Kingdom,2010-07
14347,2009-12-03 10:49:00,2009-12-03 10:49:00,1,82.6,737,1,1,1,Hibernating,United Kingdom,2009-12
14348,2011-03-24 16:23:00,2011-03-24 16:23:00,1,409.57,261,2,1,2,Hibernating,United Kingdom,2011-03
14349,2011-11-29 15:39:00,2011-11-29 15:39:00,1,133.5,11,5,1,1,Recent light buyers,United Kingdom,2011-11
14350,2010-10-05 15:52:00,2011-03-10 14:14:00,3,972.03,275,2,3,3,At risk,United Kingdom,2010-10
14351,2011-06-28 11:56:00,2011-06-28 11:56:00,1,51.0,165,3,1,1,Developing,United Kingdom,2011-06
14352,2011-03-11 14:58:00,2011-07-05 15:41:00,4,1078.96,158,3,3,3,Loyal,United Kingdom,2011-03
14353,2010-10-04 12:38:00,2011-05-08 16:06:00,3,376.5,216,2,3,2,At risk,United Kingdom,2010-10
14354,2011-11-09 15:36:00,2011-12-04 11:32:00,2,163.62,6,5,2,1,Recent light buyers,United Kingdom,2011-11
14355,2010-03-22 15:08:00,2010-12-09 12:16:00,3,840.0500000000001,366,2,3,3,At risk,United Kingdom,2010-03
14356,2011-09-19 14:43:00,2011-09-21 09:18:00,2,701.23,80,3,2,3,Developing,United Kingdom,2011-09
14357,2011-10-27 16:23:00,2011-10-27 16:23:00,1,225.77,44,4,1,1,Recent light buyers,United Kingdom,2011-10
14358,2010-10-07 17:26:00,2010-11-15 15:51:00,2,400.06,390,2,2,2,Hibernating,United Kingdom,2010-10
14359,2011-09-13 09:03:00,2011-11-20 13:17:00,3,912.18,20,5,3,3,Loyal,United Kingdom,2011-09
14360,2011-09-06 11:58:00,2011-11-08 09:12:00,4,2128.23,32,4,3,4,Loyal,United Kingdom,2011-09
14361,2010-05-10 12:29:00,2010-05-10 12:29:00,1,214.70999999999998,579,1,1,1,Hibernating,United Kingdom,2010-05
14362,2011-11-17 15:08:00,2011-11-17 15:08:00,1,161.2,23,4,1,1,Recent light buyers,United Kingdom,2011-11
14363,2010-09-14 14:39:00,2010-11-02 17:01:00,2,227.47000000000003,403,2,2,1,Hibernating,United Kingdom,2010-09
14364,2011-05-12 12:56:00,2011-08-23 11:01:00,8,3717.35,109,3,4,5,Loyal,United Kingdom,2011-05
14365,2010-01-27 09:44:00,2010-11-10 09:52:00,2,634.68,395,2,2,3,Hibernating,United Kingdom,2010-01
14366,2010-07-02 17:23:00,2010-07-02 17:23:00,1,136.0,526,1,1,1,Hibernating,United Kingdom,2010-07
14367,2011-03-08 14:12:00,2011-12-01 13:19:00,16,9261.52,9,5,5,5,Champions,United Kingdom,2011-03
14368,2011-01-24 09:52:00,2011-01-24 09:52:00,1,155.0,320,2,1,1,Hibernating,United Kingdom,2011-01
14369,2010-02-16 10:28:00,2010-03-07 15:47:00,2,469.13,643,1,2,2,Hibernating,United Kingdom,2010-02
14370,2010-02-01 08:35:00,2010-09-15 10:53:00,6,1175.78,451,1,4,3,At risk,United Kingdom,2010-02
14371,2011-02-17 16:35:00,2011-02-17 16:35:00,1,100.5,296,2,1,1,Hibernating,United Kingdom,2011-02
14372,2010-04-19 15:57:00,2010-09-22 16:17:00,2,860.08,444,1,2,3,Hibernating,United Kingdom,2010-04
14373,2010-12-16 15:40:00,2010-12-16 15:40:00,1,76.55,359,2,1,1,Hibernating,United Kingdom,2010-12
14374,2010-06-16 14:25:00,2010-06-16 14:25:00,1,108.0,542,1,1,1,Hibernating,United Kingdom,2010-06
14375,2010-06-16 14:34:00,2011-06-07 13:44:00,3,1132.99,186,3,3,3,Loyal,United Kingdom,2010-06
14376,2010-01-25 15:36:00,2010-01-25 15:36:00,1,215.46,684,1,1,1,Hibernating,United Kingdom,2010-01
14377,2011-03-22 13:38:00,2011-06-01 13:32:00,2,617.05,192,2,2,3,Hibernating,United Kingdom,2011-03
14378,2010-03-28 12:22:00,2010-03-28 12:22:00,1,131.25,622,1,1,1,Hibernating,United Kingdom,2010-03
14379,2010-08-16 15:31:00,2011-10-26 16:43:00,4,1268.91,45,4,3,4,Loyal,United Kingdom,2010-08
14380,2010-01-26 17:11:00,2010-01-26 17:11:00,1,48.96,683,1,1,1,Hibernating,United Kingdom,2010-01
14381,2010-09-14 16:15:00,2011-10-18 17:10:00,2,631.34,53,4,2,3,Recent light buyers,United Kingdom,2010-09
14382,2010-11-14 16:32:00,2011-11-13 16:18:00,2,1246.8,27,4,2,4,Recent light buyers,United Kingdom,2010-11
14383,2011-06-29 10:18:00,2011-11-01 15:53:00,3,1247.69,39,4,3,4,Loyal,United Kingdom,2011-06
14384,2010-07-27 09:53:00,2010-07-27 09:53:00,1,58.5,501,1,1,1,Hibernating,United Kingdom,2010-07
14385,2011-11-16 11:55:00,2011-11-30 15:36:00,3,202.11,10,5,3,1,Loyal,United Kingdom,2011-11
14386,2011-02-16 09:45:00,2011-02-16 09:45:00,1,142.4,297,2,1,1,Hibernating,United Kingdom,2011-02
14387,2011-08-22 14:13:00,2011-11-07 12:29:00,3,1770.56,33,4,3,4,Loyal,United Kingdom,2011-08
14388,2010-01-20 11:54:00,2011-11-29 13:32:00,16,6388.2,11,5,5,5,Champions,United Kingdom,2010-01
14389,2010-04-28 14:57:00,2011-10-05 15:17:00,5,1898.01,66,3,4,4,Loyal,United Kingdom,2010-04
14390,2010-10-10 14:30:00,2011-11-29 13:49:00,13,6176.13,11,5,5,5,Champions,United Kingdom,2010-10
14391,2010-05-12 09:42:00,2010-05-12 09:42:00,1,135.6,577,1,1,1,Hibernating,United Kingdom,2010-05
14392,2010-10-03 12:56:00,2010-10-03 12:56:00,1,266.4,433,1,1,1,Hibernating,United Kingdom,2010-10
14393,2011-05-05 18:16:00,2011-05-05 18:16:00,1,67.95,219,2,1,1,Hibernating,United Kingdom,2011-05
14394,2010-05-24 10:43:00,2010-05-24 10:43:00,1,93.8,565,1,1,1,Hibernating,United Kingdom,2010-05
14395,2010-04-18 13:12:00,2011-12-07 14:34:00,20,7899.33,3,5,5,5,Champions,United Kingdom,2010-04
14396,2009-12-02 14:21:00,2011-10-05 16:09:00,7,2011.58,66,3,4,4,Loyal,United Kingdom,2009-12
14397,2011-05-10 12:25:00,2011-12-07 09:22:00,19,2612.96,3,5,5,4,Champions,United Kingdom,2011-05
14398,2010-06-30 11:57:00,2010-11-03 13:46:00,2,707.79,402,2,2,3,Hibernating,United Kingdom,2010-06
14399,2010-02-03 13:09:00,2010-11-10 13:23:00,8,2113.16,395,2,4,4,At risk,United Kingdom,2010-02
14400,2010-03-18 12:11:00,2011-07-13 15:50:00,3,1732.47,150,3,3,4,Loyal,United Kingdom,2010-03
14401,2009-12-14 13:22:00,2011-12-05 13:30:00,22,6795.9,5,5,5,5,Champions,United Kingdom,2009-12
14402,2010-02-25 13:20:00,2010-02-25 13:20:00,1,285.6,653,1,1,1,Hibernating,United Kingdom,2010-02
14403,2010-03-10 14:00:00,2011-08-01 12:57:00,6,1880.51,131,3,4,4,Loyal,United Kingdom,2010-03
14404,2009-12-20 14:40:00,2011-11-06 12:30:00,13,2765.63,34,4,5,4,Champions,United Kingdom,2009-12
14405,2010-11-18 11:40:00,2010-11-18 11:40:00,1,195.0,387,2,1,1,Hibernating,United Kingdom,2010-11
14406,2011-08-12 16:54:00,2011-08-12 16:54:00,1,156.75,120,3,1,1,Developing,United Kingdom,2011-08
14407,2011-03-08 11:59:00,2011-08-24 14:02:00,6,2157.73,108,3,4,4,Loyal,United Kingdom,2011-03
14408,2009-12-07 12:18:00,2011-11-29 11:41:00,11,4109.77,11,5,5,5,Champions,United Kingdom,2009-12
14409,2010-05-21 16:45:00,2011-09-29 18:18:00,9,3427.29,72,3,5,5,Loyal,United Kingdom,2010-05
14410,2010-09-28 15:46:00,2011-09-08 15:08:00,11,2651.14,93,3,5,4,Loyal,United Kingdom,2010-09
14411,2011-02-02 10:56:00,2011-02-02 10:56:00,1,1063.0,311,2,1,3,Hibernating,United Kingdom,2011-02
14412,2010-10-11 12:33:00,2011-10-28 10:45:00,3,1426.19,43,4,3,4,Loyal,United Kingdom,2010-10
14413,2010-01-19 14:27:00,2010-12-12 13:37:00,4,770.37,363,2,3,3,At risk,United Kingdom,2010-01
14414,2010-11-30 10:12:00,2011-09-09 12:09:00,8,2399.33,92,3,4,4,Loyal,United Kingdom,2010-11
14415,2009-12-16 14:08:00,2011-12-08 14:38:00,23,12091.6,2,5,5,5,Champions,United Kingdom,2009-12
14416,2011-10-28 15:10:00,2011-11-17 15:22:00,2,490.22,23,4,2,2,Recent light buyers,United Kingdom,2011-10
14417,2010-11-17 10:55:00,2010-11-17 10:55:00,1,604.2,388,2,1,2,Hibernating,United Kingdom,2010-11
14418,2011-08-23 17:18:00,2011-12-06 11:39:00,3,1937.25,4,5,3,4,Loyal,United Kingdom,2011-08
14419,2010-11-22 11:09:00,2011-11-29 11:22:00,7,1260.91,11,5,4,4,Champions,United Kingdom,2010-11
14420,2010-01-17 12:41:00,2011-09-01 18:07:00,4,1639.17,100,3,3,4,Loyal,United Kingdom,2010-01
14421,2010-01-17 11:30:00,2011-10-13 13:24:00,6,2469.37,58,4,4,4,Champions,United Kingdom,2010-01
14422,2009-12-17 12:12:00,2011-12-09 11:26:00,19,10271.52,1,5,5,5,Champions,United Kingdom,2009-12
14423,2010-01-14 11:49:00,2011-05-05 15:12:00,3,916.6099999999999,219,2,3,3,At risk,United Kingdom,2010-01
14424,2011-11-22 11:48:00,2011-11-22 11:48:00,1,322.08,18,5,1,2,Recent light buyers,United Kingdom,2011-11
14425,2009-12-02 11:31:00,2010-10-01 10:24:00,3,661.39,435,1,3,3,At risk,United Kingdom,2009-12
14426,2010-03-04 14:36:00,2011-11-16 12:25:00,17,11727.94,24,4,5,5,Champions,United Kingdom,2010-03
14427,2010-03-18 09:49:00,2011-10-20 14:23:00,4,1263.52,51,4,3,4,Loyal,United Kingdom,2010-03
14428,2011-01-18 16:39:00,2011-12-02 13:17:00,5,1244.83,8,5,4,4,Champions,United Kingdom,2011-01
14429,2010-11-01 10:08:00,2010-11-01 10:08:00,1,516.28,404,2,1,2,Hibernating,United Kingdom,2010-11
14430,2010-04-11 15:59:00,2010-07-16 11:35:00,3,1220.9,512,1,3,3,At risk,United Kingdom,2010-04
14431,2010-01-21 10:49:00,2011-02-10 10:40:00,4,2614.2,303,2,3,4,At risk,United Kingdom,2010-01
14432,2011-09-11 14:09:00,2011-11-30 08:04:00,6,2255.51,10,5,4,4,Champions,United Kingdom,2011-09
14433,2010-08-31 12:35:00,2010-08-31 12:35:00,1,289.6,466,1,1,2,Hibernating,United Kingdom,2010-08
14434,2011-09-28 15:31:00,2011-11-18 08:56:00,6,1372.8,22,4,4,4,Champions,United Kingdom,2011-09
14435,2010-07-26 12:33:00,2010-07-26 12:33:00,1,90.42,502,1,1,1,Hibernating,United Kingdom,2010-07
14436,2010-06-04 11:32:00,2011-09-02 10:13:00,2,271.70000000000005,99,3,2,1,Developing,United Kingdom,2010-06
14437,2010-05-05 12:20:00,2010-12-09 09:27:00,5,895.84,366,2,4,3,At risk,United Kingdom,2010-05
14438,2011-02-06 14:56:00,2011-02-06 14:56:00,1,131.9,307,2,1,1,Hibernating,United Kingdom,2011-02
14439,2010-01-21 14:01:00,2011-01-24 11:39:00,5,9443.04,320,2,4,5,At risk,Greece,2010-01
14440,2009-12-02 12:13:00,2011-12-01 15:42:00,13,5982.03,9,5,5,5,Champions,United Kingdom,2009-12
14441,2010-01-18 10:40:00,2011-12-09 09:07:00,11,4611.6900000000005,1,5,5,5,Champions,United Kingdom,2010-01
14442,2010-01-18 12:59:00,2011-05-19 11:36:00,7,5367.0199999999995,205,2,4,5,At risk,Channel Islands,2010-01
14443,2010-11-25 14:18:00,2011-10-17 10:10:00,5,2082.97,54,4,4,4,Champions,United Kingdom,2010-11
14444,2010-09-09 18:56:00,2010-09-09 18:56:00,1,132.04,457,1,1,1,Hibernating,United Kingdom,2010-09
14445,2010-09-10 11:09:00,2010-09-10 11:09:00,1,221.65,456,1,1,1,Hibernating,United Kingdom,2010-09
14446,2010-11-18 12:08:00,2011-12-09 11:34:00,5,1241.31,1,5,4,4,Champions,United Kingdom,2010-11
14447,2010-11-04 13:32:00,2011-11-21 08:28:00,6,1711.73,19,5,4,4,Champions,United Kingdom,2010-11
14448,2010-12-10 17:26:00,2011-11-30 13:50:00,2,375.35,10,5,2,2,Recent light buyers,United Kingdom,2010-12
14449,2010-09-29 13:15:00,2011-11-21 12:06:00,8,2272.56,19,5,4,4,Champions,United Kingdom,2010-09
14450,2010-04-08 12:09:00,2011-06-12 10:46:00,7,1128.44,181,3,4,3,Loyal,United Kingdom,2010-04
14451,2010-01-17 10:35:00,2011-10-10 13:38:00,12,3308.77,61,3,5,5,Loyal,United Kingdom,2010-01
14452,2010-07-06 13:13:00,2011-11-29 12:06:00,4,665.59,11,5,3,3,Loyal,United Kingdom,2010-07
14453,2011-06-02 14:15:00,2011-06-02 14:15:00,1,119.93,191,2,1,1,Hibernating,United Kingdom,2011-06
14454,2009-12-06 12:56:00,2010-11-28 13:26:00,5,977.3,377,2,4,3,At risk,United Kingdom,2009-12
14455,2010-08-01 13:26:00,2010-10-03 15:48:00,4,628.21,433,1,3,3,At risk,United Kingdom,2010-08
14456,2011-07-20 13:06:00,2011-12-04 13:59:00,9,3062.4,6,5,5,5,Champions,United Kingdom,2011-07
14457,2011-02-02 09:39:00,2011-02-02 09:39:00,1,113.64,311,2,1,1,Hibernating,United Kingdom,2011-02
14458,2010-11-24 12:43:00,2010-11-24 12:43:00,1,237.42,381,2,1,1,Hibernating,United Kingdom,2010-11
14459,2010-02-26 13:26:00,2011-07-07 13:35:00,2,5375.741,156,3,2,5,Developing,United Kingdom,2010-02
14460,2009-12-15 19:06:00,2011-08-21 14:19:00,9,1093.5,111,3,5,3,Loyal,United Kingdom,2009-12
14461,2010-01-18 12:48:00,2011-07-14 17:11:00,13,6713.5,149,3,5,5,Loyal,United Kingdom,2010-01
14462,2010-10-03 14:13:00,2011-10-04 15:55:00,12,2270.01,67,3,5,4,Loyal,United Kingdom,2010-10
14463,2010-07-28 11:35:00,2011-09-02 15:20:00,4,786.5699999999999,99,3,3,3,Loyal,United Kingdom,2010-07
14464,2010-03-22 15:20:00,2010-05-20 18:00:00,2,111.0,569,1,2,1,Hibernating,United Kingdom,2010-03
14465,2010-01-07 15:03:00,2011-04-07 12:38:00,11,3946.03,247,2,5,5,At risk,United Kingdom,2010-01
14466,2009-12-13 15:44:00,2011-11-10 14:07:00,13,4267.15,30,4,5,5,Champions,United Kingdom,2009-12
14467,2009-12-02 12:44:00,2011-11-22 12:48:00,12,2220.9900000000002,18,5,5,4,Champions,United Kingdom,2009-12
14468,2009-12-06 12:21:00,2009-12-06 12:21:00,1,204.24,734,1,1,1,Hibernating,United Kingdom,2009-12
14469,2010-01-29 11:12:00,2010-10-19 14:30:00,4,2112.21,417,1,3,4,At risk,United Kingdom,2010-01
14470,2010-10-05 12:39:00,2011-11-28 10:31:00,3,712.04,12,5,3,3,Loyal,United Kingdom,2010-10
14471,2009-12-07 12:26:00,2010-04-27 17:12:00,2,400.95,592,1,2,2,Hibernating,United Kingdom,2009-12
14472,2010-01-19 13:09:00,2011-08-28 11:01:00,9,2228.22,104,3,5,4,Loyal,United Kingdom,2010-01
14473,2011-03-02 13:56:00,2011-09-26 15:10:00,2,234.34000000000003,75,3,2,1,Developing,United Kingdom,2011-03
14474,2010-05-09 12:12:00,2011-10-24 13:26:00,2,1278.08,47,4,2,4,Recent light buyers,United Kingdom,2010-05
14475,2010-10-27 09:20:00,2011-09-29 10:46:00,4,1151.15,72,3,3,3,Loyal,United Kingdom,2010-10
14476,2011-03-27 15:39:00,2011-03-27 15:39:00,1,215.7,258,2,1,1,Hibernating,United Kingdom,2011-03
14477,2010-01-04 15:41:00,2011-11-20 11:11:00,7,1969.6,20,5,4,4,Champions,United Kingdom,2010-01
14478,2009-12-01 13:20:00,2010-11-22 15:29:00,4,1276.66,383,2,3,4,At risk,United Kingdom,2009-12
14479,2009-12-06 13:48:00,2011-03-31 09:07:00,4,1124.71,254,2,3,3,At risk,United Kingdom,2009-12
14480,2009-12-21 16:32:00,2011-11-28 16:35:00,4,1299.52,12,5,3,4,Loyal,United Kingdom,2009-12
14481,2010-01-31 12:43:00,2011-06-28 10:38:00,5,2311.4900000000002,165,3,4,4,Loyal,United Kingdom,2010-01
14482,2010-08-26 14:13:00,2011-11-21 13:14:00,12,4357.91,19,5,5,5,Champions,United Kingdom,2010-08
14483,2009-12-03 10:16:00,2011-03-03 10:26:00,2,257.1,282,2,2,1,Hibernating,United Kingdom,2009-12
14484,2009-12-17 10:57:00,2011-10-20 14:11:00,4,1070.98,51,4,3,3,Loyal,United Kingdom,2009-12
14485,2011-11-01 12:25:00,2011-11-01 12:25:00,1,165.75,39,4,1,1,Recent light buyers,United Kingdom,2011-11
14486,2010-06-04 10:30:00,2010-07-16 09:42:00,2,175.5,512,1,2,1,Hibernating,United Kingdom,2010-06
14487,2010-11-25 13:36:00,2011-11-13 12:17:00,7,1328.51,27,4,4,4,Champions,United Kingdom,2010-11
14488,2011-10-03 09:30:00,2011-10-03 09:30:00,1,1064.28,68,3,1,3,Developing,United Kingdom,2011-10
14489,2010-04-06 09:52:00,2011-05-16 14:51:00,4,1574.93,208,2,3,4,At risk,United Kingdom,2010-04
14490,2010-10-07 11:36:00,2010-10-29 15:04:00,2,1273.47,407,2,2,4,Hibernating,United Kingdom,2010-10
14491,2010-12-02 12:10:00,2011-06-17 15:22:00,2,340.93,176,3,2,2,Developing,United Kingdom,2010-12
14492,2010-03-30 14:23:00,2010-10-05 13:21:00,7,1921.91,431,1,4,4,At risk,United Kingdom,2010-03
14493,2010-03-08 08:33:00,2011-12-02 16:14:00,10,5130.15,8,5,5,5,Champions,United Kingdom,2010-03
14494,2009-12-08 13:25:00,2011-11-14 09:21:00,3,401.46,26,4,3,2,Loyal,United Kingdom,2009-12
14495,2010-02-18 08:49:00,2011-10-20 12:28:00,3,174.8,51,4,3,1,Loyal,United Kingdom,2010-02
14496,2010-03-16 13:15:00,2011-02-01 09:01:00,7,2363.89,312,2,4,4,At risk,United Kingdom,2010-03
14497,2010-02-04 09:59:00,2011-02-03 17:01:00,2,697.0600000000001,310,2,2,3,Hibernating,United Kingdom,2010-02
14498,2010-06-07 16:05:00,2011-10-28 12:09:00,10,3911.27,43,4,5,5,Champions,United Kingdom,2010-06
14499,2010-08-27 11:57:00,2011-11-13 13:01:00,7,2138.9700000000003,27,4,4,4,Champions,United Kingdom,2010-08
14500,2011-06-03 10:08:00,2011-09-12 16:45:00,3,356.85,89,3,3,2,Loyal,United Kingdom,2011-06
14501,2011-01-24 10:43:00,2011-06-09 12:02:00,2,251.21,184,3,2,1,Developing,United Kingdom,2011-01
14502,2011-01-30 15:52:00,2011-11-20 11:50:00,11,2470.67,20,5,5,4,Champions,United Kingdom,2011-01
14503,2011-06-14 10:00:00,2011-12-06 13:30:00,6,3543.26,4,5,4,5,Champions,United Kingdom,2011-06
14504,2011-03-06 14:38:00,2011-10-23 16:00:00,4,673.26,48,4,3,3,Loyal,United Kingdom,2011-03
14505,2009-12-09 14:48:00,2011-11-22 15:45:00,19,12001.84,18,5,5,5,Champions,United Kingdom,2009-12
14506,2010-04-19 08:27:00,2011-11-22 13:02:00,7,3020.9700000000003,18,5,4,5,Champions,United Kingdom,2010-04
14507,2009-12-10 17:04:00,2011-11-16 12:21:00,11,3284.43,24,4,5,5,Champions,United Kingdom,2009-12
14508,2010-06-17 13:02:00,2011-11-17 19:48:00,5,874.94,23,4,4,3,Loyal,United Kingdom,2010-06
14509,2010-06-23 13:21:00,2010-06-23 13:21:00,1,110.95,535,1,1,1,Hibernating,United Kingdom,2010-06
14510,2010-09-29 13:35:00,2010-11-29 12:46:00,3,1007.28,376,2,3,3,At risk,United Kingdom,2010-09
14511,2011-07-29 12:13:00,2011-11-28 17:05:00,5,1314.81,12,5,4,4,Champions,United Kingdom,2011-07
14512,2009-12-07 13:49:00,2011-06-05 12:39:00,7,1223.47,188,3,4,3,Loyal,United Kingdom,2009-12
14513,2010-05-20 17:57:00,2011-08-31 11:25:00,6,788.01,101,3,4,3,Loyal,United Kingdom,2010-05
14514,2009-12-13 13:21:00,2011-10-09 16:05:00,9,4598.9800000000005,62,3,5,5,Loyal,United Kingdom,2009-12
14515,2010-06-07 12:37:00,2011-11-22 11:37:00,12,3749.2599999999998,18,5,5,5,Champions,United Kingdom,2010-06
14516,2010-07-11 14:07:00,2010-07-11 14:07:00,1,163.92,517,1,1,1,Hibernating,United Kingdom,2010-07
14517,2011-07-21 11:42:00,2011-11-06 14:20:00,2,330.45,34,4,2,2,Recent light buyers,United Kingdom,2011-07
14518,2011-10-06 14:43:00,2011-10-06 14:43:00,1,174.37,65,3,1,1,Developing,United Kingdom,2011-10
14519,2009-12-11 10:40:00,2010-01-25 11:18:00,2,206.09,684,1,2,1,Hibernating,United Kingdom,2009-12
14520,2011-02-22 09:15:00,2011-12-08 09:46:00,2,270.6,2,5,2,1,Recent light buyers,United Kingdom,2011-02
14521,2010-08-05 16:35:00,2010-08-05 16:35:00,1,199.45000000000002,492,1,1,1,Hibernating,United Kingdom,2010-08
14522,2010-01-24 13:55:00,2011-11-15 13:24:00,8,1758.6200000000001,25,4,4,4,Champions,United Kingdom,2010-01
14523,2011-08-23 13:13:00,2011-08-23 13:13:00,1,241.09,109,3,1,1,Developing,United Kingdom,2011-08
14524,2010-10-19 11:44:00,2011-11-08 12:29:00,13,2933.71,32,4,5,5,Champions,United Kingdom,2010-10
14525,2009-12-13 14:01:00,2011-11-20 11:37:00,17,8240.64,20,5,5,5,Champions,United Kingdom,2009-12
14526,2010-11-15 13:32:00,2010-11-15 13:32:00,1,262.4,390,2,1,1,Hibernating,United Kingdom,2010-11
14527,2009-12-02 12:06:00,2011-12-07 12:19:00,122,27274.97,3,5,5,5,Champions,United Kingdom,2009-12
14528,2011-11-02 17:09:00,2011-11-02 17:09:00,1,364.21999999999997,38,4,1,2,Recent light buyers,United Kingdom,2011-11
14529,2011-08-21 14:10:00,2011-10-10 15:27:00,3,620.04,61,3,3,3,Loyal,United Kingdom,2011-08
14530,2010-01-21 11:25:00,2011-11-14 10:38:00,16,6197.4,26,4,5,5,Champions,United Kingdom,2010-01
14531,2010-08-17 10:16:00,2010-08-17 10:16:00,1,376.34,480,1,1,2,Hibernating,United Kingdom,2010-08
14532,2010-01-10 11:47:00,2011-04-17 13:05:00,11,3859.1800000000003,237,2,5,5,At risk,United Kingdom,2010-01
14533,2010-04-08 12:13:00,2011-11-15 12:05:00,11,3466.37,25,4,5,5,Champions,United Kingdom,2010-04
14534,2010-03-15 14:16:00,2011-12-07 12:19:00,26,6271.11,3,5,5,5,Champions,United Kingdom,2010-03
14535,2010-02-24 15:03:00,2011-10-10 15:39:00,9,6030.7300000000005,61,3,5,5,Loyal,United Kingdom,2010-02
14536,2011-03-25 12:21:00,2011-03-25 12:21:00,1,171.8,260,2,1,1,Hibernating,United Kingdom,2011-03
14537,2010-03-26 13:44:00,2011-10-13 10:54:00,2,641.4,58,4,2,3,Recent light buyers,United Kingdom,2010-03
14538,2010-01-25 15:42:00,2011-10-06 10:31:00,5,1370.8400000000001,65,3,4,4,Loyal,United Kingdom,2010-01
14539,2011-10-26 12:03:00,2011-11-24 09:50:00,2,537.48,16,5,2,2,Recent light buyers,United Kingdom,2011-10
14540,2009-12-07 13:00:00,2011-11-30 10:15:00,11,3795.34,10,5,5,5,Champions,United Kingdom,2009-12
14541,2010-01-07 11:59:00,2011-10-12 10:08:00,14,2499.68,59,4,5,4,Champions,United Kingdom,2010-01
14542,2011-06-07 08:19:00,2011-06-07 08:19:00,1,103.25,186,3,1,1,Developing,United Kingdom,2011-06
14543,2009-12-01 13:47:00,2011-11-11 12:45:00,39,14906.77,29,4,5,5,Champions,United Kingdom,2009-12
14544,2010-08-26 16:00:00,2011-11-15 15:06:00,3,2982.43,25,4,3,5,Loyal,United Kingdom,2010-08
14545,2010-02-03 15:23:00,2010-02-03 15:23:00,1,349.25,675,1,1,2,Hibernating,United Kingdom,2010-02
14546,2009-12-06 13:10:00,2011-12-04 13:00:00,11,5197.9,6,5,5,5,Champions,United Kingdom,2009-12
14547,2011-10-16 14:35:00,2011-12-06 11:06:00,8,4007.54,4,5,4,5,Champions,United Kingdom,2011-10
14548,2009-12-06 14:00:00,2011-07-12 12:19:00,9,2627.49,151,3,5,4,Loyal,United Kingdom,2009-12
14549,2009-12-02 14:06:00,2011-02-01 13:47:00,4,916.5500000000001,312,2,3,3,At risk,United Kingdom,2009-12
14550,2010-08-13 12:05:00,2011-11-29 12:12:00,4,1353.31,11,5,3,4,Loyal,United Kingdom,2010-08
14551,2010-01-27 12:06:00,2011-11-21 13:36:00,7,880.04,19,5,4,3,Loyal,United Kingdom,2010-01
14552,2010-04-26 13:44:00,2011-07-11 12:49:00,3,511.28000000000003,152,3,3,2,Loyal,United Kingdom,2010-04
14553,2010-07-18 12:07:00,2011-11-20 13:20:00,9,1841.54,20,5,5,4,Champions,United Kingdom,2010-07
14554,2011-10-18 13:04:00,2011-11-29 16:44:00,4,2381.04,11,5,3,4,Loyal,United Kingdom,2011-10
14555,2009-12-18 11:39:00,2011-10-13 16:24:00,6,2315.63,58,4,4,4,Champions,United Kingdom,2009-12
14556,2010-01-20 11:49:00,2010-04-22 14:57:00,3,835.34,597,1,3,3,At risk,United Kingdom,2010-01
14557,2011-09-15 15:48:00,2011-09-15 15:48:00,1,788.38,86,3,1,3,Developing,United Kingdom,2011-09
14558,2009-12-08 10:41:00,2010-02-23 12:51:00,3,655.5,655,1,3,3,At risk,United Kingdom,2009-12
14559,2010-11-14 16:05:00,2010-11-14 16:05:00,1,75.6,391,2,1,1,Hibernating,United Kingdom,2010-11
14560,2009-12-02 10:15:00,2011-12-02 15:22:00,44,6114.03,8,5,5,5,Champions,United Kingdom,2009-12
14561,2011-06-08 13:26:00,2011-09-25 12:39:00,3,1080.76,76,3,3,3,Loyal,United Kingdom,2011-06
14562,2010-02-07 14:10:00,2011-12-06 11:05:00,26,6729.400000000001,4,5,5,5,Champions,United Kingdom,2010-02
14563,2010-04-26 12:51:00,2010-07-18 12:01:00,2,679.44,510,1,2,3,Hibernating,United Kingdom,2010-04
14564,2009-12-04 09:27:00,2010-10-01 09:02:00,2,2605.62,435,1,2,4,Hibernating,Channel Islands,2009-12
14565,2010-08-23 09:48:00,2011-09-05 09:07:00,5,3859.2200000000003,96,3,4,5,Loyal,United Kingdom,2010-08
14566,2010-06-24 10:34:00,2011-08-21 11:05:00,4,4092.0,111,3,3,5,Loyal,Channel Islands,2010-06
14567,2011-08-01 13:48:00,2011-10-14 10:21:00,2,1530.3600000000001,57,4,2,4,Recent light buyers,United Kingdom,2011-08
14568,2010-09-30 17:15:00,2010-09-30 17:15:00,1,919.7,436,1,1,3,Hibernating,Channel Islands,2010-09
14569,2010-04-15 11:49:00,2011-12-08 14:58:00,4,598.98,2,5,3,2,Loyal,United Kingdom,2010-04
14570,2010-09-22 13:07:00,2011-03-04 10:58:00,3,613.75,281,2,3,3,At risk,United Kingdom,2010-09
14571,2010-10-10 15:06:00,2010-10-10 15:06:00,1,161.65,426,1,1,1,Hibernating,United Kingdom,2010-10
14572,2010-03-28 13:47:00,2011-12-06 14:40:00,11,5615.18,4,5,5,5,Champions,United Kingdom,2010-03
14573,2010-01-08 16:34:00,2011-06-13 11:15:00,13,2208.32,180,3,5,4,Loyal,United Kingdom,2010-01
14574,2009-12-07 12:42:00,2009-12-07 12:42:00,1,143.70000000000002,733,1,1,1,Hibernating,United Kingdom,2009-12
14575,2010-08-08 14:51:00,2010-08-08 14:51:00,1,460.71,489,1,1,2,Hibernating,United Kingdom,2010-08
14576,2010-12-02 17:51:00,2010-12-02 17:51:00,1,35.400000000000006,373,2,1,1,Hibernating,United Kingdom,2010-12
14577,2009-12-11 12:09:00,2011-11-27 12:47:00,7,1374.25,13,5,4,4,Champions,United Kingdom,2009-12
14578,2011-12-06 17:18:00,2011-12-06 17:18:00,1,168.63,4,5,1,1,Recent light buyers,United Kingdom,2011-12
14579,2010-10-03 14:36:00,2010-10-03 14:36:00,1,105.56,433,1,1,1,Hibernating,United Kingdom,2010-10
14580,2010-07-09 15:20:00,2010-07-09 15:20:00,1,14.850000000000001,519,1,1,1,Hibernating,United Kingdom,2010-07
14581,2010-06-13 15:48:00,2011-11-23 12:39:00,2,433.8,17,5,2,2,Recent light buyers,United Kingdom,2010-06
14582,2011-10-30 11:56:00,2011-10-30 11:56:00,1,114.11,41,4,1,1,Recent light buyers,United Kingdom,2011-10
14583,2010-03-28 15:16:00,2011-12-04 12:32:00,8,1781.03,6,5,4,4,Champions,United Kingdom,2010-03
14584,2010-02-17 14:01:00,2011-06-23 18:33:00,8,1747.91,170,3,4,4,Loyal,United Kingdom,2010-02
14585,2010-10-19 12:17:00,2011-10-20 14:33:00,5,1143.27,51,4,4,3,Loyal,United Kingdom,2010-10
14586,2011-03-08 10:04:00,2011-03-08 10:04:00,1,237.36,277,2,1,1,Hibernating,United Kingdom,2011-03
14587,2011-01-12 13:16:00,2011-11-21 11:34:00,9,1601.14,19,5,5,4,Champions,United Kingdom,2011-01
14588,2010-05-10 15:08:00,2010-05-10 15:08:00,1,135.39,579,1,1,1,Hibernating,United Kingdom,2010-05
14589,2010-12-03 11:42:00,2010-12-03 11:42:00,1,39.75,372,2,1,1,Hibernating,United Kingdom,2010-12
14590,2009-12-07 14:10:00,2010-10-11 12:06:00,20,3006.62,425,1,5,5,At risk,United Kingdom,2009-12
14591,2011-05-10 14:09:00,2011-11-24 13:57:00,4,1447.14,16,5,3,4,Loyal,United Kingdom,2011-05
14592,2011-10-06 18:08:00,2011-11-04 16:35:00,3,570.46,36,4,3,2,Loyal,United Kingdom,2011-10
14593,2009-12-09 12:57:00,2011-11-18 12:48:00,12,3712.0099999999998,22,4,5,5,Champions,United Kingdom,2009-12
14594,2010-12-01 13:54:00,2011-12-02 13:28:00,2,379.83,8,5,2,2,Recent light buyers,United Kingdom,2010-12
14595,2010-01-20 13:59:00,2011-11-20 12:12:00,8,2164.45,20,5,4,4,Champions,United Kingdom,2010-01
14596,2010-03-23 12:13:00,2010-03-23 12:13:00,1,229.47,627,1,1,1,Hibernating,United Kingdom,2010-03
14597,2010-09-28 13:17:00,2011-11-28 13:13:00,6,2201.54,12,5,4,4,Champions,United Kingdom,2010-09
14598,2010-05-19 13:07:00,2011-10-26 13:19:00,2,384.04,45,4,2,2,Recent light buyers,United Kingdom,2010-05
14599,2010-07-18 15:54:00,2010-11-14 14:49:00,2,474.54,391,2,2,2,Hibernating,United Kingdom,2010-07
14600,2010-11-11 15:56:00,2011-02-07 09:48:00,2,865.1700000000001,306,2,2,3,Hibernating,United Kingdom,2010-11
14601,2011-11-29 09:48:00,2011-11-29 09:48:00,1,213.96,11,5,1,1,Recent light buyers,United Kingdom,2011-11
14602,2010-02-21 15:47:00,2010-02-21 15:47:00,1,205.35999999999999,657,1,1,1,Hibernating,United Kingdom,2010-02
14603,2011-03-10 10:27:00,2011-03-10 10:27:00,1,660.0,275,2,1,3,Hibernating,United Kingdom,2011-03
14604,2010-03-16 13:00:00,2010-03-16 13:00:00,1,143.85999999999999,634,1,1,1,Hibernating,United Kingdom,2010-03
14605,2009-12-08 13:59:00,2010-11-30 14:07:00,4,937.16,375,2,3,3,At risk,United Kingdom,2009-12
14606,2009-12-03 12:40:00,2011-12-08 19:28:00,192,30254.18,2,5,5,5,Champions,United Kingdom,2009-12
14607,2009-12-15 11:25:00,2011-11-24 10:35:00,22,24137.63,16,5,5,5,Champions,United Kingdom,2009-12
14608,2009-12-06 12:34:00,2011-12-05 16:52:00,11,3352.94,5,5,5,5,Champions,United Kingdom,2009-12
14609,2010-02-09 09:48:00,2011-09-28 12:54:00,10,1486.2,73,3,5,4,Loyal,United Kingdom,2010-02
14610,2010-07-13 16:06:00,2010-11-09 10:58:00,2,24.35,396,2,2,1,Hibernating,United Kingdom,2010-07
14611,2010-04-20 10:19:00,2010-09-22 09:19:00,2,604.3299999999999,444,1,2,2,Hibernating,United Kingdom,2010-04
14612,2010-10-20 16:01:00,2010-10-20 16:01:00,1,877.7,416,1,1,3,Hibernating,United Kingdom,2010-10
14613,2010-01-28 13:02:00,2010-01-28 13:02:00,1,76.32000000000001,681,1,1,1,Hibernating,United Kingdom,2010-01
14614,2010-11-18 13:04:00,2010-11-18 13:04:00,1,295.13,387,2,1,2,Hibernating,United Kingdom,2010-11
14615,2010-06-09 13:59:00,2010-11-10 13:36:00,5,951.76,395,2,4,3,At risk,United Kingdom,2010-06
14616,2010-06-09 09:42:00,2011-04-11 09:54:00,5,527.78,243,2,4,2,At risk,United Kingdom,2010-06
14617,2010-10-20 10:40:00,2010-11-02 11:41:00,2,190.47000000000003,403,2,2,1,Hibernating,United Kingdom,2010-10
14618,2010-06-11 10:11:00,2011-11-30 13:45:00,7,1342.32,10,5,4,4,Champions,United Kingdom,2010-06
14619,2010-06-16 14:41:00,2011-04-08 07:37:00,2,1291.24,246,2,2,4,Hibernating,United Kingdom,2010-06
14620,2011-03-01 08:30:00,2011-05-18 11:58:00,2,412.78000000000003,206,2,2,2,Hibernating,United Kingdom,2011-03
14621,2010-01-25 09:08:00,2011-12-08 16:22:00,9,3000.57,2,5,5,5,Champions,United Kingdom,2010-01
14622,2011-06-08 12:42:00,2011-06-08 12:42:00,1,320.58000000000004,185,3,1,2,Developing,United Kingdom,2011-06
14623,2010-04-16 17:12:00,2011-11-07 13:56:00,10,2059.58,33,4,5,4,Champions,United Kingdom,2010-04
14624,2010-04-14 10:44:00,2011-10-13 13:44:00,6,814.07,58,4,4,3,Loyal,United Kingdom,2010-04
14625,2009-12-16 13:23:00,2011-05-27 15:32:00,11,4497.88,197,2,5,5,At risk,United Kingdom,2009-12
14626,2009-12-10 14:57:00,2011-11-16 10:37:00,11,5410.92,24,4,5,5,Champions,United Kingdom,2009-12
14627,2010-11-25 16:32:00,2010-11-25 16:32:00,1,462.75,380,2,1,2,Hibernating,United Kingdom,2010-11
14628,2010-01-25 14:40:00,2011-09-09 14:58:00,5,1998.0,92,3,4,4,Loyal,United Kingdom,2010-01
14629,2011-10-23 16:13:00,2011-12-05 16:55:00,2,959.01,5,5,2,3,Recent light buyers,United Kingdom,2011-10
14630,2010-08-12 16:38:00,2010-08-12 16:38:00,1,338.65,485,1,1,2,Hibernating,United Kingdom,2010-08
14631,2010-08-09 14:45:00,2011-10-20 11:17:00,6,2025.69,51,4,4,4,Champions,United Kingdom,2010-08
14632,2011-03-22 08:49:00,2011-03-22 08:49:00,1,114.56,263,2,1,1,Hibernating,United Kingdom,2011-03
14633,2011-03-18 17:07:00,2011-03-18 17:07:00,1,344.90000000000003,267,2,1,2,Hibernating,United Kingdom,2011-03
14634,2010-06-16 09:48:00,2010-09-28 10:40:00,4,2124.46,438,1,3,4,At risk,United Kingdom,2010-06
14635,2010-09-12 10:47:00,2010-09-12 10:47:00,1,215.22,454,1,1,1,Hibernating,United Kingdom,2010-09
14636,2011-03-16 09:52:00,2011-11-03 16:12:00,2,609.85,37,4,2,2,Recent light buyers,United Kingdom,2011-03
14637,2010-01-31 15:52:00,2010-01-31 15:52:00,1,106.67999999999999,678,1,1,1,Hibernating,United Kingdom,2010-01
14638,2011-10-20 10:10:00,2011-10-20 10:10:00,1,443.6,51,4,1,2,Recent light buyers,United Kingdom,2011-10
14639,2010-02-16 12:35:00,2011-10-18 15:06:00,9,4978.96,53,4,5,5,Champions,United Kingdom,2010-02
14640,2010-01-22 15:44:00,2011-11-15 13:07:00,10,3667.06,25,4,5,5,Champions,United Kingdom,2010-01
14641,2011-11-18 10:42:00,2011-11-18 10:42:00,1,110.46,22,4,1,1,Recent light buyers,United Kingdom,2011-11
14642,2011-10-12 11:08:00,2011-10-12 11:08:00,1,96.12,59,4,1,1,Recent light buyers,United Kingdom,2011-10
14643,2009-12-11 11:52:00,2011-06-22 14:41:00,5,1679.89,171,3,4,4,Loyal,United Kingdom,2009-12
14644,2009-12-03 16:24:00,2011-10-03 08:30:00,7,2247.72,68,3,4,4,Loyal,United Kingdom,2009-12
14645,2010-03-15 11:33:00,2011-07-06 09:15:00,3,876.89,157,3,3,3,Loyal,United Kingdom,2010-03
14646,2009-12-02 16:52:00,2011-12-08 12:12:00,151,528602.52,2,5,5,5,Champions,Netherlands,2009-12
14647,2010-07-04 13:27:00,2011-05-22 13:40:00,2,519.97,202,2,2,2,Hibernating,United Kingdom,2010-07
14648,2009-12-10 13:59:00,2010-10-19 13:12:00,15,4546.86,417,1,5,5,At risk,United Kingdom,2009-12
14649,2010-01-20 13:10:00,2011-12-05 12:30:00,9,3775.31,5,5,5,5,Champions,United Kingdom,2010-01
14650,2010-04-29 20:27:00,2010-04-29 20:27:00,1,62.5,590,1,1,1,Hibernating,United Kingdom,2010-04
14651,2010-03-18 11:39:00,2011-10-03 15:52:00,9,2034.1200000000001,68,3,5,4,Loyal,United Kingdom,2010-03
14652,2011-09-23 14:21:00,2011-09-23 14:21:00,1,114.18,78,3,1,1,Developing,United Kingdom,2011-09
14653,2009-12-02 11:51:00,2011-12-08 13:45:00,12,3614.54,2,5,5,5,Champions,United Kingdom,2009-12
14654,2009-12-01 12:57:00,2009-12-01 12:57:00,1,246.86,739,1,1,1,Hibernating,United Kingdom,2009-12
14655,2010-04-22 14:29:00,2011-12-01 16:28:00,7,3878.51,9,5,4,5,Champions,United Kingdom,2010-04
14656,2010-04-15 12:10:00,2011-06-23 13:51:00,5,814.65,170,3,4,3,Loyal,United Kingdom,2010-04
14657,2010-09-30 19:57:00,2011-11-22 12:47:00,6,1460.8700000000001,18,5,4,4,Champions,United Kingdom,2010-09
14658,2011-08-14 15:42:00,2011-12-04 15:35:00,2,247.15,6,5,2,1,Recent light buyers,United Kingdom,2011-08
14659,2011-01-28 12:43:00,2011-12-01 12:17:00,9,2529.93,9,5,5,4,Champions,United Kingdom,2011-01
14660,2011-08-31 10:40:00,2011-09-14 11:34:00,2,285.74,87,3,2,1,Developing,United Kingdom,2011-08
14661,2011-11-13 11:51:00,2011-11-13 11:51:00,1,107.95,27,4,1,1,Recent light buyers,United Kingdom,2011-11
14662,2009-12-03 16:47:00,2011-11-11 12:13:00,7,1416.33,29,4,4,4,Champions,United Kingdom,2009-12
14663,2010-10-05 13:12:00,2010-10-05 13:21:00,2,490.6,431,1,2,2,Hibernating,United Kingdom,2010-10
14664,2011-11-06 14:56:00,2011-11-20 10:59:00,2,637.89,20,5,2,3,Recent light buyers,United Kingdom,2011-11
14665,2010-04-26 11:17:00,2011-10-10 09:14:00,7,2749.65,61,3,4,4,Loyal,United Kingdom,2010-04
14666,2011-11-15 12:57:00,2011-11-15 12:57:00,1,195.25,25,4,1,1,Recent light buyers,United Kingdom,2011-11
14667,2009-12-02 12:38:00,2011-11-29 11:30:00,54,20729.43,11,5,5,5,Champions,United Kingdom,2009-12
14668,2010-09-20 15:03:00,2010-09-20 15:03:00,1,111.63,446,1,1,1,Hibernating,United Kingdom,2010-09
14669,2009-12-02 13:06:00,2011-04-12 11:43:00,7,3243.93,242,2,4,5,At risk,United Kingdom,2009-12
14670,2009-12-07 13:59:00,2011-03-04 14:13:00,3,602.0,281,2,3,2,At risk,United Kingdom,2009-12
14671,2010-05-20 18:21:00,2010-06-08 13:39:00,2,1127.45,550,1,2,3,Hibernating,United Kingdom,2010-05
14672,2010-01-28 11:33:00,2011-04-19 10:19:00,4,1113.14,235,2,3,3,At risk,United Kingdom,2010-01
14673,2010-10-26 10:14:00,2011-12-06 14:31:00,7,3037.32,4,5,4,5,Champions,United Kingdom,2010-10
14674,2010-07-18 14:25:00,2010-07-18 14:25:00,1,173.66,510,1,1,1,Hibernating,United Kingdom,2010-07
14675,2010-11-16 12:22:00,2011-11-23 12:58:00,2,1066.9,17,5,2,3,Recent light buyers,United Kingdom,2010-11
14676,2010-03-10 09:30:00,2011-11-08 13:29:00,12,8356.79,32,4,5,5,Champions,United Kingdom,2010-03
14677,2010-04-26 09:48:00,2010-04-26 09:48:00,1,184.91,593,1,1,1,Hibernating,United Kingdom,2010-04
14678,2010-05-09 14:32:00,2010-05-09 14:32:00,1,403.39,580,1,1,2,Hibernating,United Kingdom,2010-05
14679,2009-12-08 17:13:00,2010-11-23 11:51:00,3,1289.44,382,2,3,4,At risk,United Kingdom,2009-12
14680,2009-12-04 12:36:00,2011-11-14 16:59:00,58,55731.89,26,4,5,5,Champions,United Kingdom,2009-12
14681,2010-02-24 08:54:00,2011-09-29 15:52:00,6,875.1500000000001,72,3,4,3,Loyal,United Kingdom,2010-02
14682,2010-02-05 14:47:00,2011-06-05 12:12:00,6,1514.81,188,3,4,4,Loyal,United Kingdom,2010-02
14683,2010-04-30 17:18:00,2010-04-30 17:18:00,1,146.56,589,1,1,1,Hibernating,United Kingdom,2010-04
14684,2010-11-14 14:07:00,2011-11-14 11:33:00,6,1468.55,26,4,4,4,Champions,United Kingdom,2010-11
14685,2009-12-13 11:32:00,2010-05-12 13:08:00,8,4619.79,577,1,4,5,At risk,United Kingdom,2009-12
14686,2010-02-18 18:29:00,2010-10-21 18:31:00,5,885.83,415,1,4,3,At risk,United Kingdom,2010-02
14687,2010-06-06 10:36:00,2011-08-25 11:59:00,3,1402.06,107,3,3,4,Loyal,United Kingdom,2010-06
14688,2010-09-09 12:35:00,2011-12-02 12:26:00,28,7268.59,8,5,5,5,Champions,United Kingdom,2010-09
14689,2011-05-15 11:22:00,2011-05-15 11:22:00,1,112.8,209,2,1,1,Hibernating,United Kingdom,2011-05
14690,2010-10-25 12:20:00,2011-10-26 15:39:00,4,794.33,45,4,3,3,Loyal,United Kingdom,2010-10
14691,2011-05-11 09:55:00,2011-11-09 12:30:00,5,2114.33,31,4,4,4,Champions,United Kingdom,2011-05
14692,2010-04-01 14:04:00,2011-07-25 15:08:00,12,1745.09,138,3,5,4,Loyal,United Kingdom,2010-04
14693,2010-07-02 08:28:00,2011-03-20 12:50:00,7,1165.36,265,2,4,3,At risk,United Kingdom,2010-07
14694,2010-04-01 19:46:00,2010-04-01 19:46:00,1,244.31,618,1,1,1,Hibernating,United Kingdom,2010-04
14695,2009-12-07 11:05:00,2010-07-08 14:18:00,3,1620.07,520,1,3,4,At risk,United Kingdom,2009-12
14696,2010-10-14 11:43:00,2011-12-05 13:43:00,8,2473.28,5,5,4,4,Champions,United Kingdom,2010-10
14697,2011-05-05 15:29:00,2011-05-05 15:39:00,2,188.60999999999999,219,2,2,1,Hibernating,United Kingdom,2011-05
14698,2011-10-19 12:54:00,2011-12-08 12:26:00,5,1250.76,2,5,4,4,Champions,United Kingdom,2011-10
14699,2010-07-02 12:04:00,2011-05-09 14:54:00,4,702.6,215,2,3,3,At risk,United Kingdom,2010-07
14700,2010-08-11 12:19:00,2011-11-07 14:40:00,5,3116.26,33,4,4,5,Champions,United Kingdom,2010-08
14701,2010-01-24 12:15:00,2011-11-29 12:38:00,15,4562.09,11,5,5,5,Champions,United Kingdom,2010-01
14702,2009-12-10 20:22:00,2011-12-08 19:29:00,29,6435.52,2,5,5,5,Champions,United Kingdom,2009-12
14703,2011-11-25 09:23:00,2011-11-25 09:23:00,1,318.17,15,5,1,2,Recent light buyers,United Kingdom,2011-11
14704,2010-03-25 17:21:00,2011-11-28 12:51:00,11,1813.57,12,5,5,4,Champions,United Kingdom,2010-03
14705,2011-05-25 12:39:00,2011-05-25 12:39:00,1,179.0,199,2,1,1,Hibernating,United Kingdom,2011-05
14706,2010-03-31 11:09:00,2010-03-31 11:09:00,1,390.69,619,1,1,2,Hibernating,United Kingdom,2010-03
14707,2010-05-12 11:07:00,2010-09-30 11:37:00,2,139.2,436,1,2,1,Hibernating,United Kingdom,2010-05
14708,2010-09-10 10:26:00,2011-12-07 08:21:00,5,1793.22,3,5,4,4,Champions,United Kingdom,2010-09
14709,2009-12-05 15:26:00,2011-11-24 15:41:00,25,8886.33,16,5,5,5,Champions,United Kingdom,2009-12
14710,2009-12-03 17:12:00,2011-11-25 14:53:00,13,1922.59,15,5,5,4,Champions,United Kingdom,2009-12
14711,2011-03-22 13:32:00,2011-11-29 14:58:00,11,2868.8,11,5,5,4,Champions,United Kingdom,2011-03
14712,2010-10-17 14:49:00,2011-11-10 12:59:00,4,1328.0700000000002,30,4,3,4,Loyal,United Kingdom,2010-10
14713,2009-12-03 19:22:00,2011-11-30 16:26:00,21,5119.92,10,5,5,5,Champions,United Kingdom,2009-12
14714,2010-01-21 11:51:00,2011-11-15 13:07:00,4,906.24,25,4,3,3,Loyal,United Kingdom,2010-01
14715,2010-01-19 12:18:00,2011-11-15 12:10:00,8,1840.45,25,4,4,4,Champions,United Kingdom,2010-01
14716,2010-09-21 12:07:00,2011-10-27 17:29:00,3,565.45,44,4,3,2,Loyal,United Kingdom,2010-09
14717,2009-12-06 13:05:00,2009-12-06 13:05:00,1,81.3,734,1,1,1,Hibernating,United Kingdom,2009-12
14718,2010-10-25 13:07:00,2010-10-25 13:07:00,1,226.42,411,2,1,1,Hibernating,United Kingdom,2010-10
14719,2011-04-04 14:17:00,2011-12-08 12:43:00,5,1602.13,2,5,4,4,Champions,United Kingdom,2011-04
14720,2011-08-05 12:06:00,2011-12-04 12:02:00,3,663.81,6,5,3,3,Loyal,United Kingdom,2011-08
14721,2010-11-25 13:08:00,2010-11-25 13:08:00,1,115.77,380,2,1,1,Hibernating,United Kingdom,2010-11
14722,2010-08-10 13:28:00,2011-07-15 14:58:00,3,513.37,148,3,3,2,Loyal,United Kingdom,2010-08
14723,2009-12-04 11:22:00,2011-11-29 15:23:00,11,1842.1200000000001,11,5,5,4,Champions,United Kingdom,2009-12
14724,2010-04-28 13:26:00,2010-04-28 13:26:00,1,345.25,591,1,1,2,Hibernating,United Kingdom,2010-04
14725,2010-06-23 11:34:00,2011-11-15 12:42:00,4,1315.24,25,4,3,4,Loyal,United Kingdom,2010-06
14726,2010-02-23 12:35:00,2010-02-23 12:35:00,1,124.75,655,1,1,1,Hibernating,United Kingdom,2010-02
14727,2010-06-11 13:23:00,2011-03-10 14:45:00,3,467.92999999999995,275,2,3,2,At risk,United Kingdom,2010-06
14728,2010-10-22 15:57:00,2010-10-22 15:57:00,1,190.58,414,1,1,1,Hibernating,United Kingdom,2010-10
14729,2010-03-24 13:30:00,2010-12-01 12:43:00,3,593.89,374,2,3,2,At risk,United Kingdom,2010-03
14730,2011-03-08 12:49:00,2011-12-08 14:39:00,8,2005.06,2,5,4,4,Champions,United Kingdom,2011-03
14731,2011-05-11 13:06:00,2011-10-23 15:54:00,3,380.02,48,4,3,2,Loyal,United Kingdom,2011-05
14732,2009-12-09 10:48:00,2011-12-01 14:34:00,19,5517.07,9,5,5,5,Champions,United Kingdom,2009-12
14733,2010-11-02 15:42:00,2011-11-23 15:39:00,15,14354.95,17,5,5,5,Champions,United Kingdom,2010-11
14734,2010-06-06 15:15:00,2010-10-10 12:04:00,4,1056.42,426,1,3,3,At risk,United Kingdom,2010-06
14735,2009-12-04 11:32:00,2011-12-06 12:09:00,56,12240.16,4,5,5,5,Champions,United Kingdom,2009-12
14736,2010-08-11 15:13:00,2010-08-11 15:21:00,2,401.08,486,1,2,2,Hibernating,United Kingdom,2010-08
14737,2010-11-04 11:29:00,2011-12-06 10:16:00,4,3554.17,4,5,3,5,Loyal,United Kingdom,2010-11
14738,2009-12-07 10:21:00,2011-10-28 08:56:00,9,1821.9,43,4,5,4,Champions,United Kingdom,2009-12
14739,2009-12-02 13:23:00,2011-12-05 16:54:00,25,11573.62,5,5,5,5,Champions,United Kingdom,2009-12
14740,2010-02-25 11:40:00,2011-05-26 18:17:00,11,4161.06,198,2,5,5,At risk,United Kingdom,2010-02
14741,2010-10-18 09:33:00,2011-11-28 08:48:00,7,1713.09,12,5,4,4,Champions,United Kingdom,2010-10
14742,2010-09-30 14:07:00,2010-09-30 14:07:00,1,579.85,436,1,1,2,Hibernating,United Kingdom,2010-09
14743,2010-04-26 10:26:00,2010-04-26 10:26:00,1,50.48,593,1,1,1,Hibernating,United Kingdom,2010-04
14744,2010-05-18 14:06:00,2011-11-23 12:51:00,14,3660.08,17,5,5,5,Champions,United Kingdom,2010-05
14745,2010-03-12 10:33:00,2011-08-19 10:05:00,12,2571.81,113,3,5,4,Loyal,United Kingdom,2010-03
14746,2010-10-12 11:06:00,2010-10-29 14:44:00,4,593.5,407,2,3,2,At risk,United Kingdom,2010-10
14747,2011-04-04 14:09:00,2011-04-04 14:09:00,1,328.2,250,2,1,2,Hibernating,United Kingdom,2011-04
14748,2010-03-04 17:08:00,2011-11-10 18:33:00,10,2681.9,30,4,5,4,Champions,United Kingdom,2010-03
14749,2010-08-17 12:36:00,2010-08-17 12:36:00,1,310.15,480,1,1,2,Hibernating,United Kingdom,2010-08
14750,2009-12-03 17:57:00,2009-12-03 17:57:00,1,112.03,737,1,1,1,Hibernating,United Kingdom,2009-12
14751,2009-12-13 14:08:00,2010-01-24 13:37:00,2,126.45,685,1,2,1,Hibernating,United Kingdom,2009-12
14752,2011-10-27 11:55:00,2011-10-27 11:55:00,1,389.64,44,4,1,2,Recent light buyers,United Kingdom,2011-10
14753,2010-09-05 11:04:00,2011-09-13 14:50:00,2,869.51,88,3,2,3,Developing,United Kingdom,2010-09
14754,2010-01-18 11:04:00,2011-10-26 12:01:00,6,1550.48,45,4,4,4,Champions,United Kingdom,2010-01
14755,2009-12-03 16:51:00,2011-11-30 11:24:00,25,9972.550000000001,10,5,5,5,Champions,United Kingdom,2009-12
14756,2010-10-11 11:50:00,2011-11-24 18:13:00,3,2653.76,16,5,3,4,Loyal,United Kingdom,2010-10
14757,2011-09-25 14:36:00,2011-09-25 14:36:00,1,420.5,76,3,1,2,Developing,United Kingdom,2011-09
14758,2010-04-08 08:27:00,2011-07-18 08:21:00,7,2864.97,145,3,4,4,Loyal,United Kingdom,2010-04
14759,2011-04-21 10:55:00,2011-12-05 12:03:00,3,1625.97,5,5,3,4,Loyal,United Kingdom,2011-04
14760,2011-02-15 16:27:00,2011-02-15 16:27:00,1,89.2,298,2,1,1,Hibernating,United Kingdom,2011-02
14761,2010-09-21 14:22:00,2011-10-12 12:10:00,3,447.92,59,4,3,2,Loyal,United Kingdom,2010-09
14762,2010-03-23 15:36:00,2011-03-21 08:20:00,2,417.57,264,2,2,2,Hibernating,United Kingdom,2010-03
14764,2011-10-24 11:54:00,2011-10-24 11:54:00,1,278.3,47,4,1,1,Recent light buyers,United Kingdom,2011-10
14765,2011-06-16 19:49:00,2011-11-10 19:53:00,3,254.11,30,4,3,1,Loyal,United Kingdom,2011-06
14766,2010-06-06 11:11:00,2011-12-01 16:05:00,11,6375.7300000000005,9,5,5,5,Champions,United Kingdom,2010-06
14767,2010-08-22 14:54:00,2010-08-22 14:54:00,1,382.81,475,1,1,2,Hibernating,United Kingdom,2010-08
14768,2011-08-04 13:25:00,2011-11-22 12:54:00,2,192.60000000000002,18,5,2,1,Recent light buyers,United Kingdom,2011-08
14769,2009-12-16 09:17:00,2011-12-07 10:24:00,17,15771.88,3,5,5,5,Champions,United Kingdom,2009-12
14770,2010-02-25 18:58:00,2011-04-21 14:21:00,8,3637.64,233,2,4,5,At risk,United Kingdom,2010-02
14771,2009-12-03 09:44:00,2010-03-28 12:52:00,2,594.62,622,1,2,2,Hibernating,United Kingdom,2009-12
14772,2011-08-19 15:04:00,2011-08-19 15:04:00,1,139.26,113,3,1,1,Developing,United Kingdom,2011-08
14773,2010-04-26 10:29:00,2010-04-26 10:29:00,1,140.55,593,1,1,1,Hibernating,United Kingdom,2010-04
14774,2010-06-29 12:26:00,2010-06-29 12:26:00,1,241.45,529,1,1,1,Hibernating,United Kingdom,2010-06
14775,2010-12-02 16:38:00,2011-10-12 15:27:00,3,1011.9,59,4,3,3,Loyal,United Kingdom,2010-12
14776,2010-09-19 14:12:00,2011-10-19 15:34:00,15,3708.3,52,4,5,5,Champions,United Kingdom,2010-09
14777,2010-11-01 12:50:00,2010-11-01 12:50:00,1,307.56,404,2,1,2,Hibernating,United Kingdom,2010-11
14778,2011-02-04 11:43:00,2011-08-04 15:23:00,2,730.86,128,3,2,3,Developing,United Kingdom,2011-02
14779,2011-01-20 12:04:00,2011-03-04 12:42:00,3,386.15,281,2,3,2,At risk,United Kingdom,2011-01
14780,2011-09-21 15:15:00,2011-10-16 12:46:00,2,447.68,55,4,2,2,Recent light buyers,United Kingdom,2011-09
14782,2011-01-24 11:12:00,2011-01-24 11:12:00,1,200.10000000000002,320,2,1,1,Hibernating,United Kingdom,2011-01
14783,2010-02-18 16:16:00,2010-02-18 16:16:00,1,307.3,660,1,1,2,Hibernating,United Kingdom,2010-02
14784,2010-11-15 09:49:00,2011-11-13 13:30:00,3,449.93,27,4,3,2,Loyal,United Kingdom,2010-11
14785,2011-11-24 13:40:00,2011-11-29 13:21:00,2,77.4,11,5,2,1,Recent light buyers,United Kingdom,2011-11
14786,2010-06-07 13:42:00,2010-06-07 13:42:00,1,90.96,551,1,1,1,Hibernating,United Kingdom,2010-06
14787,2010-08-25 14:38:00,2010-08-25 14:38:00,1,110.65,472,1,1,1,Hibernating,United Kingdom,2010-08
14788,2010-04-22 18:16:00,2011-12-02 17:06:00,3,1156.32,8,5,3,3,Loyal,United Kingdom,2010-04
14789,2011-11-11 08:59:00,2011-11-11 08:59:00,1,197.64,29,4,1,1,Recent light buyers,United Kingdom,2011-11
14790,2009-12-11 14:37:00,2011-11-23 09:28:00,10,2526.62,17,5,5,4,Champions,United Kingdom,2009-12
14791,2010-04-12 10:24:00,2010-04-12 10:24:00,1,303.63,607,1,1,2,Hibernating,United Kingdom,2010-04
14792,2011-10-07 09:19:00,2011-10-07 09:19:00,1,6.2,64,3,1,1,Developing,United Kingdom,2011-10
14793,2010-06-22 16:54:00,2011-11-18 14:50:00,2,625.9,22,4,2,3,Recent light buyers,United Kingdom,2010-06
14794,2010-08-09 15:44:00,2011-12-07 10:11:00,10,1953.9,3,5,5,4,Champions,United Kingdom,2010-08
14795,2011-06-26 13:04:00,2011-06-26 13:04:00,1,131.45000000000002,167,3,1,1,Developing,United Kingdom,2011-06
14796,2009-12-14 15:06:00,2011-12-08 15:31:00,27,10218.43,2,5,5,5,Champions,United Kingdom,2009-12
14797,2010-07-20 14:07:00,2010-07-20 14:07:00,1,300.31,508,1,1,2,Hibernating,United Kingdom,2010-07
14798,2010-03-01 08:38:00,2011-10-18 10:58:00,8,724.31,53,4,4,3,Loyal,United Kingdom,2010-03
14799,2009-12-02 11:18:00,2011-10-19 16:16:00,2,338.15,52,4,2,2,Recent light buyers,United Kingdom,2009-12
14800,2010-09-30 14:38:00,2011-10-23 12:46:00,17,7218.48,48,4,5,5,Champions,United Kingdom,2010-09
14801,2011-10-09 15:24:00,2011-10-09 15:24:00,1,193.14,62,3,1,1,Developing,United Kingdom,2011-10
14802,2010-09-27 16:32:00,2010-09-27 16:34:00,2,1502.98,439,1,2,4,Hibernating,United Kingdom,2010-09
14803,2011-02-20 13:21:00,2011-06-30 13:58:00,3,845.55,163,3,3,3,Loyal,United Kingdom,2011-02
14804,2011-12-01 11:20:00,2011-12-01 11:20:00,1,353.27,9,5,1,2,Recent light buyers,United Kingdom,2011-12
14805,2010-03-28 12:34:00,2011-11-24 16:20:00,7,1104.64,16,5,4,3,Loyal,United Kingdom,2010-03
14806,2010-09-26 15:50:00,2011-09-25 15:32:00,2,303.43,76,3,2,2,Developing,United Kingdom,2010-09
14807,2010-02-28 11:33:00,2010-11-14 12:47:00,2,519.29,391,2,2,2,Hibernating,United Kingdom,2010-02
14808,2011-06-20 12:53:00,2011-10-31 12:21:00,8,2741.17,40,4,4,4,Champions,United Kingdom,2011-06
14809,2010-03-28 15:42:00,2010-03-28 15:44:00,2,686.76,622,1,2,3,Hibernating,United Kingdom,2010-03
14810,2010-10-06 13:12:00,2011-10-30 11:19:00,13,2356.58,41,4,5,4,Champions,United Kingdom,2010-10
14811,2010-11-17 13:09:00,2010-11-17 13:09:00,1,170.5,388,2,1,1,Hibernating,United Kingdom,2010-11
14812,2010-04-20 12:13:00,2010-04-20 12:13:00,1,185.8,599,1,1,1,Hibernating,United Kingdom,2010-04
14813,2010-04-08 11:49:00,2010-12-05 11:57:00,4,935.44,370,2,3,3,At risk,United Kingdom,2010-04
14814,2010-05-07 14:10:00,2010-05-07 14:10:00,1,160.46,582,1,1,1,Hibernating,United Kingdom,2010-05
14815,2011-10-03 11:36:00,2011-11-03 11:36:00,2,778.5,37,4,2,3,Recent light buyers,United Kingdom,2011-10
14816,2011-05-26 13:16:00,2011-05-26 13:16:00,1,271.85,198,2,1,1,Hibernating,United Kingdom,2011-05
14817,2010-03-22 12:10:00,2011-05-23 13:35:00,7,3959.86,201,2,4,5,At risk,United Kingdom,2010-03
14818,2010-03-02 12:48:00,2011-09-27 11:01:00,6,1170.41,74,3,4,3,Loyal,United Kingdom,2010-03
14819,2009-12-21 15:54:00,2011-10-06 13:41:00,4,470.16,65,3,3,2,Loyal,United Kingdom,2009-12
14820,2010-01-31 12:49:00,2011-11-18 15:41:00,9,1274.76,22,4,5,4,Champions,United Kingdom,2010-01
14821,2010-02-01 13:33:00,2010-12-08 08:43:00,7,1237.65,367,2,4,4,At risk,United Kingdom,2010-02
14822,2010-08-11 12:52:00,2010-08-11 12:52:00,1,157.70000000000002,486,1,1,1,Hibernating,United Kingdom,2010-08
14823,2011-05-29 12:48:00,2011-06-12 13:12:00,3,321.43,181,3,3,2,Loyal,United Kingdom,2011-05
14824,2010-03-12 13:07:00,2011-11-29 14:20:00,10,4022.9100000000003,11,5,5,5,Champions,United Kingdom,2010-03
14825,2010-04-06 14:14:00,2011-12-06 11:38:00,24,4740.9800000000005,4,5,5,5,Champions,United Kingdom,2010-04
14826,2010-01-13 13:08:00,2010-05-07 09:00:00,2,385.2,582,1,2,2,Hibernating,United Kingdom,2010-01
14828,2009-12-07 11:19:00,2011-05-27 10:16:00,13,9839.460000000001,197,2,5,5,At risk,United Kingdom,2009-12
14829,2010-09-29 13:14:00,2011-11-10 16:16:00,7,1455.8700000000001,30,4,4,4,Champions,United Kingdom,2010-09
14830,2011-10-17 14:29:00,2011-10-17 14:29:00,1,197.13,54,4,1,1,Recent light buyers,United Kingdom,2011-10
14831,2009-12-02 09:21:00,2010-01-28 14:31:00,3,1676.57,681,1,3,4,At risk,United Kingdom,2009-12
14832,2010-03-19 15:14:00,2010-03-19 15:14:00,1,322.69,631,1,1,2,Hibernating,United Kingdom,2010-03
14833,2010-07-29 10:06:00,2010-07-29 10:06:00,1,94.8,499,1,1,1,Hibernating,United Kingdom,2010-07
14834,2010-10-28 17:37:00,2011-11-22 10:30:00,7,2206.16,18,5,4,4,Champions,United Kingdom,2010-10
14835,2010-04-01 19:34:00,2010-06-29 10:08:00,2,297.0,529,1,2,2,Hibernating,United Kingdom,2010-04
14836,2011-11-09 13:26:00,2011-11-29 16:45:00,3,102.44999999999999,11,5,3,1,Loyal,United Kingdom,2011-11
14837,2010-01-24 10:20:00,2011-09-11 10:58:00,9,3460.32,90,3,5,5,Loyal,United Kingdom,2010-01
14838,2009-12-03 09:52:00,2010-10-12 15:46:00,2,773.6700000000001,424,1,2,3,Hibernating,United Kingdom,2009-12
14839,2010-01-04 16:29:00,2010-10-17 13:01:00,3,915.28,419,1,3,3,At risk,United Kingdom,2010-01
14840,2010-06-18 15:42:00,2011-03-17 12:00:00,2,362.71,268,2,2,2,Hibernating,United Kingdom,2010-06
14841,2009-12-02 16:49:00,2011-10-17 15:03:00,14,7163.0,54,4,5,5,Champions,United Kingdom,2009-12
14842,2011-02-04 15:32:00,2011-10-27 12:37:00,4,2824.69,44,4,3,4,Loyal,United Kingdom,2011-02
14843,2010-09-29 12:39:00,2010-09-29 12:39:00,1,211.79999999999998,437,1,1,1,Hibernating,United Kingdom,2010-09
14844,2010-04-12 12:50:00,2011-10-07 10:41:00,10,6702.43,64,3,5,5,Loyal,United Kingdom,2010-04
14845,2010-04-19 10:19:00,2010-04-19 10:19:00,1,150.0,600,1,1,1,Hibernating,United Kingdom,2010-04
14846,2010-10-08 17:07:00,2010-10-08 17:07:00,1,437.4,428,1,1,2,Hibernating,United Kingdom,2010-10
14847,2010-05-24 12:29:00,2011-07-14 10:52:00,3,1348.95,149,3,3,4,Loyal,United Kingdom,2010-05
14848,2010-10-31 12:22:00,2010-10-31 12:22:00,1,310.56,405,2,1,2,Hibernating,United Kingdom,2010-10
14849,2010-01-10 11:40:00,2011-11-18 10:58:00,43,15407.61,22,4,5,5,Champions,United Kingdom,2010-01
14850,2010-05-20 13:28:00,2011-02-01 11:21:00,7,1794.01,312,2,4,4,At risk,United Kingdom,2010-05
14851,2010-03-19 11:52:00,2011-11-16 14:20:00,3,829.4100000000001,24,4,3,3,Loyal,United Kingdom,2010-03
14852,2010-03-05 14:51:00,2011-10-12 13:20:00,18,6147.18,59,4,5,5,Champions,United Kingdom,2010-03
14853,2010-04-13 09:26:00,2011-11-15 16:56:00,5,1376.87,25,4,4,4,Champions,United Kingdom,2010-04
14854,2010-01-22 09:48:00,2011-09-22 17:00:00,11,4322.86,79,3,5,5,Loyal,United Kingdom,2010-01
14855,2010-04-08 10:30:00,2011-08-12 14:02:00,7,6520.3,120,3,4,5,Loyal,United Kingdom,2010-04
14856,2011-10-14 09:35:00,2011-11-03 14:53:00,3,1311.3799999999999,37,4,3,4,Loyal,United Kingdom,2011-10
14857,2010-03-15 11:00:00,2011-10-11 09:23:00,7,3651.851,60,3,4,5,Loyal,United Kingdom,2010-03
14858,2010-07-22 10:51:00,2010-07-22 10:51:00,1,180.75,506,1,1,1,Hibernating,United Kingdom,2010-07
14859,2010-06-03 10:26:00,2011-11-27 11:18:00,5,1705.64,13,5,4,4,Champions,United Kingdom,2010-06
14860,2011-11-20 14:17:00,2011-11-20 14:17:00,1,170.32,20,5,1,1,Recent light buyers,United Kingdom,2011-11
14861,2009-12-08 12:12:00,2011-10-18 12:54:00,10,1380.73,53,4,5,4,Champions,United Kingdom,2009-12
14862,2011-07-14 11:20:00,2011-11-14 10:01:00,2,841.1999999999999,26,4,2,3,Recent light buyers,United Kingdom,2011-07
14863,2011-11-10 15:04:00,2011-11-10 15:04:00,1,266.76,30,4,1,1,Recent light buyers,United Kingdom,2011-11
14865,2009-12-01 16:05:00,2011-12-02 16:25:00,4,92.52000000000001,8,5,3,1,Loyal,United Kingdom,2009-12
14866,2010-08-26 11:54:00,2011-11-29 11:45:00,19,20746.54,11,5,5,5,Champions,United Kingdom,2010-08
14867,2009-12-05 15:47:00,2011-06-07 11:39:00,16,2952.06,186,3,5,5,Loyal,United Kingdom,2009-12
14868,2010-10-15 14:52:00,2011-12-06 14:49:00,12,4184.01,4,5,5,5,Champions,United Kingdom,2010-10
14869,2009-12-16 11:43:00,2011-12-01 12:36:00,6,2804.24,9,5,4,4,Champions,United Kingdom,2009-12
14870,2010-01-25 09:05:00,2011-03-23 10:51:00,6,1838.95,262,2,4,4,At risk,United Kingdom,2010-01
14871,2009-12-01 11:57:00,2011-12-06 13:42:00,9,1258.97,4,5,5,4,Champions,United Kingdom,2009-12
14872,2010-03-16 14:41:00,2010-08-13 12:34:00,3,816.6,484,1,3,3,At risk,United Kingdom,2010-03
14873,2010-03-16 10:51:00,2011-05-13 13:52:00,2,854.13,211,2,2,3,Hibernating,United Kingdom,2010-03
14874,2010-06-22 14:58:00,2010-06-22 14:58:00,1,116.18,536,1,1,1,Hibernating,United Kingdom,2010-06
14875,2010-09-24 10:28:00,2011-08-24 12:20:00,3,2862.4,108,3,3,4,Loyal,United Kingdom,2010-09
14876,2010-05-27 13:49:00,2010-07-06 14:57:00,2,256.7,522,1,2,1,Hibernating,United Kingdom,2010-05
14877,2010-03-07 12:25:00,2010-10-17 13:09:00,2,437.0,419,1,2,2,Hibernating,United Kingdom,2010-03
14878,2010-02-21 11:14:00,2011-11-27 11:15:00,25,4105.24,13,5,5,5,Champions,United Kingdom,2010-02
14879,2010-01-24 11:35:00,2010-01-24 11:35:00,1,185.06,685,1,1,1,Hibernating,United Kingdom,2010-01
14880,2011-02-24 12:27:00,2011-09-23 13:42:00,3,706.19,78,3,3,3,Loyal,United Kingdom,2011-02
14881,2011-11-20 11:06:00,2011-11-20 11:06:00,1,255.4,20,5,1,1,Recent light buyers,United Kingdom,2011-11
14882,2010-03-30 15:02:00,2011-11-13 12:47:00,14,3628.15,27,4,5,5,Champions,United Kingdom,2010-03
14883,2011-05-12 09:49:00,2011-11-21 10:23:00,6,761.59,19,5,4,3,Loyal,United Kingdom,2011-05
14884,2010-02-08 12:56:00,2010-02-08 12:56:00,1,120.6,670,1,1,1,Hibernating,United Kingdom,2010-02
14885,2010-08-31 10:11:00,2011-07-31 12:05:00,3,1598.12,132,3,3,4,Loyal,United Kingdom,2010-08
14886,2011-04-01 08:56:00,2011-04-01 08:56:00,1,364.8,253,2,1,2,Hibernating,United Kingdom,2011-04
14887,2011-09-21 15:32:00,2011-09-21 15:32:00,1,1862.0,80,3,1,4,Developing,United Kingdom,2011-09
14888,2011-05-16 14:58:00,2011-05-16 14:58:00,1,369.2,208,2,1,2,Hibernating,United Kingdom,2011-05
14889,2011-01-07 15:19:00,2011-01-07 15:19:00,1,135.9,337,2,1,1,Hibernating,United Kingdom,2011-01
14890,2010-02-18 09:00:00,2011-03-31 11:57:00,3,817.25,254,2,3,3,At risk,United Kingdom,2010-02
14891,2010-09-29 12:41:00,2011-07-14 18:08:00,4,1106.73,149,3,3,3,Loyal,United Kingdom,2010-09
14892,2010-01-18 08:58:00,2010-01-18 08:58:00,1,202.35000000000002,691,1,1,1,Hibernating,United Kingdom,2010-01
14893,2010-04-01 09:03:00,2011-11-30 12:31:00,3,1809.6100000000001,10,5,3,4,Loyal,United Kingdom,2010-04
14894,2009-12-02 10:42:00,2011-09-15 13:51:00,3,1492.81,86,3,3,4,Loyal,United Kingdom,2009-12
14895,2009-12-10 14:22:00,2011-12-02 09:23:00,38,25119.54,8,5,5,5,Champions,United Kingdom,2009-12
14896,2009-12-06 12:42:00,2011-05-19 10:20:00,8,1835.2,205,2,4,4,At risk,United Kingdom,2009-12
14897,2009-12-15 17:05:00,2011-12-02 10:32:00,8,3140.54,8,5,4,5,Champions,United Kingdom,2009-12
14898,2009-12-03 16:40:00,2011-11-16 14:54:00,14,3409.31,24,4,5,5,Champions,United Kingdom,2009-12
14899,2010-11-09 15:20:00,2010-11-09 15:20:00,1,1384.88,396,2,1,4,Hibernating,United Kingdom,2010-11
14900,2010-07-05 15:09:00,2010-07-05 15:09:00,1,13.919999999999998,523,1,1,1,Hibernating,United Kingdom,2010-07
14901,2010-07-29 11:11:00,2011-11-28 17:09:00,12,1927.25,12,5,5,4,Champions,United Kingdom,2010-07
14902,2010-06-04 12:35:00,2011-11-14 10:34:00,3,1035.6200000000001,26,4,3,3,Loyal,United Kingdom,2010-06
14903,2011-03-06 11:50:00,2011-11-18 16:07:00,5,2810.63,22,4,4,4,Champions,United Kingdom,2011-03
14904,2010-10-08 12:48:00,2011-12-07 12:55:00,4,1640.64,3,5,3,4,Loyal,United Kingdom,2010-10
14905,2009-12-03 14:36:00,2011-07-05 12:41:00,8,1971.39,158,3,4,4,Loyal,United Kingdom,2009-12
14906,2010-09-20 16:30:00,2010-09-20 16:30:00,1,68.44,446,1,1,1,Hibernating,United Kingdom,2010-09
14907,2010-04-16 13:40:00,2011-12-06 14:14:00,16,5547.72,4,5,5,5,Champions,United Kingdom,2010-04
14908,2010-09-02 16:39:00,2011-09-26 12:56:00,2,381.9,75,3,2,2,Developing,United Kingdom,2010-09
14909,2010-02-14 15:47:00,2010-09-28 16:56:00,3,1404.68,438,1,3,4,At risk,United Kingdom,2010-02
14910,2011-10-16 11:06:00,2011-12-07 10:06:00,4,434.35,3,5,3,2,Loyal,United Kingdom,2011-10
14911,2009-12-01 11:41:00,2011-12-08 15:54:00,398,291561.05,2,5,5,5,Champions,EIRE,2009-12
14912,2010-01-26 16:29:00,2011-11-23 09:20:00,6,1889.25,17,5,4,4,Champions,Italy,2010-01
14913,2010-08-11 08:40:00,2011-11-04 08:29:00,8,4073.13,36,4,4,5,Champions,United Kingdom,2010-08
14915,2009-12-03 10:17:00,2011-09-09 13:34:00,11,1811.25,92,3,5,4,Loyal,United Kingdom,2009-12
14916,2010-04-01 10:57:00,2011-09-30 09:20:00,8,3042.95,71,3,4,5,Loyal,United Kingdom,2010-04
14917,2010-04-22 09:44:00,2010-04-22 11:28:00,2,1123.75,597,1,2,3,Hibernating,United Kingdom,2010-04
14918,2010-04-08 11:18:00,2011-08-16 11:50:00,9,5955.81,116,3,5,5,Loyal,United Kingdom,2010-04
14919,2010-06-18 13:06:00,2010-06-18 13:06:00,1,359.35,540,1,1,2,Hibernating,United Kingdom,2010-06
14920,2010-05-23 15:25:00,2011-05-11 10:32:00,3,1607.17,213,2,3,4,At risk,United Kingdom,2010-05
14921,2011-05-22 12:51:00,2011-11-09 13:17:00,2,1316.07,31,4,2,4,Recent light buyers,United Kingdom,2011-05
14922,2010-07-20 09:45:00,2010-11-11 11:14:00,2,843.74,394,2,2,3,Hibernating,United Kingdom,2010-07
14923,2011-10-20 11:51:00,2011-10-20 11:51:00,1,749.1,51,4,1,3,Recent light buyers,United Kingdom,2011-10
14924,2010-03-10 12:51:00,2011-04-08 09:25:00,3,931.01,246,2,3,3,At risk,United Kingdom,2010-03
14926,2010-04-20 09:59:00,2010-11-23 07:13:00,2,359.4,382,2,2,2,Hibernating,United Kingdom,2010-04
14927,2010-11-08 12:30:00,2010-11-08 12:30:00,1,308.2,397,2,1,2,Hibernating,United Kingdom,2010-11
14928,2010-03-22 09:14:00,2010-03-22 09:14:00,1,223.91000000000003,628,1,1,1,Hibernating,United Kingdom,2010-03
14929,2010-10-14 12:22:00,2011-11-07 17:21:00,2,836.69,33,4,2,3,Recent light buyers,United Kingdom,2010-10
14930,2010-04-12 11:22:00,2011-08-23 10:31:00,6,5246.63,109,3,4,5,Loyal,Channel Islands,2010-04
14931,2011-04-13 09:32:00,2011-12-05 10:19:00,5,1257.68,5,5,4,4,Champions,Channel Islands,2011-04
14932,2010-11-19 09:16:00,2010-12-09 11:48:00,2,666.13,366,2,2,3,Hibernating,Channel Islands,2010-11
14933,2010-09-21 17:29:00,2010-09-22 10:47:00,4,1770.0,444,1,3,4,At risk,Channel Islands,2010-09
14934,2010-09-24 12:08:00,2011-09-19 10:10:00,5,3503.5,82,3,4,5,Loyal,Channel Islands,2010-09
14935,2010-03-30 11:48:00,2011-02-15 14:44:00,2,2849.83,298,2,2,4,Hibernating,Channel Islands,2010-03
14936,2010-05-05 12:26:00,2011-11-06 10:30:00,12,12410.81,34,4,5,5,Champions,Channel Islands,2010-05
14937,2011-08-01 14:16:00,2011-10-14 12:29:00,3,1621.88,57,4,3,4,Loyal,Channel Islands,2011-08
14938,2010-05-26 13:35:00,2010-05-26 13:38:00,2,2322.43,563,1,2,4,Hibernating,Channel Islands,2010-05
14940,2009-12-06 15:46:00,2010-10-18 10:47:00,2,531.49,418,1,2,2,Hibernating,United Kingdom,2009-12
14941,2010-05-10 11:30:00,2010-05-10 11:30:00,1,182.1,579,1,1,1,Hibernating,United Kingdom,2010-05
14942,2009-12-10 10:32:00,2010-11-03 10:51:00,4,746.56,402,2,3,3,At risk,United Kingdom,2009-12
14943,2010-02-14 16:04:00,2010-02-14 16:04:00,1,107.62,664,1,1,1,Hibernating,United Kingdom,2010-02
14944,2010-02-17 08:47:00,2011-11-10 09:10:00,19,9784.67,30,4,5,5,Champions,United Kingdom,2010-02
14945,2010-10-22 11:26:00,2010-10-22 11:26:00,1,179.4,414,1,1,1,Hibernating,United Kingdom,2010-10
14946,2011-11-25 13:33:00,2011-11-25 13:33:00,1,100.9,15,5,1,1,Recent light buyers,United Kingdom,2011-11
14947,2010-03-25 11:29:00,2011-09-28 15:48:00,6,1049.79,73,3,4,3,Loyal,United Kingdom,2010-03
14948,2011-05-04 14:52:00,2011-11-16 17:16:00,6,1101.97,24,4,4,3,Loyal,United Kingdom,2011-05
14949,2009-12-18 15:28:00,2010-08-27 15:38:00,4,515.0,470,1,3,2,At risk,United Kingdom,2009-12
14950,2011-11-20 13:48:00,2011-11-20 13:48:00,1,371.2,20,5,1,2,Recent light buyers,United Kingdom,2011-11
14951,2011-09-21 15:15:00,2011-09-21 15:15:00,1,311.69,80,3,1,2,Developing,United Kingdom,2011-09
14952,2009-12-03 15:34:00,2011-10-11 10:33:00,32,17629.35,60,3,5,5,Loyal,United Kingdom,2009-12
14953,2010-09-30 12:16:00,2011-11-14 14:59:00,4,1013.77,26,4,3,3,Loyal,United Kingdom,2010-09
14954,2010-01-05 16:38:00,2011-11-27 14:30:00,2,503.44,13,5,2,2,Recent light buyers,United Kingdom,2010-01
14955,2009-12-07 11:35:00,2009-12-07 11:35:00,1,163.77,733,1,1,1,Hibernating,United Kingdom,2009-12
14956,2010-10-14 16:40:00,2010-10-14 16:40:00,1,1325.0,422,1,1,4,Hibernating,United Kingdom,2010-10
14957,2010-03-05 10:50:00,2011-03-31 17:59:00,2,333.29,254,2,2,2,Hibernating,United Kingdom,2010-03
14958,2009-12-03 16:02:00,2011-07-15 14:20:00,6,957.9399999999999,148,3,4,3,Loyal,United Kingdom,2009-12
14959,2011-02-16 13:00:00,2011-10-06 18:23:00,4,695.42,65,3,3,3,Loyal,United Kingdom,2011-02
14960,2011-06-21 13:38:00,2011-12-01 12:54:00,2,221.27,9,5,2,1,Recent light buyers,United Kingdom,2011-06
14961,2009-12-04 11:32:00,2011-11-29 09:42:00,22,16410.15,11,5,5,5,Champions,United Kingdom,2009-12
14962,2010-05-04 14:57:00,2011-03-14 09:42:00,4,366.91,271,2,3,2,At risk,United Kingdom,2010-05
14963,2010-07-02 12:43:00,2011-11-30 12:16:00,12,3164.48,10,5,5,5,Champions,United Kingdom,2010-07
14964,2011-04-06 14:13:00,2011-04-06 14:13:00,1,206.21,248,2,1,1,Hibernating,United Kingdom,2011-04
14965,2011-09-04 13:15:00,2011-09-04 13:20:00,2,599.0,97,3,2,2,Developing,United Kingdom,2011-09
14966,2009-12-15 13:48:00,2011-11-25 12:20:00,6,1115.8400000000001,15,5,4,3,Loyal,United Kingdom,2009-12
14967,2009-12-03 14:07:00,2011-10-21 11:06:00,6,1982.6100000000001,50,4,4,4,Champions,United Kingdom,2009-12
14968,2010-09-07 13:28:00,2011-11-09 13:58:00,2,504.99,31,4,2,2,Recent light buyers,United Kingdom,2010-09
14969,2010-01-05 12:43:00,2010-01-05 12:43:00,1,906.23,704,1,1,3,Hibernating,United Kingdom,2010-01
14970,2010-02-14 13:37:00,2011-10-02 13:44:00,12,4919.35,69,3,5,5,Loyal,United Kingdom,2010-02
14971,2011-10-27 13:33:00,2011-11-04 17:07:00,3,1116.57,36,4,3,3,Loyal,United Kingdom,2011-10
14972,2010-11-23 16:17:00,2011-08-03 14:54:00,2,145.07,129,3,2,1,Developing,United Kingdom,2010-11
14973,2011-04-28 12:22:00,2011-08-24 15:51:00,3,1314.45,108,3,3,4,Loyal,United Kingdom,2011-04
14974,2011-11-02 13:01:00,2011-11-02 13:01:00,1,114.39,38,4,1,1,Recent light buyers,United Kingdom,2011-11
14975,2010-10-14 14:11:00,2011-10-13 14:08:00,2,472.39,58,4,2,2,Recent light buyers,United Kingdom,2010-10
14976,2011-01-17 11:09:00,2011-10-13 16:37:00,7,790.86,58,4,4,3,Loyal,United Kingdom,2011-01
14977,2009-12-14 10:37:00,2009-12-14 10:37:00,1,31.929999999999996,726,1,1,1,Hibernating,United Kingdom,2009-12
14978,2010-04-28 10:50:00,2011-09-28 13:07:00,10,3142.14,73,3,5,5,Loyal,United Kingdom,2010-04
14979,2009-12-04 12:54:00,2009-12-04 12:54:00,1,439.46,736,1,1,2,Hibernating,United Kingdom,2009-12
14980,2009-12-02 14:09:00,2009-12-02 14:09:00,1,150.68,738,1,1,1,Hibernating,United Kingdom,2009-12
14981,2010-10-12 11:04:00,2011-04-07 13:45:00,2,372.92,247,2,2,2,Hibernating,United Kingdom,2010-10
14982,2010-05-16 15:52:00,2010-05-16 15:52:00,1,237.78,573,1,1,1,Hibernating,United Kingdom,2010-05
14983,2010-01-19 17:32:00,2010-01-19 17:32:00,1,183.20000000000002,690,1,1,1,Hibernating,United Kingdom,2010-01
14984,2010-01-11 13:22:00,2011-11-20 14:28:00,6,1271.41,20,5,4,4,Champions,United Kingdom,2010-01
14985,2010-12-16 19:51:00,2011-05-25 14:29:00,2,296.75,199,2,2,2,Hibernating,United Kingdom,2010-12
14986,2010-01-24 15:54:00,2010-11-28 15:25:00,2,566.9,377,2,2,2,Hibernating,United Kingdom,2010-01
14987,2009-12-02 14:56:00,2011-11-24 09:59:00,8,1550.6499999999999,16,5,4,4,Champions,United Kingdom,2009-12
14988,2010-04-16 13:34:00,2011-05-12 12:05:00,7,2066.6,212,2,4,4,At risk,United Kingdom,2010-04
14989,2010-02-16 10:40:00,2010-02-16 10:40:00,1,342.4,662,1,1,2,Hibernating,United Kingdom,2010-02
14990,2009-12-09 13:31:00,2010-04-06 13:54:00,2,305.42,613,1,2,2,Hibernating,United Kingdom,2009-12
14991,2010-10-05 13:01:00,2010-10-05 13:01:00,1,314.67,431,1,1,2,Hibernating,United Kingdom,2010-10
14992,2010-09-23 17:48:00,2010-09-23 17:48:00,1,210.5,443,1,1,1,Hibernating,United Kingdom,2010-09
14993,2010-05-25 12:47:00,2010-05-25 12:47:00,1,36.13,564,1,1,1,Hibernating,United Kingdom,2010-05
14994,2010-03-26 14:16:00,2010-11-22 12:59:00,5,960.63,383,2,4,3,At risk,United Kingdom,2010-03
14995,2011-03-04 13:14:00,2011-11-01 11:39:00,2,233.23000000000002,39,4,2,1,Recent light buyers,United Kingdom,2011-03
14996,2010-08-15 13:41:00,2010-08-15 13:44:00,2,442.28999999999996,482,1,2,2,Hibernating,United Kingdom,2010-08
14997,2010-02-22 12:11:00,2011-10-24 13:28:00,4,776.5999999999999,47,4,3,3,Loyal,United Kingdom,2010-02
14998,2010-04-13 16:07:00,2011-06-22 17:30:00,4,770.73,171,3,3,3,Loyal,United Kingdom,2010-04
14999,2010-04-26 10:47:00,2010-04-26 10:47:00,1,129.48000000000002,593,1,1,1,Hibernating,United Kingdom,2010-04
15000,2011-10-23 11:42:00,2011-10-23 11:42:00,1,490.52,48,4,1,2,Recent light buyers,United Kingdom,2011-10
15001,2010-11-10 13:31:00,2010-11-10 13:51:00,2,230.85999999999999,395,2,2,1,Hibernating,United Kingdom,2010-11
15002,2010-01-12 11:40:00,2011-08-16 10:44:00,9,4185.63,116,3,5,5,Loyal,United Kingdom,2010-01
15003,2010-01-26 13:04:00,2010-08-23 15:44:00,6,1060.7,474,1,4,3,At risk,United Kingdom,2010-01
15004,2011-07-15 14:05:00,2011-07-15 14:05:00,1,1246.32,148,3,1,4,Developing,United Kingdom,2011-07
15005,2009-12-01 14:19:00,2011-11-24 12:25:00,56,13883.7,16,5,5,5,Champions,United Kingdom,2009-12
15006,2010-09-12 13:03:00,2011-10-19 15:08:00,2,825.14,52,4,2,3,Recent light buyers,United Kingdom,2010-09
15007,2011-07-03 16:00:00,2011-07-03 16:00:00,1,156.91,160,3,1,1,Developing,United Kingdom,2011-07
15008,2010-03-12 11:13:00,2010-08-16 13:09:00,2,360.0,481,1,2,2,Hibernating,United Kingdom,2010-03
15009,2011-11-14 17:40:00,2011-11-27 13:35:00,3,1261.78,13,5,3,4,Loyal,United Kingdom,2011-11
15010,2011-11-04 12:42:00,2011-11-04 12:42:00,1,308.94,36,4,1,2,Recent light buyers,United Kingdom,2011-11
15011,2010-10-19 12:05:00,2010-11-09 11:10:00,2,416.6,396,2,2,2,Hibernating,United Kingdom,2010-10
15012,2010-05-12 11:49:00,2011-10-17 12:22:00,3,669.56,54,4,3,3,Loyal,United Kingdom,2010-05
15013,2010-01-31 12:15:00,2010-08-09 12:05:00,10,1641.3,488,1,5,4,At risk,United Kingdom,2010-01
15014,2011-06-16 19:40:00,2011-10-27 20:07:00,2,260.17,44,4,2,1,Recent light buyers,United Kingdom,2011-06
15015,2009-12-14 14:46:00,2010-07-26 13:50:00,13,2365.02,502,1,5,4,At risk,United Kingdom,2009-12
15016,2010-06-14 13:06:00,2011-06-20 12:06:00,5,630.3,173,3,4,3,Loyal,United Kingdom,2010-06
15017,2011-11-06 10:33:00,2011-11-06 10:33:00,1,125.58,34,4,1,1,Recent light buyers,United Kingdom,2011-11
15018,2010-12-07 10:47:00,2011-11-01 12:47:00,3,496.21000000000004,39,4,3,2,Loyal,United Kingdom,2010-12
15019,2011-03-18 12:35:00,2011-03-18 12:35:00,1,266.0,267,2,1,1,Hibernating,United Kingdom,2011-03
15020,2010-11-25 13:29:00,2010-11-25 13:29:00,1,203.42,380,2,1,1,Hibernating,United Kingdom,2010-11
15021,2010-07-29 16:35:00,2011-12-01 11:53:00,12,2578.19,9,5,5,4,Champions,United Kingdom,2010-07
15022,2010-01-31 16:02:00,2011-11-28 12:35:00,5,1186.09,12,5,4,3,Loyal,United Kingdom,2010-01
15023,2010-02-03 15:45:00,2011-12-06 17:23:00,20,11710.08,4,5,5,5,Champions,United Kingdom,2010-02
15024,2010-10-11 16:14:00,2011-11-30 12:06:00,16,3584.29,10,5,5,5,Champions,United Kingdom,2010-10
15025,2010-05-20 13:28:00,2011-11-06 15:20:00,2,1013.09,34,4,2,3,Recent light buyers,United Kingdom,2010-05
15026,2010-09-17 13:52:00,2011-09-20 13:52:00,5,1061.61,81,3,4,3,Loyal,United Kingdom,2010-09
15027,2010-03-25 14:39:00,2011-11-09 10:16:00,10,3195.6,31,4,5,5,Champions,United Kingdom,2010-03
15028,2010-11-10 14:32:00,2011-12-01 14:06:00,6,971.74,9,5,4,3,Loyal,United Kingdom,2010-11
15029,2010-03-30 12:16:00,2010-03-30 12:16:00,1,365.1,620,1,1,2,Hibernating,United Kingdom,2010-03
15030,2010-03-04 17:10:00,2011-09-29 10:50:00,8,1979.91,72,3,4,4,Loyal,United Kingdom,2010-03
15031,2009-12-08 13:38:00,2011-12-05 14:19:00,14,3156.58,5,5,5,5,Champions,United Kingdom,2009-12
15032,2009-12-10 15:27:00,2011-03-28 15:03:00,8,11010.05,257,2,4,5,At risk,United Kingdom,2009-12
15033,2011-01-14 13:28:00,2011-12-05 12:40:00,10,2586.67,5,5,5,4,Champions,United Kingdom,2011-01
15034,2010-05-11 13:30:00,2011-11-24 12:11:00,14,8313.4,16,5,5,5,Champions,United Kingdom,2010-05
15035,2011-09-11 11:08:00,2011-09-11 11:08:00,1,252.73000000000002,90,3,1,1,Developing,United Kingdom,2011-09
15036,2011-06-13 12:19:00,2011-09-28 15:42:00,3,465.55,73,3,3,2,Loyal,United Kingdom,2011-06
15037,2010-11-28 12:14:00,2010-11-28 13:05:00,2,402.51,377,2,2,2,Hibernating,United Kingdom,2010-11
15038,2010-10-10 14:35:00,2011-10-12 11:33:00,9,1183.43,59,4,5,3,Loyal,United Kingdom,2010-10
15039,2009-12-10 11:39:00,2011-11-30 11:31:00,93,39419.92,10,5,5,5,Champions,United Kingdom,2009-12
15040,2010-06-16 11:40:00,2010-06-16 11:40:00,1,7.49,542,1,1,1,Hibernating,United Kingdom,2010-06
15041,2010-09-21 13:16:00,2011-06-22 16:16:00,2,294.02,171,3,2,2,Developing,United Kingdom,2010-09
15042,2010-04-23 14:01:00,2011-05-24 16:25:00,2,315.45,200,2,2,2,Hibernating,United Kingdom,2010-04
15043,2010-06-24 15:50:00,2011-11-08 14:26:00,6,2873.7999999999997,32,4,4,4,Champions,United Kingdom,2010-06
15044,2009-12-16 15:13:00,2011-11-20 13:20:00,35,16204.33,20,5,5,5,Champions,United Kingdom,2009-12
15045,2011-03-27 11:44:00,2011-07-11 11:33:00,2,735.66,152,3,2,3,Developing,United Kingdom,2011-03
15046,2010-01-14 14:29:00,2011-11-30 15:50:00,25,7812.389999999999,10,5,5,5,Champions,United Kingdom,2010-01
15047,2011-03-15 10:49:00,2011-03-15 10:49:00,1,343.62,270,2,1,2,Hibernating,United Kingdom,2011-03
15048,2010-12-06 12:15:00,2011-10-05 14:55:00,4,384.05,66,3,3,2,Loyal,United Kingdom,2010-12
15049,2011-03-11 12:13:00,2011-03-11 12:13:00,1,121.17000000000002,274,2,1,1,Hibernating,United Kingdom,2011-03
15050,2010-08-16 12:00:00,2011-11-14 16:17:00,5,4193.79,26,4,4,5,Champions,United Kingdom,2010-08
15051,2009-12-01 13:29:00,2011-11-16 15:38:00,9,3935.16,24,4,5,5,Champions,United Kingdom,2009-12
15052,2011-01-24 15:52:00,2011-01-24 15:52:00,1,215.78,320,2,1,1,Hibernating,United Kingdom,2011-01
15053,2011-03-03 12:06:00,2011-12-05 12:08:00,3,697.79,5,5,3,3,Loyal,United Kingdom,2011-03
15054,2011-10-30 14:33:00,2011-11-27 15:02:00,2,302.1,13,5,2,2,Recent light buyers,United Kingdom,2011-10
15055,2009-12-16 15:48:00,2010-08-22 11:06:00,3,560.07,475,1,3,2,At risk,United Kingdom,2009-12
15056,2010-07-07 15:58:00,2010-07-07 15:58:00,1,133.45,521,1,1,1,Hibernating,United Kingdom,2010-07
15057,2009-12-05 15:27:00,2011-03-09 15:17:00,5,3255.96,276,2,4,5,At risk,United Kingdom,2009-12
15058,2010-02-24 14:07:00,2011-11-14 14:57:00,16,3410.03,26,4,5,5,Champions,United Kingdom,2010-02
15059,2009-12-06 12:17:00,2011-10-30 11:35:00,19,3523.57,41,4,5,5,Champions,United Kingdom,2009-12
15060,2011-11-30 14:03:00,2011-12-01 13:47:00,4,303.09,9,5,3,2,Loyal,United Kingdom,2011-11
15061,2009-12-01 12:18:00,2011-12-06 12:06:00,127,126389.02,4,5,5,5,Champions,United Kingdom,2009-12
15062,2010-04-08 15:41:00,2011-09-29 16:51:00,8,2585.62,72,3,4,4,Loyal,United Kingdom,2010-04
15063,2011-05-10 13:25:00,2011-05-10 13:25:00,1,370.79999999999995,214,2,1,2,Hibernating,United Kingdom,2011-05
15064,2009-12-22 16:17:00,2010-10-25 14:32:00,4,1254.41,411,2,3,4,At risk,United Kingdom,2009-12
15065,2010-10-25 09:13:00,2011-11-02 09:45:00,5,3326.86,38,4,4,5,Champions,United Kingdom,2010-10
15066,2011-10-17 13:25:00,2011-10-17 13:25:00,1,893.59,54,4,1,3,Recent light buyers,United Kingdom,2011-10
15067,2010-04-11 15:54:00,2011-09-22 13:20:00,5,3877.88,79,3,4,5,Loyal,United Kingdom,2010-04
15068,2010-03-28 13:18:00,2011-10-24 14:47:00,4,1176.85,47,4,3,3,Loyal,United Kingdom,2010-03
15069,2011-06-13 14:16:00,2011-06-13 14:16:00,1,1109.53,180,3,1,3,Developing,United Kingdom,2011-06
15070,2009-12-15 13:49:00,2010-12-02 11:23:00,3,737.0500000000001,373,2,3,3,At risk,United Kingdom,2009-12
15071,2010-05-18 12:45:00,2011-09-07 11:43:00,4,1455.56,94,3,3,4,Loyal,United Kingdom,2010-05
15072,2010-08-17 15:46:00,2010-08-17 15:46:00,1,187.51999999999998,480,1,1,1,Hibernating,United Kingdom,2010-08
15073,2010-01-27 08:48:00,2011-11-30 10:44:00,8,2788.02,10,5,4,4,Champions,United Kingdom,2010-01
15074,2010-08-29 11:47:00,2011-08-26 14:45:00,3,1566.33,106,3,3,4,Loyal,United Kingdom,2010-08
15075,2011-09-23 12:27:00,2011-09-23 12:27:00,1,773.03,78,3,1,3,Developing,United Kingdom,2011-09
15076,2010-07-05 14:11:00,2011-06-20 08:23:00,3,1447.74,173,3,3,4,Loyal,United Kingdom,2010-07
15077,2009-12-09 17:10:00,2010-08-02 11:13:00,2,2428.08,495,1,2,4,Hibernating,United Kingdom,2009-12
15078,2009-12-04 12:03:00,2011-12-02 15:41:00,53,17286.73,8,5,5,5,Champions,United Kingdom,2009-12
15079,2009-12-08 11:22:00,2011-05-11 12:45:00,11,3625.4,213,2,5,5,At risk,United Kingdom,2009-12
15080,2010-07-26 10:03:00,2010-10-08 11:52:00,2,546.25,428,1,2,2,Hibernating,United Kingdom,2010-07
15081,2010-06-22 10:25:00,2011-11-17 17:08:00,12,1854.57,23,4,5,4,Champions,United Kingdom,2010-06
15082,2010-02-09 10:23:00,2010-02-09 10:23:00,1,93.35000000000001,669,1,1,1,Hibernating,United Kingdom,2010-02
15083,2011-03-28 12:18:00,2011-03-28 12:18:00,1,88.2,257,2,1,1,Hibernating,United Kingdom,2011-03
15084,2010-03-04 10:45:00,2010-11-25 11:58:00,2,965.2,380,2,2,3,Hibernating,United Kingdom,2010-03
15085,2009-12-10 11:47:00,2009-12-10 11:47:00,1,347.54,730,1,1,2,Hibernating,United Kingdom,2009-12
15086,2010-03-24 13:56:00,2010-05-24 12:27:00,2,218.53,565,1,2,1,Hibernating,United Kingdom,2010-03
15087,2011-03-03 10:34:00,2011-03-03 10:34:00,1,306.94,282,2,1,2,Hibernating,United Kingdom,2011-03
15088,2011-10-03 14:05:00,2011-11-18 13:14:00,2,1160.07,22,4,2,3,Recent light buyers,United Kingdom,2011-10
15089,2011-08-03 14:14:00,2011-11-29 16:31:00,6,2420.84,11,5,4,4,Champions,United Kingdom,2011-08
15090,2011-02-04 14:03:00,2011-02-04 14:03:00,1,381.32,309,2,1,2,Hibernating,United Kingdom,2011-02
15091,2010-02-03 11:46:00,2011-10-03 12:47:00,3,1046.6100000000001,68,3,3,3,Loyal,United Kingdom,2010-02
15092,2010-09-03 12:33:00,2011-05-08 14:10:00,3,776.46,216,2,3,3,At risk,United Kingdom,2010-09
15093,2009-12-08 12:46:00,2011-11-21 13:09:00,23,13702.38,19,5,5,5,Champions,United Kingdom,2009-12
15094,2010-03-05 12:56:00,2010-09-02 16:55:00,2,83.0,464,1,2,1,Hibernating,United Kingdom,2010-03
15095,2010-01-21 09:37:00,2011-08-28 12:01:00,10,3141.64,104,3,5,5,Loyal,United Kingdom,2010-01
15096,2011-10-28 10:27:00,2011-10-28 10:27:00,1,219.39000000000001,43,4,1,1,Recent light buyers,United Kingdom,2011-10
15097,2010-05-05 14:22:00,2011-12-05 14:03:00,3,908.35,5,5,3,3,Loyal,United Kingdom,2010-05
15098,2011-06-10 15:22:00,2011-06-10 15:33:00,3,39916.5,183,3,3,5,Loyal,United Kingdom,2011-06
15099,2011-09-16 13:13:00,2011-09-16 13:13:00,1,410.48,85,3,1,2,Developing,United Kingdom,2011-09
15100,2010-01-07 14:33:00,2011-01-10 10:35:00,7,2193.8999999999996,334,2,4,4,At risk,United Kingdom,2010-01
15101,2010-04-28 15:00:00,2011-12-01 10:18:00,6,1477.94,9,5,4,4,Champions,United Kingdom,2010-04
15102,2010-06-11 10:16:00,2010-06-27 12:16:00,2,554.67,531,1,2,2,Hibernating,United Kingdom,2010-06
15103,2011-09-14 13:54:00,2011-11-08 14:53:00,2,703.36,32,4,2,3,Recent light buyers,United Kingdom,2011-09
15104,2011-03-02 14:16:00,2011-05-27 12:29:00,2,1027.44,197,2,2,3,Hibernating,United Kingdom,2011-03
15105,2010-03-23 12:18:00,2011-11-21 16:54:00,9,3094.91,19,5,5,5,Champions,United Kingdom,2010-03
15106,2011-03-15 12:52:00,2011-11-22 09:16:00,5,1422.52,18,5,4,4,Champions,United Kingdom,2011-03
15107,2010-09-14 10:47:00,2011-02-01 14:46:00,9,824.35,312,2,5,3,At risk,United Kingdom,2010-09
15108,2011-04-26 10:54:00,2011-07-21 10:24:00,4,1300.25,142,3,3,4,Loyal,European Community,2011-04
15109,2009-12-04 12:33:00,2011-04-08 09:58:00,3,983.1,246,2,3,3,At risk,United Kingdom,2009-12
15110,2010-08-11 15:49:00,2011-11-16 11:16:00,6,1505.8500000000001,24,4,4,4,Champions,United Kingdom,2010-08
15111,2010-04-26 13:12:00,2011-11-10 16:58:00,5,2442.37,30,4,4,4,Champions,United Kingdom,2010-04
15112,2010-04-07 14:17:00,2010-04-07 14:17:00,1,209.4,612,1,1,1,Hibernating,United Kingdom,2010-04
15113,2011-10-16 15:27:00,2011-11-30 08:23:00,3,3609.33,10,5,3,5,Loyal,United Kingdom,2011-10
15114,2010-10-14 16:44:00,2011-11-09 15:05:00,12,3400.12,31,4,5,5,Champions,United Kingdom,2010-10
15115,2009-12-07 11:20:00,2011-11-21 14:59:00,2,531.85,19,5,2,2,Recent light buyers,United Kingdom,2009-12
15116,2011-05-19 08:50:00,2011-11-22 12:25:00,4,1352.75,18,5,3,4,Loyal,United Kingdom,2011-05
15117,2010-03-15 13:39:00,2011-11-25 08:12:00,8,2485.9700000000003,15,5,4,4,Champions,United Kingdom,2010-03
15118,2011-07-28 14:54:00,2011-07-28 14:54:00,1,244.8,135,3,1,1,Developing,United Kingdom,2011-07
15119,2011-04-08 09:08:00,2011-04-08 09:08:00,1,266.4,246,2,1,1,Hibernating,United Kingdom,2011-04
15120,2011-07-29 09:48:00,2011-07-29 09:48:00,1,358.82,134,3,1,2,Developing,United Kingdom,2011-07
15121,2011-02-24 12:41:00,2011-10-20 14:51:00,2,457.72,51,4,2,2,Recent light buyers,United Kingdom,2011-02
15122,2010-03-30 14:05:00,2011-08-17 16:48:00,11,4497.47,115,3,5,5,Loyal,United Kingdom,2010-03
15123,2010-03-16 09:49:00,2011-12-02 13:12:00,5,4656.17,8,5,4,5,Champions,United Kingdom,2010-03
15124,2010-02-26 10:49:00,2011-11-17 10:09:00,4,450.82,23,4,3,2,Loyal,United Kingdom,2010-02
15125,2010-03-31 13:29:00,2011-11-14 13:57:00,24,17024.87,26,4,5,5,Champions,United Kingdom,2010-03
15126,2010-01-21 17:09:00,2010-06-21 12:31:00,2,449.49,537,1,2,2,Hibernating,United Kingdom,2010-01
15127,2010-07-08 10:07:00,2011-10-05 10:30:00,2,711.5,66,3,2,3,Developing,United Kingdom,2010-07
15128,2010-10-05 16:46:00,2011-10-10 13:54:00,5,1783.68,61,3,4,4,Loyal,United Kingdom,2010-10
15129,2010-04-08 17:15:00,2011-10-20 14:40:00,23,6860.18,51,4,5,5,Champions,United Kingdom,2010-04
15130,2011-06-23 10:15:00,2011-06-23 10:15:00,1,330.11,170,3,1,2,Developing,United Kingdom,2011-06
15131,2010-11-10 12:07:00,2010-11-10 12:07:00,1,80.28,395,2,1,1,Hibernating,United Kingdom,2010-11
15132,2011-03-22 12:02:00,2011-11-21 17:10:00,5,977.9300000000001,19,5,4,3,Loyal,United Kingdom,2011-03
15133,2010-07-07 12:31:00,2011-08-04 10:44:00,5,1806.9,128,3,4,4,Loyal,United Kingdom,2010-07
15134,2010-10-13 12:44:00,2011-11-25 08:55:00,10,1596.29,15,5,5,4,Champions,United Kingdom,2010-10
15135,2010-06-01 13:33:00,2011-04-14 19:16:00,2,305.68,240,2,2,2,Hibernating,United Kingdom,2010-06
15136,2011-09-04 16:05:00,2011-12-07 12:26:00,4,1286.7,3,5,3,4,Loyal,United Kingdom,2011-09
15137,2010-01-28 15:45:00,2010-07-07 09:41:00,2,823.4,521,1,2,3,Hibernating,United Kingdom,2010-01
15138,2010-11-11 09:16:00,2010-11-11 09:16:00,1,502.52,394,2,1,2,Hibernating,United Kingdom,2010-11
15139,2011-01-07 12:44:00,2011-04-14 11:39:00,2,178.96,240,2,2,1,Hibernating,United Kingdom,2011-01
15140,2010-09-23 13:07:00,2011-10-18 14:07:00,8,3243.69,53,4,4,5,Champions,United Kingdom,2010-09
15141,2010-03-28 15:58:00,2010-09-08 11:33:00,7,1388.47,458,1,4,4,At risk,United Kingdom,2010-03
15142,2010-07-27 09:05:00,2011-10-24 12:51:00,6,2619.92,47,4,4,4,Champions,United Kingdom,2010-07
15143,2010-10-03 13:58:00,2011-04-28 12:03:00,2,563.63,226,2,2,2,Hibernating,United Kingdom,2010-10
15144,2009-12-13 11:35:00,2011-12-01 15:12:00,29,12160.31,9,5,5,5,Champions,United Kingdom,2009-12
15145,2011-04-05 15:20:00,2011-12-05 17:21:00,4,1194.73,5,5,3,3,Loyal,United Kingdom,2011-04
15146,2011-02-21 13:07:00,2011-06-28 12:09:00,2,1327.16,165,3,2,4,Developing,United Kingdom,2011-02
15147,2011-04-13 15:57:00,2011-04-13 15:57:00,1,623.5,241,2,1,3,Hibernating,United Kingdom,2011-04
15148,2011-11-29 08:21:00,2011-11-29 08:21:00,1,301.29,11,5,1,2,Recent light buyers,United Kingdom,2011-11
15149,2010-02-28 11:13:00,2011-07-29 10:58:00,5,1554.6100000000001,134,3,4,4,Loyal,United Kingdom,2010-02
15150,2010-06-14 12:01:00,2011-11-22 12:52:00,13,9001.08,18,5,5,5,Champions,United Kingdom,2010-06
15151,2010-07-18 12:19:00,2010-10-12 16:37:00,2,2085.61,424,1,2,4,Hibernating,United Kingdom,2010-07
15152,2010-01-07 15:15:00,2011-11-30 12:32:00,14,5263.83,10,5,5,5,Champions,United Kingdom,2010-01
15153,2011-11-08 17:09:00,2011-11-08 17:09:00,1,329.25,32,4,1,2,Recent light buyers,United Kingdom,2011-11
15154,2010-08-18 17:41:00,2011-09-25 16:05:00,3,1388.41,76,3,3,4,Loyal,United Kingdom,2010-08
15155,2010-11-21 12:59:00,2010-11-21 12:59:00,1,383.96999999999997,384,2,1,2,Hibernating,United Kingdom,2010-11
15156,2011-11-06 12:41:00,2011-12-08 18:22:00,3,961.49,2,5,3,3,Loyal,United Kingdom,2011-11
15157,2009-12-10 14:44:00,2011-12-06 11:28:00,5,2654.11,4,5,4,4,Champions,United Kingdom,2009-12
15158,2010-11-03 13:46:00,2011-10-25 13:53:00,2,606.02,46,4,2,2,Recent light buyers,United Kingdom,2010-11
15159,2010-10-04 09:31:00,2011-12-08 12:05:00,34,22116.73,2,5,5,5,Champions,United Kingdom,2010-10
15160,2010-10-14 15:26:00,2010-12-17 14:15:00,4,589.27,358,2,3,2,At risk,United Kingdom,2010-10
15161,2010-11-16 16:08:00,2010-11-16 16:08:00,1,119.92,389,2,1,1,Hibernating,United Kingdom,2010-11
15162,2009-12-08 13:14:00,2009-12-08 13:14:00,1,312.9,732,1,1,2,Hibernating,United Kingdom,2009-12
15163,2011-05-31 15:22:00,2011-11-21 13:10:00,2,304.47,19,5,2,2,Recent light buyers,United Kingdom,2011-05
15164,2010-01-18 13:34:00,2011-10-02 12:05:00,9,2068.92,69,3,5,4,Loyal,United Kingdom,2010-01
15165,2010-12-01 14:03:00,2010-12-01 14:03:00,1,487.75,374,2,1,2,Hibernating,United Kingdom,2010-12
15166,2010-08-29 12:31:00,2010-08-29 12:31:00,1,167.16,468,1,1,1,Hibernating,United Kingdom,2010-08
15167,2010-02-04 14:13:00,2011-01-23 12:41:00,5,1659.67,321,2,4,4,At risk,United Kingdom,2010-02
15168,2011-11-14 11:26:00,2011-11-14 11:26:00,1,106.56,26,4,1,1,Recent light buyers,United Kingdom,2011-11
15169,2009-12-13 11:16:00,2010-11-22 13:04:00,2,569.22,383,2,2,2,Hibernating,United Kingdom,2009-12
15170,2010-10-29 10:34:00,2010-10-29 10:34:00,1,81.15,407,2,1,1,Hibernating,United Kingdom,2010-10
15171,2011-01-12 15:36:00,2011-01-12 15:36:00,1,1289.5,332,2,1,4,Hibernating,United Kingdom,2011-01
15172,2011-04-17 11:56:00,2011-12-01 11:51:00,5,1624.05,9,5,4,4,Champions,United Kingdom,2011-04
15173,2010-04-01 12:26:00,2010-11-24 10:21:00,7,1494.6,381,2,4,4,At risk,United Kingdom,2010-04
15174,2010-10-25 09:40:00,2011-01-21 09:06:00,2,481.46,323,2,2,2,Hibernating,United Kingdom,2010-10
15175,2011-09-29 11:31:00,2011-09-29 11:31:00,1,224.14,72,3,1,1,Developing,United Kingdom,2011-09
15176,2010-02-10 10:36:00,2010-02-10 10:36:00,1,988.04,668,1,1,3,Hibernating,United Kingdom,2010-02
15177,2010-10-10 12:48:00,2010-10-10 12:48:00,1,948.93,426,1,1,3,Hibernating,United Kingdom,2010-10
15178,2011-03-24 15:12:00,2011-03-24 15:12:00,1,40.5,261,2,1,1,Hibernating,United Kingdom,2011-03
15179,2009-12-03 12:27:00,2011-11-21 12:53:00,13,7491.92,19,5,5,5,Champions,United Kingdom,2009-12
15180,2010-04-29 15:27:00,2010-12-07 14:57:00,3,816.9300000000001,368,2,3,3,At risk,United Kingdom,2010-04
15181,2009-12-08 19:02:00,2011-10-04 13:58:00,5,1200.2,67,3,4,3,Loyal,United Kingdom,2009-12
15182,2010-02-21 12:03:00,2011-07-08 13:37:00,11,2998.952,155,3,5,5,Loyal,United Kingdom,2010-02
15183,2010-05-04 11:31:00,2010-06-10 10:43:00,3,639.93,548,1,3,3,At risk,United Kingdom,2010-05
15184,2009-12-16 12:06:00,2011-11-10 13:41:00,4,689.95,30,4,3,3,Loyal,United Kingdom,2009-12
15185,2011-09-30 14:06:00,2011-09-30 14:06:00,1,310.62,71,3,1,2,Developing,United Kingdom,2011-09
15186,2010-01-12 10:14:00,2011-11-25 14:58:00,5,1403.2,15,5,4,4,Champions,United Kingdom,2010-01
15187,2011-05-11 13:49:00,2011-12-08 11:56:00,16,4777.18,2,5,5,5,Champions,United Kingdom,2011-05
15188,2009-12-14 13:30:00,2009-12-14 13:30:00,1,310.43,726,1,1,2,Hibernating,United Kingdom,2009-12
15189,2010-07-18 13:37:00,2011-12-08 13:22:00,46,17524.38,2,5,5,5,Champions,United Kingdom,2010-07
15190,2010-10-01 13:09:00,2010-10-01 13:09:00,1,834.4399999999999,435,1,1,3,Hibernating,United Kingdom,2010-10
15191,2010-01-20 12:35:00,2010-09-02 15:37:00,3,588.05,464,1,3,2,At risk,United Kingdom,2010-01
15192,2010-01-29 10:13:00,2011-08-12 11:41:00,5,1666.39,120,3,4,4,Loyal,United Kingdom,2010-01
15193,2011-10-10 08:23:00,2011-10-10 08:23:00,1,499.32,61,3,1,2,Developing,United Kingdom,2011-10
15194,2009-12-03 10:37:00,2011-12-06 15:10:00,28,12021.53,4,5,5,5,Champions,United Kingdom,2009-12
15195,2011-12-07 12:20:00,2011-12-07 12:20:00,1,3861.0,3,5,1,5,Recent light buyers,United Kingdom,2011-12
15196,2009-12-13 11:14:00,2010-10-03 10:50:00,2,316.25,433,1,2,2,Hibernating,United Kingdom,2009-12
15197,2009-12-11 12:56:00,2011-11-29 10:00:00,6,1877.51,11,5,4,4,Champions,United Kingdom,2009-12
15198,2010-01-19 10:01:00,2011-09-08 14:42:00,5,571.35,93,3,4,2,Loyal,United Kingdom,2010-01
15199,2010-05-13 10:14:00,2011-10-11 15:12:00,10,3122.4,60,3,5,5,Loyal,United Kingdom,2010-05
15200,2010-08-02 09:38:00,2010-08-02 09:38:00,1,549.05,495,1,1,2,Hibernating,United Kingdom,2010-08
15201,2010-04-07 14:50:00,2011-09-13 14:53:00,7,1842.95,88,3,4,4,Loyal,United Kingdom,2010-04
15202,2010-10-15 12:39:00,2010-10-15 13:05:00,3,6001.49,421,1,3,5,At risk,United Kingdom,2010-10
15203,2009-12-08 18:06:00,2011-11-14 08:16:00,15,4400.18,26,4,5,5,Champions,United Kingdom,2009-12
15204,2010-12-17 13:49:00,2010-12-17 13:49:00,1,316.58,358,2,1,2,Hibernating,United Kingdom,2010-12
15205,2011-08-04 16:07:00,2011-09-15 19:36:00,2,653.24,86,3,2,3,Developing,United Kingdom,2011-08
15206,2011-03-09 08:59:00,2011-11-29 13:41:00,4,420.29999999999995,11,5,3,2,Loyal,United Kingdom,2011-03
15207,2010-06-10 17:29:00,2010-10-19 13:29:00,3,683.9200000000001,417,1,3,3,At risk,United Kingdom,2010-06
15208,2010-10-12 12:17:00,2011-12-08 17:24:00,6,970.52,2,5,4,3,Loyal,United Kingdom,2010-10
15209,2009-12-09 17:26:00,2009-12-09 17:26:00,1,178.98000000000002,731,1,1,1,Hibernating,United Kingdom,2009-12
15210,2010-05-13 14:42:00,2011-04-28 16:11:00,3,1176.19,226,2,3,3,At risk,United Kingdom,2010-05
15211,2010-12-09 16:08:00,2011-10-10 13:31:00,2,894.4100000000001,61,3,2,3,Developing,United Kingdom,2010-12
15212,2010-11-28 10:45:00,2011-04-12 13:45:00,2,208.28,242,2,2,1,Hibernating,United Kingdom,2010-11
15213,2011-01-14 11:05:00,2011-01-25 12:21:00,2,328.35,319,2,2,2,Hibernating,United Kingdom,2011-01
15214,2011-04-11 09:46:00,2011-12-08 12:07:00,8,1661.44,2,5,4,4,Champions,United Kingdom,2011-04
15215,2010-04-06 11:21:00,2011-10-24 11:41:00,7,2422.43,47,4,4,4,Champions,United Kingdom,2010-04
15216,2010-03-31 09:52:00,2011-09-13 11:41:00,2,486.09,88,3,2,2,Developing,United Kingdom,2010-03
15217,2010-05-25 13:51:00,2010-05-25 13:51:00,1,426.24,564,1,1,2,Hibernating,United Kingdom,2010-05
15218,2010-01-26 11:33:00,2011-11-29 11:48:00,22,11516.57,11,5,5,5,Champions,United Kingdom,2010-01
15219,2010-03-01 11:33:00,2011-06-16 16:57:00,2,685.45,177,3,2,3,Developing,United Kingdom,2010-03
15220,2011-03-04 10:24:00,2011-10-19 12:39:00,6,1778.96,52,4,4,4,Champions,United Kingdom,2011-03
15221,2010-03-12 10:40:00,2010-12-08 13:08:00,4,2062.2000000000003,367,2,3,4,At risk,United Kingdom,2010-03
15222,2009-12-16 13:49:00,2011-01-25 08:03:00,11,3550.91,319,2,5,5,At risk,United Kingdom,2009-12
15223,2009-12-05 11:19:00,2011-04-28 11:31:00,5,1417.95,226,2,4,4,At risk,United Kingdom,2009-12
15224,2010-01-15 16:14:00,2010-12-16 15:02:00,5,871.36,359,2,4,3,At risk,United Kingdom,2010-01
15225,2011-04-19 14:51:00,2011-04-19 14:51:00,1,409.40000000000003,235,2,1,2,Hibernating,United Kingdom,2011-04
15226,2011-02-02 11:41:00,2011-02-02 11:41:00,1,154.41,311,2,1,1,Hibernating,United Kingdom,2011-02
15227,2010-03-16 08:23:00,2011-11-03 11:59:00,9,2488.4900000000002,37,4,5,4,Champions,United Kingdom,2010-03
15228,2010-07-28 10:21:00,2011-10-04 13:56:00,6,5580.2699999999995,67,3,4,5,Loyal,United Kingdom,2010-07
15229,2010-05-02 13:50:00,2010-05-02 13:50:00,1,160.5,587,1,1,1,Hibernating,United Kingdom,2010-05
15230,2011-04-13 11:04:00,2011-04-14 14:39:00,2,429.6,240,2,2,2,Hibernating,United Kingdom,2011-04
15231,2010-03-28 15:12:00,2010-03-28 15:12:00,1,250.26,622,1,1,1,Hibernating,United Kingdom,2010-03
15232,2011-07-22 12:21:00,2011-08-18 16:27:00,2,612.06,114,3,2,2,Developing,United Kingdom,2011-07
15233,2010-11-03 13:36:00,2010-11-03 13:36:00,1,59.400000000000006,402,2,1,1,Hibernating,United Kingdom,2010-11
15234,2011-03-08 08:53:00,2011-03-08 08:53:00,1,197.0,277,2,1,1,Hibernating,United Kingdom,2011-03
15235,2010-11-16 12:48:00,2011-05-06 09:44:00,16,2772.76,218,2,5,4,At risk,United Kingdom,2010-11
15236,2011-02-14 10:52:00,2011-02-14 10:52:00,1,321.05,299,2,1,2,Hibernating,United Kingdom,2011-02
15237,2011-04-26 15:04:00,2011-12-08 09:46:00,4,1412.32,2,5,3,4,Loyal,United Kingdom,2011-04
15238,2011-06-08 16:00:00,2011-11-10 14:28:00,3,1071.99,30,4,3,3,Loyal,United Kingdom,2011-06
15239,2011-09-22 09:53:00,2011-11-29 14:14:00,2,780.59,11,5,2,3,Recent light buyers,United Kingdom,2011-09
15240,2009-12-05 14:57:00,2011-10-26 09:50:00,12,4459.98,45,4,5,5,Champions,United Kingdom,2009-12
15241,2010-02-23 13:59:00,2011-10-04 09:05:00,11,3050.16,67,3,5,5,Loyal,United Kingdom,2010-02
15242,2010-10-13 15:33:00,2010-10-13 15:33:00,1,302.04,423,1,1,2,Hibernating,United Kingdom,2010-10
15243,2010-09-30 17:28:00,2011-09-26 14:12:00,2,927.2800000000001,75,3,2,3,Developing,United Kingdom,2010-09
15244,2010-02-11 14:48:00,2011-10-05 13:19:00,3,912.08,66,3,3,3,Loyal,United Kingdom,2010-02
15245,2010-04-23 14:23:00,2011-07-28 18:56:00,8,4610.84,135,3,4,5,Loyal,United Kingdom,2010-04
15246,2010-06-02 11:28:00,2011-04-15 14:45:00,3,780.4,239,2,3,3,At risk,United Kingdom,2010-06
15247,2010-06-20 14:08:00,2011-08-09 12:52:00,3,976.06,123,3,3,3,Loyal,United Kingdom,2010-06
15248,2010-06-23 14:34:00,2010-10-24 13:09:00,3,1893.93,412,1,3,4,At risk,United Kingdom,2010-06
15249,2010-03-26 14:51:00,2011-11-08 11:45:00,18,9266.0,32,4,5,5,Champions,United Kingdom,2010-03
15250,2010-03-09 07:35:00,2010-03-09 07:35:00,1,60.0,641,1,1,1,Hibernating,United Kingdom,2010-03
15251,2010-01-29 12:42:00,2011-11-30 15:02:00,21,20324.54,10,5,5,5,Champions,United Kingdom,2010-01
15252,2010-04-07 10:24:00,2011-11-03 13:30:00,5,2103.41,37,4,4,4,Champions,United Kingdom,2010-04
15253,2010-05-02 11:17:00,2011-11-23 16:22:00,8,2055.09,17,5,4,4,Champions,United Kingdom,2010-05
15254,2010-05-28 10:08:00,2011-08-04 15:04:00,3,1088.35,128,3,3,3,Loyal,United Kingdom,2010-05
15255,2009-12-03 09:10:00,2011-10-04 12:43:00,9,3729.42,67,3,5,5,Loyal,United Kingdom,2009-12
15256,2010-05-27 11:41:00,2011-07-14 11:47:00,2,170.4,149,3,2,1,Developing,United Kingdom,2010-05
15257,2010-10-21 14:03:00,2011-03-01 12:58:00,2,685.9,284,2,2,3,Hibernating,United Kingdom,2010-10
15258,2011-05-06 14:16:00,2011-06-24 12:30:00,2,623.16,169,3,2,3,Developing,United Kingdom,2011-05
15259,2010-01-26 09:41:00,2010-07-15 08:47:00,4,1182.3799999999999,513,1,3,3,At risk,United Kingdom,2010-01
15260,2009-12-06 11:45:00,2011-08-31 13:55:00,25,8767.73,101,3,5,5,Loyal,United Kingdom,2009-12
15261,2010-10-01 11:59:00,2011-07-27 15:20:00,4,1508.0,136,3,3,4,Loyal,United Kingdom,2010-10
15262,2010-08-08 15:55:00,2011-01-20 12:16:00,3,418.82,324,2,3,2,At risk,United Kingdom,2010-08
15263,2011-08-25 10:26:00,2011-08-25 10:26:00,1,156.51,107,3,1,1,Developing,United Kingdom,2011-08
15264,2010-06-27 13:29:00,2011-10-06 13:49:00,2,848.4,65,3,2,3,Developing,United Kingdom,2010-06
15265,2009-12-01 17:08:00,2011-07-11 14:46:00,4,3345.64,152,3,3,5,Loyal,United Kingdom,2009-12
15266,2010-01-07 12:19:00,2011-01-05 13:40:00,5,852.21,339,2,4,3,At risk,United Kingdom,2010-01
15267,2011-06-10 10:24:00,2011-11-17 15:59:00,5,1717.36,23,4,4,4,Champions,United Kingdom,2011-06
15268,2010-04-13 11:27:00,2010-08-18 10:33:00,3,961.9000000000001,479,1,3,3,At risk,United Kingdom,2010-04
15269,2010-11-14 12:58:00,2011-11-16 09:32:00,3,1225.3600000000001,24,4,3,3,Loyal,United Kingdom,2010-11
15270,2009-12-17 15:02:00,2011-11-24 09:24:00,21,8524.86,16,5,5,5,Champions,United Kingdom,2009-12
15271,2010-08-05 14:57:00,2011-12-02 14:11:00,24,4597.79,8,5,5,5,Champions,United Kingdom,2010-08
15272,2010-02-14 13:39:00,2011-10-13 12:59:00,6,2085.48,58,4,4,4,Champions,United Kingdom,2010-02
15273,2010-04-19 11:31:00,2010-04-19 11:31:00,1,228.96,600,1,1,1,Hibernating,United Kingdom,2010-04
15274,2011-11-21 14:17:00,2011-12-05 16:57:00,2,716.57,5,5,2,3,Recent light buyers,United Kingdom,2011-11
15275,2011-11-02 11:20:00,2011-11-02 11:20:00,1,615.14,38,4,1,3,Recent light buyers,United Kingdom,2011-11
15276,2010-10-01 12:24:00,2011-10-04 16:39:00,4,649.53,67,3,3,3,Loyal,United Kingdom,2010-10
15277,2010-10-10 16:02:00,2011-10-24 10:08:00,2,476.34,47,4,2,2,Recent light buyers,United Kingdom,2010-10
15278,2010-02-12 14:53:00,2010-05-27 10:03:00,4,496.15999999999997,562,1,3,2,At risk,United Kingdom,2010-02
15279,2010-02-02 10:15:00,2010-12-20 10:48:00,5,1580.54,355,2,4,4,At risk,United Kingdom,2010-02
15280,2010-05-17 14:17:00,2011-06-20 17:14:00,3,406.21999999999997,173,3,3,2,Loyal,United Kingdom,2010-05
15281,2010-10-08 12:14:00,2011-10-12 09:10:00,16,8543.57,59,4,5,5,Champions,United Kingdom,2010-10
15282,2010-05-18 16:27:00,2010-05-18 16:27:00,1,348.59,571,1,1,2,Hibernating,United Kingdom,2010-05
15283,2010-07-09 15:46:00,2010-11-14 14:54:00,3,148.33,391,2,3,1,At risk,United Kingdom,2010-07
15284,2010-07-27 13:25:00,2010-07-27 13:25:00,1,24.75,501,1,1,1,Hibernating,United Kingdom,2010-07
15285,2010-10-28 09:46:00,2010-10-28 09:46:00,1,94.92,408,2,1,1,Hibernating,United Kingdom,2010-10
15286,2011-10-21 11:08:00,2011-10-21 11:08:00,1,240.55,50,4,1,1,Recent light buyers,United Kingdom,2011-10
15287,2009-12-02 12:13:00,2011-11-17 15:34:00,5,856.03,23,4,4,3,Loyal,United Kingdom,2009-12
15288,2010-02-12 15:27:00,2011-10-27 16:58:00,10,3717.48,44,4,5,5,Champions,United Kingdom,2010-02
15289,2010-03-28 11:45:00,2011-11-10 13:49:00,5,1593.09,30,4,4,4,Champions,United Kingdom,2010-03
15290,2010-02-24 10:15:00,2011-12-05 11:39:00,26,10496.28,5,5,5,5,Champions,United Kingdom,2010-02
15291,2009-12-03 11:09:00,2011-11-14 11:02:00,40,13517.76,26,4,5,5,Champions,United Kingdom,2009-12
15292,2011-05-22 15:00:00,2011-05-22 15:00:00,1,180.94,202,2,1,1,Hibernating,United Kingdom,2011-05
15293,2010-02-12 11:54:00,2010-02-12 11:54:00,1,247.5,666,1,1,1,Hibernating,United Kingdom,2010-02
15294,2010-10-25 11:45:00,2010-10-25 11:45:00,1,233.35,411,2,1,1,Hibernating,United Kingdom,2010-10
15295,2010-02-23 13:03:00,2010-02-23 13:03:00,1,217.23999999999998,655,1,1,1,Hibernating,United Kingdom,2010-02
15296,2010-01-21 13:48:00,2011-10-20 11:47:00,12,10342.83,51,4,5,5,Champions,United Kingdom,2010-01
15297,2011-10-07 09:42:00,2011-11-29 16:32:00,3,641.94,11,5,3,3,Loyal,United Kingdom,2011-10
15298,2009-12-08 17:04:00,2011-12-07 17:17:00,23,9061.77,3,5,5,5,Champions,United Kingdom,2009-12
15299,2010-01-12 11:34:00,2011-10-03 14:19:00,10,6156.53,68,3,5,5,Loyal,United Kingdom,2010-01
15300,2011-10-06 17:08:00,2011-10-06 17:08:00,1,496.44,65,3,1,2,Developing,United Kingdom,2011-10
15301,2010-09-15 15:41:00,2011-10-20 09:57:00,17,6930.07,51,4,5,5,Champions,United Kingdom,2010-09
15302,2009-12-09 13:11:00,2009-12-09 13:11:00,1,308.0,731,1,1,2,Hibernating,United Kingdom,2009-12
15303,2010-01-25 09:42:00,2011-02-22 13:59:00,3,1224.18,291,2,3,3,At risk,United Kingdom,2010-01
15304,2010-10-14 10:24:00,2011-10-10 10:23:00,9,796.4000000000001,61,3,5,3,Loyal,United Kingdom,2010-10
15305,2010-06-02 13:50:00,2010-06-02 13:50:00,1,93.6,556,1,1,1,Hibernating,United Kingdom,2010-06
15306,2010-02-18 17:12:00,2011-10-06 12:56:00,9,3484.73,65,3,5,5,Loyal,United Kingdom,2010-02
15307,2011-09-05 11:38:00,2011-09-05 11:38:00,1,205.3,96,3,1,1,Developing,United Kingdom,2011-09
15308,2011-03-10 13:08:00,2011-03-10 13:08:00,1,310.47,275,2,1,2,Hibernating,United Kingdom,2011-03
15309,2009-12-04 13:01:00,2010-04-08 11:11:00,4,797.96,611,1,3,3,At risk,United Kingdom,2009-12
15310,2010-08-18 11:38:00,2010-08-18 11:38:00,1,1634.64,479,1,1,4,Hibernating,United Kingdom,2010-08
15311,2009-12-01 11:21:00,2011-12-09 12:00:00,208,115147.09,1,5,5,5,Champions,United Kingdom,2009-12
15312,2009-12-16 09:23:00,2011-09-25 13:10:00,12,2930.19,76,3,5,5,Loyal,United Kingdom,2009-12
15313,2011-08-21 16:02:00,2011-08-21 16:02:00,1,52.0,111,3,1,1,Developing,United Kingdom,2011-08
15314,2010-10-07 15:41:00,2011-05-24 14:39:00,3,820.4499999999999,200,2,3,3,At risk,United Kingdom,2010-10
15315,2011-08-15 15:17:00,2011-10-06 12:51:00,2,570.5,65,3,2,2,Developing,United Kingdom,2011-08
15316,2011-01-17 11:34:00,2011-01-17 11:34:00,1,165.0,327,2,1,1,Hibernating,United Kingdom,2011-01
15317,2010-01-31 15:55:00,2010-01-31 15:55:00,1,129.75,678,1,1,1,Hibernating,United Kingdom,2010-01
15318,2011-12-06 11:30:00,2011-12-06 11:30:00,1,312.62,4,5,1,2,Recent light buyers,United Kingdom,2011-12
15319,2011-03-01 12:48:00,2011-03-01 12:48:00,1,204.5,284,2,1,1,Hibernating,United Kingdom,2011-03
15320,2011-10-26 13:27:00,2011-10-26 13:27:00,1,267.13,45,4,1,1,Recent light buyers,United Kingdom,2011-10
15321,2010-02-03 09:47:00,2011-09-30 09:40:00,12,6709.7300000000005,71,3,5,5,Loyal,United Kingdom,2010-02
15322,2010-08-20 13:10:00,2011-09-15 09:34:00,2,1390.86,86,3,2,4,Developing,United Kingdom,2010-08
15323,2010-02-16 09:21:00,2010-05-26 10:01:00,3,434.6,563,1,3,2,At risk,United Kingdom,2010-02
15324,2010-01-07 14:37:00,2010-01-07 14:37:00,1,140.22000000000003,702,1,1,1,Hibernating,United Kingdom,2010-01
15325,2010-02-16 13:30:00,2011-08-28 11:55:00,8,1602.01,104,3,4,4,Loyal,United Kingdom,2010-02
15326,2009-12-01 13:19:00,2011-01-10 11:38:00,5,1700.52,334,2,4,4,At risk,United Kingdom,2009-12
15327,2011-10-18 11:55:00,2011-10-18 11:55:00,1,208.75,53,4,1,1,Recent light buyers,United Kingdom,2011-10
15328,2010-10-28 09:05:00,2010-10-28 09:05:00,1,107.24,408,2,1,1,Hibernating,United Kingdom,2010-10
15329,2009-12-14 12:18:00,2011-10-31 15:36:00,11,2984.33,40,4,5,5,Champions,United Kingdom,2009-12
15330,2011-10-10 12:30:00,2011-11-07 17:50:00,2,714.96,33,4,2,3,Recent light buyers,United Kingdom,2011-10
15331,2010-04-09 14:26:00,2010-07-28 09:42:00,3,767.91,500,1,3,3,At risk,United Kingdom,2010-04
15332,2010-07-14 13:01:00,2010-12-08 14:43:00,6,4892.68,367,2,4,5,At risk,Lithuania,2010-07
15333,2011-05-15 13:27:00,2011-05-15 13:27:00,1,1028.56,209,2,1,3,Hibernating,United Kingdom,2011-05
15334,2011-06-19 13:51:00,2011-07-06 11:22:00,3,351.67,157,3,3,2,Loyal,United Kingdom,2011-06
15335,2011-10-17 12:50:00,2011-10-17 12:50:00,1,173.97,54,4,1,1,Recent light buyers,United Kingdom,2011-10
15336,2010-11-03 12:39:00,2010-11-03 12:39:00,1,240.5,402,2,1,1,Hibernating,United Kingdom,2010-11
15337,2010-10-24 15:29:00,2010-10-24 15:29:00,1,373.02,412,1,1,2,Hibernating,United Kingdom,2010-10
15338,2010-01-31 14:25:00,2010-01-31 14:25:00,1,283.43,678,1,1,1,Hibernating,United Kingdom,2010-01
15339,2010-02-08 13:38:00,2011-10-04 12:51:00,7,1827.84,67,3,4,4,Loyal,United Kingdom,2010-02
15340,2010-05-27 10:27:00,2010-05-27 10:27:00,1,105.5,562,1,1,1,Hibernating,United Kingdom,2010-05
15341,2010-09-16 16:41:00,2011-09-20 09:40:00,2,2402.7200000000003,81,3,2,4,Developing,United Kingdom,2010-09
15342,2011-08-02 10:19:00,2011-08-02 10:19:00,1,406.09,130,3,1,2,Developing,United Kingdom,2011-08
15343,2011-09-13 13:55:00,2011-09-13 13:55:00,1,364.5,88,3,1,2,Developing,United Kingdom,2011-09
15344,2011-09-26 14:48:00,2011-12-09 10:45:00,3,563.94,1,5,3,2,Loyal,United Kingdom,2011-09
15345,2011-10-25 11:28:00,2011-10-25 11:28:00,1,393.54,46,4,1,2,Recent light buyers,United Kingdom,2011-10
15346,2010-10-04 15:11:00,2011-01-11 11:18:00,3,596.12,333,2,3,2,At risk,United Kingdom,2010-10
15347,2010-09-28 12:50:00,2010-12-08 15:25:00,4,1162.0,367,2,3,3,At risk,United Kingdom,2010-09
15348,2011-09-28 13:17:00,2011-09-28 13:17:00,1,158.04,73,3,1,1,Developing,United Kingdom,2011-09
15349,2011-06-05 15:46:00,2011-07-04 16:06:00,2,473.81,159,3,2,2,Developing,United Kingdom,2011-06
15350,2010-11-21 15:14:00,2010-12-01 13:33:00,2,547.6,374,2,2,2,Hibernating,United Kingdom,2010-11
15351,2010-10-03 12:18:00,2011-11-27 12:52:00,10,3463.62,13,5,5,5,Champions,United Kingdom,2010-10
15352,2010-06-09 11:28:00,2010-06-09 11:28:00,1,114.95,549,1,1,1,Hibernating,United Kingdom,2010-06
15353,2009-12-02 11:33:00,2011-03-30 12:15:00,7,2864.3,255,2,4,4,At risk,United Kingdom,2009-12
15354,2010-04-15 16:17:00,2010-04-15 16:24:00,3,284.4,604,1,3,1,At risk,United Kingdom,2010-04
15355,2011-10-17 15:22:00,2011-11-10 13:44:00,2,277.05,30,4,2,1,Recent light buyers,United Kingdom,2011-10
15356,2010-10-13 13:12:00,2011-11-08 13:11:00,13,3314.73,32,4,5,5,Champions,United Kingdom,2010-10
15358,2009-12-07 12:19:00,2011-12-05 09:04:00,42,16425.86,5,5,5,5,Champions,United Kingdom,2009-12
15359,2010-01-15 11:30:00,2010-02-15 10:47:00,8,181.35,663,1,4,1,At risk,United Kingdom,2010-01
15360,2011-10-31 09:35:00,2011-10-31 09:35:00,1,427.93,40,4,1,2,Recent light buyers,United Kingdom,2011-10
15361,2010-06-14 13:27:00,2010-12-13 09:52:00,4,689.07,362,2,3,3,At risk,United Kingdom,2010-06
15362,2009-12-01 09:08:00,2010-09-17 10:37:00,2,613.08,449,1,2,3,Hibernating,United Kingdom,2009-12
15363,2010-08-04 08:41:00,2010-12-02 12:28:00,2,678.11,373,2,2,3,Hibernating,United Kingdom,2010-08
15364,2011-03-30 13:39:00,2011-09-05 09:46:00,2,913.19,96,3,2,3,Developing,United Kingdom,2011-03
15365,2010-02-04 16:43:00,2011-11-14 08:29:00,13,4557.13,26,4,5,5,Champions,United Kingdom,2010-02
15366,2010-02-26 10:10:00,2011-09-25 15:01:00,7,2389.08,76,3,4,4,Loyal,United Kingdom,2010-02
15367,2009-12-10 14:20:00,2011-10-13 14:13:00,11,5081.33,58,4,5,5,Champions,United Kingdom,2009-12
15368,2010-11-10 15:52:00,2011-11-18 14:42:00,2,722.74,22,4,2,3,Recent light buyers,United Kingdom,2010-11
15369,2009-12-08 07:43:00,2010-08-04 13:54:00,11,6251.26,493,1,5,5,At risk,United Kingdom,2009-12
15370,2010-10-25 12:08:00,2011-10-30 10:58:00,8,3739.01,41,4,4,5,Champions,United Kingdom,2010-10
15371,2010-02-15 13:14:00,2010-02-15 13:14:00,1,59.400000000000006,663,1,1,1,Hibernating,United Kingdom,2010-02
15372,2010-02-14 11:24:00,2011-07-25 16:39:00,8,6017.06,138,3,4,5,Loyal,United Kingdom,2010-02
15373,2010-05-02 11:57:00,2011-12-01 15:05:00,17,3087.09,9,5,5,5,Champions,United Kingdom,2010-05
15374,2010-03-25 12:03:00,2011-08-03 09:59:00,2,307.32,129,3,2,2,Developing,United Kingdom,2010-03
15375,2010-01-18 15:38:00,2010-01-18 15:38:00,1,60.959999999999994,691,1,1,1,Hibernating,United Kingdom,2010-01
15376,2011-05-01 13:45:00,2011-10-30 15:04:00,3,1233.3600000000001,41,4,3,4,Loyal,United Kingdom,2011-05
15377,2010-10-20 11:42:00,2010-11-22 08:55:00,4,1211.75,383,2,3,3,At risk,United Kingdom,2010-10
15378,2010-07-26 08:47:00,2010-09-03 11:30:00,2,246.5,463,1,2,1,Hibernating,United Kingdom,2010-07
15379,2010-11-04 11:59:00,2011-06-23 13:13:00,8,4877.84,170,3,4,5,Loyal,United Kingdom,2010-11
15380,2009-12-01 13:50:00,2011-12-01 12:13:00,11,3248.96,9,5,5,5,Champions,United Kingdom,2009-12
15381,2010-05-05 14:35:00,2011-05-10 11:55:00,5,1890.5700000000002,214,2,4,4,At risk,United Kingdom,2010-05
15382,2009-12-04 14:13:00,2011-11-25 10:58:00,12,13733.550000000001,15,5,5,5,Champions,United Kingdom,2009-12
15384,2010-04-26 12:38:00,2011-06-23 10:57:00,4,2027.79,170,3,3,4,Loyal,United Kingdom,2010-04
15385,2010-01-31 13:02:00,2011-10-30 15:11:00,3,942.08,41,4,3,3,Loyal,United Kingdom,2010-01
15386,2011-06-06 13:47:00,2011-06-06 13:47:00,1,394.14,187,3,1,2,Developing,United Kingdom,2011-06
15387,2010-08-04 16:05:00,2010-08-04 16:05:00,1,468.65,493,1,1,2,Hibernating,United Kingdom,2010-08
15388,2011-03-14 13:53:00,2011-03-14 13:53:00,1,140.54,271,2,1,1,Hibernating,Canada,2011-03
15389,2010-01-27 12:44:00,2011-06-20 16:18:00,5,2733.8,173,3,4,4,Loyal,United Kingdom,2010-01
15390,2010-10-26 17:23:00,2010-11-08 15:19:00,2,1216.66,397,2,2,3,Hibernating,Canada,2010-10
15391,2010-05-04 15:04:00,2010-05-04 15:04:00,1,289.87,585,1,1,2,Hibernating,United Kingdom,2010-05
15392,2010-10-04 12:50:00,2011-12-05 11:01:00,7,2911.62,5,5,4,4,Champions,United Kingdom,2010-10
15393,2009-12-15 17:56:00,2011-11-23 16:48:00,5,891.34,17,5,4,3,Loyal,United Kingdom,2009-12
15394,2009-12-15 19:05:00,2011-11-30 11:49:00,11,5286.8,10,5,5,5,Champions,United Kingdom,2009-12
15395,2011-01-18 12:40:00,2011-01-18 12:40:00,1,107.45,326,2,1,1,Hibernating,United Kingdom,2011-01
15396,2010-05-05 09:04:00,2011-08-19 10:56:00,2,796.38,113,3,2,3,Developing,United Kingdom,2010-05
15397,2011-02-23 09:25:00,2011-02-23 09:25:00,1,94.0,290,2,1,1,Hibernating,United Kingdom,2011-02
15398,2011-09-22 14:56:00,2011-11-23 16:47:00,2,1345.53,17,5,2,4,Recent light buyers,United Kingdom,2011-09
15399,2011-09-21 15:57:00,2011-12-08 13:04:00,3,815.77,2,5,3,3,Loyal,United Kingdom,2011-09
15400,2010-05-28 08:33:00,2011-09-08 13:57:00,8,1302.3,93,3,4,4,Loyal,United Kingdom,2010-05
15401,2010-05-20 10:56:00,2010-09-13 13:42:00,2,216.95000000000002,453,1,2,1,Hibernating,United Kingdom,2010-05
15402,2010-04-27 12:12:00,2011-07-14 12:17:00,6,1830.54,149,3,4,4,Loyal,United Kingdom,2010-04
15403,2009-12-09 12:45:00,2010-08-05 12:21:00,2,170.88,492,1,2,1,Hibernating,United Kingdom,2009-12
15404,2010-11-29 11:03:00,2010-11-29 11:03:00,1,257.06,376,2,1,1,Hibernating,United Kingdom,2010-11
15405,2010-05-12 15:56:00,2011-06-03 14:44:00,2,659.84,190,3,2,3,Developing,United Kingdom,2010-05
15406,2010-09-12 13:06:00,2011-11-08 13:22:00,4,975.87,32,4,3,3,Loyal,United Kingdom,2010-09
15407,2011-02-07 13:18:00,2011-11-06 11:55:00,4,1056.44,34,4,3,3,Loyal,United Kingdom,2011-02
15408,2011-03-20 15:02:00,2011-03-20 15:02:00,1,267.18,265,2,1,1,Hibernating,United Kingdom,2011-03
15409,2009-12-18 15:35:00,2009-12-18 15:35:00,1,131.25,722,1,1,1,Hibernating,United Kingdom,2009-12
15410,2010-04-19 08:57:00,2011-09-16 14:47:00,10,4685.72,85,3,5,5,Loyal,United Kingdom,2010-04
15411,2011-06-10 12:30:00,2011-11-13 15:19:00,4,1358.88,27,4,3,4,Loyal,United Kingdom,2011-06
15412,2011-06-21 15:24:00,2011-06-21 15:24:00,1,190.53,172,3,1,1,Developing,United Kingdom,2011-06
15413,2009-12-01 10:18:00,2010-01-17 11:33:00,5,6798.72,692,1,4,5,At risk,United Kingdom,2009-12
15414,2011-04-11 13:45:00,2011-11-30 09:50:00,3,774.9000000000001,10,5,3,3,Loyal,United Kingdom,2011-04
15415,2011-01-30 14:13:00,2011-01-30 14:13:00,1,572.8100000000001,314,2,1,2,Hibernating,United Kingdom,2011-01
15416,2010-02-01 11:55:00,2011-10-06 09:38:00,7,4572.82,65,3,4,5,Loyal,United Kingdom,2010-02
15417,2011-09-15 15:26:00,2011-09-15 15:26:00,1,508.8,86,3,1,2,Developing,United Kingdom,2011-09
15418,2010-05-02 11:31:00,2010-10-10 13:38:00,2,452.32,426,1,2,2,Hibernating,United Kingdom,2010-05
15419,2011-11-15 09:23:00,2011-11-15 09:23:00,1,135.86,25,4,1,1,Recent light buyers,United Kingdom,2011-11
15420,2009-12-05 13:29:00,2010-10-01 15:46:00,6,743.0,435,1,4,3,At risk,United Kingdom,2009-12
15421,2009-12-07 15:10:00,2011-10-12 09:20:00,10,3805.34,59,4,5,5,Champions,United Kingdom,2009-12
15422,2010-02-07 11:52:00,2011-01-20 16:17:00,7,1619.97,324,2,4,4,At risk,United Kingdom,2010-02
15423,2010-03-28 13:42:00,2011-11-01 14:01:00,3,266.89,39,4,3,1,Loyal,United Kingdom,2010-03
15424,2010-09-02 17:17:00,2011-03-30 13:02:00,3,597.78,255,2,3,2,At risk,United Kingdom,2010-09
15425,2010-02-14 12:36:00,2010-11-04 18:13:00,4,1944.57,401,2,3,4,At risk,United Kingdom,2010-02
15426,2010-05-02 15:10:00,2011-11-20 15:36:00,9,2203.97,20,5,5,4,Champions,United Kingdom,2010-05
15427,2011-10-23 14:47:00,2011-11-06 14:29:00,3,1483.14,34,4,3,4,Loyal,United Kingdom,2011-10
15428,2009-12-17 17:46:00,2011-11-24 16:54:00,4,762.75,16,5,3,3,Loyal,United Kingdom,2009-12
15429,2011-09-25 13:42:00,2011-11-13 12:28:00,2,397.35,27,4,2,2,Recent light buyers,United Kingdom,2011-09
15430,2010-06-29 15:04:00,2010-08-29 10:42:00,2,954.75,468,1,2,3,Hibernating,United Kingdom,2010-06
15431,2010-07-25 12:44:00,2010-07-25 12:44:00,1,153.24,503,1,1,1,Hibernating,United Kingdom,2010-07
15432,2010-06-16 14:34:00,2011-11-16 16:30:00,2,320.76,24,4,2,2,Recent light buyers,United Kingdom,2010-06
15433,2011-03-17 14:12:00,2011-05-10 10:45:00,2,533.3,214,2,2,2,Hibernating,United Kingdom,2011-03
15434,2010-01-24 15:35:00,2011-12-01 13:33:00,11,2567.06,9,5,5,4,Champions,United Kingdom,2010-01
15435,2011-11-17 16:39:00,2011-11-17 16:39:00,1,149.29,23,4,1,1,Recent light buyers,United Kingdom,2011-11
15436,2011-04-19 16:52:00,2011-11-27 16:05:00,3,1122.53,13,5,3,3,Loyal,United Kingdom,2011-04
15437,2010-03-09 10:45:00,2011-03-22 13:11:00,2,393.45,263,2,2,2,Hibernating,United Kingdom,2010-03
15438,2011-07-31 14:19:00,2011-07-31 14:19:00,1,156.57999999999998,132,3,1,1,Developing,United Kingdom,2011-07
15439,2010-02-24 12:05:00,2010-10-31 10:38:00,4,1269.05,405,2,3,4,At risk,United Kingdom,2010-02
15440,2011-05-15 11:30:00,2011-10-16 12:16:00,3,383.68,55,4,3,2,Loyal,United Kingdom,2011-05
15441,2009-12-09 14:55:00,2010-11-08 15:50:00,3,1254.21,397,2,3,4,At risk,United Kingdom,2009-12
15442,2011-04-05 12:24:00,2011-04-05 12:24:00,1,594.0,249,2,1,2,Hibernating,United Kingdom,2011-04
15443,2010-03-07 12:10:00,2011-12-08 10:40:00,14,5175.93,2,5,5,5,Champions,United Kingdom,2010-03
15444,2011-10-30 16:12:00,2011-11-30 17:37:00,2,1418.26,10,5,2,4,Recent light buyers,United Kingdom,2011-10
15445,2010-04-28 15:00:00,2011-03-20 15:06:00,2,284.5,265,2,2,1,Hibernating,United Kingdom,2010-04
15446,2009-12-13 13:53:00,2010-11-28 11:59:00,3,406.95,377,2,3,2,At risk,United Kingdom,2009-12
15447,2010-03-24 14:40:00,2011-01-13 11:26:00,5,492.88,331,2,4,2,At risk,United Kingdom,2010-03
15448,2010-02-03 13:29:00,2011-01-31 10:42:00,2,788.81,313,2,2,3,Hibernating,United Kingdom,2010-02
15449,2011-03-23 10:43:00,2011-11-13 15:02:00,3,974.52,27,4,3,3,Loyal,United Kingdom,2011-03
15450,2011-11-09 17:11:00,2011-11-09 17:11:00,1,429.84,31,4,1,2,Recent light buyers,United Kingdom,2011-11
15451,2010-04-19 14:08:00,2010-10-01 13:40:00,2,233.21,435,1,2,1,Hibernating,United Kingdom,2010-04
15452,2010-07-16 14:23:00,2011-11-10 12:13:00,6,1799.1100000000001,30,4,4,4,Champions,United Kingdom,2010-07
15453,2011-06-05 12:37:00,2011-12-08 10:59:00,7,1388.37,2,5,4,4,Champions,United Kingdom,2011-06
15454,2010-03-31 13:15:00,2010-12-12 14:21:00,2,307.69,363,2,2,2,Hibernating,United Kingdom,2010-03
15455,2010-04-21 12:43:00,2010-04-21 12:43:00,1,38.25,598,1,1,1,Hibernating,United Kingdom,2010-04
15456,2009-12-08 12:54:00,2011-03-01 13:51:00,10,2119.27,284,2,5,4,At risk,United Kingdom,2009-12
15457,2011-03-22 15:31:00,2011-03-22 15:31:00,1,237.07,263,2,1,1,Hibernating,United Kingdom,2011-03
15458,2010-11-02 19:50:00,2011-11-14 13:08:00,2,370.43999999999994,26,4,2,2,Recent light buyers,United Kingdom,2010-11
15459,2010-07-30 14:31:00,2010-10-18 15:25:00,2,202.82999999999998,418,1,2,1,Hibernating,United Kingdom,2010-07
15460,2010-12-20 16:08:00,2010-12-20 16:08:00,1,216.76,355,2,1,1,Hibernating,United Kingdom,2010-12
15461,2010-03-18 12:40:00,2010-09-05 12:31:00,2,429.7,461,1,2,2,Hibernating,United Kingdom,2010-03
15462,2010-09-20 10:23:00,2011-09-06 13:11:00,4,737.05,95,3,3,3,Loyal,United Kingdom,2010-09
15463,2011-11-10 12:57:00,2011-11-10 12:57:00,1,126.14,30,4,1,1,Recent light buyers,United Kingdom,2011-11
15464,2011-01-05 15:56:00,2011-01-05 15:56:00,1,1048.85,339,2,1,3,Hibernating,United Kingdom,2011-01
15465,2009-12-10 09:42:00,2011-11-20 10:11:00,32,12119.9,20,5,5,5,Champions,United Kingdom,2009-12
15466,2009-12-03 12:28:00,2011-09-15 14:08:00,4,1571.01,86,3,3,4,Loyal,United Kingdom,2009-12
15467,2011-07-10 14:42:00,2011-11-30 14:17:00,3,524.88,10,5,3,2,Loyal,United Kingdom,2011-07
15468,2010-11-12 09:39:00,2011-10-19 13:49:00,3,1430.48,52,4,3,4,Loyal,United Kingdom,2010-11
15469,2010-09-27 10:09:00,2011-10-20 16:21:00,3,874.25,51,4,3,3,Loyal,United Kingdom,2010-09
15470,2010-05-13 09:35:00,2010-05-13 09:35:00,1,63.419999999999995,576,1,1,1,Hibernating,United Kingdom,2010-05
15471,2010-06-07 12:17:00,2011-12-07 14:12:00,3,1316.56,3,5,3,4,Loyal,United Kingdom,2010-06
15472,2011-08-18 15:17:00,2011-08-18 15:17:00,1,371.56,114,3,1,2,Developing,United Kingdom,2011-08
15473,2010-09-21 09:14:00,2011-11-25 15:15:00,8,2046.0,15,5,4,4,Champions,United Kingdom,2010-09
15474,2010-04-23 11:14:00,2010-04-23 11:14:00,1,163.1,596,1,1,1,Hibernating,United Kingdom,2010-04
15475,2011-09-23 15:20:00,2011-09-23 15:20:00,1,454.10999999999996,78,3,1,2,Developing,United Kingdom,2011-09
15476,2010-09-23 14:00:00,2010-11-24 15:17:00,4,2209.98,381,2,3,4,At risk,United Kingdom,2010-09
15477,2010-02-28 10:37:00,2010-02-28 10:37:00,1,368.4,650,1,1,2,Hibernating,United Kingdom,2010-02
15478,2010-05-13 18:49:00,2011-10-30 14:19:00,3,2024.98,41,4,3,4,Loyal,United Kingdom,2010-05
15479,2009-12-06 15:08:00,2009-12-06 15:08:00,1,147.4,734,1,1,1,Hibernating,United Kingdom,2009-12
15480,2010-02-01 14:52:00,2011-08-15 14:32:00,5,6279.0,117,3,4,5,Loyal,Malta,2010-02
15481,2010-11-03 14:52:00,2010-11-03 14:52:00,1,1993.34,402,2,1,4,Hibernating,Norway,2010-11
15482,2009-12-02 16:59:00,2011-11-24 10:46:00,19,14592.56,16,5,5,5,Champions,United Kingdom,2009-12
15483,2010-01-24 15:42:00,2011-07-01 13:07:00,10,862.2,162,3,5,3,Loyal,United Kingdom,2010-01
15484,2009-12-05 15:18:00,2011-12-08 15:03:00,6,4656.0,2,5,4,5,Champions,United Kingdom,2009-12
15485,2009-12-01 17:31:00,2011-11-09 14:31:00,7,4821.42,31,4,4,5,Champions,United Kingdom,2009-12
15486,2010-06-30 13:15:00,2010-06-30 13:15:00,1,102.0,528,1,1,1,Hibernating,United Kingdom,2010-06
15487,2010-01-29 12:07:00,2010-01-29 12:07:00,1,231.32,680,1,1,1,Hibernating,United Kingdom,2010-01
15488,2010-05-05 13:03:00,2011-09-08 10:11:00,5,431.92,93,3,4,2,Loyal,United Kingdom,2010-05
15489,2010-01-15 16:58:00,2011-11-17 08:53:00,8,2419.61,23,4,4,4,Champions,United Kingdom,2010-01
15490,2010-10-05 13:11:00,2010-10-05 13:11:00,1,217.6,431,1,1,1,Hibernating,United Kingdom,2010-10
15491,2011-04-18 10:04:00,2011-09-05 15:56:00,6,3100.09,96,3,4,5,Loyal,United Kingdom,2011-04
15492,2011-09-26 14:02:00,2011-11-11 14:53:00,2,659.4599999999999,29,4,2,3,Recent light buyers,United Kingdom,2011-09
15493,2010-02-23 11:14:00,2011-11-07 12:04:00,9,4314.9800000000005,33,4,5,5,Champions,United Kingdom,2010-02
15494,2009-12-10 20:16:00,2011-11-18 14:51:00,5,3780.05,22,4,4,5,Champions,United Kingdom,2009-12
15495,2010-11-25 13:46:00,2010-11-25 13:46:00,1,246.5,380,2,1,1,Hibernating,United Kingdom,2010-11
15496,2010-03-18 13:16:00,2010-03-18 13:16:00,1,146.14000000000001,632,1,1,1,Hibernating,United Kingdom,2010-03
15497,2009-12-18 15:08:00,2011-11-22 11:51:00,9,8657.39,18,5,5,5,Champions,United Kingdom,2009-12
15498,2009-12-16 17:27:00,2011-12-07 12:48:00,44,25062.86,3,5,5,5,Champions,United Kingdom,2009-12
15499,2009-12-16 12:17:00,2009-12-16 12:17:00,1,161.6,724,1,1,1,Hibernating,United Kingdom,2009-12
15500,2011-09-19 13:47:00,2011-12-01 13:47:00,4,1131.56,9,5,3,3,Loyal,United Kingdom,2011-09
15501,2010-10-20 12:47:00,2010-10-31 11:15:00,2,402.5,405,2,2,2,Hibernating,United Kingdom,2010-10
15502,2010-06-03 11:12:00,2011-11-24 12:48:00,14,13064.07,16,5,5,5,Champions,United Kingdom,2010-06
15503,2009-12-13 11:34:00,2010-12-12 10:57:00,2,267.15,363,2,2,1,Hibernating,United Kingdom,2009-12
15504,2010-02-12 12:34:00,2011-09-19 13:45:00,4,423.85,82,3,3,2,Loyal,United Kingdom,2010-02
15505,2011-07-07 13:33:00,2011-10-18 07:56:00,5,3610.96,53,4,4,5,Champions,United Kingdom,2011-07
15506,2010-08-19 12:38:00,2011-11-17 12:11:00,6,2040.03,23,4,4,4,Champions,United Kingdom,2010-08
15507,2011-06-21 11:19:00,2011-06-21 11:19:00,1,492.36,172,3,1,2,Developing,United Kingdom,2011-06
15508,2011-04-18 15:31:00,2011-06-03 15:43:00,6,1000.27,190,3,4,3,Loyal,United Kingdom,2011-04
15509,2010-11-24 14:48:00,2010-11-24 14:48:00,1,166.51,381,2,1,1,Hibernating,United Kingdom,2010-11
15510,2011-01-13 12:10:00,2011-01-13 12:10:00,1,250.0,331,2,1,1,Hibernating,United Kingdom,2011-01
15511,2011-09-15 15:05:00,2011-11-28 09:43:00,5,909.23,12,5,4,3,Loyal,United Kingdom,2011-09
15512,2010-02-01 13:23:00,2011-07-07 10:20:00,4,331.58,156,3,3,2,Loyal,United Kingdom,2010-02
15513,2010-01-13 14:59:00,2011-11-06 14:36:00,35,26437.05,34,4,5,5,Champions,United Kingdom,2010-01
15514,2009-12-04 16:37:00,2011-11-27 14:40:00,18,6598.55,13,5,5,5,Champions,United Kingdom,2009-12
15515,2010-11-17 13:39:00,2010-11-17 13:39:00,1,171.81,388,2,1,1,Hibernating,United Kingdom,2010-11
15516,2011-10-24 11:33:00,2011-10-26 10:51:00,3,62.43,45,4,3,1,Loyal,United Kingdom,2011-10
15517,2011-04-20 14:02:00,2011-04-20 14:02:00,1,267.03,234,2,1,1,Hibernating,United Kingdom,2011-04
15518,2009-12-20 12:21:00,2011-10-06 13:05:00,15,4218.94,65,3,5,5,Loyal,United Kingdom,2009-12
15519,2010-09-19 13:57:00,2010-11-21 14:35:00,2,344.61,384,2,2,2,Hibernating,United Kingdom,2010-09
15520,2011-12-08 10:58:00,2011-12-08 10:58:00,1,343.5,2,5,1,2,Recent light buyers,United Kingdom,2011-12
15521,2010-01-05 10:19:00,2011-10-30 13:42:00,16,7106.69,41,4,5,5,Champions,United Kingdom,2010-01
15522,2011-09-13 12:26:00,2011-11-07 11:26:00,2,398.84,33,4,2,2,Recent light buyers,United Kingdom,2011-09
15523,2009-12-02 15:16:00,2011-09-16 16:29:00,16,17359.99,85,3,5,5,Loyal,United Kingdom,2009-12
15524,2010-04-12 09:19:00,2011-11-15 12:09:00,2,591.4,25,4,2,2,Recent light buyers,United Kingdom,2010-04
15525,2010-11-22 12:10:00,2011-12-07 14:43:00,4,981.77,3,5,3,3,Loyal,United Kingdom,2010-11
15526,2011-11-06 15:01:00,2011-11-06 15:04:00,2,148.44,34,4,2,1,Recent light buyers,United Kingdom,2011-11
15527,2009-12-15 17:31:00,2011-11-21 12:17:00,23,5575.64,19,5,5,5,Champions,United Kingdom,2009-12
15528,2011-03-30 16:14:00,2011-03-30 16:14:00,1,229.33,255,2,1,1,Hibernating,United Kingdom,2011-03
15529,2010-11-10 14:26:00,2011-11-17 11:29:00,12,4816.29,23,4,5,5,Champions,United Kingdom,2010-11
15530,2010-07-15 11:10:00,2011-11-18 12:25:00,5,1813.72,22,4,4,4,Champions,United Kingdom,2010-07
15531,2011-11-09 17:47:00,2011-12-01 18:43:00,2,2007.44,9,5,2,4,Recent light buyers,United Kingdom,2011-11
15532,2010-06-08 14:52:00,2011-11-14 14:51:00,10,3771.9,26,4,5,5,Champions,United Kingdom,2010-06
15533,2011-09-11 15:41:00,2011-11-20 15:35:00,3,807.57,20,5,3,3,Loyal,United Kingdom,2011-09
15534,2009-12-14 12:48:00,2009-12-14 12:48:00,1,162.25,726,1,1,1,Hibernating,United Kingdom,2009-12
15535,2010-09-16 20:04:00,2011-06-19 16:02:00,6,1087.82,174,3,4,3,Loyal,United Kingdom,2010-09
15536,2010-10-26 16:31:00,2010-10-26 16:31:00,1,259.09,410,2,1,1,Hibernating,United Kingdom,2010-10
15537,2011-06-29 13:10:00,2011-06-29 13:10:00,1,110.92,164,3,1,1,Developing,United Kingdom,2011-06
15538,2010-02-14 12:38:00,2010-06-20 10:49:00,6,3358.3999999999996,538,1,4,5,At risk,United Kingdom,2010-02
15539,2011-12-02 13:36:00,2011-12-02 13:36:00,1,538.46,8,5,1,2,Recent light buyers,United Kingdom,2011-12
15540,2010-11-29 11:10:00,2011-11-28 13:51:00,2,460.68,12,5,2,2,Recent light buyers,United Kingdom,2010-11
15541,2011-08-17 14:58:00,2011-08-17 14:58:00,1,85.13000000000001,115,3,1,1,Developing,United Kingdom,2011-08
15542,2009-12-02 11:53:00,2010-07-15 13:32:00,3,918.45,513,1,3,3,At risk,United Kingdom,2009-12
15543,2010-09-06 11:28:00,2011-02-24 15:26:00,2,242.84,289,2,2,1,Hibernating,United Kingdom,2010-09
15544,2010-01-28 14:39:00,2011-11-30 16:43:00,20,7807.89,10,5,5,5,Champions,United Kingdom,2010-01
15545,2010-12-03 17:28:00,2011-10-16 13:24:00,2,292.71999999999997,55,4,2,2,Recent light buyers,United Kingdom,2010-12
15546,2010-04-12 11:45:00,2010-04-12 11:51:00,2,1079.1000000000001,607,1,2,3,Hibernating,United Kingdom,2010-04
15547,2009-12-06 13:40:00,2011-12-02 12:52:00,26,10154.39,8,5,5,5,Champions,United Kingdom,2009-12
15548,2010-04-23 12:20:00,2010-04-23 12:20:00,1,158.09,596,1,1,1,Hibernating,United Kingdom,2010-04
15549,2010-01-11 13:16:00,2011-09-23 16:22:00,8,2345.96,78,3,4,4,Loyal,United Kingdom,2010-01
15550,2009-12-03 15:15:00,2011-12-05 15:38:00,12,2218.8,5,5,5,4,Champions,United Kingdom,2009-12
15551,2010-06-07 15:05:00,2011-11-03 12:37:00,7,1710.08,37,4,4,4,Champions,United Kingdom,2010-06
15552,2010-03-26 16:17:00,2011-05-06 14:47:00,2,252.52,218,2,2,1,Hibernating,United Kingdom,2010-03
15553,2011-10-10 14:02:00,2011-10-10 14:02:00,1,437.23,61,3,1,2,Developing,United Kingdom,2011-10
15554,2011-03-07 09:00:00,2011-03-07 09:00:00,1,217.2,278,2,1,1,Hibernating,United Kingdom,2011-03
15555,2009-12-06 11:58:00,2011-11-27 16:19:00,36,11293.57,13,5,5,5,Champions,United Kingdom,2009-12
15556,2011-11-15 16:08:00,2011-11-15 16:08:00,1,279.77,25,4,1,1,Recent light buyers,United Kingdom,2011-11
15557,2011-11-11 12:46:00,2011-11-11 12:46:00,1,473.65000000000003,29,4,1,2,Recent light buyers,United Kingdom,2011-11
15558,2010-03-10 15:25:00,2010-03-10 15:25:00,1,214.13,640,1,1,1,Hibernating,United Kingdom,2010-03
15559,2010-05-20 14:06:00,2010-05-20 14:06:00,1,1109.4,569,1,1,3,Hibernating,United Kingdom,2010-05
15560,2010-11-07 10:14:00,2010-11-07 10:15:00,2,153.52,398,2,2,1,Hibernating,United Kingdom,2010-11
15561,2010-02-14 12:22:00,2011-11-28 11:07:00,8,1934.3899999999999,12,5,4,4,Champions,United Kingdom,2010-02
15562,2009-12-13 15:17:00,2010-12-23 09:55:00,3,673.3800000000001,352,2,3,3,At risk,United Kingdom,2009-12
15563,2010-01-28 11:36:00,2011-11-17 14:50:00,7,2867.0,23,4,4,4,Champions,United Kingdom,2010-01
15564,2010-02-01 15:58:00,2010-09-02 15:52:00,2,70.74000000000001,464,1,2,1,Hibernating,United Kingdom,2010-02
15565,2011-09-30 10:44:00,2011-10-20 14:33:00,2,173.16,51,4,2,1,Recent light buyers,United Kingdom,2011-09
15566,2009-12-15 14:53:00,2010-11-12 12:11:00,2,227.87,393,2,2,1,Hibernating,United Kingdom,2009-12
15567,2011-11-21 10:48:00,2011-11-21 10:48:00,1,186.01,19,5,1,1,Recent light buyers,United Kingdom,2011-11
15568,2011-09-27 14:37:00,2011-12-07 11:27:00,3,758.29,3,5,3,3,Loyal,United Kingdom,2011-09
15569,2010-02-28 10:55:00,2011-08-28 10:15:00,10,3586.35,104,3,5,5,Loyal,United Kingdom,2010-02
15570,2010-03-28 14:04:00,2011-12-02 14:47:00,25,8793.39,8,5,5,5,Champions,United Kingdom,2010-03
15571,2009-12-06 12:10:00,2011-11-28 10:02:00,14,4051.63,12,5,5,5,Champions,United Kingdom,2009-12
15572,2010-04-14 14:38:00,2011-12-05 10:09:00,10,4068.67,5,5,5,5,Champions,United Kingdom,2010-04
15573,2009-12-10 14:19:00,2011-11-08 11:38:00,5,1207.18,32,4,4,3,Loyal,United Kingdom,2009-12
15574,2010-09-01 14:37:00,2011-06-15 12:01:00,6,1143.05,178,3,4,3,Loyal,United Kingdom,2010-09
15575,2010-03-30 12:50:00,2010-03-30 12:50:00,1,30.1,620,1,1,1,Hibernating,United Kingdom,2010-03
15576,2011-11-02 12:03:00,2011-11-02 12:03:00,1,940.6700000000001,38,4,1,3,Recent light buyers,United Kingdom,2011-11
15577,2009-12-13 16:17:00,2011-07-11 17:03:00,5,397.98,152,3,4,2,Loyal,United Kingdom,2009-12
15578,2011-06-30 13:03:00,2011-06-30 13:03:00,1,127.1,163,3,1,1,Developing,United Kingdom,2011-06
15579,2010-10-03 14:37:00,2011-10-02 12:45:00,5,1302.5,69,3,4,4,Loyal,United Kingdom,2010-10
15580,2010-02-07 11:21:00,2010-11-28 11:00:00,8,1381.19,377,2,4,4,At risk,United Kingdom,2010-02
15581,2009-12-02 12:19:00,2011-08-11 09:38:00,38,7522.25,121,3,5,5,Loyal,United Kingdom,2009-12
15582,2011-05-03 13:36:00,2011-11-15 09:55:00,3,682.9100000000001,25,4,3,3,Loyal,United Kingdom,2011-05
15583,2010-11-28 15:04:00,2010-11-28 15:04:00,1,107.86,377,2,1,1,Hibernating,United Kingdom,2010-11
15584,2010-02-07 12:16:00,2011-11-16 10:55:00,6,1277.5,24,4,4,4,Champions,United Kingdom,2010-02
15585,2011-06-16 08:38:00,2011-06-16 08:38:00,1,455.3,177,3,1,2,Developing,United Kingdom,2011-06
15586,2010-01-08 10:02:00,2010-04-26 11:00:00,3,1139.1,593,1,3,3,At risk,United Kingdom,2010-01
15587,2010-08-05 08:44:00,2011-10-20 13:37:00,7,1522.0800000000002,51,4,4,4,Champions,United Kingdom,2010-08
15588,2010-01-31 12:19:00,2010-01-31 12:19:00,1,579.6,678,1,1,2,Hibernating,United Kingdom,2010-01
15589,2011-02-02 10:46:00,2011-03-29 09:54:00,3,478.53000000000003,256,2,3,2,At risk,United Kingdom,2011-02
15590,2010-04-12 10:09:00,2010-11-22 14:49:00,5,1496.6,383,2,4,4,At risk,United Kingdom,2010-04
15591,2010-02-04 09:20:00,2010-05-06 09:23:00,3,217.9,583,1,3,1,At risk,United Kingdom,2010-02
15592,2011-10-24 08:59:00,2011-10-24 08:59:00,1,388.58,47,4,1,2,Recent light buyers,United Kingdom,2011-10
15593,2011-09-30 11:46:00,2011-09-30 11:46:00,1,199.8,71,3,1,1,Developing,United Kingdom,2011-09
15594,2011-04-19 10:08:00,2011-11-24 08:53:00,5,1771.78,16,5,4,4,Champions,United Kingdom,2011-04
15595,2010-08-09 12:27:00,2010-08-09 12:27:00,1,357.6,488,1,1,2,Hibernating,United Kingdom,2010-08
15596,2010-07-28 11:46:00,2011-08-31 10:55:00,9,2727.72,101,3,5,4,Loyal,United Kingdom,2010-07
15597,2010-05-13 13:10:00,2011-11-04 13:26:00,2,563.37,36,4,2,2,Recent light buyers,United Kingdom,2010-05
15598,2010-10-08 09:20:00,2011-10-17 16:04:00,2,548.02,54,4,2,2,Recent light buyers,United Kingdom,2010-10
15599,2010-09-20 10:15:00,2011-11-13 11:44:00,3,1250.06,27,4,3,4,Loyal,United Kingdom,2010-09
15600,2010-04-25 11:50:00,2010-10-07 14:30:00,4,1199.31,429,1,3,3,At risk,United Kingdom,2010-04
15601,2009-12-01 14:53:00,2011-11-28 15:15:00,30,14191.74,12,5,5,5,Champions,United Kingdom,2009-12
15602,2009-12-02 09:35:00,2011-12-01 14:14:00,16,3137.96,9,5,5,5,Champions,United Kingdom,2009-12
15603,2010-03-01 16:02:00,2011-09-22 10:04:00,2,88.48,79,3,2,1,Developing,United Kingdom,2010-03
15604,2011-10-18 14:47:00,2011-10-18 14:47:00,1,216.39,53,4,1,1,Recent light buyers,United Kingdom,2011-10
15605,2010-01-14 14:03:00,2011-11-03 14:17:00,9,1741.95,37,4,5,4,Champions,United Kingdom,2010-01
15606,2010-03-02 14:48:00,2011-10-09 15:47:00,17,5230.99,62,3,5,5,Loyal,United Kingdom,2010-03
15607,2010-01-08 12:16:00,2011-01-07 12:44:00,9,1708.97,337,2,5,4,At risk,United Kingdom,2010-01
15608,2010-10-20 10:10:00,2011-11-11 13:20:00,5,1785.98,29,4,4,4,Champions,United Kingdom,2010-10
15609,2011-06-08 13:00:00,2011-06-08 13:00:00,1,298.48,185,3,1,2,Developing,United Kingdom,2011-06
15610,2011-10-19 10:36:00,2011-10-19 10:36:00,1,112.46000000000001,52,4,1,1,Recent light buyers,United Kingdom,2011-10
15611,2010-01-25 14:50:00,2011-11-30 12:36:00,26,2997.28,10,5,5,5,Champions,United Kingdom,2010-01
15612,2011-10-09 12:49:00,2011-11-03 14:52:00,2,195.15,37,4,2,1,Recent light buyers,United Kingdom,2011-10
15613,2010-04-08 12:51:00,2010-04-08 12:51:00,1,433.71999999999997,611,1,1,2,Hibernating,United Kingdom,2010-04
15614,2010-03-23 11:13:00,2010-09-28 10:46:00,4,3147.36,438,1,3,5,At risk,United Kingdom,2010-03
15615,2009-12-02 15:28:00,2011-11-29 14:42:00,47,21373.97,11,5,5,5,Champions,United Kingdom,2009-12
15616,2010-09-27 13:10:00,2010-09-27 13:10:00,1,317.11,439,1,1,2,Hibernating,United Kingdom,2010-09
15617,2010-07-20 13:16:00,2010-11-08 16:07:00,3,828.5500000000001,397,2,3,3,At risk,United Kingdom,2010-07
15618,2011-07-26 10:13:00,2011-11-07 08:34:00,4,776.851,33,4,3,3,Loyal,United Kingdom,2011-07
15619,2011-11-29 08:14:00,2011-11-29 08:14:00,1,336.40000000000003,11,5,1,2,Recent light buyers,United Kingdom,2011-11
15620,2010-10-26 11:32:00,2011-10-14 12:41:00,4,1942.36,57,4,3,4,Loyal,United Kingdom,2010-10
15621,2011-11-18 11:49:00,2011-12-05 14:01:00,4,1293.03,5,5,3,4,Loyal,United Kingdom,2011-11
15622,2010-03-04 10:29:00,2011-10-27 16:44:00,17,7852.61,44,4,5,5,Champions,United Kingdom,2010-03
15623,2009-12-10 14:46:00,2011-07-21 17:26:00,8,2437.05,142,3,4,4,Loyal,United Kingdom,2009-12
15624,2011-03-28 13:32:00,2011-08-15 11:38:00,4,588.13,117,3,3,2,Loyal,United Kingdom,2011-03
15625,2010-06-15 15:23:00,2011-08-28 10:21:00,9,3236.4,104,3,5,5,Loyal,United Kingdom,2010-06
15626,2010-10-14 17:16:00,2011-09-26 10:03:00,3,1067.52,75,3,3,3,Loyal,United Kingdom,2010-10
15627,2010-07-05 11:56:00,2010-09-08 14:14:00,2,566.9,458,1,2,2,Hibernating,United Kingdom,2010-07
15628,2009-12-13 13:39:00,2011-12-05 10:24:00,17,5333.08,5,5,5,5,Champions,United Kingdom,2009-12
15629,2010-06-25 11:39:00,2010-09-15 13:46:00,4,2240.9,451,1,3,4,At risk,United Kingdom,2010-06
15630,2010-03-05 14:30:00,2011-10-25 15:36:00,3,1481.4,46,4,3,4,Loyal,United Kingdom,2010-03
15631,2010-03-07 14:52:00,2010-03-07 14:52:00,1,596.67,643,1,1,2,Hibernating,United Kingdom,2010-03
15632,2011-03-10 08:29:00,2011-11-24 09:51:00,8,3285.31,16,5,4,5,Champions,United Kingdom,2011-03
15633,2009-12-08 17:51:00,2010-07-18 13:54:00,13,4352.46,510,1,5,5,At risk,United Kingdom,2009-12
15634,2010-11-21 15:30:00,2011-11-22 16:28:00,2,554.65,18,5,2,2,Recent light buyers,United Kingdom,2010-11
15635,2010-11-09 08:58:00,2010-11-09 08:58:00,1,100.35,396,2,1,1,Hibernating,United Kingdom,2010-11
15636,2010-05-19 11:37:00,2011-09-11 11:17:00,4,1444.58,90,3,3,4,Loyal,United Kingdom,2010-05
15637,2009-12-15 17:54:00,2011-10-18 08:28:00,5,797.59,53,4,4,3,Loyal,United Kingdom,2009-12
15638,2010-04-08 14:37:00,2010-11-26 11:52:00,6,2265.2,379,2,4,4,At risk,United Kingdom,2010-04
15639,2010-04-13 13:11:00,2011-07-28 14:30:00,3,1065.08,135,3,3,3,Loyal,United Kingdom,2010-04
15640,2009-12-14 16:36:00,2011-12-05 14:35:00,29,23623.86,5,5,5,5,Champions,United Kingdom,2009-12
15641,2009-12-06 15:31:00,2011-08-26 14:04:00,12,5345.55,106,3,5,5,Loyal,United Kingdom,2009-12
15642,2009-12-10 11:51:00,2009-12-10 11:51:00,1,105.78000000000002,730,1,1,1,Hibernating,United Kingdom,2009-12
15643,2011-03-02 14:34:00,2011-06-01 07:38:00,3,664.0,192,2,3,3,At risk,United Kingdom,2011-03
15644,2011-03-23 15:37:00,2011-06-26 14:54:00,4,813.0,167,3,3,3,Loyal,United Kingdom,2011-03
15645,2010-10-10 12:51:00,2011-11-21 11:55:00,3,1055.17,19,5,3,3,Loyal,United Kingdom,2010-10
15646,2010-10-25 13:06:00,2011-07-05 09:53:00,5,784.8100000000001,158,3,4,3,Loyal,United Kingdom,2010-10
15647,2010-10-20 15:09:00,2010-10-20 15:09:00,1,169.0,416,1,1,1,Hibernating,United Kingdom,2010-10
15648,2011-03-17 18:59:00,2011-05-19 15:53:00,2,657.35,205,2,2,3,Hibernating,United Kingdom,2011-03
15649,2010-11-17 16:22:00,2011-01-07 13:34:00,4,1660.35,337,2,3,4,At risk,United Kingdom,2010-11
15650,2010-03-21 11:46:00,2010-07-06 10:41:00,2,553.88,522,1,2,2,Hibernating,United Kingdom,2010-03
15651,2010-04-22 13:26:00,2011-11-03 08:41:00,5,1259.06,37,4,4,4,Champions,United Kingdom,2010-04
15652,2010-08-11 16:58:00,2011-09-09 14:22:00,5,1420.34,92,3,4,4,Loyal,United Kingdom,2010-08
15653,2011-08-16 09:50:00,2011-09-08 10:49:00,2,877.4399999999999,93,3,2,3,Developing,United Kingdom,2011-08
15654,2011-11-13 15:15:00,2011-11-30 13:08:00,2,922.53,10,5,2,3,Recent light buyers,United Kingdom,2011-11
15655,2011-04-10 15:25:00,2011-04-10 15:25:00,1,560.67,244,2,1,2,Hibernating,United Kingdom,2011-04
15656,2011-02-28 15:32:00,2011-10-25 14:56:00,4,748.5,46,4,3,3,Loyal,United Kingdom,2011-02
15657,2011-11-17 12:19:00,2011-11-17 12:19:00,1,30.0,23,4,1,1,Recent light buyers,United Kingdom,2011-11
15658,2009-12-03 11:19:00,2011-06-02 15:22:00,8,2117.27,191,2,4,4,At risk,United Kingdom,2009-12
15659,2010-02-24 13:32:00,2011-10-27 09:23:00,3,532.49,44,4,3,2,Loyal,United Kingdom,2010-02
15660,2010-02-05 16:01:00,2011-11-14 16:58:00,15,2603.69,26,4,5,4,Champions,United Kingdom,2010-02
15661,2010-05-10 07:59:00,2011-01-26 13:56:00,8,1215.95,318,2,4,3,At risk,United Kingdom,2010-05
15662,2009-12-01 13:49:00,2010-02-16 16:47:00,2,283.73,662,1,2,1,Hibernating,United Kingdom,2009-12
15663,2011-08-25 15:50:00,2011-08-25 15:50:00,1,138.14,107,3,1,1,Developing,United Kingdom,2011-08
15664,2010-02-28 12:50:00,2011-10-20 10:57:00,4,1254.03,51,4,3,4,Loyal,United Kingdom,2010-02
15665,2010-03-14 15:07:00,2011-06-24 14:57:00,5,4015.12,169,3,4,5,Loyal,United Kingdom,2010-03
15666,2010-08-01 15:41:00,2010-08-24 16:14:00,2,632.9399999999999,473,1,2,3,Hibernating,United Kingdom,2010-08
15667,2011-10-31 10:56:00,2011-10-31 10:56:00,1,301.32,40,4,1,2,Recent light buyers,United Kingdom,2011-10
15668,2011-05-06 10:39:00,2011-05-06 10:39:00,1,76.32000000000001,218,2,1,1,Hibernating,United Kingdom,2011-05
15669,2011-03-21 09:13:00,2011-10-30 16:03:00,4,684.34,41,4,3,3,Loyal,United Kingdom,2011-03
15670,2010-06-01 15:34:00,2011-02-16 10:50:00,2,325.2,297,2,2,2,Hibernating,United Kingdom,2010-06
15671,2011-03-14 09:37:00,2011-11-21 12:43:00,7,2657.13,19,5,4,4,Champions,United Kingdom,2011-03
15672,2009-12-14 16:52:00,2009-12-14 16:52:00,1,45.300000000000004,726,1,1,1,Hibernating,United Kingdom,2009-12
15673,2010-02-22 14:28:00,2011-09-12 16:12:00,9,6414.79,89,3,5,5,Loyal,United Kingdom,2010-02
15674,2009-12-08 17:08:00,2011-09-27 15:17:00,13,6948.2300000000005,74,3,5,5,Loyal,United Kingdom,2009-12
15675,2010-10-31 14:14:00,2011-09-19 13:48:00,4,542.04,82,3,3,2,Loyal,United Kingdom,2010-10
15676,2011-03-01 10:19:00,2011-11-21 12:40:00,3,3435.76,19,5,3,5,Loyal,United Kingdom,2011-03
15677,2010-09-02 12:08:00,2011-10-21 15:36:00,3,1305.63,50,4,3,4,Loyal,United Kingdom,2010-09
15678,2010-07-05 12:49:00,2011-10-18 09:25:00,3,1893.89,53,4,3,4,Loyal,United Kingdom,2010-07
15679,2011-06-10 08:24:00,2011-11-15 16:19:00,4,781.28,25,4,3,3,Loyal,United Kingdom,2011-06
15680,2009-12-02 12:15:00,2011-11-30 13:46:00,10,4028.69,10,5,5,5,Champions,United Kingdom,2009-12
15681,2010-05-24 14:18:00,2011-11-14 16:30:00,14,2989.7,26,4,5,5,Champions,United Kingdom,2010-05
15682,2010-01-21 14:37:00,2010-04-19 15:30:00,2,318.24,600,1,2,2,Hibernating,United Kingdom,2010-01
15683,2010-08-23 12:01:00,2011-08-14 12:56:00,2,524.54,118,3,2,2,Developing,United Kingdom,2010-08
15684,2009-12-04 16:13:00,2010-06-10 18:51:00,3,173.95,548,1,3,1,At risk,United Kingdom,2009-12
15685,2010-09-15 13:43:00,2010-09-15 13:43:00,1,55.980000000000004,451,1,1,1,Hibernating,United Kingdom,2010-09
15686,2010-10-15 13:50:00,2010-10-15 13:50:00,1,90.0,421,1,1,1,Hibernating,United Kingdom,2010-10
15687,2011-01-13 15:13:00,2011-12-01 08:33:00,9,2993.1,9,5,5,5,Champions,United Kingdom,2011-01
15688,2010-10-17 12:06:00,2010-10-17 12:06:00,1,190.57,419,1,1,1,Hibernating,United Kingdom,2010-10
15689,2010-04-01 09:53:00,2011-08-12 09:37:00,3,521.03,120,3,3,2,Loyal,United Kingdom,2010-04
15690,2011-08-31 11:40:00,2011-12-05 15:59:00,2,239.76,5,5,2,1,Recent light buyers,United Kingdom,2011-08
15691,2009-12-06 16:01:00,2011-04-01 15:13:00,4,571.3,253,2,3,2,At risk,United Kingdom,2009-12
15692,2011-11-11 14:12:00,2011-11-11 14:12:00,1,191.04,29,4,1,1,Recent light buyers,United Kingdom,2011-11
15693,2010-02-18 14:37:00,2010-02-18 14:37:00,1,37.5,660,1,1,1,Hibernating,United Kingdom,2010-02
15694,2009-12-07 15:43:00,2011-12-09 09:44:00,24,9978.48,1,5,5,5,Champions,United Kingdom,2009-12
15695,2010-01-27 10:56:00,2011-03-18 08:32:00,4,1131.04,267,2,3,3,At risk,United Kingdom,2010-01
15696,2010-01-24 14:36:00,2011-11-06 14:02:00,13,3906.57,34,4,5,5,Champions,United Kingdom,2010-01
15697,2010-01-19 09:10:00,2010-01-19 09:10:00,1,246.75,690,1,1,1,Hibernating,United Kingdom,2010-01
15698,2010-03-25 17:38:00,2010-03-25 17:38:00,1,46.2,625,1,1,1,Hibernating,United Kingdom,2010-03
15699,2011-11-22 08:26:00,2011-11-22 08:26:00,1,309.65,18,5,1,2,Recent light buyers,United Kingdom,2011-11
15700,2011-06-19 15:36:00,2011-06-20 16:53:00,2,696.68,173,3,2,3,Developing,United Kingdom,2011-06
15701,2011-08-21 12:36:00,2011-12-07 14:39:00,4,1542.14,3,5,3,4,Loyal,United Kingdom,2011-08
15702,2010-01-26 17:23:00,2010-08-20 14:50:00,2,140.39000000000001,477,1,2,1,Hibernating,Nigeria,2010-01
15703,2011-03-20 10:51:00,2011-03-20 10:51:00,1,211.5,265,2,1,1,Hibernating,United Kingdom,2011-03
15704,2010-05-05 14:51:00,2011-07-22 13:35:00,6,3817.96,141,3,4,5,Loyal,United Kingdom,2010-05
15705,2011-05-22 15:37:00,2011-05-22 15:37:00,1,143.1,202,2,1,1,Hibernating,United Kingdom,2011-05
15706,2011-08-15 14:32:00,2011-10-07 10:09:00,4,1060.56,64,3,3,3,Loyal,United Kingdom,2011-08
15707,2011-09-14 14:19:00,2011-11-04 14:35:00,4,945.58,36,4,3,3,Loyal,United Kingdom,2011-09
15708,2010-10-10 11:33:00,2011-10-30 10:54:00,9,4028.04,41,4,5,5,Champions,United Kingdom,2010-10
15709,2010-04-29 18:31:00,2011-03-01 10:38:00,2,327.85,284,2,2,2,Hibernating,United Kingdom,2010-04
15710,2010-10-18 17:05:00,2010-10-18 17:05:00,1,898.87,418,1,1,3,Hibernating,United Kingdom,2010-10
15711,2010-01-24 12:13:00,2010-06-01 12:14:00,2,420.25,557,1,2,2,Hibernating,United Kingdom,2010-01
15712,2009-12-01 11:17:00,2011-11-30 14:09:00,12,3472.4100000000003,10,5,5,5,Champions,United Kingdom,2009-12
15713,2009-12-16 09:41:00,2011-07-19 13:34:00,4,839.64,144,3,3,3,Loyal,United Kingdom,2009-12
15714,2010-06-02 12:08:00,2011-11-28 11:26:00,5,784.8100000000001,12,5,4,3,Loyal,United Kingdom,2010-06
15715,2010-03-30 12:17:00,2010-06-02 09:56:00,5,658.02,556,1,4,3,At risk,United Kingdom,2010-03
15716,2009-12-07 12:42:00,2011-07-17 11:59:00,11,2509.71,146,3,5,4,Loyal,United Kingdom,2009-12
15717,2010-04-26 10:41:00,2011-04-19 13:21:00,5,607.0,235,2,4,2,At risk,United Kingdom,2010-04
15718,2010-06-17 16:20:00,2010-06-17 16:20:00,1,293.79,541,1,1,2,Hibernating,United Kingdom,2010-06
15719,2009-12-01 12:47:00,2011-11-07 12:29:00,31,10223.06,33,4,5,5,Champions,United Kingdom,2009-12
15720,2010-06-07 15:40:00,2011-11-15 14:48:00,2,741.92,25,4,2,3,Recent light buyers,United Kingdom,2010-06
15721,2011-11-28 12:14:00,2011-11-28 12:14:00,1,507.08,12,5,1,2,Recent light buyers,United Kingdom,2011-11
15722,2010-03-09 15:05:00,2011-11-04 11:43:00,11,5258.1,36,4,5,5,Champions,United Kingdom,2010-03
15723,2010-05-14 12:55:00,2010-12-10 11:12:00,4,947.65,365,2,3,3,At risk,United Kingdom,2010-05
15724,2010-11-04 10:22:00,2011-05-22 14:40:00,3,310.85,202,2,3,2,At risk,United Kingdom,2010-11
15725,2011-11-24 14:51:00,2011-11-24 14:51:00,1,415.25,16,5,1,2,Recent light buyers,United Kingdom,2011-11
15726,2010-11-14 16:12:00,2010-11-14 16:12:00,1,321.91,391,2,1,2,Hibernating,United Kingdom,2010-11
15727,2010-01-24 12:12:00,2011-11-23 12:36:00,15,9445.51,17,5,5,5,Champions,United Kingdom,2010-01
15728,2010-09-21 14:46:00,2010-11-25 10:39:00,2,544.6,380,2,2,2,Hibernating,United Kingdom,2010-09
15729,2010-11-01 13:44:00,2011-05-11 12:36:00,3,192.55,213,2,3,1,At risk,United Kingdom,2010-11
15730,2010-10-04 14:15:00,2011-10-05 12:31:00,5,1726.58,66,3,4,4,Loyal,United Kingdom,2010-10
15731,2010-06-04 10:10:00,2010-06-04 10:10:00,1,125.3,554,1,1,1,Hibernating,United Kingdom,2010-06
15732,2010-02-04 10:10:00,2011-05-11 14:24:00,10,1543.97,213,2,5,4,At risk,United Kingdom,2010-02
15733,2011-03-02 09:05:00,2011-03-02 09:05:00,1,162.3,283,2,1,1,Hibernating,United Kingdom,2011-03
15734,2010-06-10 14:25:00,2011-08-17 10:50:00,4,2263.3,115,3,3,4,Loyal,United Kingdom,2010-06
15735,2010-10-14 13:38:00,2010-10-14 13:38:00,1,327.68,422,1,1,2,Hibernating,United Kingdom,2010-10
15736,2010-09-30 14:19:00,2010-09-30 14:20:00,2,1815.72,436,1,2,4,Hibernating,United Kingdom,2010-09
15737,2011-04-11 10:01:00,2011-11-25 11:21:00,8,1205.1200000000001,15,5,4,3,Loyal,United Kingdom,2011-04
15738,2009-12-10 15:52:00,2011-11-21 08:26:00,41,13043.32,19,5,5,5,Champions,United Kingdom,2009-12
15739,2011-10-04 13:42:00,2011-10-04 13:42:00,1,449.12,67,3,1,2,Developing,United Kingdom,2011-10
15740,2011-10-21 14:29:00,2011-10-21 14:29:00,1,154.88,50,4,1,1,Recent light buyers,United Kingdom,2011-10
15741,2010-03-31 11:55:00,2010-09-07 16:21:00,2,208.62,459,1,2,1,Hibernating,United Kingdom,2010-03
15742,2010-03-30 15:25:00,2010-03-30 15:25:00,1,156.87,620,1,1,1,Hibernating,United Kingdom,2010-03
15743,2011-06-08 10:14:00,2011-11-23 17:19:00,4,784.46,17,5,3,3,Loyal,United Kingdom,2011-06
15744,2011-09-23 09:52:00,2011-09-23 09:52:00,1,34.8,78,3,1,1,Developing,United Kingdom,2011-09
15745,2011-04-17 13:04:00,2011-11-20 13:45:00,4,1094.59,20,5,3,3,Loyal,United Kingdom,2011-04
15746,2011-07-28 15:21:00,2011-07-28 15:21:00,1,196.88,135,3,1,1,Developing,United Kingdom,2011-07
15747,2010-01-18 11:21:00,2011-11-27 12:26:00,9,2562.61,13,5,5,4,Champions,United Kingdom,2010-01
15748,2010-09-16 16:52:00,2011-10-30 12:51:00,3,614.7600000000001,41,4,3,3,Loyal,United Kingdom,2010-09
15749,2011-01-11 12:55:00,2011-04-18 13:20:00,3,44534.3,236,2,3,5,At risk,United Kingdom,2011-01
15750,2009-12-01 17:19:00,2011-12-07 12:34:00,18,6456.671,3,5,5,5,Champions,United Kingdom,2009-12
15751,2009-12-06 13:08:00,2010-09-05 12:44:00,11,1380.44,461,1,5,4,At risk,United Kingdom,2009-12
15752,2010-09-08 11:56:00,2011-10-31 11:37:00,9,3947.89,40,4,5,5,Champions,United Kingdom,2010-09
15753,2011-02-08 12:41:00,2011-02-08 12:41:00,1,79.2,305,2,1,1,Hibernating,United Kingdom,2011-02
15754,2010-02-22 13:31:00,2011-10-19 14:40:00,9,3037.61,52,4,5,5,Champions,United Kingdom,2010-02
15755,2009-12-04 08:24:00,2011-11-29 14:57:00,17,5993.12,11,5,5,5,Champions,United Kingdom,2009-12
15756,2011-04-04 14:00:00,2011-10-09 13:30:00,4,532.96,62,3,3,2,Loyal,United Kingdom,2011-04
15757,2010-06-10 13:47:00,2011-10-05 12:14:00,6,2940.36,66,3,4,5,Loyal,United Kingdom,2010-06
15758,2011-11-15 10:48:00,2011-11-15 10:48:00,1,205.25,25,4,1,1,Recent light buyers,United Kingdom,2011-11
15759,2009-12-02 10:08:00,2011-05-05 15:13:00,7,830.9300000000001,219,2,4,3,At risk,United Kingdom,2009-12
15760,2010-03-19 11:35:00,2010-03-19 11:45:00,2,13916.34,631,1,2,5,Hibernating,Norway,2010-03
15761,2010-09-23 09:33:00,2010-09-23 09:33:00,1,143.05,443,1,1,1,Hibernating,United Kingdom,2010-09
15762,2011-09-23 15:17:00,2011-10-05 16:15:00,2,583.75,66,3,2,2,Developing,United Kingdom,2011-09
15763,2011-09-23 12:10:00,2011-11-08 09:44:00,2,1086.92,32,4,2,3,Recent light buyers,United Kingdom,2011-09
15764,2010-08-18 13:58:00,2011-09-12 17:58:00,8,4503.08,89,3,4,5,Loyal,United Kingdom,2010-08
15765,2010-02-11 10:25:00,2010-02-11 10:25:00,1,370.63,667,1,1,2,Hibernating,United Kingdom,2010-02
15766,2010-01-26 15:55:00,2011-10-06 17:03:00,3,831.06,65,3,3,3,Loyal,United Kingdom,2010-01
15768,2009-12-03 12:10:00,2011-08-16 10:48:00,34,15601.09,116,3,5,5,Loyal,United Kingdom,2009-12
15769,2009-12-11 09:58:00,2011-12-02 13:52:00,46,88612.52,8,5,5,5,Champions,United Kingdom,2009-12
15770,2010-04-06 11:47:00,2010-04-06 11:47:00,1,321.45,613,1,1,2,Hibernating,United Kingdom,2010-04
15771,2010-01-15 12:14:00,2010-04-14 13:56:00,3,1006.54,605,1,3,3,At risk,United Kingdom,2010-01
15772,2010-10-17 13:33:00,2010-10-17 13:33:00,1,280.88,419,1,1,1,Hibernating,United Kingdom,2010-10
15773,2010-10-26 15:27:00,2011-12-04 12:48:00,2,774.52,6,5,2,3,Recent light buyers,United Kingdom,2010-10
15774,2010-02-21 12:57:00,2011-10-02 12:04:00,6,1329.94,69,3,4,4,Loyal,United Kingdom,2010-02
15775,2010-03-18 07:32:00,2011-04-08 12:56:00,2,150.5,246,2,2,1,Hibernating,United Kingdom,2010-03
15776,2011-07-29 13:46:00,2011-07-29 13:46:00,1,241.62,134,3,1,1,Developing,United Kingdom,2011-07
15777,2010-05-20 10:37:00,2011-04-12 16:43:00,7,1762.61,242,2,4,4,At risk,United Kingdom,2010-05
15778,2010-10-04 15:10:00,2010-10-04 15:10:00,1,307.95,432,1,1,2,Hibernating,United Kingdom,2010-10
15779,2010-06-25 15:55:00,2010-09-02 16:40:00,2,124.08000000000001,464,1,2,1,Hibernating,United Kingdom,2010-06
15780,2010-12-17 11:43:00,2011-06-09 12:01:00,3,475.28000000000003,184,3,3,2,Loyal,United Kingdom,2010-12
15781,2011-02-07 09:15:00,2011-11-14 14:57:00,3,345.46,26,4,3,2,Loyal,United Kingdom,2011-02
15782,2010-10-05 15:43:00,2011-11-30 10:49:00,4,4014.1,10,5,3,5,Loyal,United Kingdom,2010-10
15783,2011-11-29 09:50:00,2011-11-29 09:50:00,1,246.3,11,5,1,1,Recent light buyers,United Kingdom,2011-11
15784,2010-02-05 14:42:00,2010-08-29 10:38:00,2,848.3299999999999,468,1,2,3,Hibernating,United Kingdom,2010-02
15785,2009-12-15 16:28:00,2011-11-07 11:33:00,16,5969.93,33,4,5,5,Champions,United Kingdom,2009-12
15786,2010-06-21 10:13:00,2011-10-24 14:13:00,5,8514.82,47,4,4,5,Champions,United Kingdom,2010-06
15787,2011-10-09 13:11:00,2011-11-13 14:55:00,3,948.05,27,4,3,3,Loyal,United Kingdom,2011-10
15788,2010-07-19 12:48:00,2010-07-19 12:48:00,1,221.82999999999998,509,1,1,1,Hibernating,United Kingdom,2010-07
15789,2010-03-26 11:21:00,2010-12-16 14:35:00,6,1962.01,359,2,4,4,At risk,United Kingdom,2010-03
15790,2011-11-29 14:53:00,2011-11-29 14:53:00,1,220.85,11,5,1,1,Recent light buyers,United Kingdom,2011-11
15791,2010-03-08 09:41:00,2011-10-27 10:14:00,5,3608.34,44,4,4,5,Champions,United Kingdom,2010-03
15792,2010-03-31 09:42:00,2010-11-05 08:21:00,2,933.84,400,2,2,3,Hibernating,United Kingdom,2010-03
15793,2009-12-01 12:54:00,2011-11-25 09:31:00,8,2399.57,15,5,4,4,Champions,United Kingdom,2009-12
15794,2009-12-02 15:10:00,2009-12-03 13:04:00,2,777.0,737,1,2,3,Hibernating,United Kingdom,2009-12
15795,2010-01-18 11:31:00,2011-07-13 10:43:00,8,1979.8700000000001,150,3,4,4,Loyal,United Kingdom,2010-01
15796,2010-03-31 13:10:00,2011-12-08 19:55:00,17,5175.83,2,5,5,5,Champions,United Kingdom,2010-03
15797,2010-01-27 13:12:00,2011-08-18 17:04:00,6,2821.08,114,3,4,4,Loyal,United Kingdom,2010-01
15798,2010-01-27 11:55:00,2010-08-04 09:13:00,3,1535.37,493,1,3,4,At risk,United Kingdom,2010-01
15799,2010-10-17 14:26:00,2011-09-25 12:46:00,4,1424.29,76,3,3,4,Loyal,United Kingdom,2010-10
15800,2010-03-31 13:17:00,2011-08-24 14:23:00,7,1242.58,108,3,4,4,Loyal,United Kingdom,2010-03
15801,2011-08-22 09:53:00,2011-10-24 13:52:00,3,1063.95,47,4,3,3,Loyal,United Kingdom,2011-08
15802,2011-07-20 11:38:00,2011-07-20 11:38:00,1,451.42,143,3,1,2,Developing,United Kingdom,2011-07
15803,2010-02-01 16:29:00,2011-10-19 14:56:00,4,1929.66,52,4,3,4,Loyal,United Kingdom,2010-02
15804,2011-05-25 10:12:00,2011-12-09 12:31:00,13,4206.39,1,5,5,5,Champions,United Kingdom,2011-05
15805,2009-12-10 12:57:00,2011-11-16 16:32:00,30,10189.23,24,4,5,5,Champions,United Kingdom,2009-12
15806,2011-03-08 09:24:00,2011-10-24 14:35:00,3,784.58,47,4,3,3,Loyal,United Kingdom,2011-03
15807,2010-02-11 15:32:00,2011-10-20 14:10:00,5,1817.52,51,4,4,4,Champions,United Kingdom,2010-02
15808,2009-12-01 16:30:00,2011-02-06 14:33:00,21,17388.48,307,2,5,5,At risk,United Kingdom,2009-12
15809,2010-06-22 14:23:00,2011-11-03 16:40:00,7,1274.44,37,4,4,4,Champions,United Kingdom,2010-06
15810,2010-02-04 18:18:00,2011-09-22 09:38:00,8,2999.04,79,3,4,5,Loyal,United Kingdom,2010-02
15811,2010-11-16 16:46:00,2011-11-17 15:31:00,7,3600.67,23,4,4,5,Champions,United Kingdom,2010-11
15812,2009-12-15 13:40:00,2011-08-24 14:19:00,12,5201.47,108,3,5,5,Loyal,United Kingdom,2009-12
15813,2011-04-14 09:09:00,2011-05-16 08:13:00,2,1303.9099999999999,208,2,2,4,Hibernating,United Kingdom,2011-04
15814,2010-04-15 14:31:00,2011-11-23 08:17:00,6,2634.44,17,5,4,4,Champions,United Kingdom,2010-04
15815,2011-03-25 08:43:00,2011-10-07 12:42:00,5,2100.6,64,3,4,4,Loyal,United Kingdom,2011-03
15816,2010-06-15 12:54:00,2010-06-15 13:36:00,2,144.14999999999998,543,1,2,1,Hibernating,United Kingdom,2010-06
15817,2010-06-14 13:31:00,2010-10-15 11:07:00,3,2766.4,421,1,3,4,At risk,United Kingdom,2010-06
15818,2010-04-30 12:58:00,2010-04-30 12:58:00,1,340.5,589,1,1,2,Hibernating,United Kingdom,2010-04
15819,2010-03-18 11:08:00,2011-10-21 14:50:00,10,3934.79,50,4,5,5,Champions,United Kingdom,2010-03
15820,2011-01-24 12:00:00,2011-01-24 12:00:00,1,206.98,320,2,1,1,Hibernating,United Kingdom,2011-01
15821,2011-10-09 13:28:00,2011-10-26 15:48:00,2,570.96,45,4,2,2,Recent light buyers,United Kingdom,2011-10
15822,2009-12-06 15:12:00,2011-12-06 14:50:00,6,1840.06,4,5,4,4,Champions,United Kingdom,2009-12
15823,2009-12-08 15:12:00,2010-12-02 15:08:00,3,3882.17,373,2,3,5,At risk,United Kingdom,2009-12
15824,2010-06-25 15:10:00,2010-09-12 13:20:00,2,890.94,454,1,2,3,Hibernating,United Kingdom,2010-06
15825,2011-06-20 13:27:00,2011-06-20 13:27:00,1,532.94,173,3,1,2,Developing,United Kingdom,2011-06
15826,2010-05-20 17:00:00,2011-10-14 16:05:00,4,2598.28,57,4,3,4,Loyal,United Kingdom,2010-05
15827,2010-01-08 11:25:00,2011-09-27 15:35:00,28,3603.14,74,3,5,5,Loyal,United Kingdom,2010-01
15828,2010-11-29 16:41:00,2010-11-29 16:41:00,1,1108.82,376,2,1,3,Hibernating,United Kingdom,2010-11
15829,2011-07-22 10:23:00,2011-09-01 16:45:00,2,636.14,100,3,2,3,Developing,United Kingdom,2011-07
15830,2011-11-02 10:40:00,2011-11-02 10:40:00,1,576.0,38,4,1,2,Recent light buyers,United Kingdom,2011-11
15831,2011-01-19 14:52:00,2011-10-12 13:14:00,3,801.76,59,4,3,3,Loyal,United Kingdom,2011-01
15832,2011-03-30 15:29:00,2011-03-30 15:29:00,1,836.79,255,2,1,3,Hibernating,United Kingdom,2011-03
15833,2009-12-02 11:59:00,2009-12-02 11:59:00,1,80.4,738,1,1,1,Hibernating,United Kingdom,2009-12
15834,2010-10-11 14:05:00,2011-09-30 14:41:00,7,3772.9900000000002,71,3,4,5,Loyal,United Kingdom,2010-10
15835,2011-01-13 10:35:00,2011-10-26 15:47:00,4,954.09,45,4,3,3,Loyal,United Kingdom,2011-01
15836,2011-10-20 17:13:00,2011-10-20 17:13:00,1,137.37,51,4,1,1,Recent light buyers,United Kingdom,2011-10
15837,2010-08-11 10:16:00,2011-10-06 09:01:00,2,777.01,65,3,2,3,Developing,United Kingdom,2010-08
15838,2009-12-15 09:51:00,2011-11-28 14:00:00,34,73205.5,12,5,5,5,Champions,United Kingdom,2009-12
15839,2011-07-14 16:35:00,2011-11-06 13:54:00,3,1048.49,34,4,3,3,Loyal,United Kingdom,2011-07
15840,2011-06-20 11:42:00,2011-10-12 09:08:00,2,355.56,59,4,2,2,Recent light buyers,United Kingdom,2011-06
15841,2009-12-10 08:29:00,2011-09-28 12:15:00,9,2742.41,73,3,5,4,Loyal,United Kingdom,2009-12
15842,2010-06-30 09:06:00,2010-11-11 14:08:00,2,548.8,394,2,2,2,Hibernating,United Kingdom,2010-06
15843,2011-02-09 10:19:00,2011-02-09 10:19:00,1,118.95000000000002,304,2,1,1,Hibernating,United Kingdom,2011-02
15844,2011-10-24 15:19:00,2011-10-24 15:19:00,1,130.73999999999998,47,4,1,1,Recent light buyers,United Kingdom,2011-10
15845,2010-01-26 14:44:00,2011-11-22 09:42:00,11,4426.28,18,5,5,5,Champions,United Kingdom,2010-01
15846,2010-11-19 14:40:00,2010-11-19 14:40:00,1,107.01,386,2,1,1,Hibernating,United Kingdom,2010-11
15847,2010-03-08 08:47:00,2011-11-01 14:41:00,5,822.57,39,4,4,3,Loyal,United Kingdom,2010-03
15848,2010-03-28 10:54:00,2010-03-28 10:54:00,1,139.94,622,1,1,1,Hibernating,United Kingdom,2010-03
15850,2009-12-13 13:27:00,2011-11-20 14:14:00,6,1058.72,20,5,4,3,Loyal,United Kingdom,2009-12
15851,2010-07-01 12:34:00,2010-07-01 12:34:00,1,109.73,527,1,1,1,Hibernating,United Kingdom,2010-07
15852,2010-07-01 10:16:00,2011-06-06 11:22:00,3,257.26,187,3,3,1,Loyal,United Kingdom,2010-07
15853,2011-10-19 10:38:00,2011-10-19 10:38:00,1,110.8,52,4,1,1,Recent light buyers,United Kingdom,2011-10
15854,2009-12-10 12:08:00,2011-12-05 13:39:00,21,5583.81,5,5,5,5,Champions,United Kingdom,2009-12
15855,2010-08-20 17:15:00,2011-07-26 10:20:00,6,1052.72,137,3,4,3,Loyal,United Kingdom,2010-08
15856,2009-12-03 14:02:00,2011-12-05 17:09:00,52,32649.02,5,5,5,5,Champions,United Kingdom,2009-12
15857,2010-10-05 16:43:00,2011-11-21 12:18:00,2,570.48,19,5,2,2,Recent light buyers,United Kingdom,2010-10
15858,2009-12-10 11:42:00,2011-11-24 12:48:00,13,3576.44,16,5,5,5,Champions,United Kingdom,2009-12
15859,2010-10-03 12:52:00,2010-10-03 12:52:00,1,438.46,433,1,1,2,Hibernating,United Kingdom,2010-10
15860,2009-12-06 12:31:00,2011-10-30 11:25:00,17,2402.55,41,4,5,4,Champions,United Kingdom,2009-12
15861,2010-01-28 19:41:00,2011-11-27 15:59:00,12,4401.79,13,5,5,5,Champions,United Kingdom,2010-01
15862,2009-12-17 11:33:00,2011-12-01 13:28:00,13,2574.06,9,5,5,4,Champions,United Kingdom,2009-12
15863,2009-12-17 10:20:00,2011-11-14 12:49:00,5,358.7,26,4,4,2,Loyal,United Kingdom,2009-12
15864,2010-11-23 15:02:00,2011-11-17 13:32:00,7,2180.76,23,4,4,4,Champions,United Kingdom,2010-11
15865,2010-01-05 13:58:00,2011-10-30 12:43:00,5,2248.92,41,4,4,4,Champions,United Kingdom,2010-01
15866,2011-08-30 14:09:00,2011-08-30 14:09:00,1,230.53,102,3,1,1,Developing,United Kingdom,2011-08
15867,2009-12-14 15:16:00,2011-12-04 13:32:00,31,8951.05,6,5,5,5,Champions,United Kingdom,2009-12
15868,2010-05-05 14:11:00,2010-05-05 14:11:00,1,94.53,584,1,1,1,Hibernating,United Kingdom,2010-05
15869,2010-03-23 16:50:00,2011-03-07 17:23:00,3,323.65999999999997,278,2,3,2,At risk,United Kingdom,2010-03
15870,2010-09-19 16:22:00,2011-11-07 10:58:00,4,862.61,33,4,3,3,Loyal,United Kingdom,2010-09
15871,2010-09-28 14:16:00,2010-09-28 14:16:00,1,33.099999999999994,438,1,1,1,Hibernating,United Kingdom,2010-09
15872,2010-06-07 14:53:00,2011-11-25 11:55:00,4,795.68,15,5,3,3,Loyal,United Kingdom,2010-06
15873,2010-07-27 11:58:00,2010-07-28 12:41:00,4,313.91999999999996,500,1,3,2,At risk,United Kingdom,2010-07
15874,2010-01-07 13:56:00,2011-10-07 12:31:00,21,11284.76,64,3,5,5,Loyal,United Kingdom,2010-01
15875,2010-03-03 16:51:00,2010-03-03 16:51:00,1,111.72,647,1,1,1,Hibernating,United Kingdom,2010-03
15876,2010-09-17 15:26:00,2010-10-26 18:58:00,2,1449.1399999999999,410,2,2,4,Hibernating,United Kingdom,2010-09
15877,2011-11-22 11:18:00,2011-12-08 11:53:00,2,493.28,2,5,2,2,Recent light buyers,United Kingdom,2011-11
15878,2009-12-06 12:28:00,2010-05-27 12:17:00,2,330.77,562,1,2,2,Hibernating,United Kingdom,2009-12
15879,2009-12-17 19:54:00,2010-10-31 16:21:00,4,1157.3,405,2,3,3,At risk,United Kingdom,2009-12
15880,2010-12-05 13:00:00,2010-12-05 13:00:00,1,343.28000000000003,370,2,1,2,Hibernating,United Kingdom,2010-12
15881,2010-12-10 13:32:00,2011-01-31 16:59:00,5,501.39000000000004,313,2,4,2,At risk,United Kingdom,2010-12
15882,2009-12-10 15:33:00,2011-05-25 11:35:00,8,1124.66,199,2,4,3,At risk,United Kingdom,2009-12
15883,2011-11-06 14:50:00,2011-12-07 17:05:00,2,396.48,3,5,2,2,Recent light buyers,United Kingdom,2011-11
15884,2009-12-03 18:23:00,2010-10-03 15:55:00,2,249.70000000000002,433,1,2,1,Hibernating,United Kingdom,2009-12
15885,2010-01-21 12:47:00,2011-09-08 10:43:00,15,1951.82,93,3,5,4,Loyal,United Kingdom,2010-01
15886,2010-04-20 15:03:00,2011-10-10 14:25:00,4,1052.8700000000001,61,3,3,3,Loyal,United Kingdom,2010-04
15887,2010-06-02 11:53:00,2010-10-29 08:36:00,3,1027.15,407,2,3,3,At risk,United Kingdom,2010-06
15888,2010-07-01 11:51:00,2011-09-20 12:30:00,3,429.16,81,3,3,2,Loyal,United Kingdom,2010-07
15889,2009-12-10 12:21:00,2011-07-06 11:10:00,8,1508.36,157,3,4,4,Loyal,United Kingdom,2009-12
15890,2010-04-14 08:43:00,2010-11-10 12:46:00,5,535.65,395,2,4,2,At risk,United Kingdom,2010-04
15891,2011-04-27 12:35:00,2011-04-27 12:35:00,1,524.52,227,2,1,2,Hibernating,United Kingdom,2011-04
15892,2010-02-08 16:23:00,2010-02-08 16:23:00,1,128.2,670,1,1,1,Hibernating,United Kingdom,2010-02
15893,2010-08-15 11:12:00,2010-08-15 11:12:00,1,305.28000000000003,482,1,1,2,Hibernating,United Kingdom,2010-08
15894,2010-12-05 14:06:00,2011-03-31 13:50:00,2,263.55,254,2,2,1,Hibernating,United Kingdom,2010-12
15895,2011-07-13 10:27:00,2011-07-13 10:27:00,1,179.17,150,3,1,1,Developing,United Kingdom,2011-07
15897,2011-05-29 13:32:00,2011-05-29 13:50:00,2,222.05,195,2,2,1,Hibernating,United Kingdom,2011-05
15898,2009-12-11 16:11:00,2011-12-08 15:23:00,25,5074.62,2,5,5,5,Champions,United Kingdom,2009-12
15899,2010-12-06 10:36:00,2010-12-06 10:36:00,1,56.25,369,2,1,1,Hibernating,United Kingdom,2010-12
15900,2010-05-26 11:27:00,2011-11-16 12:19:00,4,900.4,24,4,3,3,Loyal,United Kingdom,2010-05
15901,2010-06-14 12:39:00,2011-11-23 12:43:00,7,703.22,17,5,4,3,Loyal,United Kingdom,2010-06
15902,2010-11-24 16:57:00,2010-11-24 16:57:00,1,145.01,381,2,1,1,Hibernating,United Kingdom,2010-11
15903,2010-01-14 10:57:00,2011-11-30 08:08:00,12,8939.84,10,5,5,5,Champions,United Kingdom,2010-01
15904,2011-12-01 14:50:00,2011-12-01 14:50:00,1,164.68,9,5,1,1,Recent light buyers,United Kingdom,2011-12
15905,2010-06-14 16:00:00,2010-06-14 16:00:00,1,114.69,544,1,1,1,Hibernating,United Kingdom,2010-06
15906,2010-09-15 12:17:00,2011-11-20 12:24:00,10,2555.64,20,5,5,4,Champions,United Kingdom,2010-09
15907,2011-05-13 13:01:00,2011-12-06 12:21:00,3,967.45,4,5,3,3,Loyal,United Kingdom,2011-05
15908,2010-07-15 19:21:00,2010-08-06 11:56:00,2,764.57,491,1,2,3,Hibernating,United Kingdom,2010-07
15909,2011-06-19 10:38:00,2011-06-19 10:38:00,1,191.94,174,3,1,1,Developing,United Kingdom,2011-06
15910,2010-01-21 11:51:00,2011-12-09 10:51:00,15,2681.8,1,5,5,4,Champions,United Kingdom,2010-01
15911,2009-12-09 13:26:00,2010-03-26 12:06:00,8,1702.34,624,1,4,4,At risk,United Kingdom,2009-12
15912,2009-12-10 12:58:00,2011-06-14 14:29:00,9,1074.7,179,3,5,3,Loyal,United Kingdom,2009-12
15913,2010-06-23 16:31:00,2010-06-23 16:31:00,1,6.300000000000001,535,1,1,1,Hibernating,United Kingdom,2010-06
15914,2010-11-26 16:09:00,2010-11-26 16:10:00,2,205.99,379,2,2,1,Hibernating,United Kingdom,2010-11
15915,2010-11-03 11:13:00,2010-11-03 11:13:00,1,429.21,402,2,1,2,Hibernating,United Kingdom,2010-11
15916,2009-12-10 16:21:00,2011-11-23 13:46:00,13,3194.72,17,5,5,5,Champions,United Kingdom,2009-12
15917,2009-12-02 14:55:00,2011-04-06 10:40:00,5,560.63,248,2,4,2,At risk,United Kingdom,2009-12
15918,2010-03-18 11:40:00,2011-06-02 11:42:00,3,582.88,191,2,3,2,At risk,United Kingdom,2010-03
15919,2010-12-06 11:26:00,2011-11-20 11:28:00,2,639.89,20,5,2,3,Recent light buyers,United Kingdom,2010-12
15920,2009-12-14 13:09:00,2011-07-08 15:31:00,9,571.64,155,3,5,2,Loyal,United Kingdom,2009-12
15921,2010-03-09 11:03:00,2011-06-20 11:03:00,4,802.11,173,3,3,3,Loyal,United Kingdom,2010-03
15922,2010-12-01 13:51:00,2010-12-01 13:51:00,1,369.5,374,2,1,2,Hibernating,United Kingdom,2010-12
15923,2010-12-02 12:16:00,2010-12-02 12:16:00,1,127.08,373,2,1,1,Hibernating,United Kingdom,2010-12
15924,2009-12-08 15:00:00,2009-12-08 15:00:00,1,102.82,732,1,1,1,Hibernating,United Kingdom,2009-12
15925,2011-05-29 15:35:00,2011-05-29 15:35:00,1,207.15,195,2,1,1,Hibernating,United Kingdom,2011-05
15926,2010-06-15 15:23:00,2010-06-15 15:23:00,1,134.44,543,1,1,1,Hibernating,United Kingdom,2010-06
15927,2010-03-02 13:25:00,2010-03-02 13:25:00,1,123.39,648,1,1,1,Hibernating,United Kingdom,2010-03
15928,2010-02-21 15:16:00,2010-02-21 15:16:00,1,293.53,657,1,1,2,Hibernating,United Kingdom,2010-02
15929,2010-03-05 14:56:00,2010-03-05 14:56:00,1,594.0,645,1,1,2,Hibernating,United Kingdom,2010-03
15930,2011-10-03 14:52:00,2011-10-03 14:52:00,1,426.63,68,3,1,2,Developing,United Kingdom,2011-10
15931,2010-10-07 16:46:00,2010-10-07 16:46:00,1,239.9,429,1,1,1,Hibernating,United Kingdom,2010-10
15932,2011-02-23 14:50:00,2011-12-05 17:13:00,8,2495.87,5,5,4,4,Champions,United Kingdom,2011-02
15933,2011-09-14 12:05:00,2011-11-18 13:14:00,3,1107.46,22,4,3,3,Loyal,United Kingdom,2011-09
15934,2010-10-06 12:08:00,2010-10-18 10:13:00,2,2190.66,418,1,2,4,Hibernating,United Kingdom,2010-10
15935,2011-04-12 09:35:00,2011-04-14 13:27:00,2,416.86,240,2,2,2,Hibernating,United Kingdom,2011-04
15936,2010-08-29 11:42:00,2010-11-25 16:39:00,2,282.79,380,2,2,1,Hibernating,United Kingdom,2010-08
15937,2011-10-06 15:48:00,2011-10-06 15:48:00,1,145.35,65,3,1,1,Developing,United Kingdom,2011-10
15938,2010-06-01 09:42:00,2011-08-19 12:56:00,9,734.81,113,3,5,3,Loyal,United Kingdom,2010-06
15939,2010-11-30 12:07:00,2011-09-11 11:30:00,16,9060.39,90,3,5,5,Loyal,United Kingdom,2010-11
15940,2011-02-01 16:18:00,2011-02-01 16:18:00,1,35.8,312,2,1,1,Hibernating,United Kingdom,2011-02
15941,2010-03-12 14:45:00,2010-03-12 14:45:00,1,405.0,638,1,1,2,Hibernating,United Kingdom,2010-03
15942,2011-07-29 09:01:00,2011-07-29 09:01:00,1,337.44,134,3,1,2,Developing,United Kingdom,2011-07
15943,2010-01-31 11:04:00,2010-02-28 12:49:00,2,271.28999999999996,650,1,2,1,Hibernating,United Kingdom,2010-01
15944,2009-12-13 12:57:00,2011-03-08 10:33:00,4,2164.24,277,2,3,4,At risk,United Kingdom,2009-12
15945,2009-12-01 13:47:00,2010-12-09 13:14:00,4,646.27,366,2,3,3,At risk,United Kingdom,2009-12
15946,2010-03-16 10:49:00,2010-07-25 12:18:00,3,2304.18,503,1,3,4,At risk,United Kingdom,2010-03
15947,2011-09-18 10:46:00,2011-09-18 10:46:00,1,1708.24,83,3,1,4,Developing,United Kingdom,2011-09
15948,2010-10-11 12:16:00,2011-12-01 15:32:00,3,1509.0900000000001,9,5,3,4,Loyal,United Kingdom,2010-10
15949,2011-09-29 17:34:00,2011-11-23 09:09:00,2,364.72,17,5,2,2,Recent light buyers,United Kingdom,2011-09
15950,2010-01-26 11:39:00,2011-11-08 11:09:00,10,7180.71,32,4,5,5,Champions,United Kingdom,2010-01
15951,2010-11-23 18:20:00,2011-12-01 08:34:00,3,1013.17,9,5,3,3,Loyal,United Kingdom,2010-11
15952,2011-04-28 12:55:00,2011-11-06 11:18:00,4,806.57,34,4,3,3,Loyal,United Kingdom,2011-04
15953,2009-12-03 14:00:00,2011-11-24 15:32:00,18,3459.71,16,5,5,5,Champions,United Kingdom,2009-12
15954,2010-04-29 13:35:00,2010-04-29 13:35:00,1,190.75,590,1,1,1,Hibernating,United Kingdom,2010-04
15955,2010-02-23 16:36:00,2011-11-15 14:15:00,22,8085.9800000000005,25,4,5,5,Champions,United Kingdom,2010-02
15956,2009-12-13 11:16:00,2010-06-06 13:06:00,2,617.6,552,1,2,3,Hibernating,United Kingdom,2009-12
15957,2010-10-15 12:11:00,2011-11-08 12:14:00,3,930.1,32,4,3,3,Loyal,United Kingdom,2010-10
15958,2010-06-07 10:59:00,2011-09-26 13:41:00,4,492.99,75,3,3,2,Loyal,United Kingdom,2010-06
15959,2010-01-26 16:19:00,2010-01-26 16:38:00,3,579.49,683,1,3,2,At risk,United Kingdom,2010-01
15960,2010-09-30 15:50:00,2010-11-30 15:57:00,4,410.95,375,2,3,2,At risk,United Kingdom,2010-09
15961,2010-11-25 15:59:00,2010-11-25 15:59:00,1,451.28999999999996,380,2,1,2,Hibernating,United Kingdom,2010-11
15962,2010-09-16 13:48:00,2010-09-16 13:48:00,1,295.83,450,1,1,2,Hibernating,United Kingdom,2010-09
15963,2011-10-25 13:05:00,2011-11-20 11:33:00,2,470.76,20,5,2,2,Recent light buyers,United Kingdom,2011-10
15964,2010-02-14 15:30:00,2010-02-14 15:30:00,1,272.96000000000004,664,1,1,1,Hibernating,United Kingdom,2010-02
15965,2009-12-03 11:45:00,2011-11-22 16:44:00,13,2856.9,18,5,5,4,Champions,United Kingdom,2009-12
15966,2010-09-15 10:44:00,2010-09-15 10:44:00,1,426.53000000000003,451,1,1,2,Hibernating,United Kingdom,2010-09
15967,2009-12-01 13:29:00,2011-11-16 15:41:00,12,3041.6,24,4,5,5,Champions,United Kingdom,2009-12
15968,2010-11-16 13:04:00,2010-11-16 13:04:00,1,418.05,389,2,1,2,Hibernating,United Kingdom,2010-11
15969,2010-07-05 13:10:00,2011-12-07 11:06:00,5,1127.05,3,5,4,3,Loyal,United Kingdom,2010-07
15970,2010-04-20 11:30:00,2011-02-09 12:08:00,2,1017.32,304,2,2,3,Hibernating,United Kingdom,2010-04
15971,2009-12-08 09:46:00,2011-11-22 12:50:00,18,5902.83,18,5,5,5,Champions,United Kingdom,2009-12
15972,2010-04-18 14:06:00,2010-09-09 13:20:00,5,1810.27,457,1,4,4,At risk,United Kingdom,2010-04
15973,2010-10-06 15:00:00,2010-12-08 11:42:00,3,680.62,367,2,3,3,At risk,United Kingdom,2010-10
15974,2011-02-24 10:10:00,2011-10-31 13:13:00,7,3442.15,40,4,4,5,Champions,United Kingdom,2011-02
15975,2011-09-16 13:33:00,2011-09-16 13:33:00,1,371.01,85,3,1,2,Developing,United Kingdom,2011-09
15976,2010-06-06 14:01:00,2011-06-27 13:00:00,6,1746.6399999999999,166,3,4,4,Loyal,United Kingdom,2010-06
15977,2011-10-31 16:24:00,2011-11-22 13:29:00,2,1054.73,18,5,2,3,Recent light buyers,United Kingdom,2011-10
15978,2010-03-05 14:39:00,2011-09-23 15:21:00,3,3279.42,78,3,3,5,Loyal,United Kingdom,2010-03
15979,2010-04-16 11:35:00,2010-04-16 11:35:00,1,329.22,603,1,1,2,Hibernating,United Kingdom,2010-04
15980,2010-06-01 14:40:00,2011-09-12 09:41:00,7,6593.68,89,3,4,5,Loyal,United Kingdom,2010-06
15981,2010-03-29 10:07:00,2011-11-15 08:00:00,21,9362.77,25,4,5,5,Champions,United Kingdom,2010-03
15982,2010-04-13 15:47:00,2010-04-13 15:47:00,1,324.51,606,1,1,2,Hibernating,United Kingdom,2010-04
15983,2009-12-06 12:52:00,2011-11-17 17:34:00,8,3135.27,23,4,4,5,Champions,United Kingdom,2009-12
15984,2009-12-01 13:38:00,2011-12-07 12:16:00,30,8636.62,3,5,5,5,Champions,United Kingdom,2009-12
15985,2010-05-27 15:51:00,2011-08-08 16:31:00,7,2715.28,124,3,4,4,Loyal,United Kingdom,2010-05
15986,2010-11-23 10:02:00,2011-11-09 15:17:00,2,354.42,31,4,2,2,Recent light buyers,United Kingdom,2010-11
15987,2010-11-25 12:56:00,2011-11-27 15:38:00,8,1568.65,13,5,4,4,Champions,United Kingdom,2010-11
15988,2010-02-21 11:36:00,2011-11-20 13:23:00,3,770.09,20,5,3,3,Loyal,United Kingdom,2010-02
15989,2009-12-02 15:51:00,2010-11-29 12:03:00,2,372.51,376,2,2,2,Hibernating,United Kingdom,2009-12
15990,2010-02-28 12:30:00,2011-10-26 15:58:00,7,2010.05,45,4,4,4,Champions,United Kingdom,2010-02
15991,2010-06-23 15:50:00,2010-06-23 15:50:00,1,150.55,535,1,1,1,Hibernating,United Kingdom,2010-06
15992,2010-09-12 11:52:00,2011-12-06 11:00:00,3,896.6,4,5,3,3,Loyal,United Kingdom,2010-09
15993,2011-10-26 16:21:00,2011-12-01 10:45:00,7,2797.57,9,5,4,4,Champions,United Kingdom,2011-10
15994,2010-03-14 11:55:00,2011-10-16 12:28:00,3,1202.18,55,4,3,3,Loyal,United Kingdom,2010-03
15995,2010-10-21 13:57:00,2010-10-21 13:57:00,1,696.19,415,1,1,3,Hibernating,United Kingdom,2010-10
15996,2010-11-07 15:49:00,2011-09-12 15:14:00,7,1423.65,89,3,4,4,Loyal,United Kingdom,2010-11
15998,2009-12-01 11:45:00,2011-11-03 12:45:00,16,8308.34,37,4,5,5,Champions,United Kingdom,2009-12
15999,2009-12-04 12:31:00,2009-12-04 12:31:00,1,20.4,736,1,1,1,Hibernating,United Kingdom,2009-12
16000,2011-12-07 12:14:00,2011-12-07 12:17:00,3,12393.7,3,5,3,5,Loyal,United Kingdom,2011-12
16001,2010-11-23 17:10:00,2010-11-23 17:10:00,1,583.39,382,2,1,2,Hibernating,United Kingdom,2010-11
16002,2010-03-24 13:08:00,2010-03-24 13:08:00,1,169.21,626,1,1,1,Hibernating,United Kingdom,2010-03
16003,2009-12-03 18:51:00,2011-11-10 09:57:00,10,5613.83,30,4,5,5,Champions,United Kingdom,2009-12
16004,2010-01-25 13:56:00,2010-08-22 11:48:00,5,2146.39,475,1,4,4,At risk,United Kingdom,2010-01
16005,2010-09-15 13:21:00,2011-11-27 13:47:00,10,2436.22,13,5,5,4,Champions,United Kingdom,2010-09
16006,2010-11-17 12:03:00,2011-05-12 13:12:00,2,347.17,212,2,2,2,Hibernating,United Kingdom,2010-11
16007,2010-06-14 13:18:00,2011-10-23 11:05:00,7,3075.14,48,4,4,5,Champions,United Kingdom,2010-06
16008,2010-03-19 11:07:00,2011-11-16 10:32:00,15,5384.13,24,4,5,5,Champions,United Kingdom,2010-03
16009,2011-07-03 11:26:00,2011-11-17 16:51:00,4,992.71,23,4,3,3,Loyal,United Kingdom,2011-07
16010,2010-10-24 10:54:00,2011-04-08 10:14:00,11,1724.06,246,2,5,4,At risk,United Kingdom,2010-10
16011,2009-12-01 12:02:00,2011-12-01 16:31:00,29,5642.51,9,5,5,5,Champions,United Kingdom,2009-12
16012,2010-06-28 11:39:00,2011-11-04 13:25:00,5,2989.79,36,4,4,5,Champions,United Kingdom,2010-06
16013,2009-12-08 10:24:00,2011-12-06 10:36:00,84,56384.44,4,5,5,5,Champions,United Kingdom,2009-12
16014,2010-01-31 12:43:00,2011-11-02 12:04:00,5,1130.27,38,4,4,3,Loyal,United Kingdom,2010-01
16015,2011-10-21 12:56:00,2011-12-06 10:58:00,3,705.39,4,5,3,3,Loyal,United Kingdom,2011-10
16016,2010-11-02 13:27:00,2011-12-06 14:35:00,11,2151.67,4,5,5,4,Champions,United Kingdom,2010-11
16017,2010-01-05 12:06:00,2011-10-23 12:56:00,5,1553.83,48,4,4,4,Champions,United Kingdom,2010-01
16018,2009-12-07 13:57:00,2011-10-31 14:13:00,4,698.13,40,4,3,3,Loyal,United Kingdom,2009-12
16019,2009-12-14 14:12:00,2011-10-24 11:51:00,27,17465.85,47,4,5,5,Champions,United Kingdom,2009-12
16020,2011-10-05 13:54:00,2011-11-23 11:18:00,3,851.01,17,5,3,3,Loyal,United Kingdom,2011-10
16021,2010-06-13 11:05:00,2010-11-09 14:48:00,2,532.25,396,2,2,2,Hibernating,United Kingdom,2010-06
16022,2011-03-24 13:16:00,2011-03-24 13:16:00,1,628.28,261,2,1,3,Hibernating,United Kingdom,2011-03
16023,2011-03-18 13:32:00,2011-10-24 16:34:00,3,719.81,47,4,3,3,Loyal,United Kingdom,2011-03
16024,2010-10-24 11:40:00,2011-11-27 13:26:00,3,484.2,13,5,3,2,Loyal,United Kingdom,2010-10
16025,2011-11-10 11:45:00,2011-11-10 11:45:00,1,439.65999999999997,30,4,1,2,Recent light buyers,United Kingdom,2011-11
16026,2011-10-27 13:53:00,2011-10-27 13:53:00,1,236.09,44,4,1,1,Recent light buyers,United Kingdom,2011-10
16027,2010-01-08 13:21:00,2011-09-09 10:47:00,15,2048.36,92,3,5,4,Loyal,United Kingdom,2010-01
16028,2010-04-23 11:45:00,2010-04-23 11:45:00,1,82.2,596,1,1,1,Hibernating,United Kingdom,2010-04
16029,2009-12-08 11:23:00,2011-11-01 10:27:00,107,117937.62,39,4,5,5,Champions,United Kingdom,2009-12
16030,2011-02-03 11:28:00,2011-02-03 11:28:00,1,331.24,310,2,1,2,Hibernating,United Kingdom,2011-02
16031,2011-04-06 14:23:00,2011-09-08 13:07:00,2,548.94,93,3,2,2,Developing,United Kingdom,2011-04
16032,2010-07-04 13:31:00,2010-09-09 18:00:00,6,1970.45,457,1,4,4,At risk,United Kingdom,2010-07
16033,2010-08-11 16:44:00,2011-12-04 12:44:00,27,10680.49,6,5,5,5,Champions,United Kingdom,2010-08
16034,2010-10-26 13:00:00,2011-05-27 16:17:00,6,928.72,197,2,4,3,At risk,United Kingdom,2010-10
16035,2010-05-28 15:09:00,2010-05-28 15:09:00,1,217.73,561,1,1,1,Hibernating,United Kingdom,2010-05
16036,2010-03-29 14:47:00,2011-09-13 14:53:00,4,2556.84,88,3,3,4,Loyal,United Kingdom,2010-03
16037,2010-03-01 12:31:00,2011-03-15 09:13:00,5,1509.34,270,2,4,4,At risk,United Kingdom,2010-03
16038,2011-05-22 11:29:00,2011-12-02 12:40:00,3,471.78000000000003,8,5,3,2,Loyal,United Kingdom,2011-05
16039,2010-03-21 15:17:00,2010-10-12 10:44:00,2,456.4,424,1,2,2,Hibernating,United Kingdom,2010-03
16040,2010-04-09 10:12:00,2011-10-05 13:47:00,7,2416.9,66,3,4,4,Loyal,United Kingdom,2010-04
16041,2011-07-21 16:27:00,2011-11-09 12:25:00,3,3166.4,31,4,3,5,Loyal,United Kingdom,2011-07
16042,2010-09-12 12:00:00,2011-11-17 17:50:00,8,2265.12,23,4,4,4,Champions,United Kingdom,2010-09
16043,2010-08-15 11:26:00,2011-11-02 12:50:00,8,1856.5900000000001,38,4,4,4,Champions,United Kingdom,2010-08
16044,2010-09-30 18:12:00,2010-09-30 18:12:00,1,340.84000000000003,436,1,1,2,Hibernating,United Kingdom,2010-09
16045,2010-07-29 12:50:00,2011-08-12 12:41:00,8,3434.9300000000003,120,3,4,5,Loyal,United Kingdom,2010-07
16046,2010-05-26 13:18:00,2010-05-26 13:18:00,1,235.78,563,1,1,1,Hibernating,United Kingdom,2010-05
16047,2010-01-26 16:34:00,2010-01-26 16:34:00,1,107.14,683,1,1,1,Hibernating,EIRE,2010-01
16048,2010-06-08 12:36:00,2010-12-01 15:28:00,4,818.7900000000001,374,2,3,3,At risk,United Kingdom,2010-06
16049,2010-07-11 13:53:00,2011-10-30 13:19:00,6,1899.68,41,4,4,4,Champions,United Kingdom,2010-07
16050,2010-11-03 15:55:00,2011-06-19 11:44:00,3,300.7,174,3,3,2,Loyal,United Kingdom,2010-11
16051,2010-01-27 09:38:00,2010-01-27 09:38:00,1,188.44,682,1,1,1,Hibernating,United Kingdom,2010-01
16052,2011-10-16 15:13:00,2011-10-16 15:13:00,1,362.06,55,4,1,2,Recent light buyers,United Kingdom,2011-10
16053,2010-04-08 11:11:00,2011-11-07 11:21:00,6,3634.84,33,4,4,5,Champions,United Kingdom,2010-04
16054,2010-04-01 18:37:00,2011-07-17 13:08:00,4,2111.88,146,3,3,4,Loyal,United Kingdom,2010-04
16055,2011-05-03 09:26:00,2011-05-03 09:26:00,1,134.8,221,2,1,1,Hibernating,United Kingdom,2011-05
16056,2011-10-25 15:19:00,2011-10-25 15:19:00,1,664.85,46,4,1,3,Recent light buyers,United Kingdom,2011-10
16057,2010-01-07 17:11:00,2011-11-23 15:23:00,10,3854.85,17,5,5,5,Champions,United Kingdom,2010-01
16058,2010-10-29 16:48:00,2010-10-29 16:48:00,1,62.7,407,2,1,1,Hibernating,United Kingdom,2010-10
16059,2010-05-19 13:04:00,2011-10-05 09:56:00,12,3099.52,66,3,5,5,Loyal,United Kingdom,2010-05
16060,2010-08-02 15:26:00,2010-11-04 12:10:00,3,541.95,401,2,3,2,At risk,United Kingdom,2010-08
16061,2010-10-04 15:29:00,2010-10-04 15:29:00,1,89.65,432,1,1,1,Hibernating,United Kingdom,2010-10
16062,2010-06-21 13:32:00,2011-11-30 12:15:00,8,2863.45,10,5,4,4,Champions,United Kingdom,2010-06
16063,2011-03-24 14:55:00,2011-03-24 14:56:00,1,335.32,261,2,1,2,Hibernating,United Kingdom,2011-03
16064,2009-12-14 16:11:00,2009-12-14 16:11:00,1,111.0,726,1,1,1,Hibernating,United Kingdom,2009-12
16065,2010-09-02 13:27:00,2010-12-09 13:03:00,8,2010.53,366,2,4,4,At risk,United Kingdom,2010-09
16066,2011-08-07 14:33:00,2011-11-23 11:54:00,5,1521.87,17,5,4,4,Champions,United Kingdom,2011-08
16067,2010-02-02 18:01:00,2010-05-26 12:33:00,3,3395.29,563,1,3,5,At risk,United Kingdom,2010-02
16068,2010-04-25 11:52:00,2010-04-25 11:52:00,1,122.93,594,1,1,1,Hibernating,United Kingdom,2010-04
16069,2010-10-18 10:32:00,2010-10-18 10:32:00,1,457.7,418,1,1,2,Hibernating,United Kingdom,2010-10
16070,2011-11-07 16:36:00,2011-11-17 15:50:00,2,852.15,23,4,2,3,Recent light buyers,United Kingdom,2011-11
16071,2010-02-22 14:48:00,2011-10-26 11:14:00,4,1076.8,45,4,3,3,Loyal,United Kingdom,2010-02
16072,2010-06-08 16:47:00,2011-02-24 14:32:00,4,4328.89,289,2,3,5,At risk,United Kingdom,2010-06
16073,2011-02-15 15:41:00,2011-02-15 15:41:00,1,122.39999999999999,298,2,1,1,Hibernating,United Kingdom,2011-02
16074,2010-11-14 13:19:00,2010-11-14 13:19:00,1,265.25,391,2,1,1,Hibernating,United Kingdom,2010-11
16075,2010-05-24 15:57:00,2010-07-25 11:31:00,2,736.9300000000001,503,1,2,3,Hibernating,United Kingdom,2010-05
16076,2011-05-15 12:31:00,2011-12-06 14:59:00,10,2234.73,4,5,5,4,Champions,United Kingdom,2011-05
16077,2010-03-24 10:42:00,2010-03-24 10:42:00,1,2300.4,626,1,1,4,Hibernating,United Kingdom,2010-03
16078,2010-02-08 13:29:00,2011-03-01 09:47:00,2,362.99,284,2,2,2,Hibernating,United Kingdom,2010-02
16079,2011-10-30 13:06:00,2011-11-23 12:48:00,3,1352.0,17,5,3,4,Loyal,United Kingdom,2011-10
16080,2010-09-15 14:19:00,2011-09-19 10:42:00,4,602.5600000000001,82,3,3,2,Loyal,United Kingdom,2010-09
16081,2010-02-03 12:46:00,2011-10-14 13:06:00,8,4302.58,57,4,4,5,Champions,United Kingdom,2010-02
16082,2010-02-07 15:16:00,2010-02-07 15:16:00,1,106.75,671,1,1,1,Hibernating,United Kingdom,2010-02
16083,2010-11-16 11:53:00,2011-08-31 10:47:00,4,2351.42,101,3,3,4,Loyal,United Kingdom,2010-11
16084,2011-02-13 16:05:00,2011-02-13 16:05:00,1,436.18,300,2,1,2,Hibernating,United Kingdom,2011-02
16085,2010-01-20 14:03:00,2011-11-16 13:24:00,12,2343.53,24,4,5,4,Champions,United Kingdom,2010-01
16086,2009-12-02 13:20:00,2011-10-11 13:09:00,10,2687.73,60,3,5,4,Loyal,United Kingdom,2009-12
16087,2010-01-19 12:30:00,2010-11-15 16:44:00,5,1739.92,390,2,4,4,At risk,United Kingdom,2010-01
16088,2010-04-27 10:56:00,2010-05-13 10:16:00,2,1437.43,576,1,2,4,Hibernating,United Kingdom,2010-04
16089,2010-07-18 15:51:00,2010-11-18 13:51:00,2,271.44,387,2,2,1,Hibernating,United Kingdom,2010-07
16090,2010-03-25 13:05:00,2010-03-25 13:05:00,1,205.91,625,1,1,1,Hibernating,United Kingdom,2010-03
16091,2011-05-25 09:18:00,2011-07-08 08:45:00,2,315.06,155,3,2,2,Developing,United Kingdom,2011-05
16092,2010-05-09 16:10:00,2011-08-17 10:46:00,6,1587.94,115,3,4,4,Loyal,United Kingdom,2010-05
16093,2011-08-25 11:09:00,2011-08-25 11:09:00,1,17.0,107,3,1,1,Developing,United Kingdom,2011-08
16094,2010-04-16 14:00:00,2011-11-28 12:45:00,11,3695.56,12,5,5,5,Champions,United Kingdom,2010-04
16095,2010-09-09 16:54:00,2010-09-09 16:54:00,1,447.05,457,1,1,2,Hibernating,United Kingdom,2010-09
16096,2010-03-04 15:44:00,2011-03-20 13:38:00,4,1584.97,265,2,3,4,At risk,United Kingdom,2010-03
16097,2011-04-13 13:47:00,2011-04-13 13:47:00,1,185.04999999999998,241,2,1,1,Hibernating,United Kingdom,2011-04
16098,2009-12-15 09:40:00,2011-09-13 09:59:00,14,4017.5,88,3,5,5,Loyal,United Kingdom,2009-12
16099,2010-03-03 11:13:00,2011-10-20 13:13:00,7,1573.2,51,4,4,4,Champions,United Kingdom,2010-03
16100,2010-09-03 11:39:00,2010-09-03 11:39:00,1,582.64,463,1,1,2,Hibernating,United Kingdom,2010-09
16101,2010-05-27 12:50:00,2011-09-30 10:18:00,4,3229.16,71,3,3,5,Loyal,United Kingdom,2010-05
16102,2011-08-03 12:50:00,2011-10-28 13:19:00,3,1842.14,43,4,3,4,Loyal,United Kingdom,2011-08
16103,2010-01-08 12:08:00,2011-12-02 14:16:00,22,6191.71,8,5,5,5,Champions,United Kingdom,2010-01
16104,2009-12-06 10:41:00,2011-10-09 10:23:00,9,2778.61,62,3,5,4,Loyal,United Kingdom,2009-12
16105,2010-04-14 13:27:00,2011-04-05 10:13:00,5,2386.19,249,2,4,4,At risk,United Kingdom,2010-04
16106,2011-10-05 10:37:00,2011-10-05 10:37:00,1,108.38,66,3,1,1,Developing,United Kingdom,2011-10
16107,2011-06-09 18:42:00,2011-11-22 09:40:00,7,3204.1600000000003,18,5,4,5,Champions,United Kingdom,2011-06
16108,2010-03-18 14:14:00,2011-09-16 11:48:00,4,2235.92,85,3,3,4,Loyal,United Kingdom,2010-03
16109,2010-01-10 10:37:00,2011-05-05 09:17:00,3,939.48,219,2,3,3,At risk,United Kingdom,2010-01
16110,2010-07-05 13:04:00,2011-10-25 14:35:00,4,1819.27,46,4,3,4,Loyal,United Kingdom,2010-07
16111,2010-10-07 19:51:00,2010-10-07 19:51:00,1,562.48,429,1,1,2,Hibernating,United Kingdom,2010-10
16112,2011-01-05 11:47:00,2011-07-19 14:28:00,4,195.73999999999998,144,3,3,1,Loyal,United Kingdom,2011-01
16113,2011-06-09 16:16:00,2011-06-09 16:16:00,1,161.38,184,3,1,1,Developing,United Kingdom,2011-06
16114,2011-06-22 10:13:00,2011-06-22 10:13:00,1,135.75000000000003,171,3,1,1,Developing,United Kingdom,2011-06
16115,2010-05-14 11:59:00,2011-11-30 11:32:00,12,2575.14,10,5,5,4,Champions,United Kingdom,2010-05
16116,2011-05-12 12:01:00,2011-05-12 12:01:00,1,612.78,212,2,1,3,Hibernating,United Kingdom,2011-05
16117,2010-04-27 11:50:00,2011-06-03 11:42:00,3,654.4,190,3,3,3,Loyal,United Kingdom,2010-04
16118,2010-02-25 09:40:00,2010-02-25 09:40:00,1,4376.25,653,1,1,5,Hibernating,United Kingdom,2010-02
16119,2009-12-16 11:56:00,2011-12-01 15:11:00,8,1720.81,9,5,4,4,Champions,United Kingdom,2009-12
16120,2010-10-13 15:07:00,2011-10-11 14:22:00,6,3056.91,60,3,4,5,Loyal,United Kingdom,2010-10
16121,2010-05-23 10:52:00,2011-10-13 12:59:00,5,1477.09,58,4,4,4,Champions,United Kingdom,2010-05
16122,2010-10-10 15:26:00,2011-09-27 15:34:00,6,895.62,74,3,4,3,Loyal,United Kingdom,2010-10
16123,2011-10-19 09:18:00,2011-10-19 09:18:00,1,307.78,52,4,1,2,Recent light buyers,United Kingdom,2011-10
16124,2009-12-07 10:33:00,2011-01-26 14:45:00,4,1772.49,318,2,3,4,At risk,United Kingdom,2009-12
16125,2009-12-14 15:38:00,2010-12-07 15:48:00,14,4298.3,368,2,5,5,At risk,United Kingdom,2009-12
16126,2009-12-02 13:34:00,2011-11-10 16:03:00,15,14646.800000000001,30,4,5,5,Champions,United Kingdom,2009-12
16127,2009-12-13 12:19:00,2011-10-31 13:58:00,2,801.31,40,4,2,3,Recent light buyers,United Kingdom,2009-12
16128,2010-07-16 16:30:00,2011-11-22 11:14:00,11,3801.05,18,5,5,5,Champions,United Kingdom,2010-07
16129,2010-07-20 12:32:00,2010-10-28 14:29:00,3,1396.05,408,2,3,4,At risk,United Kingdom,2010-07
16130,2010-04-01 13:58:00,2010-10-13 15:14:00,4,987.48,423,1,3,3,At risk,United Kingdom,2010-04
16131,2009-12-02 10:09:00,2011-10-19 11:53:00,12,9957.42,52,4,5,5,Champions,United Kingdom,2009-12
16132,2010-03-22 10:25:00,2010-06-13 13:49:00,2,664.1999999999999,545,1,2,3,Hibernating,United Kingdom,2010-03
16133,2010-03-31 12:21:00,2011-12-06 11:24:00,56,22992.260000000002,4,5,5,5,Champions,United Kingdom,2010-03
16134,2010-06-17 09:48:00,2011-11-18 10:05:00,5,2145.34,22,4,4,4,Champions,United Kingdom,2010-06
16135,2010-05-05 09:35:00,2011-03-22 12:30:00,2,819.45,263,2,2,3,Hibernating,United Kingdom,2010-05
16136,2010-02-14 12:49:00,2011-10-11 09:10:00,4,946.8,60,3,3,3,Loyal,United Kingdom,2010-02
16137,2010-01-28 15:04:00,2010-01-28 15:04:00,1,422.7,681,1,1,2,Hibernating,United Kingdom,2010-01
16138,2010-04-28 09:51:00,2010-11-26 12:13:00,3,910.35,379,2,3,3,At risk,United Kingdom,2010-04
16139,2009-12-03 13:51:00,2011-11-21 08:37:00,5,1111.15,19,5,4,3,Loyal,United Kingdom,2009-12
16140,2010-09-24 12:03:00,2011-10-05 12:15:00,3,1433.46,66,3,3,4,Loyal,United Kingdom,2010-09
16141,2010-10-18 14:12:00,2011-09-12 13:11:00,2,955.94,89,3,2,3,Developing,United Kingdom,2010-10
16142,2011-04-04 10:16:00,2011-04-04 10:16:00,1,535.34,250,2,1,2,Hibernating,United Kingdom,2011-04
16143,2009-12-10 09:44:00,2011-12-06 14:13:00,12,4555.08,4,5,5,5,Champions,United Kingdom,2009-12
16144,2011-04-07 10:09:00,2011-04-07 10:09:00,1,175.2,247,2,1,1,Hibernating,United Kingdom,2011-04
16145,2010-05-04 13:31:00,2011-12-01 10:33:00,19,6805.4400000000005,9,5,5,5,Champions,United Kingdom,2010-05
16146,2010-09-17 10:46:00,2011-07-05 14:20:00,4,946.38,158,3,3,3,Loyal,United Kingdom,2010-09
16147,2010-02-05 12:26:00,2011-07-29 09:57:00,5,2398.91,134,3,4,4,Loyal,United Kingdom,2010-02
16148,2010-09-29 10:12:00,2011-02-16 14:01:00,2,386.62,297,2,2,2,Hibernating,United Kingdom,2010-09
16149,2010-10-06 15:54:00,2011-12-05 11:29:00,3,422.22,5,5,3,2,Loyal,United Kingdom,2010-10
16150,2009-12-17 15:33:00,2011-10-28 12:39:00,10,4002.17,43,4,5,5,Champions,United Kingdom,2009-12
16152,2011-03-16 09:47:00,2011-03-16 09:47:00,1,1829.04,269,2,1,4,Hibernating,United Kingdom,2011-03
16153,2010-05-26 12:41:00,2011-10-21 10:50:00,11,5133.49,50,4,5,5,Champions,United Kingdom,2010-05
16155,2010-06-18 11:23:00,2010-11-23 12:03:00,5,796.9,382,2,4,3,At risk,United Kingdom,2010-06
16156,2009-12-02 17:06:00,2011-12-01 12:42:00,20,6218.18,9,5,5,5,Champions,United Kingdom,2009-12
16157,2011-09-28 11:48:00,2011-11-24 11:41:00,3,656.69,16,5,3,3,Loyal,United Kingdom,2011-09
16158,2009-12-05 15:00:00,2010-07-05 13:55:00,9,628.32,523,1,5,3,At risk,United Kingdom,2009-12
16159,2009-12-03 11:51:00,2011-03-03 12:27:00,4,1232.79,282,2,3,4,At risk,United Kingdom,2009-12
16160,2011-09-15 10:53:00,2011-10-05 14:19:00,2,1025.44,66,3,2,3,Developing,United Kingdom,2011-09
16161,2010-02-08 11:06:00,2011-12-08 12:10:00,43,12667.6,2,5,5,5,Champions,United Kingdom,2010-02
16162,2011-04-01 15:03:00,2011-04-01 15:03:00,1,37.4,253,2,1,1,Hibernating,United Kingdom,2011-04
16163,2009-12-02 10:00:00,2011-04-21 15:15:00,6,2407.98,233,2,4,4,At risk,United Kingdom,2009-12
16164,2011-10-28 09:12:00,2011-11-22 15:04:00,3,822.48,18,5,3,3,Loyal,United Kingdom,2011-10
16165,2010-07-22 14:17:00,2010-07-22 14:17:00,1,79.9,506,1,1,1,Hibernating,United Kingdom,2010-07
16166,2010-01-17 14:16:00,2010-10-07 15:44:00,2,435.83,429,1,2,2,Hibernating,United Kingdom,2010-01
16167,2009-12-01 10:46:00,2010-10-21 15:33:00,5,1386.1200000000001,415,1,4,4,At risk,United Kingdom,2009-12
16168,2009-12-03 12:38:00,2011-11-29 12:45:00,66,10360.67,11,5,5,5,Champions,United Kingdom,2009-12
16169,2011-09-25 11:33:00,2011-12-01 15:28:00,4,1822.97,9,5,3,4,Loyal,United Kingdom,2011-09
16170,2010-02-18 13:50:00,2011-10-20 08:21:00,20,6869.0,51,4,5,5,Champions,United Kingdom,2010-02
16171,2011-10-11 14:51:00,2011-10-11 14:51:00,1,73.2,60,3,1,1,Developing,United Kingdom,2011-10
16172,2010-07-14 15:34:00,2011-09-05 13:22:00,8,1884.55,96,3,4,4,Loyal,United Kingdom,2010-07
16173,2011-09-02 15:23:00,2011-11-24 10:53:00,6,1418.32,16,5,4,4,Champions,United Kingdom,2011-09
16174,2010-04-15 15:12:00,2011-08-05 13:26:00,7,2246.75,127,3,4,4,Loyal,United Kingdom,2010-04
16175,2010-05-25 12:01:00,2011-09-06 14:32:00,7,1836.44,95,3,4,4,Loyal,United Kingdom,2010-05
16176,2010-03-29 14:52:00,2010-10-14 13:54:00,4,2052.69,422,1,3,4,At risk,United Kingdom,2010-03
16177,2010-03-02 14:03:00,2011-10-20 12:57:00,8,2247.31,51,4,4,4,Champions,United Kingdom,2010-03
16178,2010-11-03 14:46:00,2011-07-24 16:05:00,2,612.6,139,3,2,3,Developing,United Kingdom,2010-11
16179,2011-10-10 09:41:00,2011-10-10 09:41:00,1,215.83,61,3,1,1,Developing,United Kingdom,2011-10
16180,2010-06-23 13:19:00,2011-08-31 16:28:00,13,16249.87,101,3,5,5,Loyal,United Kingdom,2010-06
16181,2011-09-27 13:38:00,2011-09-27 13:38:00,1,305.54,74,3,1,2,Developing,United Kingdom,2011-09
16182,2010-03-09 09:34:00,2011-09-28 13:23:00,9,9971.65,73,3,5,5,Loyal,United Kingdom,2010-03
16183,2010-10-28 14:43:00,2011-10-03 14:59:00,4,1077.81,68,3,3,3,Loyal,United Kingdom,2010-10
16184,2011-05-12 13:33:00,2011-10-06 17:43:00,6,1158.79,65,3,4,3,Loyal,United Kingdom,2011-05
16185,2010-05-24 11:04:00,2011-11-23 09:41:00,3,644.72,17,5,3,3,Loyal,United Kingdom,2010-05
16186,2009-12-09 15:36:00,2011-11-17 12:43:00,26,8718.43,23,4,5,5,Champions,United Kingdom,2009-12
16187,2011-02-28 13:34:00,2011-11-08 09:50:00,15,6911.4400000000005,32,4,5,5,Champions,United Kingdom,2011-02
16188,2010-10-27 11:50:00,2011-10-26 12:19:00,5,1087.66,45,4,4,3,Loyal,United Kingdom,2010-10
16189,2011-09-15 15:21:00,2011-11-24 11:47:00,2,215.48,16,5,2,1,Recent light buyers,United Kingdom,2011-09
16190,2009-12-14 11:59:00,2011-10-30 15:59:00,8,2723.55,41,4,4,4,Champions,United Kingdom,2009-12
16191,2009-12-11 12:24:00,2011-12-07 11:26:00,24,15688.02,3,5,5,5,Champions,United Kingdom,2009-12
16192,2009-12-04 12:28:00,2009-12-04 12:28:00,1,351.3,736,1,1,2,Hibernating,United Kingdom,2009-12
16193,2010-10-25 10:25:00,2011-04-17 11:45:00,2,630.43,237,2,2,3,Hibernating,United Kingdom,2010-10
16194,2010-11-29 13:28:00,2010-11-29 13:28:00,1,308.59999999999997,376,2,1,2,Hibernating,United Kingdom,2010-11
16195,2009-12-16 14:09:00,2009-12-16 14:09:00,1,323.25,724,1,1,2,Hibernating,United Kingdom,2009-12
16196,2010-08-08 11:40:00,2010-08-08 11:40:00,1,93.3,489,1,1,1,Hibernating,United Kingdom,2010-08
16197,2009-12-16 11:44:00,2010-08-27 12:56:00,9,2016.71,470,1,5,4,At risk,United Kingdom,2009-12
16198,2010-09-28 13:59:00,2011-09-25 14:58:00,2,1030.0410000000002,76,3,2,3,Developing,United Kingdom,2010-09
16199,2010-03-18 18:47:00,2010-11-12 12:55:00,7,942.75,393,2,4,3,At risk,United Kingdom,2010-03
16200,2009-12-02 15:04:00,2011-12-05 14:40:00,12,5643.45,5,5,5,5,Champions,United Kingdom,2009-12
16201,2010-10-20 12:00:00,2011-12-06 16:02:00,5,2112.12,4,5,4,4,Champions,United Kingdom,2010-10
16202,2009-12-02 10:48:00,2010-12-14 10:43:00,9,2501.9900000000002,361,2,5,4,At risk,United Kingdom,2009-12
16203,2010-07-23 13:09:00,2011-10-12 12:31:00,6,943.84,59,4,4,3,Loyal,United Kingdom,2010-07
16204,2009-12-08 17:44:00,2011-11-16 13:40:00,3,944.24,24,4,3,3,Loyal,United Kingdom,2009-12
16205,2010-06-15 11:58:00,2011-11-09 09:32:00,7,1830.61,31,4,4,4,Champions,United Kingdom,2010-06
16206,2010-01-24 15:25:00,2011-10-16 10:41:00,13,2602.32,55,4,5,4,Champions,United Kingdom,2010-01
16207,2011-11-14 13:51:00,2011-11-14 13:51:00,1,394.38,26,4,1,2,Recent light buyers,United Kingdom,2011-11
16208,2010-02-24 14:24:00,2011-10-26 11:36:00,10,3440.45,45,4,5,5,Champions,United Kingdom,2010-02
16209,2010-06-11 11:58:00,2011-09-12 11:58:00,9,4146.78,89,3,5,5,Loyal,United Kingdom,2010-06
16210,2009-12-02 12:54:00,2011-12-08 12:36:00,35,33750.97,2,5,5,5,Champions,United Kingdom,2009-12
16211,2010-09-27 15:24:00,2011-09-12 12:11:00,3,1090.59,89,3,3,3,Loyal,United Kingdom,2010-09
16212,2010-02-07 15:26:00,2011-11-20 13:00:00,4,1293.71,20,5,3,4,Loyal,United Kingdom,2010-02
16213,2011-09-22 10:03:00,2011-09-22 10:03:00,1,159.0,79,3,1,1,Developing,United Kingdom,2011-09
16214,2010-09-30 13:57:00,2011-06-22 11:30:00,4,2038.25,171,3,3,4,Loyal,United Kingdom,2010-09
16215,2011-09-20 10:18:00,2011-09-20 10:18:00,1,242.35,81,3,1,1,Developing,United Kingdom,2011-09
16216,2011-03-17 15:34:00,2011-03-17 15:34:00,1,914.9300000000001,268,2,1,3,Hibernating,United Kingdom,2011-03
16217,2011-03-02 15:28:00,2011-04-18 13:31:00,2,304.25,236,2,2,2,Hibernating,United Kingdom,2011-03
16218,2010-05-27 16:09:00,2011-11-10 09:59:00,13,3968.67,30,4,5,5,Champions,United Kingdom,2010-05
16219,2010-07-27 11:44:00,2010-07-27 11:44:00,1,40.8,501,1,1,1,Hibernating,United Kingdom,2010-07
16221,2010-08-10 13:32:00,2011-11-03 11:43:00,9,2068.77,37,4,5,4,Champions,United Kingdom,2010-08
16222,2009-12-18 14:31:00,2011-01-25 13:38:00,2,1345.22,319,2,2,4,Hibernating,United Kingdom,2009-12
16223,2010-11-09 12:07:00,2010-11-30 11:50:00,2,1102.3500000000001,375,2,2,3,Hibernating,United Kingdom,2010-11
16224,2010-11-17 13:14:00,2011-10-13 17:51:00,5,1616.54,58,4,4,4,Champions,United Kingdom,2010-11
16225,2010-02-07 12:41:00,2011-10-26 08:30:00,15,2867.4100000000003,45,4,5,4,Champions,United Kingdom,2010-02
16226,2010-10-22 11:19:00,2011-05-20 14:41:00,5,672.1700000000001,204,2,4,3,At risk,United Kingdom,2010-10
16227,2010-06-22 13:28:00,2011-04-28 13:33:00,3,1027.22,226,2,3,3,At risk,United Kingdom,2010-06
16228,2010-11-04 18:54:00,2010-11-19 14:20:00,3,890.8100000000001,386,2,3,3,At risk,United Kingdom,2010-11
16229,2010-05-24 12:59:00,2011-09-13 17:16:00,6,2867.86,88,3,4,4,Loyal,United Kingdom,2010-05
16230,2011-05-03 15:12:00,2011-06-03 10:06:00,2,542.03,190,3,2,2,Developing,United Kingdom,2011-05
16231,2010-04-21 12:06:00,2010-11-25 15:00:00,4,1078.22,380,2,3,3,At risk,United Kingdom,2010-04
16232,2010-06-07 14:04:00,2011-10-27 12:16:00,7,2712.97,44,4,4,4,Champions,United Kingdom,2010-06
16233,2009-12-02 13:23:00,2011-09-29 17:27:00,9,1818.31,72,3,5,4,Loyal,United Kingdom,2009-12
16234,2010-05-27 10:39:00,2010-08-20 14:33:00,3,333.18,477,1,3,2,At risk,United Kingdom,2010-05
16235,2010-08-26 12:10:00,2011-10-30 10:56:00,9,2053.71,41,4,5,4,Champions,United Kingdom,2010-08
16236,2011-09-22 14:10:00,2011-09-22 14:10:00,1,432.2,79,3,1,2,Developing,United Kingdom,2011-09
16237,2010-09-28 17:02:00,2010-09-28 17:02:00,1,136.65,438,1,1,1,Hibernating,United Kingdom,2010-09
16238,2010-10-13 12:36:00,2010-10-13 12:36:00,1,63.66,423,1,1,1,Hibernating,United Kingdom,2010-10
16239,2010-09-02 19:17:00,2011-10-14 08:29:00,6,1492.2,57,4,4,4,Champions,United Kingdom,2010-09
16240,2011-09-23 13:44:00,2011-11-15 14:30:00,2,3718.8,25,4,2,5,Recent light buyers,United Kingdom,2011-09
16241,2010-10-25 13:40:00,2011-11-30 11:08:00,16,4051.66,10,5,5,5,Champions,United Kingdom,2010-10
16242,2010-03-15 16:02:00,2011-12-01 15:12:00,14,7474.4,9,5,5,5,Champions,United Kingdom,2010-03
16243,2011-10-16 12:09:00,2011-11-06 12:32:00,2,409.1,34,4,2,2,Recent light buyers,United Kingdom,2011-10
16244,2010-12-02 11:41:00,2011-05-12 10:18:00,2,1522.75,212,2,2,4,Hibernating,United Kingdom,2010-12
16245,2011-03-28 09:30:00,2011-11-16 10:14:00,3,1413.66,24,4,3,4,Loyal,United Kingdom,2011-03
16246,2010-02-08 12:32:00,2010-09-06 12:04:00,2,827.25,460,1,2,3,Hibernating,United Kingdom,2010-02
16247,2011-06-22 14:23:00,2011-06-22 14:23:00,1,114.56,171,3,1,1,Developing,United Kingdom,2011-06
16248,2011-10-09 11:32:00,2011-10-09 11:32:00,1,152.94,62,3,1,1,Developing,United Kingdom,2011-10
16249,2011-04-14 13:50:00,2011-10-18 10:07:00,5,1800.07,53,4,4,4,Champions,United Kingdom,2011-04
16250,2010-11-18 10:43:00,2011-03-23 15:07:00,3,565.24,262,2,3,2,At risk,United Kingdom,2010-11
16251,2010-07-15 14:55:00,2010-07-15 14:55:00,1,128.31,513,1,1,1,Hibernating,United Kingdom,2010-07
16252,2010-11-22 11:57:00,2010-11-22 11:57:00,1,295.09000000000003,383,2,1,2,Hibernating,United Kingdom,2010-11
16253,2009-12-08 17:24:00,2011-10-04 09:09:00,7,7310.15,67,3,4,5,Loyal,United Kingdom,2009-12
16254,2010-03-17 15:43:00,2010-11-26 13:22:00,3,985.14,379,2,3,3,At risk,United Kingdom,2010-03
16255,2010-01-24 12:21:00,2011-11-23 12:40:00,15,4532.55,17,5,5,5,Champions,United Kingdom,2010-01
16256,2010-04-21 10:34:00,2011-03-18 12:18:00,3,1629.37,267,2,3,4,At risk,United Kingdom,2010-04
16257,2011-06-16 10:11:00,2011-06-16 10:11:00,1,46.95,177,3,1,1,Developing,United Kingdom,2011-06
16258,2010-03-10 14:19:00,2011-10-25 13:30:00,15,11942.52,46,4,5,5,Champions,United Kingdom,2010-03
16259,2010-04-13 16:57:00,2010-10-25 14:27:00,3,361.94,411,2,3,2,At risk,United Kingdom,2010-04
16260,2011-10-20 09:40:00,2011-10-20 09:40:00,1,1035.45,51,4,1,3,Recent light buyers,United Kingdom,2011-10
16261,2010-09-23 16:40:00,2011-11-22 17:23:00,6,1059.45,18,5,4,3,Loyal,United Kingdom,2010-09
16262,2010-11-26 13:22:00,2010-11-26 13:22:00,1,755.15,379,2,1,3,Hibernating,United Kingdom,2010-11
16263,2010-10-12 14:52:00,2010-10-12 14:52:00,1,351.01,424,1,1,2,Hibernating,United Kingdom,2010-10
16264,2010-09-19 16:14:00,2010-09-27 15:00:00,2,837.53,439,1,2,3,Hibernating,United Kingdom,2010-09
16265,2010-10-28 15:18:00,2011-11-30 16:41:00,12,6935.17,10,5,5,5,Champions,United Kingdom,2010-10
16266,2010-02-04 16:21:00,2011-09-27 12:08:00,14,1757.95,74,3,5,4,Loyal,United Kingdom,2010-02
16267,2010-04-27 14:10:00,2010-04-27 14:10:00,1,186.66,592,1,1,1,Hibernating,United Kingdom,2010-04
16268,2011-09-29 18:30:00,2011-09-29 18:30:00,2,667.65,72,3,2,3,Developing,United Kingdom,2011-09
16269,2010-09-28 11:50:00,2010-09-28 11:50:00,1,717.57,438,1,1,3,Hibernating,United Kingdom,2010-09
16270,2010-12-21 14:26:00,2010-12-21 14:26:00,1,1141.24,354,2,1,3,Hibernating,United Kingdom,2010-12
16271,2010-03-07 12:03:00,2011-12-07 12:45:00,10,3463.02,3,5,5,5,Champions,United Kingdom,2010-03
16272,2011-08-15 10:53:00,2011-08-15 10:54:00,1,411.7,117,3,1,2,Developing,United Kingdom,2011-08
16273,2010-02-21 16:02:00,2010-03-01 13:24:00,2,336.03999999999996,649,1,2,2,Hibernating,United Kingdom,2010-02
16274,2010-12-01 15:35:00,2010-12-01 15:35:00,1,357.95,374,2,1,2,Hibernating,United Kingdom,2010-12
16275,2010-03-08 14:41:00,2011-05-27 12:41:00,3,2151.11,197,2,3,4,At risk,United Kingdom,2010-03
16276,2010-04-11 12:02:00,2011-06-16 09:34:00,3,2629.3900000000003,177,3,3,4,Loyal,United Kingdom,2010-04
16277,2009-12-06 11:27:00,2009-12-06 11:27:00,1,188.69,734,1,1,1,Hibernating,United Kingdom,2009-12
16278,2010-07-28 15:40:00,2011-08-31 17:12:00,3,1117.84,101,3,3,3,Loyal,United Kingdom,2010-07
16279,2010-04-22 14:09:00,2011-11-18 15:00:00,9,5705.08,22,4,5,5,Champions,United Kingdom,2010-04
16280,2009-12-14 15:49:00,2009-12-14 15:49:00,1,238.05,726,1,1,1,Hibernating,United Kingdom,2009-12
16281,2010-01-26 13:41:00,2011-09-28 14:57:00,3,3424.02,73,3,3,5,Loyal,United Kingdom,2010-01
16282,2009-12-21 11:52:00,2011-01-04 11:42:00,3,1307.58,340,2,3,4,At risk,United Kingdom,2009-12
16283,2010-02-28 14:12:00,2011-12-04 12:08:00,8,4403.82,6,5,4,5,Champions,United Kingdom,2010-02
16284,2010-11-11 13:27:00,2011-11-08 16:12:00,3,1029.77,32,4,3,3,Loyal,United Kingdom,2010-11
16285,2010-03-03 16:03:00,2010-03-03 16:03:00,1,176.9,647,1,1,1,Hibernating,United Kingdom,2010-03
16286,2010-03-26 09:58:00,2010-08-19 14:48:00,2,328.95,478,1,2,2,Hibernating,United Kingdom,2010-03
16287,2010-01-19 09:46:00,2011-06-23 09:08:00,5,1006.98,170,3,4,3,Loyal,United Kingdom,2010-01
16288,2010-08-26 14:45:00,2010-08-26 14:45:00,1,129.85,471,1,1,1,Hibernating,United Kingdom,2010-08
16289,2010-09-03 14:02:00,2010-09-03 14:02:00,1,136.31,463,1,1,1,Hibernating,United Kingdom,2010-09
16290,2010-05-23 11:46:00,2010-09-01 11:52:00,4,2069.3,465,1,3,4,At risk,United Kingdom,2010-05
16291,2010-01-26 16:26:00,2010-01-26 16:26:00,1,117.72,683,1,1,1,Hibernating,Portugal,2010-01
16292,2010-04-14 13:29:00,2011-08-10 12:24:00,5,1253.76,122,3,4,4,Loyal,United Kingdom,2010-04
16293,2009-12-11 09:58:00,2011-11-18 09:58:00,15,4279.2,22,4,5,5,Champions,United Kingdom,2009-12
16294,2010-08-20 12:01:00,2010-08-20 12:01:00,1,126.05000000000001,477,1,1,1,Hibernating,United Kingdom,2010-08
16295,2011-10-06 10:45:00,2011-11-30 08:17:00,4,1328.55,10,5,3,4,Loyal,United Kingdom,2011-10
16296,2009-12-18 12:03:00,2010-03-23 13:11:00,4,1313.67,627,1,3,4,At risk,United Kingdom,2009-12
16297,2011-03-16 08:29:00,2011-03-16 08:29:00,1,301.9,269,2,1,2,Hibernating,United Kingdom,2011-03
16298,2010-09-23 15:23:00,2011-11-17 11:59:00,7,1085.7,23,4,4,3,Loyal,United Kingdom,2010-09
16299,2010-08-19 17:46:00,2010-08-19 17:46:00,1,193.65,478,1,1,1,Hibernating,United Kingdom,2010-08
16300,2010-02-02 11:40:00,2010-10-05 13:14:00,3,1392.43,431,1,3,4,At risk,United Kingdom,2010-02
16301,2009-12-03 10:20:00,2009-12-03 10:20:00,1,107.33,737,1,1,1,Hibernating,United Kingdom,2009-12
16302,2011-08-05 09:44:00,2011-08-05 09:44:00,1,233.22,127,3,1,1,Developing,United Kingdom,2011-08
16303,2010-03-18 14:12:00,2011-11-14 10:49:00,7,7928.27,26,4,4,5,Champions,United Kingdom,2010-03
16304,2010-01-14 08:30:00,2010-01-14 08:30:00,1,381.66,695,1,1,2,Hibernating,United Kingdom,2010-01
16305,2011-07-24 12:18:00,2011-07-24 12:18:00,1,361.21999999999997,139,3,1,2,Developing,United Kingdom,2011-07
16306,2010-10-01 09:36:00,2011-05-10 12:12:00,7,1124.72,214,2,4,3,At risk,United Kingdom,2010-10
16307,2010-05-11 14:40:00,2010-10-06 14:31:00,3,1194.92,430,1,3,3,At risk,United Kingdom,2010-05
16308,2009-12-15 15:48:00,2011-11-02 11:24:00,7,5120.0,38,4,4,5,Champions,United Kingdom,2009-12
16309,2011-04-13 11:46:00,2011-08-25 15:35:00,2,706.57,107,3,2,3,Developing,United Kingdom,2011-04
16310,2010-03-07 15:41:00,2010-10-21 14:47:00,2,460.08,415,1,2,2,Hibernating,United Kingdom,2010-03
16311,2011-10-21 13:13:00,2011-11-22 08:54:00,2,616.26,18,5,2,3,Recent light buyers,United Kingdom,2011-10
16312,2010-10-03 14:15:00,2010-10-03 14:15:00,1,171.15,433,1,1,1,Hibernating,United Kingdom,2010-10
16313,2011-10-21 09:04:00,2011-12-06 13:02:00,2,274.15000000000003,4,5,2,1,Recent light buyers,United Kingdom,2011-10
16314,2010-08-24 11:52:00,2010-11-15 12:06:00,3,1491.4,390,2,3,4,At risk,United Kingdom,2010-08
16315,2010-06-21 13:53:00,2011-01-13 11:57:00,2,402.71,331,2,2,2,Hibernating,United Kingdom,2010-06
16316,2010-08-03 14:38:00,2011-10-06 13:48:00,13,5744.91,65,3,5,5,Loyal,United Kingdom,2010-08
16317,2010-05-04 10:17:00,2011-08-12 12:46:00,5,2192.51,120,3,4,4,Loyal,United Kingdom,2010-05
16318,2011-11-04 13:05:00,2011-11-04 13:05:00,1,328.15,36,4,1,2,Recent light buyers,United Kingdom,2011-11
16319,2011-05-06 11:27:00,2011-05-06 11:27:00,1,404.40000000000003,218,2,1,2,Hibernating,United Kingdom,2011-05
16320,2010-01-27 13:29:00,2011-06-20 15:25:00,6,5628.99,173,3,4,5,Loyal,Unspecified,2010-01
16321,2009-12-01 10:36:00,2011-09-28 14:55:00,7,604.5500000000001,73,3,4,2,Loyal,Australia,2009-12
16322,2011-11-03 14:33:00,2011-12-08 15:41:00,2,326.75,2,5,2,2,Recent light buyers,United Kingdom,2011-11
16323,2010-05-11 09:48:00,2011-05-27 14:48:00,2,353.66,197,2,2,2,Hibernating,United Kingdom,2010-05
16324,2011-06-15 14:26:00,2011-08-03 12:58:00,3,428.68,129,3,3,2,Loyal,United Kingdom,2011-06
16325,2009-12-04 13:21:00,2011-10-24 08:48:00,12,3597.5,47,4,5,5,Champions,United Kingdom,2009-12
16326,2010-01-28 13:23:00,2011-12-04 10:11:00,24,4826.99,6,5,5,5,Champions,United Kingdom,2010-01
16327,2009-12-14 13:06:00,2011-11-25 13:23:00,16,10195.74,15,5,5,5,Champions,United Kingdom,2009-12
16328,2010-05-25 14:02:00,2010-05-25 14:02:00,1,310.83,564,1,1,2,Hibernating,United Kingdom,2010-05
16329,2009-12-01 11:34:00,2010-10-08 12:44:00,4,1703.07,428,1,3,4,At risk,United Kingdom,2009-12
16330,2010-02-15 12:36:00,2011-11-22 12:24:00,7,634.33,18,5,4,3,Loyal,United Kingdom,2010-02
16331,2010-03-07 10:55:00,2010-10-03 13:47:00,6,2037.7,433,1,4,4,At risk,United Kingdom,2010-03
16332,2010-04-29 13:41:00,2011-11-11 14:22:00,11,2010.41,29,4,5,4,Champions,United Kingdom,2010-04
16333,2011-02-03 10:50:00,2011-12-02 12:19:00,22,26626.8,8,5,5,5,Champions,United Kingdom,2011-02
16334,2010-08-04 16:38:00,2010-08-04 16:38:00,1,277.48,493,1,1,1,Hibernating,United Kingdom,2010-08
16335,2009-12-04 10:18:00,2010-06-06 11:35:00,7,2774.0,552,1,4,4,At risk,United Kingdom,2009-12
16336,2010-03-18 08:05:00,2010-10-15 12:32:00,4,3517.69,421,1,3,5,At risk,United Kingdom,2010-03
16337,2011-11-03 10:03:00,2011-11-03 10:03:00,1,151.05,37,4,1,1,Recent light buyers,United Kingdom,2011-11
16338,2011-07-05 13:56:00,2011-07-05 13:56:00,1,214.79999999999998,158,3,1,1,Developing,United Kingdom,2011-07
16339,2011-02-28 13:41:00,2011-02-28 13:41:00,1,109.95,285,2,1,1,Hibernating,United Kingdom,2011-02
16340,2010-06-06 13:26:00,2011-08-24 14:53:00,3,1526.06,108,3,3,4,Loyal,United Kingdom,2010-06
16341,2010-04-09 10:30:00,2011-11-15 09:12:00,7,3850.79,25,4,4,5,Champions,United Kingdom,2010-04
16342,2011-06-13 10:10:00,2011-09-25 14:36:00,4,322.41,76,3,3,2,Loyal,United Kingdom,2011-06
16343,2010-10-28 14:15:00,2011-11-23 17:45:00,3,687.0699999999999,17,5,3,3,Loyal,United Kingdom,2010-10
16344,2010-02-09 12:16:00,2011-07-04 15:50:00,4,842.42,159,3,3,3,Loyal,United Kingdom,2010-02
16345,2010-08-13 17:13:00,2011-10-26 16:03:00,2,1198.74,45,4,2,3,Recent light buyers,United Kingdom,2010-08
16346,2010-11-19 15:55:00,2010-11-19 15:55:00,1,224.51,386,2,1,1,Hibernating,United Kingdom,2010-11
16347,2010-03-12 12:41:00,2011-11-28 13:14:00,11,3509.41,12,5,5,5,Champions,United Kingdom,2010-03
16348,2010-10-05 13:57:00,2011-11-07 15:44:00,8,1798.22,33,4,4,4,Champions,United Kingdom,2010-10
16349,2011-02-22 12:40:00,2011-02-22 12:40:00,1,53.5,291,2,1,1,Hibernating,United Kingdom,2011-02
16350,2010-10-07 16:33:00,2011-11-18 15:53:00,9,2253.89,22,4,5,4,Champions,United Kingdom,2010-10
16351,2009-12-04 16:12:00,2011-01-11 10:26:00,13,3330.0299999999997,333,2,5,5,At risk,United Kingdom,2009-12
16352,2011-11-02 08:44:00,2011-11-22 10:32:00,2,494.44,18,5,2,2,Recent light buyers,United Kingdom,2011-11
16353,2009-12-07 13:55:00,2011-12-06 12:23:00,38,9795.460000000001,4,5,5,5,Champions,United Kingdom,2009-12
16354,2010-04-27 13:33:00,2011-10-07 14:28:00,5,1129.51,64,3,4,3,Loyal,United Kingdom,2010-04
16355,2010-11-29 14:21:00,2010-11-29 14:21:00,1,416.35,376,2,1,2,Hibernating,United Kingdom,2010-11
16356,2010-06-06 11:26:00,2011-05-26 11:51:00,6,415.87,198,2,4,2,At risk,United Kingdom,2010-06
16357,2010-11-23 18:52:00,2011-11-06 16:04:00,4,868.37,34,4,3,3,Loyal,United Kingdom,2010-11
16358,2010-11-10 11:36:00,2011-12-08 15:09:00,5,2919.65,2,5,4,5,Champions,United Kingdom,2010-11
16359,2010-02-16 10:39:00,2011-12-02 17:04:00,16,2697.75,8,5,5,4,Champions,United Kingdom,2010-02
16360,2011-09-12 13:50:00,2011-12-05 12:16:00,6,3512.53,5,5,4,5,Champions,United Kingdom,2011-09
16361,2011-09-29 13:13:00,2011-11-30 12:32:00,4,896.66,10,5,3,3,Loyal,United Kingdom,2011-09
16362,2010-09-28 09:24:00,2011-11-07 13:01:00,6,946.94,33,4,4,3,Loyal,United Kingdom,2010-09
16363,2011-10-17 14:14:00,2011-10-17 14:14:00,1,109.36000000000001,54,4,1,1,Recent light buyers,United Kingdom,2011-10
16364,2011-07-25 14:35:00,2011-11-28 11:27:00,2,707.04,12,5,2,3,Recent light buyers,United Kingdom,2011-07
16365,2009-12-11 12:41:00,2011-11-22 11:24:00,15,3167.34,18,5,5,5,Champions,United Kingdom,2009-12
16366,2009-12-16 10:39:00,2011-11-21 08:19:00,4,1548.1299999999999,19,5,3,4,Loyal,United Kingdom,2009-12
16367,2010-11-21 13:23:00,2011-11-02 13:13:00,3,1362.4,38,4,3,4,Loyal,United Kingdom,2010-11
16368,2010-09-30 11:30:00,2011-12-07 13:12:00,3,640.21,3,5,3,3,Loyal,United Kingdom,2010-09
16369,2010-04-07 16:52:00,2011-11-21 16:25:00,7,2664.81,19,5,4,4,Champions,United Kingdom,2010-04
16370,2011-04-28 16:40:00,2011-09-18 15:55:00,4,1320.56,83,3,3,4,Loyal,United Kingdom,2011-04
16371,2010-09-17 12:09:00,2010-09-17 12:09:00,1,157.2,449,1,1,1,Hibernating,United Kingdom,2010-09
16372,2010-04-11 15:20:00,2011-11-06 13:08:00,5,1328.61,34,4,4,4,Champions,United Kingdom,2010-04
16373,2010-10-24 13:10:00,2010-11-22 15:50:00,2,309.49,383,2,2,2,Hibernating,United Kingdom,2010-10
16374,2010-04-30 13:10:00,2011-10-04 15:21:00,5,1771.45,67,3,4,4,Loyal,United Kingdom,2010-04
16375,2010-08-26 14:12:00,2010-08-26 14:25:00,2,104.0,471,1,2,1,Hibernating,United Kingdom,2010-08
16376,2011-11-22 16:47:00,2011-12-01 11:38:00,2,987.01,9,5,2,3,Recent light buyers,United Kingdom,2011-11
16377,2010-04-01 10:36:00,2011-03-17 15:41:00,2,1308.48,268,2,2,4,Hibernating,United Kingdom,2010-04
16378,2011-02-02 12:42:00,2011-04-06 15:07:00,3,362.95,248,2,3,2,At risk,United Kingdom,2011-02
16379,2011-09-22 09:33:00,2011-12-05 15:38:00,4,2157.4,5,5,3,4,Loyal,United Kingdom,2011-09
16380,2011-10-09 15:40:00,2011-10-09 15:40:00,1,1780.59,62,3,1,4,Developing,United Kingdom,2011-10
16381,2010-10-17 13:06:00,2010-11-09 09:56:00,2,258.7,396,2,2,1,Hibernating,United Kingdom,2010-10
16382,2010-06-07 12:42:00,2010-10-27 16:23:00,2,353.1,409,2,2,2,Hibernating,United Kingdom,2010-06
16383,2010-02-04 13:18:00,2011-09-26 12:45:00,7,2974.84,75,3,4,5,Loyal,United Kingdom,2010-02
16384,2010-04-28 14:01:00,2011-09-11 11:19:00,4,1358.95,90,3,3,4,Loyal,United Kingdom,2010-04
16385,2010-03-18 12:45:00,2011-10-10 13:12:00,5,882.38,61,3,4,3,Loyal,United Kingdom,2010-03
16386,2010-11-17 11:19:00,2011-11-11 12:28:00,3,1102.59,29,4,3,3,Loyal,United Kingdom,2010-11
16387,2010-03-11 12:22:00,2011-01-21 11:34:00,5,918.55,323,2,4,3,At risk,United Kingdom,2010-03
16388,2010-02-24 10:20:00,2010-02-24 10:20:00,1,186.05,654,1,1,1,Hibernating,United Kingdom,2010-02
16389,2011-03-01 15:47:00,2011-10-17 14:41:00,4,1382.07,54,4,3,4,Loyal,United Kingdom,2011-03
16390,2010-01-29 15:25:00,2010-06-21 10:11:00,3,467.5,537,1,3,2,At risk,United Kingdom,2010-01
16391,2010-05-27 11:27:00,2010-11-04 12:27:00,4,1103.61,401,2,3,3,At risk,United Kingdom,2010-05
16392,2010-05-27 11:17:00,2011-03-15 12:11:00,3,763.05,270,2,3,3,At risk,United Kingdom,2010-05
16393,2009-12-01 12:13:00,2011-12-07 12:51:00,23,5376.86,3,5,5,5,Champions,United Kingdom,2009-12
16394,2011-02-23 10:58:00,2011-10-14 09:48:00,5,1555.34,57,4,4,4,Champions,United Kingdom,2011-02
16395,2009-12-06 12:26:00,2011-10-10 12:50:00,14,3537.85,61,3,5,5,Loyal,United Kingdom,2009-12
16396,2010-08-20 14:17:00,2010-08-20 14:17:00,1,137.8,477,1,1,1,Hibernating,United Kingdom,2010-08
16397,2010-03-21 15:36:00,2010-03-21 15:36:00,1,127.88,629,1,1,1,Hibernating,United Kingdom,2010-03
16398,2011-03-31 09:38:00,2011-07-08 15:16:00,2,1705.8,155,3,2,4,Developing,United Kingdom,2011-03
16399,2010-11-15 15:03:00,2011-11-20 16:12:00,3,641.82,20,5,3,3,Loyal,United Kingdom,2010-11
16400,2009-12-08 12:38:00,2011-09-06 12:27:00,9,3159.44,95,3,5,5,Loyal,United Kingdom,2009-12
16401,2010-06-02 13:13:00,2011-12-08 18:15:00,23,6849.15,2,5,5,5,Champions,United Kingdom,2010-06
16402,2010-12-05 13:42:00,2011-03-20 12:25:00,2,299.6,265,2,2,2,Hibernating,United Kingdom,2010-12
16403,2011-01-31 13:39:00,2011-01-31 13:39:00,1,177.5,313,2,1,1,Hibernating,United Kingdom,2011-01
16404,2011-09-30 14:55:00,2011-09-30 14:55:00,1,443.05,71,3,1,2,Developing,United Kingdom,2011-09
16405,2011-02-02 17:08:00,2011-02-10 15:24:00,2,167.25,303,2,2,1,Hibernating,United Kingdom,2011-02
16406,2010-02-24 11:51:00,2011-11-21 11:57:00,3,552.68,19,5,3,2,Loyal,United Kingdom,2010-02
16407,2010-10-03 13:56:00,2011-11-27 11:05:00,14,2821.65,13,5,5,4,Champions,United Kingdom,2010-10
16408,2010-04-27 14:08:00,2010-04-27 14:08:00,1,231.93,592,1,1,1,Hibernating,United Kingdom,2010-04
16409,2009-12-13 15:38:00,2011-11-03 16:45:00,12,5709.04,37,4,5,5,Champions,United Kingdom,2009-12
16410,2009-12-05 14:51:00,2009-12-05 14:51:00,1,130.32,735,1,1,1,Hibernating,United Kingdom,2009-12
16411,2010-10-07 15:09:00,2011-11-20 13:23:00,4,778.6899999999999,20,5,3,3,Loyal,United Kingdom,2010-10
16412,2010-02-04 13:46:00,2011-10-17 12:35:00,5,647.23,54,4,4,3,Loyal,United Kingdom,2010-02
16413,2010-11-29 12:49:00,2011-10-14 12:08:00,2,528.98,57,4,2,2,Recent light buyers,United Kingdom,2010-11
16414,2010-01-14 10:21:00,2011-11-18 09:42:00,5,559.71,22,4,4,2,Loyal,United Kingdom,2010-01
16415,2010-02-01 12:30:00,2011-10-26 13:35:00,3,719.44,45,4,3,3,Loyal,United Kingdom,2010-02
16416,2010-02-23 12:00:00,2011-11-13 12:50:00,9,2972.88,27,4,5,5,Champions,United Kingdom,2010-02
16417,2010-08-04 09:08:00,2010-08-04 09:08:00,1,35.7,493,1,1,1,Hibernating,United Kingdom,2010-08
16418,2010-10-13 12:31:00,2011-10-26 12:39:00,5,1101.94,45,4,4,3,Loyal,United Kingdom,2010-10
16419,2010-02-09 13:26:00,2011-08-19 12:33:00,8,1487.42,113,3,4,4,Loyal,United Kingdom,2010-02
16420,2010-11-08 15:15:00,2010-11-08 15:15:00,1,75.0,397,2,1,1,Hibernating,United Kingdom,2010-11
16421,2010-08-27 12:02:00,2010-11-28 13:31:00,3,526.27,377,2,3,2,At risk,United Kingdom,2010-08
16422,2010-01-12 11:57:00,2011-11-22 14:00:00,109,61983.270000000004,18,5,5,5,Champions,United Kingdom,2010-01
16423,2011-11-15 09:21:00,2011-11-15 09:21:00,1,346.12,25,4,1,2,Recent light buyers,United Kingdom,2011-11
16424,2010-11-22 11:24:00,2011-06-01 13:40:00,2,443.06,192,2,2,2,Hibernating,United Kingdom,2010-11
16425,2011-02-10 14:30:00,2011-02-10 14:30:00,1,302.7,303,2,1,2,Hibernating,United Kingdom,2011-02
16426,2011-03-08 15:45:00,2011-12-07 14:01:00,10,1908.25,3,5,5,4,Champions,United Kingdom,2011-03
16427,2011-02-28 15:18:00,2011-03-21 17:10:00,2,241.06,264,2,2,1,Hibernating,United Kingdom,2011-02
16428,2010-07-30 12:10:00,2010-10-22 12:22:00,3,660.28,414,1,3,3,At risk,United Kingdom,2010-07
16429,2011-08-25 13:54:00,2011-08-25 13:54:00,1,284.55,107,3,1,1,Developing,United Kingdom,2011-08
16430,2010-01-27 12:45:00,2011-10-13 14:47:00,7,1117.94,58,4,4,3,Loyal,United Kingdom,2010-01
16431,2011-02-15 14:02:00,2011-05-10 14:09:00,3,642.81,214,2,3,3,At risk,United Kingdom,2011-02
16432,2011-10-06 13:59:00,2011-10-06 13:59:00,1,287.4,65,3,1,2,Developing,United Kingdom,2011-10
16433,2010-10-27 12:26:00,2011-11-11 14:09:00,2,384.52,29,4,2,2,Recent light buyers,United Kingdom,2010-10
16434,2010-01-17 14:51:00,2011-11-10 14:28:00,12,2741.74,30,4,5,4,Champions,United Kingdom,2010-01
16435,2010-07-13 13:29:00,2010-07-15 18:22:00,3,1011.5699999999999,513,1,3,3,At risk,United Kingdom,2010-07
16436,2009-12-06 16:02:00,2010-02-09 13:19:00,3,329.34,669,1,3,2,At risk,United Kingdom,2009-12
16437,2010-10-06 12:34:00,2010-11-23 16:59:00,2,301.25,382,2,2,2,Hibernating,United Kingdom,2010-10
16438,2011-09-18 13:31:00,2011-12-04 10:51:00,5,798.35,6,5,4,3,Loyal,United Kingdom,2011-09
16439,2009-12-17 14:22:00,2009-12-17 14:22:00,1,310.70000000000005,723,1,1,2,Hibernating,United Kingdom,2009-12
16440,2010-08-03 11:32:00,2011-12-02 12:02:00,6,3856.9700000000003,8,5,4,5,Champions,United Kingdom,2010-08
16441,2010-03-22 18:00:00,2011-10-03 17:48:00,5,1034.43,68,3,4,3,Loyal,United Kingdom,2010-03
16442,2009-12-13 11:05:00,2011-12-08 11:43:00,5,899.47,2,5,4,3,Loyal,United Kingdom,2009-12
16443,2010-07-07 11:57:00,2010-07-07 11:57:00,1,162.24,521,1,1,1,Hibernating,United Kingdom,2010-07
16444,2010-03-24 14:06:00,2011-10-24 13:50:00,17,3656.58,47,4,5,5,Champions,United Kingdom,2010-03
16445,2010-10-24 12:39:00,2011-11-06 12:32:00,4,602.73,34,4,3,2,Loyal,United Kingdom,2010-10
16446,2011-05-18 09:52:00,2011-12-09 09:15:00,2,168472.5,1,5,2,5,Recent light buyers,United Kingdom,2011-05
16447,2010-02-17 14:09:00,2011-07-27 12:45:00,3,775.14,136,3,3,3,Loyal,United Kingdom,2010-02
16448,2010-08-25 16:58:00,2011-05-25 16:28:00,2,367.87,199,2,2,2,Hibernating,United Kingdom,2010-08
16449,2011-03-04 12:15:00,2011-05-26 10:25:00,2,707.69,198,2,2,3,Hibernating,United Kingdom,2011-03
16450,2010-02-21 15:46:00,2011-07-13 11:47:00,3,1505.73,150,3,3,4,Loyal,United Kingdom,2010-02
16451,2009-12-04 15:11:00,2011-09-13 09:17:00,3,1013.15,88,3,3,3,Loyal,United Kingdom,2009-12
16452,2010-01-15 12:22:00,2010-03-19 12:39:00,2,332.17,631,1,2,2,Hibernating,United Kingdom,2010-01
16453,2010-06-09 13:15:00,2010-06-27 12:46:00,2,251.71,531,1,2,1,Hibernating,United Kingdom,2010-06
16454,2010-04-07 15:54:00,2011-10-26 11:40:00,4,30.950000000000003,45,4,3,1,Loyal,United Kingdom,2010-04
16455,2010-03-30 10:31:00,2011-10-07 12:17:00,11,4003.07,64,3,5,5,Loyal,United Kingdom,2010-03
16456,2010-03-29 11:16:00,2011-09-01 13:50:00,13,6075.51,100,3,5,5,Loyal,United Kingdom,2010-03
16457,2011-05-05 13:19:00,2011-05-05 13:19:00,1,208.36,219,2,1,1,Hibernating,United Kingdom,2011-05
16458,2010-05-26 14:38:00,2011-12-07 09:34:00,30,5715.34,3,5,5,5,Champions,United Kingdom,2010-05
16459,2009-12-10 12:42:00,2009-12-10 12:42:00,1,71.78999999999999,730,1,1,1,Hibernating,United Kingdom,2009-12
16460,2011-09-19 10:15:00,2011-11-11 13:46:00,3,814.72,29,4,3,3,Loyal,United Kingdom,2011-09
16461,2010-03-03 13:57:00,2011-06-15 12:07:00,3,1615.22,178,3,3,4,Loyal,United Kingdom,2010-03
16462,2011-03-01 08:58:00,2011-09-27 10:24:00,3,136.0,74,3,3,1,Loyal,United Kingdom,2011-03
16463,2011-05-19 14:45:00,2011-11-18 14:01:00,4,1422.4,22,4,3,4,Loyal,United Kingdom,2011-05
16464,2011-07-20 13:53:00,2011-11-20 12:11:00,3,1314.68,20,5,3,4,Loyal,United Kingdom,2011-07
16465,2010-09-21 10:46:00,2010-10-15 09:27:00,2,746.24,421,1,2,3,Hibernating,United Kingdom,2010-09
16466,2010-03-07 14:31:00,2011-11-06 11:35:00,15,3838.59,34,4,5,5,Champions,United Kingdom,2010-03
16467,2009-12-02 11:59:00,2010-07-19 11:49:00,7,2869.16,509,1,4,4,At risk,United Kingdom,2009-12
16468,2010-08-15 13:10:00,2011-09-26 14:13:00,3,787.52,75,3,3,3,Loyal,United Kingdom,2010-08
16469,2010-07-13 13:17:00,2011-11-16 12:25:00,5,828.91,24,4,4,3,Loyal,United Kingdom,2010-07
16470,2009-12-11 12:21:00,2011-10-19 12:11:00,11,2458.6,52,4,5,4,Champions,United Kingdom,2009-12
16471,2010-02-25 10:07:00,2011-03-10 09:41:00,4,1189.98,275,2,3,3,At risk,United Kingdom,2010-02
16472,2010-04-21 11:48:00,2010-10-01 13:56:00,2,789.6,435,1,2,3,Hibernating,United Kingdom,2010-04
16473,2010-11-30 16:29:00,2011-06-28 09:10:00,4,470.83,165,3,3,2,Loyal,United Kingdom,2010-11
16474,2011-07-17 14:51:00,2011-12-02 13:02:00,7,1871.5,8,5,4,4,Champions,United Kingdom,2011-07
16475,2011-03-11 09:39:00,2011-09-12 14:37:00,4,544.3,89,3,3,2,Loyal,United Kingdom,2011-03
16476,2010-10-04 10:29:00,2010-10-04 10:29:00,1,350.35,432,1,1,2,Hibernating,United Kingdom,2010-10
16477,2010-08-12 09:43:00,2011-10-07 09:44:00,11,4094.37,64,3,5,5,Loyal,United Kingdom,2010-08
16478,2011-10-05 12:02:00,2011-11-14 15:51:00,3,331.0,26,4,3,2,Loyal,United Kingdom,2011-10
16479,2011-11-29 13:04:00,2011-11-29 13:40:00,2,300.83,11,5,2,2,Recent light buyers,United Kingdom,2011-11
16480,2011-09-25 11:40:00,2011-09-25 11:40:00,1,769.29,76,3,1,3,Developing,United Kingdom,2011-09
16481,2010-01-26 13:09:00,2010-01-26 13:09:00,1,453.38,683,1,1,2,Hibernating,United Kingdom,2010-01
16482,2011-11-24 12:33:00,2011-11-24 12:33:00,1,220.62,16,5,1,1,Recent light buyers,United Kingdom,2011-11
16483,2011-05-31 13:08:00,2011-05-31 13:08:00,1,139.35,193,2,1,1,Hibernating,United Kingdom,2011-05
16484,2011-06-02 10:39:00,2011-06-19 12:06:00,2,404.3,174,3,2,2,Developing,United Kingdom,2011-06
16485,2009-12-06 12:28:00,2011-09-23 15:50:00,5,2294.68,78,3,4,4,Loyal,United Kingdom,2009-12
16486,2010-06-20 12:16:00,2010-06-20 12:16:00,1,134.36,538,1,1,1,Hibernating,United Kingdom,2010-06
16487,2010-02-18 17:36:00,2010-05-11 13:38:00,2,209.4,578,1,2,1,Hibernating,United Kingdom,2010-02
16488,2011-07-14 11:46:00,2011-11-06 13:42:00,3,498.8,34,4,3,2,Loyal,United Kingdom,2011-07
16489,2010-09-29 15:02:00,2010-11-24 14:40:00,2,303.7,381,2,2,2,Hibernating,United Kingdom,2010-09
16490,2010-09-29 16:30:00,2010-09-29 16:30:00,1,205.41000000000003,437,1,1,1,Hibernating,United Kingdom,2010-09
16491,2010-10-22 15:42:00,2011-10-24 10:18:00,2,1533.16,47,4,2,4,Recent light buyers,United Kingdom,2010-10
16492,2010-06-17 08:20:00,2010-06-17 08:20:00,1,385.56,541,1,1,2,Hibernating,United Kingdom,2010-06
16493,2010-03-26 13:05:00,2011-09-21 11:10:00,7,2132.09,80,3,4,4,Loyal,United Kingdom,2010-03
16494,2011-02-16 12:49:00,2011-02-16 12:49:00,1,826.53,297,2,1,3,Hibernating,United Kingdom,2011-02
16495,2011-03-08 16:38:00,2011-12-06 13:20:00,3,684.41,4,5,3,3,Loyal,United Kingdom,2011-03
16496,2010-07-18 13:42:00,2011-12-01 10:31:00,6,2330.77,9,5,4,4,Champions,United Kingdom,2010-07
16497,2009-12-03 14:11:00,2011-10-21 10:55:00,23,6695.28,50,4,5,5,Champions,United Kingdom,2009-12
16498,2011-06-30 19:52:00,2011-07-01 15:07:00,2,100.97,162,3,2,1,Developing,United Kingdom,2011-06
16499,2010-06-11 12:22:00,2010-12-14 13:31:00,8,2578.34,361,2,4,4,At risk,United Kingdom,2010-06
16500,2010-06-14 14:54:00,2011-12-05 12:04:00,9,843.9100000000001,5,5,5,3,Loyal,United Kingdom,2010-06
16501,2010-11-21 14:10:00,2010-11-21 14:10:00,1,1237.23,384,2,1,4,Hibernating,United Kingdom,2010-11
16502,2010-03-29 13:39:00,2010-03-29 13:44:00,2,266.5,621,1,2,1,Hibernating,United Kingdom,2010-03
16503,2010-06-21 14:07:00,2011-08-25 11:46:00,11,3614.34,107,3,5,5,Loyal,United Kingdom,2010-06
16504,2011-11-14 15:18:00,2011-11-14 15:18:00,1,484.38,26,4,1,2,Recent light buyers,United Kingdom,2011-11
16505,2011-11-08 12:14:00,2011-11-08 12:14:00,1,777.6,32,4,1,3,Recent light buyers,United Kingdom,2011-11
16506,2011-10-30 15:50:00,2011-11-20 12:17:00,2,90.30000000000001,20,5,2,1,Recent light buyers,United Kingdom,2011-10
16507,2010-05-16 12:56:00,2010-05-16 12:56:00,1,152.76,573,1,1,1,Hibernating,United Kingdom,2010-05
16508,2010-03-19 13:41:00,2010-03-19 13:41:00,1,248.8,631,1,1,1,Hibernating,United Kingdom,2010-03
16509,2011-02-16 09:25:00,2011-02-16 09:25:00,1,363.7,297,2,1,2,Hibernating,United Kingdom,2011-02
16510,2010-01-17 12:30:00,2010-12-02 13:39:00,6,1851.8999999999999,373,2,4,4,At risk,United Kingdom,2010-01
16511,2010-03-01 12:21:00,2011-11-18 10:41:00,6,1819.02,22,4,4,4,Champions,United Kingdom,2010-03
16513,2011-10-27 14:56:00,2011-12-05 10:18:00,4,874.59,5,5,3,3,Loyal,United Kingdom,2011-10
16515,2010-06-17 12:17:00,2011-10-18 13:10:00,10,3216.3,53,4,5,5,Champions,United Kingdom,2010-06
16516,2011-11-09 14:59:00,2011-11-09 14:59:00,1,101.69999999999999,31,4,1,1,Recent light buyers,United Kingdom,2011-11
16517,2011-03-07 13:50:00,2011-03-07 13:50:00,1,162.7,278,2,1,1,Hibernating,United Kingdom,2011-03
16518,2010-06-01 13:31:00,2011-10-09 15:04:00,4,959.37,62,3,3,3,Loyal,United Kingdom,2010-06
16519,2010-03-01 13:51:00,2011-11-14 15:41:00,4,452.56,26,4,3,2,Loyal,United Kingdom,2010-03
16520,2010-03-02 16:50:00,2011-06-06 13:24:00,6,2156.86,187,3,4,4,Loyal,United Kingdom,2010-03
16521,2010-03-01 13:22:00,2010-10-20 13:09:00,3,1148.01,416,1,3,3,At risk,United Kingdom,2010-03
16522,2010-09-15 13:32:00,2010-09-30 10:54:00,2,433.36,436,1,2,2,Hibernating,United Kingdom,2010-09
16523,2010-01-24 13:14:00,2011-12-08 09:06:00,28,11916.33,2,5,5,5,Champions,United Kingdom,2010-01
16524,2010-01-17 13:16:00,2010-09-19 13:37:00,2,308.14,447,1,2,2,Hibernating,United Kingdom,2010-01
16525,2009-12-02 13:53:00,2011-12-07 15:07:00,48,24171.2,3,5,5,5,Champions,United Kingdom,2009-12
16526,2010-05-04 16:34:00,2011-06-21 12:02:00,2,717.21,172,3,2,3,Developing,United Kingdom,2010-05
16527,2010-10-11 13:25:00,2011-09-19 16:21:00,2,1272.44,82,3,2,4,Developing,United Kingdom,2010-10
16528,2011-12-06 12:45:00,2011-12-06 12:45:00,1,244.41,4,5,1,1,Recent light buyers,United Kingdom,2011-12
16529,2010-06-27 13:29:00,2011-06-02 17:23:00,4,2012.0,191,2,3,4,At risk,United Kingdom,2010-06
16530,2010-02-09 15:30:00,2010-02-09 15:30:00,1,48.349999999999994,669,1,1,1,Hibernating,United Kingdom,2010-02
16531,2010-09-24 09:49:00,2011-11-17 16:29:00,11,2298.33,23,4,5,4,Champions,United Kingdom,2010-09
16532,2010-03-29 10:26:00,2011-11-22 11:08:00,5,8756.64,18,5,4,5,Champions,United Kingdom,2010-03
16533,2011-10-02 15:07:00,2011-11-20 13:08:00,3,1095.56,20,5,3,3,Loyal,United Kingdom,2011-10
16534,2010-03-07 15:47:00,2010-03-07 15:47:00,1,635.9,643,1,1,3,Hibernating,United Kingdom,2010-03
16535,2010-01-28 15:26:00,2011-12-04 15:18:00,3,1001.59,6,5,3,3,Loyal,United Kingdom,2010-01
16536,2011-08-21 15:54:00,2011-08-21 15:54:00,1,548.97,111,3,1,2,Developing,United Kingdom,2011-08
16537,2010-03-08 13:41:00,2010-03-08 13:41:00,1,23.35,642,1,1,1,Hibernating,United Kingdom,2010-03
16538,2010-04-23 16:25:00,2010-06-16 16:59:00,3,399.62,542,1,3,2,At risk,United Kingdom,2010-04
16539,2010-06-25 15:24:00,2011-12-07 08:41:00,10,3289.66,3,5,5,5,Champions,United Kingdom,2010-06
16540,2010-10-21 17:22:00,2010-10-21 17:22:00,1,226.70000000000002,415,1,1,1,Hibernating,United Kingdom,2010-10
16541,2009-12-04 13:22:00,2009-12-04 13:22:00,1,424.03,736,1,1,2,Hibernating,United Kingdom,2009-12
16542,2010-11-03 14:44:00,2011-10-17 10:47:00,2,257.32,54,4,2,1,Recent light buyers,United Kingdom,2010-11
16543,2010-04-27 11:38:00,2010-04-27 11:38:00,1,292.21,592,1,1,2,Hibernating,United Kingdom,2010-04
16544,2010-02-15 13:20:00,2010-07-08 11:11:00,4,376.70000000000005,520,1,3,2,At risk,United Kingdom,2010-02
16545,2010-11-29 10:39:00,2011-06-28 10:37:00,2,689.82,165,3,2,3,Developing,United Kingdom,2010-11
16546,2010-09-23 15:43:00,2011-02-22 11:20:00,5,5307.07,291,2,4,5,At risk,United Kingdom,2010-09
16547,2010-06-11 13:02:00,2010-06-11 13:02:00,1,111.71,547,1,1,1,Hibernating,United Kingdom,2010-06
16548,2010-04-19 16:15:00,2010-04-19 16:15:00,1,30.15,600,1,1,1,Hibernating,United Kingdom,2010-04
16549,2010-03-28 15:45:00,2011-11-29 15:06:00,34,13182.19,11,5,5,5,Champions,United Kingdom,2010-03
16550,2009-12-02 11:24:00,2011-08-23 11:12:00,18,8880.47,109,3,5,5,Loyal,United Kingdom,2009-12
16551,2009-12-13 16:12:00,2011-09-05 09:38:00,7,2237.12,96,3,4,4,Loyal,United Kingdom,2009-12
16552,2010-12-01 12:36:00,2011-04-11 10:04:00,2,379.73,243,2,2,2,Hibernating,United Kingdom,2010-12
16553,2010-02-11 18:46:00,2011-06-29 15:42:00,33,16644.01,164,3,5,5,Loyal,United Kingdom,2010-02
16554,2009-12-15 09:42:00,2011-10-28 14:51:00,8,2841.72,43,4,4,4,Champions,United Kingdom,2009-12
16555,2010-07-22 13:39:00,2011-11-04 14:31:00,6,1915.68,36,4,4,4,Champions,United Kingdom,2010-07
16556,2009-12-07 10:51:00,2011-10-04 11:36:00,17,8012.58,67,3,5,5,Loyal,United Kingdom,2009-12
16557,2011-07-25 13:28:00,2011-11-15 14:04:00,2,281.85,25,4,2,1,Recent light buyers,United Kingdom,2011-07
16558,2009-12-03 18:11:00,2011-12-09 10:20:00,38,13304.11,1,5,5,5,Champions,United Kingdom,2009-12
16559,2010-11-07 13:52:00,2010-11-07 13:52:00,1,185.20000000000002,398,2,1,1,Hibernating,United Kingdom,2010-11
16560,2009-12-08 12:05:00,2011-11-13 10:35:00,8,3048.38,27,4,4,5,Champions,United Kingdom,2009-12
16561,2011-10-11 09:53:00,2011-12-04 11:50:00,2,511.12,6,5,2,2,Recent light buyers,United Kingdom,2011-10
16562,2010-08-20 11:45:00,2010-08-20 11:45:00,1,223.85999999999999,477,1,1,1,Hibernating,United Kingdom,2010-08
16563,2009-12-01 18:35:00,2011-10-17 11:51:00,6,4422.76,54,4,4,5,Champions,United Kingdom,2009-12
16564,2010-05-19 14:41:00,2010-05-19 14:41:00,1,87.8,570,1,1,1,Hibernating,United Kingdom,2010-05
16565,2010-06-02 12:47:00,2010-12-10 15:21:00,4,773.05,365,2,3,3,At risk,United Kingdom,2010-06
16566,2011-02-20 10:29:00,2011-11-24 16:34:00,5,614.66,16,5,4,3,Loyal,United Kingdom,2011-02
16567,2011-01-07 09:31:00,2011-05-29 13:57:00,2,865.6,195,2,2,3,Hibernating,United Kingdom,2011-01
16568,2010-03-08 14:51:00,2010-10-08 10:54:00,2,1020.9000000000001,428,1,2,3,Hibernating,United Kingdom,2010-03
16569,2009-12-16 15:05:00,2011-12-06 15:32:00,5,1455.23,4,5,4,4,Champions,United Kingdom,2009-12
16570,2010-03-30 09:32:00,2011-11-24 17:02:00,20,7434.31,16,5,5,5,Champions,United Kingdom,2010-03
16571,2010-03-18 09:12:00,2011-11-13 11:46:00,10,4248.74,27,4,5,5,Champions,United Kingdom,2010-03
16572,2011-03-09 12:04:00,2011-08-04 16:34:00,3,1009.6,128,3,3,3,Loyal,United Kingdom,2011-03
16573,2011-02-22 15:14:00,2011-09-16 09:13:00,2,663.61,85,3,2,3,Developing,United Kingdom,2011-02
16574,2010-02-19 11:46:00,2011-09-29 13:39:00,3,1301.78,72,3,3,4,Loyal,United Kingdom,2010-02
16576,2010-07-06 10:42:00,2010-10-15 13:37:00,2,540.87,421,1,2,2,Hibernating,United Kingdom,2010-07
16577,2010-02-11 09:45:00,2010-02-11 09:45:00,1,380.0,667,1,1,2,Hibernating,United Kingdom,2010-02
16578,2010-03-23 15:11:00,2010-03-23 15:11:00,1,156.6,627,1,1,1,Hibernating,United Kingdom,2010-03
16579,2010-10-10 11:58:00,2010-10-10 11:58:00,1,295.05,426,1,1,2,Hibernating,United Kingdom,2010-10
16581,2011-06-10 10:05:00,2011-06-10 10:05:00,1,105.84,183,3,1,1,Developing,United Kingdom,2011-06
16582,2011-08-18 17:02:00,2011-08-18 17:02:00,1,313.62,114,3,1,2,Developing,United Kingdom,2011-08
16583,2010-02-04 12:18:00,2010-12-01 12:03:00,2,297.95,374,2,2,2,Hibernating,United Kingdom,2010-02
16584,2010-02-16 10:41:00,2011-09-20 13:45:00,5,3163.67,81,3,4,5,Loyal,United Kingdom,2010-02
16585,2010-01-13 13:31:00,2010-04-25 10:34:00,2,341.59,594,1,2,2,Hibernating,United Kingdom,2010-01
16586,2010-03-14 11:24:00,2011-04-05 09:32:00,3,1462.78,249,2,3,4,At risk,United Kingdom,2010-03
16587,2011-04-21 15:51:00,2011-04-21 15:51:00,1,225.15,233,2,1,1,Hibernating,United Kingdom,2011-04
16588,2010-05-14 13:43:00,2010-11-18 17:56:00,4,1361.28,387,2,3,4,At risk,United Kingdom,2010-05
16589,2010-09-15 14:56:00,2011-09-29 14:50:00,4,612.36,72,3,3,3,Loyal,United Kingdom,2010-09
16590,2010-10-21 12:09:00,2010-11-04 09:06:00,2,605.9,401,2,2,2,Hibernating,United Kingdom,2010-10
16591,2011-10-02 10:43:00,2011-10-02 10:43:00,1,213.5,69,3,1,1,Developing,United Kingdom,2011-10
16592,2009-12-18 15:57:00,2011-12-05 13:49:00,28,7807.91,5,5,5,5,Champions,United Kingdom,2009-12
16593,2009-12-05 10:44:00,2011-10-20 12:41:00,8,1071.1399999999999,51,4,4,3,Loyal,United Kingdom,2009-12
16594,2011-09-25 14:08:00,2011-09-25 14:08:00,1,181.09,76,3,1,1,Developing,United Kingdom,2011-09
16595,2010-01-17 12:12:00,2011-10-09 13:15:00,5,1810.18,62,3,4,4,Loyal,United Kingdom,2010-01
16596,2009-12-10 13:09:00,2011-11-24 10:02:00,4,458.98,16,5,3,2,Loyal,United Kingdom,2009-12
16597,2011-12-05 15:44:00,2011-12-05 15:44:00,1,90.04,5,5,1,1,Recent light buyers,United Kingdom,2011-12
16598,2011-02-27 11:42:00,2011-02-27 11:42:00,1,145.04999999999998,286,2,1,1,Hibernating,United Kingdom,2011-02
16599,2010-11-19 12:45:00,2010-11-19 12:45:00,1,172.8,386,2,1,1,Hibernating,United Kingdom,2010-11
16600,2009-12-18 12:59:00,2011-12-05 16:00:00,13,2153.41,5,5,5,4,Champions,United Kingdom,2009-12
16601,2010-03-26 13:39:00,2011-10-30 11:09:00,3,684.25,41,4,3,3,Loyal,United Kingdom,2010-03
16602,2010-11-16 09:13:00,2011-11-03 15:54:00,2,763.33,37,4,2,3,Recent light buyers,United Kingdom,2010-11
16603,2011-09-09 13:02:00,2011-09-26 10:06:00,2,482.47,75,3,2,2,Developing,United Kingdom,2011-09
16604,2010-05-20 16:34:00,2010-05-26 09:10:00,2,432.45,563,1,2,2,Hibernating,United Kingdom,2010-05
16605,2009-12-15 19:03:00,2009-12-15 19:03:00,1,60.48,725,1,1,1,Hibernating,United Kingdom,2009-12
16606,2010-10-01 13:21:00,2010-10-31 13:57:00,2,357.66,405,2,2,2,Hibernating,United Kingdom,2010-10
16607,2010-04-29 14:01:00,2011-11-22 10:24:00,25,5706.87,18,5,5,5,Champions,United Kingdom,2010-04
16608,2010-02-14 11:57:00,2010-09-12 11:44:00,2,1288.72,454,1,2,4,Hibernating,United Kingdom,2010-02
16609,2011-04-01 10:11:00,2011-11-24 13:32:00,7,5493.46,16,5,4,5,Champions,United Kingdom,2011-04
16610,2011-05-04 13:13:00,2011-05-04 13:13:00,1,75.66,220,2,1,1,Hibernating,United Kingdom,2011-05
16611,2010-03-10 16:07:00,2011-06-06 15:46:00,6,1785.13,187,3,4,4,Loyal,United Kingdom,2010-03
16612,2009-12-03 15:54:00,2011-11-07 07:38:00,9,3245.43,33,4,5,5,Champions,United Kingdom,2009-12
16613,2011-09-30 15:52:00,2011-09-30 15:52:00,1,618.59,71,3,1,3,Developing,United Kingdom,2011-09
16614,2010-05-10 15:18:00,2011-06-10 11:36:00,3,1179.79,183,3,3,3,Loyal,United Kingdom,2010-05
16615,2010-03-23 15:13:00,2010-03-23 15:13:00,1,291.5,627,1,1,2,Hibernating,United Kingdom,2010-03
16616,2011-07-05 13:38:00,2011-11-24 16:31:00,2,500.42,16,5,2,2,Recent light buyers,United Kingdom,2011-07
16617,2011-04-18 10:35:00,2011-04-18 10:35:00,1,151.85,236,2,1,1,Hibernating,United Kingdom,2011-04
16618,2011-01-21 11:55:00,2011-11-08 13:52:00,5,2647.59,32,4,4,4,Champions,United Kingdom,2011-01
16619,2010-02-22 12:05:00,2011-03-21 08:18:00,4,1938.33,264,2,3,4,At risk,United Kingdom,2010-02
16620,2009-12-01 14:35:00,2011-12-06 12:19:00,6,1758.93,4,5,4,4,Champions,United Kingdom,2009-12
16621,2011-03-07 11:32:00,2011-10-19 11:38:00,4,813.48,52,4,3,3,Loyal,United Kingdom,2011-03
16622,2010-06-14 10:44:00,2010-06-14 10:44:00,1,225.4,544,1,1,1,Hibernating,United Kingdom,2010-06
16623,2010-04-26 14:04:00,2011-04-08 10:09:00,4,1015.24,246,2,3,3,At risk,United Kingdom,2010-04
16624,2011-05-26 14:20:00,2011-09-20 12:39:00,2,810.5699999999999,81,3,2,3,Developing,United Kingdom,2011-05
16625,2010-06-14 11:56:00,2011-03-10 12:50:00,5,1654.03,275,2,4,4,At risk,United Kingdom,2010-06
16626,2011-03-18 12:27:00,2011-12-09 11:56:00,17,4413.1,1,5,5,5,Champions,United Kingdom,2011-03
16627,2011-09-21 14:38:00,2011-09-21 14:38:00,1,322.8,80,3,1,2,Developing,United Kingdom,2011-09
16628,2010-03-08 12:24:00,2011-11-10 12:45:00,7,2318.1,30,4,4,4,Champions,United Kingdom,2010-03
16629,2011-09-04 16:12:00,2011-09-27 10:34:00,2,417.73,74,3,2,2,Developing,United Kingdom,2011-09
16630,2010-10-28 14:30:00,2010-10-28 14:30:00,1,106.80000000000001,408,2,1,1,Hibernating,United Kingdom,2010-10
16631,2010-02-26 10:49:00,2010-08-15 11:20:00,7,1892.52,482,1,4,4,At risk,United Kingdom,2010-02
16632,2010-05-07 16:46:00,2010-08-11 11:39:00,2,406.4,486,1,2,2,Hibernating,United Kingdom,2010-05
16633,2011-04-19 14:36:00,2011-11-22 13:41:00,6,2883.1,18,5,4,4,Champions,United Kingdom,2011-04
16634,2010-01-21 09:30:00,2011-05-01 12:09:00,6,1649.81,223,2,4,4,At risk,United Kingdom,2010-01
16635,2010-10-29 09:41:00,2010-10-29 09:41:00,1,473.0,407,2,1,2,Hibernating,United Kingdom,2010-10
16636,2010-03-03 14:06:00,2010-09-27 13:13:00,4,3802.04,439,1,3,5,At risk,United Kingdom,2010-03
16637,2011-04-28 10:20:00,2011-11-07 13:17:00,4,1154.47,33,4,3,3,Loyal,United Kingdom,2011-04
16638,2010-08-18 13:33:00,2011-11-17 11:09:00,15,2380.13,23,4,5,4,Champions,United Kingdom,2010-08
16639,2010-10-26 18:23:00,2011-11-08 13:20:00,4,1747.98,32,4,3,4,Loyal,United Kingdom,2010-10
16640,2010-11-07 10:48:00,2010-11-07 10:48:00,1,179.4,398,2,1,1,Hibernating,United Kingdom,2010-11
16641,2010-01-07 12:22:00,2011-08-26 12:49:00,2,554.5,106,3,2,2,Developing,United Kingdom,2010-01
16642,2010-10-20 14:22:00,2011-12-05 11:31:00,3,1077.45,5,5,3,3,Loyal,United Kingdom,2010-10
16643,2010-10-13 09:47:00,2011-04-08 08:24:00,2,923.11,246,2,2,3,Hibernating,United Kingdom,2010-10
16644,2011-05-11 12:53:00,2011-06-15 12:39:00,2,833.78,178,3,2,3,Developing,United Kingdom,2011-05
16645,2009-12-04 09:49:00,2009-12-04 09:49:00,1,160.39,736,1,1,1,Hibernating,United Kingdom,2009-12
16646,2010-09-16 13:28:00,2010-09-16 13:28:00,1,678.8,450,1,1,3,Hibernating,United Kingdom,2010-09
16647,2010-06-13 15:52:00,2011-06-23 11:47:00,4,541.9,170,3,3,2,Loyal,United Kingdom,2010-06
16648,2010-04-28 14:58:00,2011-10-28 08:58:00,3,672.8,43,4,3,3,Loyal,United Kingdom,2010-04
16649,2010-07-07 15:41:00,2010-07-07 15:41:00,1,306.58000000000004,521,1,1,2,Hibernating,United Kingdom,2010-07
16650,2010-07-08 14:18:00,2011-09-29 09:51:00,7,1916.11,72,3,4,4,Loyal,United Kingdom,2010-07
16651,2010-05-02 11:46:00,2010-05-02 11:46:00,1,136.2,587,1,1,1,Hibernating,United Kingdom,2010-05
16652,2010-03-17 10:22:00,2011-10-12 09:38:00,16,17550.39,59,4,5,5,Champions,United Kingdom,2010-03
16653,2011-09-29 13:38:00,2011-11-23 14:51:00,2,1212.66,17,5,2,3,Recent light buyers,United Kingdom,2011-09
16654,2010-04-06 13:29:00,2011-07-21 15:23:00,8,1484.07,142,3,4,4,Loyal,United Kingdom,2010-04
16655,2010-01-31 15:40:00,2011-11-22 11:25:00,13,6548.37,18,5,5,5,Champions,United Kingdom,2010-01
16656,2009-12-04 12:59:00,2011-11-17 14:43:00,30,16833.170000000002,23,4,5,5,Champions,United Kingdom,2009-12
16657,2011-03-30 12:02:00,2011-11-30 11:48:00,4,933.62,10,5,3,3,Loyal,United Kingdom,2011-03
16658,2010-03-30 16:24:00,2010-12-06 13:47:00,6,690.83,369,2,4,3,At risk,United Kingdom,2010-03
16659,2011-06-03 15:03:00,2011-06-03 15:03:00,1,39.12,190,3,1,1,Developing,United Kingdom,2011-06
16660,2010-01-14 11:09:00,2011-11-23 14:53:00,7,1879.55,17,5,4,4,Champions,United Kingdom,2010-01
16661,2009-12-17 15:39:00,2010-06-17 15:24:00,4,986.63,541,1,3,3,At risk,United Kingdom,2009-12
16662,2010-11-10 16:56:00,2010-11-10 16:56:00,1,163.8,395,2,1,1,Hibernating,United Kingdom,2010-11
16663,2009-12-10 13:12:00,2009-12-10 13:12:00,1,165.0,730,1,1,1,Hibernating,United Kingdom,2009-12
16664,2010-05-19 17:11:00,2010-05-19 17:11:00,1,109.2,570,1,1,1,Hibernating,United Kingdom,2010-05
16665,2010-12-12 14:03:00,2010-12-12 14:03:00,1,135.39999999999998,363,2,1,1,Hibernating,United Kingdom,2010-12
16666,2010-03-28 15:13:00,2011-11-20 14:01:00,2,225.94,20,5,2,1,Recent light buyers,United Kingdom,2010-03
16667,2011-02-28 12:57:00,2011-10-02 15:26:00,2,570.13,69,3,2,2,Developing,United Kingdom,2011-02
16668,2010-03-18 18:25:00,2011-11-24 17:43:00,13,862.42,16,5,5,3,Loyal,United Kingdom,2010-03
16669,2011-09-22 14:13:00,2011-11-16 12:26:00,3,1374.8700000000001,24,4,3,4,Loyal,United Kingdom,2011-09
16670,2009-12-10 15:28:00,2011-11-23 09:34:00,20,8030.150000000001,17,5,5,5,Champions,United Kingdom,2009-12
16671,2011-06-28 11:20:00,2011-11-11 13:40:00,3,1692.27,29,4,3,4,Loyal,United Kingdom,2011-06
16672,2011-03-18 10:15:00,2011-12-07 16:29:00,20,8134.9400000000005,3,5,5,5,Champions,United Kingdom,2011-03
16673,2010-01-29 14:22:00,2010-01-29 14:22:00,1,188.83,680,1,1,1,Hibernating,United Kingdom,2010-01
16674,2011-09-02 13:59:00,2011-10-16 11:31:00,2,319.61,55,4,2,2,Recent light buyers,United Kingdom,2011-09
16675,2010-08-18 13:11:00,2010-09-24 12:15:00,2,608.86,442,1,2,2,Hibernating,United Kingdom,2010-08
16676,2010-10-17 13:07:00,2011-11-06 12:01:00,6,2361.9,34,4,4,4,Champions,United Kingdom,2010-10
16677,2010-02-25 16:11:00,2010-10-24 14:53:00,2,880.62,412,1,2,3,Hibernating,United Kingdom,2010-02
16678,2011-03-02 09:24:00,2011-12-07 12:17:00,12,3109.99,3,5,5,5,Champions,United Kingdom,2011-03
16679,2010-06-10 18:35:00,2010-12-08 13:51:00,3,663.31,367,2,3,3,At risk,United Kingdom,2010-06
16680,2010-06-23 09:30:00,2011-10-27 17:35:00,3,821.45,44,4,3,3,Loyal,United Kingdom,2010-06
16681,2010-03-08 14:10:00,2011-09-28 11:11:00,7,1921.84,73,3,4,4,Loyal,United Kingdom,2010-03
16682,2011-06-05 11:02:00,2011-12-05 12:13:00,5,1028.0,5,5,4,3,Loyal,United Kingdom,2011-06
16683,2010-06-24 10:36:00,2010-06-24 10:36:00,1,320.25,534,1,1,2,Hibernating,United Kingdom,2010-06
16684,2009-12-07 12:56:00,2011-12-05 14:06:00,55,147142.77,5,5,5,5,Champions,United Kingdom,2009-12
16685,2011-10-09 13:44:00,2011-10-09 13:58:00,2,324.24,62,3,2,2,Developing,United Kingdom,2011-10
16686,2009-12-06 15:48:00,2011-10-23 13:49:00,16,5070.92,48,4,5,5,Champions,United Kingdom,2009-12
16687,2010-11-14 11:46:00,2010-11-14 11:46:00,1,157.63,391,2,1,1,Hibernating,United Kingdom,2010-11
16688,2011-10-10 12:23:00,2011-12-08 15:24:00,4,1260.86,2,5,3,4,Loyal,United Kingdom,2011-10
16689,2011-09-18 13:29:00,2011-09-25 11:39:00,2,422.59999999999997,76,3,2,2,Developing,United Kingdom,2011-09
16690,2010-09-14 15:00:00,2011-09-28 15:02:00,4,353.03,73,3,3,2,Loyal,United Kingdom,2010-09
16691,2010-05-27 14:55:00,2010-10-17 15:03:00,2,178.83,419,1,2,1,Hibernating,United Kingdom,2010-05
16692,2010-09-24 11:31:00,2011-03-28 14:46:00,4,1914.6999999999998,257,2,3,4,At risk,United Kingdom,2010-09
16693,2010-02-21 12:42:00,2011-10-02 11:10:00,5,1199.46,69,3,4,3,Loyal,United Kingdom,2010-02
16694,2009-12-16 15:45:00,2009-12-16 15:45:00,1,98.30000000000001,724,1,1,1,Hibernating,United Kingdom,2009-12
16695,2010-05-27 12:24:00,2010-05-27 12:36:00,2,193.15,562,1,2,1,Hibernating,United Kingdom,2010-05
16696,2011-04-05 15:20:00,2011-07-27 14:23:00,4,657.9000000000001,136,3,3,3,Loyal,United Kingdom,2011-04
16697,2011-04-12 17:12:00,2011-04-12 17:12:00,1,112.75,242,2,1,1,Hibernating,United Kingdom,2011-04
16698,2011-03-31 13:33:00,2011-04-27 10:52:00,2,1998.0,227,2,2,4,Hibernating,United Kingdom,2011-03
16699,2009-12-04 13:31:00,2010-11-24 14:38:00,7,994.6,381,2,4,3,At risk,United Kingdom,2009-12
16700,2009-12-02 10:51:00,2011-12-01 11:00:00,25,8830.77,9,5,5,5,Champions,United Kingdom,2009-12
16701,2009-12-01 19:19:00,2011-12-01 11:10:00,26,9916.73,9,5,5,5,Champions,United Kingdom,2009-12
16702,2009-12-07 16:40:00,2010-10-20 14:10:00,4,1110.83,416,1,3,3,At risk,United Kingdom,2009-12
16704,2010-02-05 14:14:00,2010-03-31 14:02:00,2,695.66,619,1,2,3,Hibernating,United Kingdom,2010-02
16705,2009-12-09 13:34:00,2011-12-09 12:08:00,42,43515.051,1,5,5,5,Champions,United Kingdom,2009-12
16706,2011-08-17 15:53:00,2011-11-02 13:50:00,3,531.35,38,4,3,2,Loyal,United Kingdom,2011-08
16707,2010-03-09 15:16:00,2010-11-04 14:39:00,4,551.11,401,2,3,2,At risk,United Kingdom,2010-03
16708,2011-10-25 12:20:00,2011-10-25 12:20:00,1,656.63,46,4,1,3,Recent light buyers,United Kingdom,2011-10
16709,2009-12-09 13:16:00,2011-09-16 10:56:00,14,9087.460000000001,85,3,5,5,Loyal,United Kingdom,2009-12
16710,2009-12-04 13:41:00,2011-11-20 14:50:00,22,5973.62,20,5,5,5,Champions,United Kingdom,2009-12
16711,2009-12-02 13:22:00,2011-12-06 16:32:00,9,2868.48,4,5,5,4,Champions,United Kingdom,2009-12
16712,2010-11-03 15:45:00,2011-11-30 13:48:00,13,4266.99,10,5,5,5,Champions,United Kingdom,2010-11
16713,2009-12-15 12:49:00,2011-11-21 12:36:00,32,14146.26,19,5,5,5,Champions,United Kingdom,2009-12
16714,2010-02-07 11:17:00,2011-05-05 11:09:00,4,1529.8,219,2,3,4,At risk,United Kingdom,2010-02
16715,2010-05-26 12:35:00,2011-09-22 18:15:00,2,625.52,79,3,2,3,Developing,United Kingdom,2010-05
16716,2010-03-19 11:05:00,2011-03-18 10:03:00,3,2149.6800000000003,267,2,3,4,At risk,United Kingdom,2010-03
16717,2009-12-07 15:55:00,2011-11-16 12:16:00,14,6678.9800000000005,24,4,5,5,Champions,United Kingdom,2009-12
16718,2009-12-06 13:07:00,2010-12-05 13:03:00,5,3023.78,370,2,4,5,At risk,United Kingdom,2009-12
16719,2009-12-13 10:59:00,2011-11-25 09:27:00,14,3542.57,15,5,5,5,Champions,United Kingdom,2009-12
16720,2009-12-17 17:54:00,2011-11-13 16:22:00,3,795.48,27,4,3,3,Loyal,United Kingdom,2009-12
16721,2011-03-22 16:08:00,2011-03-22 16:08:00,1,292.47,263,2,1,2,Hibernating,United Kingdom,2011-03
16722,2009-12-03 19:23:00,2011-11-22 13:28:00,22,8189.56,18,5,5,5,Champions,United Kingdom,2009-12
16723,2009-12-04 13:23:00,2011-09-09 13:01:00,4,1301.63,92,3,3,4,Loyal,United Kingdom,2009-12
16724,2010-10-31 11:40:00,2010-10-31 11:40:00,1,147.35,405,2,1,1,Hibernating,United Kingdom,2010-10
16725,2009-12-13 15:54:00,2011-02-10 16:52:00,14,1759.96,303,2,5,4,At risk,United Kingdom,2009-12
16726,2010-10-24 16:09:00,2011-11-13 14:53:00,7,2088.41,27,4,4,4,Champions,United Kingdom,2010-10
16727,2010-01-20 10:48:00,2010-12-10 13:48:00,4,1437.42,365,2,3,4,At risk,United Kingdom,2010-01
16728,2011-03-20 13:28:00,2011-10-24 14:36:00,4,1054.67,47,4,3,3,Loyal,United Kingdom,2011-03
16729,2011-04-12 14:22:00,2011-11-01 14:29:00,21,7239.92,39,4,5,5,Champions,United Kingdom,2011-04
16730,2011-01-24 14:01:00,2011-10-18 14:11:00,3,743.11,53,4,3,3,Loyal,United Kingdom,2011-01
16731,2010-03-01 15:05:00,2010-03-01 15:05:00,1,174.05,649,1,1,1,Hibernating,United Kingdom,2010-03
16732,2009-12-08 13:04:00,2011-11-08 09:54:00,4,4387.64,32,4,3,5,Loyal,United Kingdom,2009-12
16733,2010-06-28 10:12:00,2010-06-28 10:12:00,1,259.68,530,1,1,1,Hibernating,United Kingdom,2010-06
16734,2011-08-17 15:00:00,2011-10-18 13:44:00,3,650.51,53,4,3,3,Loyal,United Kingdom,2011-08
16735,2009-12-08 09:24:00,2011-09-22 11:49:00,14,6270.56,79,3,5,5,Loyal,United Kingdom,2009-12
16736,2009-12-03 16:12:00,2010-07-22 10:09:00,5,2956.56,506,1,4,5,At risk,United Kingdom,2009-12
16737,2010-05-11 09:53:00,2011-10-17 13:03:00,2,835.1999999999999,54,4,2,3,Recent light buyers,United Kingdom,2010-05
16738,2011-02-15 09:46:00,2011-02-15 09:46:00,1,3.75,298,2,1,1,Hibernating,United Kingdom,2011-02
16739,2010-06-21 09:38:00,2011-06-16 09:17:00,2,786.43,177,3,2,3,Developing,United Kingdom,2010-06
16740,2010-11-09 13:34:00,2010-11-09 13:34:00,1,236.81,396,2,1,1,Hibernating,United Kingdom,2010-11
16741,2010-03-24 15:15:00,2010-03-24 15:15:00,1,173.06,626,1,1,1,Hibernating,United Kingdom,2010-03
16742,2009-12-16 17:22:00,2011-10-24 12:02:00,14,2852.6099999999997,47,4,5,4,Champions,United Kingdom,2009-12
16743,2010-04-22 13:21:00,2011-11-10 13:13:00,14,4253.26,30,4,5,5,Champions,United Kingdom,2010-04
16744,2011-06-19 15:13:00,2011-11-28 13:06:00,7,1304.76,12,5,4,4,Champions,United Kingdom,2011-06
16745,2011-02-01 11:31:00,2011-09-14 11:58:00,17,7194.3,87,3,5,5,Loyal,United Kingdom,2011-02
16746,2009-12-04 13:00:00,2011-12-05 12:33:00,42,18066.4,5,5,5,5,Champions,United Kingdom,2009-12
16747,2011-10-03 10:18:00,2011-11-02 11:37:00,2,836.06,38,4,2,3,Recent light buyers,United Kingdom,2011-10
16748,2009-12-10 12:28:00,2011-11-22 10:17:00,14,3637.33,18,5,5,5,Champions,United Kingdom,2009-12
16749,2009-12-15 14:05:00,2010-04-27 13:06:00,2,4387.08,592,1,2,5,Hibernating,United Kingdom,2009-12
16750,2011-04-21 16:53:00,2011-10-26 12:48:00,5,623.93,45,4,4,3,Loyal,United Kingdom,2011-04
16751,2011-11-09 10:48:00,2011-11-09 10:48:00,1,1764.72,31,4,1,4,Recent light buyers,United Kingdom,2011-11
16752,2010-12-02 12:18:00,2010-12-02 12:18:00,1,207.5,373,2,1,1,Hibernating,United Kingdom,2010-12
16753,2011-10-12 13:14:00,2011-10-12 13:14:00,1,223.92000000000002,59,4,1,1,Recent light buyers,United Kingdom,2011-10
16754,2010-03-08 11:32:00,2010-12-02 17:38:00,29,65500.07,373,2,5,5,At risk,United Kingdom,2010-03
16755,2009-12-09 14:25:00,2011-08-17 13:21:00,7,2900.58,115,3,4,4,Loyal,United Kingdom,2009-12
16756,2010-03-09 15:56:00,2011-05-09 09:33:00,7,1312.3700000000001,215,2,4,4,At risk,United Kingdom,2010-03
16757,2010-10-26 15:09:00,2011-01-25 11:59:00,2,270.48,319,2,2,1,Hibernating,United Kingdom,2010-10
16758,2011-10-05 14:47:00,2011-10-05 14:47:00,1,369.34000000000003,66,3,1,2,Developing,United Kingdom,2011-10
16759,2011-11-09 09:06:00,2011-12-02 12:42:00,3,789.79,8,5,3,3,Loyal,United Kingdom,2011-11
16760,2010-10-05 15:55:00,2010-10-05 15:55:00,1,228.0,431,1,1,1,Hibernating,United Kingdom,2010-10
16761,2011-09-04 11:15:00,2011-09-04 11:15:00,1,316.62,97,3,1,2,Developing,United Kingdom,2011-09
16762,2011-07-18 12:52:00,2011-11-20 11:43:00,3,1501.38,20,5,3,4,Loyal,United Kingdom,2011-07
16763,2009-12-01 15:26:00,2011-05-25 11:52:00,2,964.6999999999999,199,2,2,3,Hibernating,United Kingdom,2009-12
16764,2011-07-19 17:17:00,2011-12-06 11:41:00,13,2799.25,4,5,5,4,Champions,United Kingdom,2011-07
16765,2010-11-22 13:42:00,2011-02-18 15:41:00,2,454.75,295,2,2,2,Hibernating,United Kingdom,2010-11
16766,2011-03-11 13:34:00,2011-03-11 15:22:00,2,1145.6,274,2,2,3,Hibernating,United Kingdom,2011-03
16767,2010-04-28 16:49:00,2011-11-09 09:42:00,15,8073.8,31,4,5,5,Champions,United Kingdom,2010-04
16768,2009-12-07 11:47:00,2011-10-23 10:38:00,9,1708.12,48,4,5,4,Champions,United Kingdom,2009-12
16769,2009-12-14 11:10:00,2011-03-24 13:41:00,4,1141.75,261,2,3,3,At risk,United Kingdom,2009-12
16770,2010-08-22 16:08:00,2011-10-13 12:21:00,9,1801.3300000000002,58,4,5,4,Champions,United Kingdom,2010-08
16771,2009-12-09 11:52:00,2011-11-06 13:28:00,10,3967.6,34,4,5,5,Champions,United Kingdom,2009-12
16772,2009-12-18 10:50:00,2010-10-12 13:19:00,3,3723.5499999999997,424,1,3,5,At risk,United Kingdom,2009-12
16773,2009-12-06 15:01:00,2011-10-13 14:37:00,3,421.24,58,4,3,2,Loyal,United Kingdom,2009-12
16774,2010-02-16 16:53:00,2011-10-03 12:41:00,8,1594.45,68,3,4,4,Loyal,United Kingdom,2010-02
16775,2010-09-23 17:34:00,2011-11-29 15:22:00,16,2824.9900000000002,11,5,5,4,Champions,United Kingdom,2010-09
16776,2010-10-20 12:13:00,2011-10-10 13:04:00,2,619.85,61,3,2,3,Developing,United Kingdom,2010-10
16777,2010-03-17 12:42:00,2011-09-20 13:41:00,5,1307.76,81,3,4,4,Loyal,United Kingdom,2010-03
16778,2011-03-10 15:21:00,2011-09-26 13:48:00,2,245.94,75,3,2,1,Developing,United Kingdom,2011-03
16779,2009-12-03 13:03:00,2011-12-07 14:54:00,53,32911.33,3,5,5,5,Champions,United Kingdom,2009-12
16780,2010-10-28 19:41:00,2011-08-31 16:09:00,3,605.55,101,3,3,2,Loyal,United Kingdom,2010-10
16781,2010-02-08 13:56:00,2010-12-02 14:26:00,2,623.0,373,2,2,3,Hibernating,United Kingdom,2010-02
16782,2009-12-09 11:58:00,2011-11-29 13:20:00,38,10066.710000000001,11,5,5,5,Champions,United Kingdom,2009-12
16783,2010-09-29 11:53:00,2010-09-29 11:53:00,1,391.95,437,1,1,2,Hibernating,United Kingdom,2010-09
16784,2010-03-28 12:55:00,2011-11-20 12:20:00,5,896.53,20,5,4,3,Loyal,United Kingdom,2010-03
16785,2010-10-26 10:36:00,2010-10-26 10:36:00,1,533.78,410,2,1,2,Hibernating,United Kingdom,2010-10
16786,2010-11-11 08:25:00,2010-11-11 08:25:00,1,51.839999999999996,394,2,1,1,Hibernating,United Kingdom,2010-11
16787,2010-01-10 11:12:00,2010-11-07 11:01:00,4,1035.43,398,2,3,3,At risk,United Kingdom,2010-01
16788,2010-02-07 12:40:00,2011-08-08 14:53:00,5,1950.3,124,3,4,4,Loyal,United Kingdom,2010-02
16789,2011-12-01 15:12:00,2011-12-01 15:12:00,1,80.8,9,5,1,1,Recent light buyers,United Kingdom,2011-12
16790,2011-11-02 11:23:00,2011-12-06 11:53:00,6,1545.6200000000001,4,5,4,4,Champions,United Kingdom,2011-11
16791,2009-12-03 18:08:00,2011-11-10 19:12:00,15,4038.69,30,4,5,5,Champions,United Kingdom,2009-12
16792,2010-01-04 13:47:00,2011-03-02 14:41:00,5,623.46,283,2,4,3,At risk,United Kingdom,2010-01
16793,2011-10-13 15:08:00,2011-10-13 15:08:00,1,243.84,58,4,1,1,Recent light buyers,United Kingdom,2011-10
16794,2010-03-25 15:17:00,2011-12-08 17:54:00,15,2090.91,2,5,5,4,Champions,United Kingdom,2010-03
16795,2010-01-25 13:14:00,2010-12-09 14:08:00,3,2077.51,366,2,3,4,At risk,United Kingdom,2010-01
16796,2011-09-11 14:01:00,2011-09-11 14:01:00,1,305.62,90,3,1,2,Developing,United Kingdom,2011-09
16797,2009-12-02 13:33:00,2010-11-11 19:14:00,5,1827.77,394,2,4,4,At risk,United Kingdom,2009-12
16798,2009-12-10 19:35:00,2010-06-03 19:01:00,3,848.71,555,1,3,3,At risk,United Kingdom,2009-12
16799,2010-09-12 12:46:00,2010-10-03 14:28:00,2,495.98,433,1,2,2,Hibernating,United Kingdom,2010-09
16800,2011-11-28 14:06:00,2011-11-28 14:06:00,1,1201.49,12,5,1,3,Recent light buyers,United Kingdom,2011-11
16801,2011-03-11 13:56:00,2011-06-29 15:33:00,4,1619.73,164,3,3,4,Loyal,United Kingdom,2011-03
16802,2009-12-09 13:00:00,2010-01-29 13:44:00,2,582.61,680,1,2,2,Hibernating,United Kingdom,2009-12
16803,2011-10-05 14:28:00,2011-10-05 14:28:00,1,332.3,66,3,1,2,Developing,United Kingdom,2011-10
16804,2011-03-14 15:48:00,2011-11-16 16:43:00,3,536.99,24,4,3,2,Loyal,United Kingdom,2011-03
16805,2009-12-08 14:29:00,2011-06-19 11:23:00,5,1097.24,174,3,4,3,Loyal,United Kingdom,2009-12
16806,2011-04-14 19:59:00,2011-08-28 15:27:00,4,801.49,104,3,3,3,Loyal,United Kingdom,2011-04
16807,2010-03-26 14:38:00,2011-07-20 12:00:00,6,2123.88,143,3,4,4,Loyal,United Kingdom,2010-03
16808,2011-03-10 19:05:00,2011-09-01 19:34:00,2,288.42,100,3,2,2,Developing,United Kingdom,2011-03
16809,2010-04-13 15:34:00,2011-11-16 15:45:00,9,1727.43,24,4,5,4,Champions,United Kingdom,2010-04
16810,2010-10-15 15:32:00,2011-05-31 15:32:00,2,842.0400000000001,193,2,2,3,Hibernating,United Kingdom,2010-10
16811,2011-11-22 17:19:00,2011-12-05 11:39:00,2,547.07,5,5,2,2,Recent light buyers,United Kingdom,2011-11
16812,2010-11-22 14:36:00,2010-12-14 12:35:00,4,2392.0,361,2,3,4,At risk,United Kingdom,2010-11
16813,2011-05-19 13:28:00,2011-12-01 14:03:00,10,1692.98,9,5,5,4,Champions,United Kingdom,2011-05
16814,2010-04-11 12:45:00,2011-11-25 13:27:00,36,12226.42,15,5,5,5,Champions,United Kingdom,2010-04
16815,2010-06-21 12:05:00,2010-09-12 10:59:00,2,410.97,454,1,2,2,Hibernating,United Kingdom,2010-06
16816,2010-12-16 17:01:00,2011-08-28 14:16:00,4,417.06,104,3,3,2,Loyal,United Kingdom,2010-12
16817,2010-10-04 09:06:00,2011-12-07 11:03:00,13,2560.7,3,5,5,4,Champions,United Kingdom,2010-10
16818,2011-05-18 11:42:00,2011-11-29 10:41:00,11,3349.57,11,5,5,5,Champions,United Kingdom,2011-05
16819,2010-08-31 17:31:00,2010-08-31 17:37:00,2,182.59,466,1,2,1,Hibernating,United Kingdom,2010-08
16820,2011-09-05 12:06:00,2011-09-05 12:06:00,1,497.61,96,3,1,2,Developing,United Kingdom,2011-09
16821,2010-11-23 10:04:00,2010-11-23 10:04:00,1,113.35,382,2,1,1,Hibernating,United Kingdom,2010-11
16822,2010-01-22 14:22:00,2010-01-22 14:22:00,1,181.39,687,1,1,1,Hibernating,United Kingdom,2010-01
16823,2009-12-02 09:57:00,2011-04-26 15:00:00,7,2260.09,228,2,4,4,At risk,United Kingdom,2009-12
16824,2010-11-11 12:21:00,2011-11-24 12:38:00,3,686.24,16,5,3,3,Loyal,United Kingdom,2010-11
16825,2010-06-23 13:14:00,2011-11-01 11:51:00,5,1826.89,39,4,4,4,Champions,United Kingdom,2010-06
16826,2011-10-19 14:05:00,2011-10-19 14:05:00,1,341.7,52,4,1,2,Recent light buyers,United Kingdom,2011-10
16827,2010-04-29 19:07:00,2010-11-11 14:04:00,5,392.13,394,2,4,2,At risk,United Kingdom,2010-04
16828,2011-08-19 13:24:00,2011-09-07 15:10:00,2,128.5,94,3,2,1,Developing,United Kingdom,2011-08
16829,2010-11-16 18:11:00,2011-07-06 10:48:00,2,513.32,157,3,2,2,Developing,United Kingdom,2010-11
16830,2009-12-13 12:11:00,2011-11-01 11:35:00,4,1207.5,39,4,3,3,Loyal,United Kingdom,2009-12
16831,2010-05-24 09:08:00,2010-05-24 09:08:00,1,91.8,565,1,1,1,Hibernating,United Kingdom,2010-05
16832,2010-09-07 12:35:00,2011-06-08 15:36:00,5,417.61,185,3,4,2,Loyal,United Kingdom,2010-09
16833,2010-03-26 15:31:00,2011-12-08 14:39:00,6,2409.04,2,5,4,4,Champions,United Kingdom,2010-03
16834,2010-02-03 14:24:00,2011-04-26 09:37:00,2,898.96,228,2,2,3,Hibernating,United Kingdom,2010-02
16835,2010-05-19 08:41:00,2011-08-03 13:50:00,6,1456.66,129,3,4,4,Loyal,United Kingdom,2010-05
16836,2010-05-14 12:52:00,2011-10-31 10:05:00,4,782.37,40,4,3,3,Loyal,United Kingdom,2010-05
16837,2011-04-08 08:48:00,2011-11-08 14:27:00,11,3170.98,32,4,5,5,Champions,United Kingdom,2011-04
16838,2010-02-14 15:27:00,2011-05-26 13:13:00,4,1159.61,198,2,3,3,At risk,United Kingdom,2010-02
16839,2010-02-11 15:02:00,2011-12-01 09:03:00,44,21758.25,9,5,5,5,Champions,United Kingdom,2010-02
16840,2010-02-03 12:42:00,2010-04-15 15:48:00,2,139.85,604,1,2,1,Hibernating,United Kingdom,2010-02
16841,2010-01-12 11:32:00,2011-11-03 11:51:00,12,4006.06,37,4,5,5,Champions,United Kingdom,2010-01
16842,2011-02-10 14:51:00,2011-08-31 10:42:00,3,1264.19,101,3,3,4,Loyal,United Kingdom,2011-02
16843,2009-12-10 11:40:00,2011-10-28 09:06:00,35,19571.43,43,4,5,5,Champions,United Kingdom,2009-12
16844,2010-05-06 09:16:00,2010-05-26 10:29:00,2,614.34,563,1,2,3,Hibernating,United Kingdom,2010-05
16845,2010-03-31 13:09:00,2010-03-31 13:09:00,1,253.88,619,1,1,1,Hibernating,United Kingdom,2010-03
16846,2010-03-10 12:03:00,2011-10-20 13:55:00,3,842.41,51,4,3,3,Loyal,United Kingdom,2010-03
16847,2010-03-31 13:32:00,2011-10-27 13:29:00,2,614.89,44,4,2,3,Recent light buyers,United Kingdom,2010-03
16848,2010-10-03 11:01:00,2011-10-18 08:42:00,4,1411.62,53,4,3,4,Loyal,United Kingdom,2010-10
16849,2011-06-06 09:16:00,2011-06-06 09:16:00,1,124.57,187,3,1,1,Developing,United Kingdom,2011-06
16850,2011-01-10 11:09:00,2011-01-10 11:09:00,1,332.41,334,2,1,2,Hibernating,United Kingdom,2011-01
16851,2011-10-19 09:48:00,2011-12-05 13:32:00,3,342.45,5,5,3,2,Loyal,United Kingdom,2011-10
16852,2011-06-16 15:49:00,2011-11-29 13:22:00,2,144.91000000000003,11,5,2,1,Recent light buyers,United Kingdom,2011-06
16854,2010-03-09 14:32:00,2010-10-18 16:31:00,2,1408.96,418,1,2,4,Hibernating,United Kingdom,2010-03
16855,2011-10-27 16:31:00,2011-11-16 12:03:00,2,328.4,24,4,2,2,Recent light buyers,United Kingdom,2011-10
16856,2010-09-23 13:11:00,2011-11-25 08:59:00,3,358.49,15,5,3,2,Loyal,United Kingdom,2010-09
16857,2010-09-23 10:49:00,2010-09-23 10:49:00,1,352.8,443,1,1,2,Hibernating,United Kingdom,2010-09
16858,2009-12-15 11:09:00,2010-12-06 09:52:00,10,4292.59,369,2,5,5,At risk,United Kingdom,2009-12
16859,2010-03-04 12:37:00,2011-07-18 12:19:00,7,1932.41,145,3,4,4,Loyal,United Kingdom,2010-03
16860,2010-02-15 13:46:00,2010-09-13 10:05:00,3,1610.62,453,1,3,4,At risk,United Kingdom,2010-02
16861,2010-07-19 11:44:00,2011-10-11 09:05:00,5,946.59,60,3,4,3,Loyal,United Kingdom,2010-07
16862,2010-01-07 12:57:00,2010-06-10 13:05:00,4,662.33,548,1,3,3,At risk,United Kingdom,2010-01
16863,2010-10-26 10:03:00,2011-11-08 15:26:00,3,834.27,32,4,3,3,Loyal,United Kingdom,2010-10
16864,2010-04-20 11:56:00,2010-10-01 16:16:00,2,409.25,435,1,2,2,Hibernating,United Kingdom,2010-04
16865,2010-11-03 11:34:00,2010-11-03 11:34:00,1,130.95,402,2,1,1,Hibernating,United Kingdom,2010-11
16866,2011-07-01 12:34:00,2011-07-22 10:06:00,3,207.73999999999998,141,3,3,1,Loyal,United Kingdom,2011-07
16867,2010-01-19 09:11:00,2010-01-19 09:11:00,1,76.74000000000001,690,1,1,1,Hibernating,United Kingdom,2010-01
16868,2010-04-25 11:31:00,2010-11-10 13:17:00,3,393.39,395,2,3,2,At risk,United Kingdom,2010-04
16869,2011-06-17 13:01:00,2011-11-17 12:02:00,4,825.42,23,4,3,3,Loyal,United Kingdom,2011-06
16870,2010-08-27 13:53:00,2010-08-27 13:53:00,1,450.15999999999997,470,1,1,2,Hibernating,United Kingdom,2010-08
16871,2011-03-14 10:31:00,2011-11-17 19:27:00,6,2812.34,23,4,4,4,Champions,United Kingdom,2011-03
16872,2010-09-02 17:36:00,2011-09-23 16:05:00,6,1213.13,78,3,4,3,Loyal,United Kingdom,2010-09
16873,2010-02-09 14:17:00,2011-12-05 12:05:00,12,14617.39,5,5,5,5,Champions,United Kingdom,2010-02
16874,2010-11-25 13:08:00,2010-11-25 13:08:00,1,217.74,380,2,1,1,Hibernating,United Kingdom,2010-11
16875,2010-01-05 09:16:00,2011-10-03 13:39:00,11,4234.53,68,3,5,5,Loyal,United Kingdom,2010-01
16876,2010-11-01 11:59:00,2010-11-01 11:59:00,1,136.01,404,2,1,1,Hibernating,United Kingdom,2010-11
16877,2011-05-15 16:13:00,2011-11-27 13:47:00,6,853.72,13,5,4,3,Loyal,United Kingdom,2011-05
16878,2011-09-16 17:39:00,2011-09-16 17:39:00,1,13.3,85,3,1,1,Developing,United Kingdom,2011-09
16880,2010-08-03 13:54:00,2011-11-09 11:33:00,8,1840.86,31,4,4,4,Champions,United Kingdom,2010-08
16881,2011-10-04 10:33:00,2011-10-04 10:33:00,1,432.0,67,3,1,2,Developing,United Kingdom,2011-10
16882,2011-01-26 17:43:00,2011-10-04 10:42:00,3,705.12,67,3,3,3,Loyal,United Kingdom,2011-01
16883,2009-12-04 12:07:00,2011-06-05 12:51:00,19,2268.56,188,3,5,4,Loyal,United Kingdom,2009-12
16884,2010-05-18 12:00:00,2011-11-02 11:52:00,4,1073.92,38,4,3,3,Loyal,United Kingdom,2010-05
16885,2010-11-19 12:51:00,2011-11-24 13:40:00,4,710.74,16,5,3,3,Loyal,United Kingdom,2010-11
16886,2010-09-09 15:08:00,2010-09-09 15:08:00,1,134.0,457,1,1,1,Hibernating,United Kingdom,2010-09
16887,2009-12-01 13:41:00,2011-11-04 14:07:00,3,660.72,36,4,3,3,Loyal,United Kingdom,2009-12
16888,2010-01-07 13:07:00,2010-11-04 12:39:00,3,437.15,401,2,3,2,At risk,United Kingdom,2010-01
16889,2010-05-23 10:46:00,2011-05-29 11:05:00,6,2530.9,195,2,4,4,At risk,United Kingdom,2010-05
16890,2010-05-06 16:27:00,2010-08-20 11:23:00,3,285.41,477,1,3,1,At risk,United Kingdom,2010-05
16891,2009-12-04 12:37:00,2011-12-08 11:15:00,11,1824.56,2,5,5,4,Champions,United Kingdom,2009-12
16892,2009-12-08 14:20:00,2011-12-08 13:18:00,7,762.1,2,5,4,3,Loyal,United Kingdom,2009-12
16893,2010-11-28 15:14:00,2010-12-08 12:06:00,2,255.84,367,2,2,1,Hibernating,United Kingdom,2010-11
16894,2010-06-22 14:21:00,2010-07-25 15:43:00,3,1324.06,503,1,3,4,At risk,United Kingdom,2010-06
16895,2010-02-12 11:07:00,2011-10-06 12:15:00,5,1121.42,65,3,4,3,Loyal,United Kingdom,2010-02
16896,2010-06-02 15:40:00,2010-06-02 15:40:00,1,103.95,556,1,1,1,Hibernating,United Kingdom,2010-06
16897,2011-01-30 11:52:00,2011-02-13 15:02:00,2,289.78,300,2,2,2,Hibernating,United Kingdom,2011-01
16898,2010-05-12 12:18:00,2011-11-13 15:44:00,5,900.29,27,4,4,3,Loyal,United Kingdom,2010-05
16899,2010-11-07 15:00:00,2011-12-02 12:03:00,8,1721.02,8,5,4,4,Champions,United Kingdom,2010-11
16900,2011-10-07 13:17:00,2011-11-23 10:32:00,3,887.11,17,5,3,3,Loyal,United Kingdom,2011-10
16901,2009-12-10 16:30:00,2009-12-10 16:30:00,1,204.26,730,1,1,1,Hibernating,United Kingdom,2009-12
16902,2011-08-15 14:17:00,2011-08-15 14:17:00,1,1706.88,117,3,1,4,Developing,United Kingdom,2011-08
16903,2010-10-20 14:42:00,2011-11-10 15:32:00,3,1062.28,30,4,3,3,Loyal,United Kingdom,2010-10
16904,2010-10-24 16:03:00,2011-12-05 13:10:00,21,4793.67,5,5,5,5,Champions,United Kingdom,2010-10
16905,2009-12-10 20:04:00,2011-12-04 14:01:00,17,4779.75,6,5,5,5,Champions,United Kingdom,2009-12
16906,2010-05-13 13:23:00,2011-09-19 11:49:00,7,1448.8,82,3,4,4,Loyal,United Kingdom,2010-05
16907,2010-07-01 17:30:00,2011-11-10 18:04:00,9,1525.88,30,4,5,4,Champions,United Kingdom,2010-07
16908,2009-12-17 13:35:00,2009-12-17 13:35:00,1,252.59,723,1,1,1,Hibernating,United Kingdom,2009-12
16909,2011-09-28 16:45:00,2011-09-28 16:45:00,1,379.14,73,3,1,2,Developing,United Kingdom,2011-09
16910,2011-09-09 14:14:00,2011-12-05 12:51:00,8,1510.06,5,5,4,4,Champions,United Kingdom,2011-09
16911,2010-02-16 16:12:00,2010-03-14 12:18:00,2,255.25,636,1,2,1,Hibernating,United Kingdom,2010-02
16912,2009-12-09 12:32:00,2011-11-11 12:18:00,15,4480.31,29,4,5,5,Champions,United Kingdom,2009-12
16913,2010-02-26 12:06:00,2011-02-22 12:56:00,3,423.90999999999997,291,2,3,2,At risk,United Kingdom,2010-02
16914,2011-11-03 15:27:00,2011-11-03 15:27:00,1,208.46,37,4,1,1,Recent light buyers,United Kingdom,2011-11
16915,2010-05-19 13:32:00,2011-11-30 16:39:00,11,1543.18,10,5,5,4,Champions,United Kingdom,2010-05
16916,2010-10-20 12:56:00,2011-11-16 12:08:00,4,925.32,24,4,3,3,Loyal,United Kingdom,2010-10
16917,2010-03-17 15:24:00,2011-03-08 11:55:00,2,1857.83,277,2,2,4,Hibernating,United Kingdom,2010-03
16918,2009-12-03 12:27:00,2011-10-21 12:50:00,16,3213.29,50,4,5,5,Champions,United Kingdom,2009-12
16919,2010-08-19 15:28:00,2011-07-06 13:35:00,24,4927.56,157,3,5,5,Loyal,United Kingdom,2010-08
16920,2010-10-24 14:07:00,2010-10-24 14:07:00,1,355.45,412,1,1,2,Hibernating,United Kingdom,2010-10
16921,2010-04-18 15:34:00,2011-10-09 16:22:00,3,446.67,62,3,3,2,Loyal,United Kingdom,2010-04
16922,2010-05-16 11:24:00,2010-05-16 11:24:00,1,611.08,573,1,1,2,Hibernating,United Kingdom,2010-05
16923,2010-01-31 11:14:00,2011-11-27 13:00:00,32,13378.36,13,5,5,5,Champions,United Kingdom,2010-01
16924,2011-09-16 12:54:00,2011-11-18 12:53:00,3,846.75,22,4,3,3,Loyal,United Kingdom,2011-09
16925,2010-06-17 15:03:00,2010-06-17 15:03:00,1,125.65,541,1,1,1,Hibernating,United Kingdom,2010-06
16926,2010-07-01 12:57:00,2010-12-03 13:42:00,5,1191.1,372,2,4,3,At risk,United Kingdom,2010-07
16927,2010-12-13 11:57:00,2011-08-16 11:10:00,3,543.05,116,3,3,2,Loyal,United Kingdom,2010-12
16928,2010-02-03 12:30:00,2011-09-20 15:10:00,29,3996.98,81,3,5,5,Loyal,United Kingdom,2010-02
16929,2011-07-07 12:39:00,2011-12-06 08:37:00,7,1295.39,4,5,4,4,Champions,United Kingdom,2011-07
16930,2011-10-02 14:25:00,2011-11-13 16:13:00,3,380.55,27,4,3,2,Loyal,United Kingdom,2011-10
16931,2010-11-07 13:24:00,2011-12-04 13:15:00,23,5081.57,6,5,5,5,Champions,United Kingdom,2010-11
16932,2010-05-17 14:15:00,2011-10-17 14:12:00,3,440.71,54,4,3,2,Loyal,United Kingdom,2010-05
16933,2009-12-09 15:03:00,2011-12-08 12:54:00,9,3181.25,2,5,5,5,Champions,United Kingdom,2009-12
16934,2010-03-28 12:43:00,2011-10-16 12:40:00,6,2110.9900000000002,55,4,4,4,Champions,United Kingdom,2010-03
16935,2010-10-14 13:09:00,2010-11-23 09:16:00,3,535.1,382,2,3,2,At risk,United Kingdom,2010-10
16936,2010-11-19 11:54:00,2011-11-14 11:04:00,2,551.17,26,4,2,2,Recent light buyers,United Kingdom,2010-11
16937,2010-07-28 17:56:00,2010-07-28 17:56:00,1,202.1,500,1,1,1,Hibernating,United Kingdom,2010-07
16938,2010-02-17 14:47:00,2011-12-01 10:20:00,9,7043.18,9,5,5,5,Champions,United Kingdom,2010-02
16939,2010-02-28 13:33:00,2010-08-08 12:24:00,3,449.0,489,1,3,2,At risk,United Kingdom,2010-02
16940,2009-12-08 13:08:00,2011-10-18 13:15:00,8,6427.66,53,4,4,5,Champions,United Kingdom,2009-12
16941,2010-04-07 11:13:00,2010-04-07 11:13:00,1,33.0,612,1,1,1,Hibernating,United Kingdom,2010-04
16942,2011-04-26 11:59:00,2011-11-27 12:40:00,9,1920.59,13,5,5,4,Champions,United Kingdom,2011-04
16943,2010-03-25 13:34:00,2011-05-12 11:57:00,5,1299.49,212,2,4,4,At risk,United Kingdom,2010-03
16944,2010-04-09 11:03:00,2010-04-09 11:03:00,1,101.36,610,1,1,1,Hibernating,United Kingdom,2010-04
16945,2009-12-09 11:33:00,2011-11-18 11:39:00,33,8548.16,22,4,5,5,Champions,United Kingdom,2009-12
16946,2010-03-02 10:49:00,2010-11-21 14:06:00,5,1222.04,384,2,4,3,At risk,United Kingdom,2010-03
16947,2010-03-03 10:54:00,2011-04-18 09:38:00,5,955.21,236,2,4,3,At risk,United Kingdom,2010-03
16948,2010-02-21 13:48:00,2011-07-24 12:46:00,7,868.77,139,3,4,3,Loyal,United Kingdom,2010-02
16949,2011-01-27 12:11:00,2011-12-06 11:07:00,6,1286.27,4,5,4,4,Champions,United Kingdom,2011-01
16950,2010-01-24 11:26:00,2011-10-14 09:06:00,10,3612.37,57,4,5,5,Champions,United Kingdom,2010-01
16951,2011-02-08 14:58:00,2011-07-28 12:05:00,3,1277.75,135,3,3,4,Loyal,United Kingdom,2011-02
16952,2009-12-11 13:52:00,2011-08-22 13:03:00,5,798.78,110,3,4,3,Loyal,United Kingdom,2009-12
16953,2011-11-09 15:54:00,2011-11-09 15:54:00,1,20.8,31,4,1,1,Recent light buyers,United Kingdom,2011-11
16954,2010-01-18 14:49:00,2011-12-09 09:46:00,20,6081.88,1,5,5,5,Champions,United Kingdom,2010-01
16955,2010-01-31 11:38:00,2011-06-08 10:36:00,6,1120.31,185,3,4,3,Loyal,United Kingdom,2010-01
16956,2011-11-22 08:56:00,2011-11-22 08:56:00,1,308.74,18,5,1,2,Recent light buyers,United Kingdom,2011-11
16957,2011-03-03 09:25:00,2011-04-14 13:56:00,2,416.64,240,2,2,2,Hibernating,United Kingdom,2011-03
16958,2010-09-30 14:25:00,2010-09-30 14:25:00,1,809.44,436,1,1,3,Hibernating,United Kingdom,2010-09
16959,2011-09-13 15:03:00,2011-09-13 15:03:00,1,117.35000000000001,88,3,1,1,Developing,United Kingdom,2011-09
16960,2010-03-02 13:36:00,2011-11-01 11:35:00,8,2043.43,39,4,4,4,Champions,United Kingdom,2010-03
16961,2010-06-25 14:36:00,2011-08-15 13:46:00,3,794.56,117,3,3,3,Loyal,United Kingdom,2010-06
16962,2010-10-26 11:36:00,2010-10-26 11:36:00,1,251.04,410,2,1,1,Hibernating,United Kingdom,2010-10
16963,2011-06-05 13:48:00,2011-06-05 13:48:00,1,110.55000000000001,188,3,1,1,Developing,United Kingdom,2011-06
16964,2009-12-06 12:51:00,2009-12-06 12:53:00,2,207.85,734,1,2,1,Hibernating,United Kingdom,2009-12
16965,2011-04-27 12:08:00,2011-04-27 12:08:00,1,201.19,227,2,1,1,Hibernating,United Kingdom,2011-04
16966,2011-04-13 14:17:00,2011-12-01 13:40:00,7,2154.97,9,5,4,4,Champions,United Kingdom,2011-04
16967,2011-06-03 14:24:00,2011-06-03 14:24:00,1,319.02,190,3,1,2,Developing,United Kingdom,2011-06
16968,2011-08-24 10:51:00,2011-12-05 15:02:00,2,439.43,5,5,2,2,Recent light buyers,United Kingdom,2011-08
16969,2011-06-01 12:10:00,2011-10-31 13:12:00,3,650.41,40,4,3,3,Loyal,United Kingdom,2011-06
16970,2010-03-23 13:50:00,2010-03-23 13:50:00,1,71.4,627,1,1,1,Hibernating,United Kingdom,2010-03
16971,2011-11-01 15:06:00,2011-11-01 15:06:00,1,357.21,39,4,1,2,Recent light buyers,United Kingdom,2011-11
16972,2010-09-09 11:20:00,2010-11-22 10:59:00,2,786.25,383,2,2,3,Hibernating,United Kingdom,2010-09
16973,2010-11-18 13:56:00,2010-11-18 13:56:00,1,127.0,387,2,1,1,Hibernating,United Kingdom,2010-11
16974,2010-05-24 10:43:00,2010-07-05 10:18:00,2,365.5,523,1,2,2,Hibernating,United Kingdom,2010-05
16975,2010-07-22 11:38:00,2010-10-12 17:53:00,3,926.12,424,1,3,3,At risk,United Kingdom,2010-07
16976,2011-03-17 16:33:00,2011-03-17 16:33:00,1,251.51999999999998,268,2,1,1,Hibernating,United Kingdom,2011-03
16977,2010-03-18 11:06:00,2010-11-09 13:17:00,4,496.0,396,2,3,2,At risk,United Kingdom,2010-03
16978,2010-02-11 16:27:00,2011-09-23 12:50:00,3,768.88,78,3,3,3,Loyal,United Kingdom,2010-02
16979,2010-09-15 14:30:00,2011-12-06 12:21:00,9,2859.74,4,5,5,4,Champions,United Kingdom,2010-09
16980,2010-10-07 14:05:00,2011-03-29 16:36:00,3,1473.3300000000002,256,2,3,4,At risk,United Kingdom,2010-10
16982,2011-10-10 12:28:00,2011-10-10 12:28:00,1,384.06,61,3,1,2,Developing,United Kingdom,2011-10
16983,2010-09-19 12:38:00,2011-11-27 12:10:00,11,3546.73,13,5,5,5,Champions,United Kingdom,2010-09
16984,2010-03-07 15:34:00,2011-09-12 13:43:00,9,10754.8,89,3,5,5,Loyal,United Kingdom,2010-03
16985,2009-12-10 13:34:00,2011-11-22 13:33:00,23,10923.16,18,5,5,5,Champions,United Kingdom,2009-12
16986,2010-02-04 14:46:00,2011-11-10 11:55:00,11,4888.75,30,4,5,5,Champions,United Kingdom,2010-02
16987,2009-12-02 14:34:00,2011-12-06 17:26:00,11,2535.9,4,5,5,4,Champions,United Kingdom,2009-12
16988,2010-11-25 09:22:00,2011-12-04 16:02:00,2,382.67,6,5,2,2,Recent light buyers,United Kingdom,2010-11
16989,2011-07-12 09:11:00,2011-12-02 16:39:00,6,1133.25,8,5,4,3,Loyal,United Kingdom,2011-07
16990,2010-10-13 11:42:00,2011-05-05 08:30:00,2,344.0,219,2,2,2,Hibernating,United Kingdom,2010-10
16991,2010-10-14 14:08:00,2010-10-14 14:08:00,1,1041.21,422,1,1,3,Hibernating,United Kingdom,2010-10
16992,2010-02-11 12:36:00,2011-11-29 11:50:00,13,5476.5,11,5,5,5,Champions,United Kingdom,2010-02
16993,2010-05-12 13:55:00,2010-09-02 12:16:00,2,1950.9499999999998,464,1,2,4,Hibernating,United Kingdom,2010-05
16996,2010-10-18 12:24:00,2011-11-09 16:43:00,9,2123.61,31,4,5,4,Champions,United Kingdom,2010-10
16997,2011-01-18 11:51:00,2011-02-24 17:28:00,3,702.0,289,2,3,3,At risk,United Kingdom,2011-01
16998,2010-09-21 14:39:00,2011-07-13 09:44:00,5,402.0,150,3,4,2,Loyal,United Kingdom,2010-09
16999,2011-09-26 15:43:00,2011-11-16 13:53:00,2,484.82,24,4,2,2,Recent light buyers,United Kingdom,2011-09
17000,2010-10-27 14:16:00,2010-11-08 13:35:00,2,406.3,397,2,2,2,Hibernating,United Kingdom,2010-10
17001,2010-03-25 12:41:00,2011-12-09 09:38:00,19,6640.8,1,5,5,5,Champions,United Kingdom,2010-03
17002,2010-03-08 15:46:00,2011-09-15 12:40:00,7,2571.55,86,3,4,4,Loyal,United Kingdom,2010-03
17003,2010-05-10 11:20:00,2010-11-02 13:15:00,4,830.16,403,2,3,3,At risk,United Kingdom,2010-05
17004,2010-10-11 15:43:00,2011-10-24 14:25:00,4,2425.16,47,4,3,4,Loyal,United Kingdom,2010-10
17005,2010-04-30 10:55:00,2010-08-26 10:57:00,2,742.36,471,1,2,3,Hibernating,United Kingdom,2010-04
17006,2010-03-05 13:33:00,2011-12-05 12:09:00,8,1636.32,5,5,4,4,Champions,United Kingdom,2010-03
17007,2010-09-28 13:51:00,2011-10-20 10:47:00,7,1120.1,51,4,4,3,Loyal,United Kingdom,2010-09
17008,2010-10-06 15:19:00,2010-10-06 15:19:00,1,81.36,430,1,1,1,Hibernating,United Kingdom,2010-10
17009,2010-06-06 16:01:00,2010-06-06 16:01:00,1,242.06,552,1,1,1,Hibernating,United Kingdom,2010-06
17010,2011-11-21 14:49:00,2011-11-21 14:49:00,1,195.36,19,5,1,1,Recent light buyers,United Kingdom,2011-11
17011,2010-02-26 09:47:00,2011-11-09 13:30:00,3,671.7,31,4,3,3,Loyal,United Kingdom,2010-02
17012,2009-12-14 17:34:00,2009-12-14 17:34:00,1,384.16,726,1,1,2,Hibernating,United Kingdom,2009-12
17014,2011-10-04 11:36:00,2011-12-01 14:09:00,3,586.33,9,5,3,2,Loyal,United Kingdom,2011-10
17015,2011-06-07 13:19:00,2011-11-11 10:45:00,3,1842.56,29,4,3,4,Loyal,United Kingdom,2011-06
17016,2010-05-12 12:32:00,2010-05-12 12:32:00,1,552.4,577,1,1,2,Hibernating,United Kingdom,2010-05
17017,2009-12-03 13:22:00,2011-12-07 09:32:00,29,12576.99,3,5,5,5,Champions,United Kingdom,2009-12
17018,2009-12-05 10:27:00,2011-10-30 11:42:00,6,2287.7,41,4,4,4,Champions,United Kingdom,2009-12
17019,2009-12-02 11:52:00,2011-11-28 13:06:00,11,3653.38,12,5,5,5,Champions,United Kingdom,2009-12
17020,2010-03-03 12:27:00,2010-06-15 13:06:00,2,935.62,543,1,2,3,Hibernating,United Kingdom,2010-03
17021,2010-04-29 20:05:00,2010-09-23 20:01:00,6,1182.22,443,1,4,3,At risk,United Kingdom,2010-04
17022,2010-10-03 10:27:00,2011-11-08 17:09:00,2,260.0,32,4,2,1,Recent light buyers,United Kingdom,2010-10
17023,2010-01-11 15:09:00,2010-10-18 15:37:00,3,800.18,418,1,3,3,At risk,United Kingdom,2010-01
17024,2011-07-05 09:31:00,2011-10-25 13:47:00,3,95.85,46,4,3,1,Loyal,United Kingdom,2011-07
17025,2010-03-08 13:37:00,2011-10-10 09:06:00,5,1349.67,61,3,4,4,Loyal,United Kingdom,2010-03
17026,2010-10-18 15:22:00,2011-06-07 14:28:00,3,175.82999999999998,186,3,3,1,Loyal,United Kingdom,2010-10
17027,2009-12-10 12:10:00,2011-09-22 12:24:00,9,1327.1100000000001,79,3,5,4,Loyal,United Kingdom,2009-12
17028,2009-12-18 14:28:00,2010-05-07 15:33:00,3,1593.83,582,1,3,4,At risk,United Kingdom,2009-12
17029,2010-02-14 10:19:00,2011-08-21 11:06:00,7,2137.3,111,3,4,4,Loyal,United Kingdom,2010-02
17030,2011-10-07 08:49:00,2011-10-07 08:49:00,1,146.87,64,3,1,1,Developing,United Kingdom,2011-10
17031,2010-05-07 14:52:00,2011-11-28 10:23:00,6,2773.85,12,5,4,4,Champions,United Kingdom,2010-05
17032,2009-12-10 15:36:00,2010-06-10 12:16:00,8,3004.6,548,1,4,5,At risk,United Kingdom,2009-12
17033,2010-11-07 12:55:00,2011-09-14 14:34:00,4,1332.79,87,3,3,4,Loyal,United Kingdom,2010-11
17034,2010-07-14 12:55:00,2011-11-23 15:14:00,5,1283.92,17,5,4,4,Champions,United Kingdom,2010-07
17035,2009-12-03 10:37:00,2011-04-08 11:23:00,4,613.59,246,2,3,3,At risk,United Kingdom,2009-12
17036,2010-11-21 14:26:00,2010-11-21 14:26:00,1,176.9,384,2,1,1,Hibernating,United Kingdom,2010-11
17037,2011-09-13 12:49:00,2011-09-13 12:49:00,1,1267.32,88,3,1,4,Developing,United Kingdom,2011-09
17038,2010-10-20 16:04:00,2011-11-09 13:50:00,2,743.17,31,4,2,3,Recent light buyers,United Kingdom,2010-10
17039,2010-04-14 12:56:00,2010-04-14 12:56:00,1,1954.99,605,1,1,4,Hibernating,United Kingdom,2010-04
17040,2010-06-07 15:08:00,2011-07-25 10:19:00,2,463.25,138,3,2,2,Developing,United Kingdom,2010-06
17041,2010-04-18 14:25:00,2011-11-13 11:21:00,6,1686.28,27,4,4,4,Champions,United Kingdom,2010-04
17042,2011-04-06 14:53:00,2011-12-07 12:26:00,5,1044.3799999999999,3,5,4,3,Loyal,United Kingdom,2011-04
17043,2009-12-09 15:20:00,2011-11-07 15:33:00,8,2616.55,33,4,4,4,Champions,United Kingdom,2009-12
17044,2009-12-07 12:25:00,2011-11-14 14:28:00,12,11962.3,26,4,5,5,Champions,United Kingdom,2009-12
17045,2010-10-06 14:52:00,2011-08-18 17:09:00,5,827.6800000000001,114,3,4,3,Loyal,United Kingdom,2010-10
17046,2010-03-29 13:46:00,2011-07-05 14:24:00,5,1906.07,158,3,4,4,Loyal,United Kingdom,2010-03
17047,2009-12-08 08:48:00,2011-09-15 13:27:00,6,2289.23,86,3,4,4,Loyal,United Kingdom,2009-12
17048,2010-01-18 13:55:00,2011-08-14 11:49:00,7,2071.68,118,3,4,4,Loyal,United Kingdom,2010-01
17049,2010-03-04 10:23:00,2011-12-07 10:48:00,19,9947.48,3,5,5,5,Champions,United Kingdom,2010-03
17050,2010-01-26 14:54:00,2011-09-04 13:48:00,11,4691.79,97,3,5,5,Loyal,United Kingdom,2010-01
17051,2010-03-21 14:55:00,2011-05-29 14:13:00,4,714.39,195,2,3,3,At risk,United Kingdom,2010-03
17052,2011-11-11 14:50:00,2011-11-11 14:50:00,1,413.75,29,4,1,2,Recent light buyers,United Kingdom,2011-11
17053,2011-08-01 10:23:00,2011-08-01 10:23:00,1,498.48,131,3,1,2,Developing,United Kingdom,2011-08
17054,2011-04-08 13:14:00,2011-11-11 12:56:00,5,1356.33,29,4,4,4,Champions,United Kingdom,2011-04
17055,2010-09-20 12:21:00,2010-09-20 12:21:00,1,239.55,446,1,1,1,Hibernating,United Kingdom,2010-09
17056,2009-12-01 12:55:00,2009-12-01 12:55:00,1,128.60000000000002,739,1,1,1,Hibernating,United Kingdom,2009-12
17057,2010-04-22 19:21:00,2010-04-22 19:21:00,1,294.74,597,1,1,2,Hibernating,United Kingdom,2010-04
17058,2011-04-14 09:18:00,2011-09-19 10:13:00,3,1179.89,82,3,3,3,Loyal,United Kingdom,2011-04
17059,2010-01-26 14:43:00,2011-11-10 12:27:00,9,4880.17,30,4,5,5,Champions,United Kingdom,2010-01
17060,2011-03-18 13:27:00,2011-03-18 13:27:00,1,234.24,267,2,1,1,Hibernating,United Kingdom,2011-03
17061,2011-04-21 13:29:00,2011-09-27 11:24:00,11,5232.2300000000005,74,3,5,5,Loyal,United Kingdom,2011-04
17062,2010-09-26 11:57:00,2011-01-30 11:01:00,6,913.79,314,2,4,3,At risk,United Kingdom,2010-09
17063,2009-12-01 12:36:00,2011-11-18 16:19:00,13,3638.53,22,4,5,5,Champions,United Kingdom,2009-12
17064,2011-01-16 16:10:00,2011-10-12 10:18:00,3,859.35,59,4,3,3,Loyal,United Kingdom,2011-01
17065,2010-03-12 11:40:00,2010-03-12 11:41:00,2,194.7,638,1,2,1,Hibernating,United Kingdom,2010-03
17066,2009-12-13 13:24:00,2009-12-13 13:24:00,1,228.34,727,1,1,1,Hibernating,United Kingdom,2009-12
17067,2009-12-08 12:03:00,2009-12-15 08:39:00,3,454.54,725,1,3,2,At risk,United Kingdom,2009-12
17068,2010-03-28 14:26:00,2011-11-27 13:14:00,47,8994.93,13,5,5,5,Champions,United Kingdom,2010-03
17069,2009-12-03 12:27:00,2011-11-11 17:13:00,14,5517.2300000000005,29,4,5,5,Champions,United Kingdom,2009-12
17070,2010-10-25 15:57:00,2011-08-17 17:01:00,2,445.32,115,3,2,2,Developing,United Kingdom,2010-10
17071,2010-01-24 13:05:00,2011-11-11 16:31:00,13,3801.2000000000003,29,4,5,5,Champions,United Kingdom,2010-01
17072,2010-03-24 16:33:00,2010-03-24 16:33:00,1,282.05,626,1,1,1,Hibernating,United Kingdom,2010-03
17073,2011-08-22 14:37:00,2011-11-22 11:47:00,4,1446.09,18,5,3,4,Loyal,United Kingdom,2011-08
17074,2010-05-26 12:04:00,2010-05-26 12:04:00,1,203.05,563,1,1,1,Hibernating,United Kingdom,2010-05
17075,2009-12-14 11:24:00,2011-11-22 11:58:00,10,2241.73,18,5,5,4,Champions,United Kingdom,2009-12
17076,2009-12-04 12:12:00,2011-11-03 17:53:00,6,1242.75,37,4,4,4,Champions,United Kingdom,2009-12
17077,2010-05-10 16:36:00,2010-05-10 16:36:00,1,306.0,579,1,1,2,Hibernating,United Kingdom,2010-05
17078,2011-11-03 18:49:00,2011-11-03 19:17:00,2,378.2,37,4,2,2,Recent light buyers,United Kingdom,2011-11
17079,2011-09-22 15:34:00,2011-09-22 15:34:00,1,118.80000000000001,79,3,1,1,Developing,United Kingdom,2011-09
17080,2010-07-01 16:03:00,2011-11-17 12:59:00,7,957.53,23,4,4,3,Loyal,United Kingdom,2010-07
17081,2010-02-22 13:19:00,2011-11-14 12:56:00,6,964.39,26,4,4,3,Loyal,United Kingdom,2010-02
17082,2009-12-15 11:25:00,2011-11-06 15:17:00,6,4732.03,34,4,4,5,Champions,United Kingdom,2009-12
17083,2010-02-09 11:46:00,2011-08-22 15:43:00,9,4049.79,110,3,5,5,Loyal,United Kingdom,2010-02
17084,2010-11-08 14:20:00,2011-11-04 14:54:00,3,5202.97,36,4,3,5,Loyal,United Kingdom,2010-11
17085,2009-12-06 12:16:00,2011-08-08 14:15:00,28,7891.41,124,3,5,5,Loyal,United Kingdom,2009-12
17086,2011-10-07 11:22:00,2011-12-02 13:54:00,6,2050.08,8,5,4,4,Champions,United Kingdom,2011-10
17087,2009-12-02 10:41:00,2009-12-02 10:41:00,1,221.53,738,1,1,1,Hibernating,United Kingdom,2009-12
17088,2011-03-31 09:48:00,2011-11-11 14:23:00,4,1991.01,29,4,3,4,Loyal,United Kingdom,2011-03
17089,2010-11-18 15:33:00,2010-11-18 15:33:00,1,128.45,387,2,1,1,Hibernating,United Kingdom,2010-11
17090,2010-07-19 16:02:00,2011-12-05 13:44:00,13,3149.48,5,5,5,5,Champions,United Kingdom,2010-07
17091,2009-12-16 15:45:00,2011-12-07 10:43:00,19,7517.650000000001,3,5,5,5,Champions,United Kingdom,2009-12
17092,2010-02-02 16:42:00,2011-10-20 19:51:00,11,5594.96,51,4,5,5,Champions,United Kingdom,2010-02
17093,2010-04-26 10:22:00,2010-04-26 10:22:00,1,235.88,593,1,1,1,Hibernating,United Kingdom,2010-04
17094,2010-10-12 10:48:00,2011-01-21 13:09:00,2,402.20000000000005,323,2,2,2,Hibernating,United Kingdom,2010-10
17095,2009-12-15 12:32:00,2011-11-17 12:21:00,7,2572.25,23,4,4,4,Champions,United Kingdom,2009-12
17096,2010-06-02 14:48:00,2011-11-24 15:01:00,11,3759.18,16,5,5,5,Champions,United Kingdom,2010-06
17097,2010-10-05 14:09:00,2011-12-07 17:05:00,9,1165.73,3,5,5,3,Loyal,Spain,2010-10
17098,2010-06-17 10:30:00,2010-11-23 12:13:00,3,591.0699999999999,382,2,3,2,At risk,United Kingdom,2010-06
17099,2010-06-24 16:25:00,2010-06-24 16:25:00,1,582.17,534,1,1,2,Hibernating,United Kingdom,2010-06
17100,2011-11-21 16:36:00,2011-11-21 16:36:00,2,971.74,19,5,2,3,Recent light buyers,United Kingdom,2011-11
17101,2010-06-07 15:12:00,2011-11-29 13:57:00,7,2507.05,11,5,4,4,Champions,United Kingdom,2010-06
17102,2011-03-23 10:08:00,2011-03-23 10:08:00,1,25.5,262,2,1,1,Hibernating,United Kingdom,2011-03
17103,2009-12-17 14:08:00,2009-12-17 14:08:00,1,424.3,723,1,1,2,Hibernating,United Kingdom,2009-12
17104,2010-10-12 12:21:00,2010-10-12 12:21:00,1,474.03,424,1,1,2,Hibernating,United Kingdom,2010-10
17105,2011-02-06 14:46:00,2011-07-03 15:53:00,2,665.78,160,3,2,3,Developing,United Kingdom,2011-02
17106,2010-11-15 14:11:00,2010-11-15 14:11:00,1,491.23,390,2,1,2,Hibernating,United Kingdom,2010-11
17107,2010-01-31 15:47:00,2011-11-06 14:14:00,10,16075.42,34,4,5,5,Champions,United Kingdom,2010-01
17108,2010-02-14 12:22:00,2010-02-14 12:22:00,1,174.95,664,1,1,1,Hibernating,United Kingdom,2010-02
17109,2010-07-30 12:42:00,2011-11-10 16:59:00,8,1295.46,30,4,4,4,Champions,United Kingdom,2010-07
17110,2010-04-08 13:32:00,2011-06-27 12:58:00,3,510.7,166,3,3,2,Loyal,United Kingdom,2010-04
17111,2010-10-10 15:21:00,2011-10-23 15:59:00,2,476.58,48,4,2,2,Recent light buyers,United Kingdom,2010-10
17112,2010-07-25 11:14:00,2010-07-25 11:14:00,1,205.17,503,1,1,1,Hibernating,United Kingdom,2010-07
17113,2010-01-11 10:14:00,2010-05-14 13:59:00,6,2322.59,575,1,4,4,At risk,United Kingdom,2010-01
17114,2011-01-09 11:39:00,2011-12-04 12:17:00,8,808.62,6,5,4,3,Loyal,United Kingdom,2011-01
17115,2009-12-05 12:13:00,2011-12-01 14:30:00,7,2761.4900000000002,9,5,4,4,Champions,United Kingdom,2009-12
17116,2010-03-01 16:29:00,2010-03-01 16:29:00,1,389.78,649,1,1,2,Hibernating,United Kingdom,2010-03
17117,2011-02-24 13:54:00,2011-02-24 13:54:00,1,116.19999999999999,289,2,1,1,Hibernating,United Kingdom,2011-02
17118,2011-01-26 12:19:00,2011-01-26 12:19:00,1,157.02,318,2,1,1,Hibernating,United Kingdom,2011-01
17119,2011-10-11 11:03:00,2011-12-06 14:40:00,2,606.91,4,5,2,2,Recent light buyers,United Kingdom,2011-10
17120,2011-04-20 15:21:00,2011-04-20 15:21:00,1,307.46,234,2,1,2,Hibernating,United Kingdom,2011-04
17121,2010-11-02 11:47:00,2010-11-02 11:47:00,1,314.74,403,2,1,2,Hibernating,United Kingdom,2010-11
17122,2010-07-28 09:34:00,2011-08-12 14:33:00,4,570.5,120,3,3,2,Loyal,United Kingdom,2010-07
17123,2010-05-16 11:52:00,2011-07-01 10:47:00,3,977.17,162,3,3,3,Loyal,United Kingdom,2010-05
17124,2011-06-07 14:02:00,2011-06-07 14:02:00,1,298.89,186,3,1,2,Developing,United Kingdom,2011-06
17125,2011-10-20 14:41:00,2011-10-20 14:41:00,1,259.35,51,4,1,1,Recent light buyers,United Kingdom,2011-10
17126,2010-08-31 13:41:00,2011-07-10 13:52:00,9,2070.44,153,3,5,4,Loyal,United Kingdom,2010-08
17127,2009-12-04 15:18:00,2010-10-07 09:54:00,5,1155.0300000000002,429,1,4,3,At risk,United Kingdom,2009-12
17128,2011-01-09 12:02:00,2011-01-09 12:02:00,1,157.09,335,2,1,1,Hibernating,United Kingdom,2011-01
17129,2010-07-07 13:46:00,2010-07-07 13:46:00,1,31.85,521,1,1,1,Hibernating,United Kingdom,2010-07
17131,2011-09-25 12:42:00,2011-12-04 12:52:00,5,2463.17,6,5,4,4,Champions,United Kingdom,2011-09
17132,2010-08-08 13:49:00,2010-09-13 16:31:00,2,1272.8,453,1,2,4,Hibernating,United Kingdom,2010-08
17133,2010-03-21 12:31:00,2011-11-24 12:27:00,12,14622.33,16,5,5,5,Champions,United Kingdom,2010-03
17134,2010-09-23 18:32:00,2011-08-25 09:53:00,3,637.1,107,3,3,3,Loyal,United Kingdom,2010-09
17135,2010-05-09 16:03:00,2011-11-23 16:48:00,10,1738.58,17,5,5,4,Champions,United Kingdom,2010-05
17136,2010-02-15 13:13:00,2010-02-15 13:13:00,1,231.68,663,1,1,1,Hibernating,United Kingdom,2010-02
17137,2010-01-31 12:27:00,2010-10-19 14:51:00,6,1133.63,417,1,4,3,At risk,United Kingdom,2010-01
17138,2010-02-04 14:19:00,2011-03-09 11:54:00,7,4417.27,276,2,4,5,At risk,United Kingdom,2010-02
17139,2010-01-11 11:31:00,2011-11-24 10:12:00,25,19584.46,16,5,5,5,Champions,United Kingdom,2010-01
17140,2011-04-06 13:33:00,2011-04-06 13:33:00,1,465.32,248,2,1,2,Hibernating,United Kingdom,2011-04
17141,2010-01-24 14:19:00,2010-10-17 14:54:00,4,754.33,419,1,3,3,At risk,United Kingdom,2010-01
17142,2010-01-24 15:23:00,2011-04-14 18:22:00,4,1283.75,240,2,3,4,At risk,United Kingdom,2010-01
17143,2010-07-12 13:26:00,2010-10-18 15:27:00,2,924.11,418,1,2,3,Hibernating,United Kingdom,2010-07
17144,2011-09-16 12:50:00,2011-12-08 17:57:00,2,984.57,2,5,2,3,Recent light buyers,United Kingdom,2011-09
17145,2010-02-19 12:07:00,2010-07-15 09:02:00,4,3120.91,513,1,3,5,At risk,United Kingdom,2010-02
17146,2010-02-02 09:39:00,2011-08-26 12:44:00,13,5860.24,106,3,5,5,Loyal,United Kingdom,2010-02
17147,2010-01-11 09:38:00,2011-11-17 12:32:00,9,3199.95,23,4,5,5,Champions,United Kingdom,2010-01
17148,2011-10-19 09:59:00,2011-10-19 09:59:00,1,124.88,52,4,1,1,Recent light buyers,United Kingdom,2011-10
17149,2010-09-14 14:56:00,2010-09-14 14:56:00,1,143.10000000000002,452,1,1,1,Hibernating,United Kingdom,2010-09
17150,2009-12-06 10:51:00,2010-11-28 11:27:00,6,1375.65,377,2,4,4,At risk,United Kingdom,2009-12
17151,2009-12-04 14:56:00,2009-12-04 14:56:00,1,231.90000000000003,736,1,1,1,Hibernating,United Kingdom,2009-12
17152,2010-10-10 12:40:00,2011-05-29 12:19:00,4,2016.5,195,2,3,4,At risk,United Kingdom,2010-10
17153,2011-11-15 13:42:00,2011-11-15 13:42:00,1,213.78,25,4,1,1,Recent light buyers,United Kingdom,2011-11
17154,2011-09-25 13:42:00,2011-09-25 13:42:00,1,329.34,76,3,1,2,Developing,United Kingdom,2011-09
17155,2009-12-03 11:34:00,2011-11-22 12:38:00,7,892.46,18,5,4,3,Loyal,United Kingdom,2009-12
17156,2010-08-05 11:30:00,2010-08-05 11:30:00,1,591.87,492,1,1,2,Hibernating,United Kingdom,2010-08
17157,2009-12-04 13:00:00,2011-12-02 09:10:00,19,5151.9,8,5,5,5,Champions,United Kingdom,2009-12
17158,2010-03-07 15:50:00,2011-11-07 15:15:00,5,1980.0,33,4,4,4,Champions,United Kingdom,2010-03
17159,2010-03-04 14:53:00,2011-11-18 10:52:00,5,2099.59,22,4,4,4,Champions,United Kingdom,2010-03
17160,2009-12-04 10:57:00,2011-11-08 14:05:00,17,10209.16,32,4,5,5,Champions,United Kingdom,2009-12
17161,2010-09-21 16:44:00,2010-09-21 16:44:00,1,856.01,445,1,1,3,Hibernating,United Kingdom,2010-09
17162,2011-02-07 12:27:00,2011-11-11 11:34:00,10,1715.46,29,4,5,4,Champions,United Kingdom,2011-02
17163,2010-02-02 10:39:00,2011-11-18 08:57:00,4,699.78,22,4,3,3,Loyal,United Kingdom,2010-02
17164,2011-03-11 14:26:00,2011-11-07 09:14:00,7,2467.35,33,4,4,4,Champions,United Kingdom,2011-03
17165,2009-12-11 09:18:00,2011-02-28 16:39:00,6,1794.32,285,2,4,4,At risk,United Kingdom,2009-12
17166,2011-05-20 08:18:00,2011-11-01 09:46:00,2,206.34,39,4,2,1,Recent light buyers,United Kingdom,2011-05
17167,2010-09-20 14:02:00,2010-11-25 10:05:00,3,867.11,380,2,3,3,At risk,United Kingdom,2010-09
17168,2010-07-29 12:33:00,2010-07-29 12:33:00,1,400.2,499,1,1,2,Hibernating,United Kingdom,2010-07
17169,2010-05-10 13:00:00,2011-10-13 10:25:00,3,1156.73,58,4,3,3,Loyal,United Kingdom,2010-05
17170,2010-11-15 16:23:00,2010-11-30 15:55:00,2,178.68,375,2,2,1,Hibernating,United Kingdom,2010-11
17171,2010-02-16 12:02:00,2011-02-23 16:37:00,2,384.59,290,2,2,2,Hibernating,United Kingdom,2010-02
17172,2009-12-13 11:46:00,2011-09-22 09:36:00,3,956.5699999999999,79,3,3,3,Loyal,United Kingdom,2009-12
17173,2011-07-31 15:26:00,2011-12-04 14:40:00,8,3766.6,6,5,4,5,Champions,United Kingdom,2011-07
17174,2011-05-06 11:47:00,2011-05-06 11:47:00,1,59.9,218,2,1,1,Hibernating,United Kingdom,2011-05
17175,2011-02-16 14:56:00,2011-10-26 15:31:00,4,1443.69,45,4,3,4,Loyal,United Kingdom,2011-02
17176,2010-01-31 15:49:00,2011-05-22 12:41:00,3,902.3199999999999,202,2,3,3,At risk,United Kingdom,2010-01
17177,2010-07-22 14:53:00,2010-07-22 14:53:00,1,119.5,506,1,1,1,Hibernating,United Kingdom,2010-07
17178,2009-12-08 16:20:00,2009-12-08 16:20:00,1,436.71,732,1,1,2,Hibernating,United Kingdom,2009-12
17179,2010-05-26 11:22:00,2011-06-14 16:48:00,6,1507.26,179,3,4,4,Loyal,United Kingdom,2010-05
17180,2010-01-21 17:43:00,2011-10-14 15:46:00,11,2256.98,57,4,5,4,Champions,United Kingdom,2010-01
17181,2010-04-23 11:21:00,2011-10-13 14:48:00,3,309.85,58,4,3,2,Loyal,United Kingdom,2010-04
17182,2009-12-21 15:22:00,2010-10-13 10:09:00,2,321.3,423,1,2,2,Hibernating,United Kingdom,2009-12
17183,2011-08-26 15:25:00,2011-12-02 10:07:00,6,3347.31,8,5,4,5,Champions,United Kingdom,2011-08
17184,2009-12-09 14:17:00,2010-05-19 14:24:00,2,198.41000000000003,570,1,2,1,Hibernating,United Kingdom,2009-12
17185,2010-04-20 13:49:00,2010-04-27 12:15:00,3,229.46,592,1,3,1,At risk,United Kingdom,2010-04
17186,2011-10-10 12:52:00,2011-10-24 10:20:00,2,144.0,47,4,2,1,Recent light buyers,United Kingdom,2011-10
17187,2010-07-01 14:38:00,2011-04-27 12:39:00,2,467.71,227,2,2,2,Hibernating,United Kingdom,2010-07
17188,2009-12-08 19:16:00,2011-11-28 13:53:00,13,4592.93,12,5,5,5,Champions,United Kingdom,2009-12
17189,2009-12-02 11:45:00,2011-08-25 19:39:00,5,957.63,107,3,4,3,Loyal,United Kingdom,2009-12
17190,2010-03-05 13:21:00,2011-10-12 11:33:00,7,1743.04,59,4,4,4,Champions,United Kingdom,2010-03
17191,2009-12-01 16:34:00,2011-11-11 16:58:00,15,4325.9400000000005,29,4,5,5,Champions,United Kingdom,2009-12
17192,2010-06-21 16:07:00,2010-06-21 16:07:00,1,77.83,537,1,1,1,Hibernating,United Kingdom,2010-06
17193,2009-12-02 10:02:00,2011-11-04 12:47:00,9,2310.04,36,4,5,4,Champions,United Kingdom,2009-12
17194,2010-06-27 13:16:00,2011-03-11 12:05:00,3,812.5,274,2,3,3,At risk,United Kingdom,2010-06
17195,2010-02-22 13:05:00,2010-02-22 13:05:00,1,562.98,656,1,1,2,Hibernating,United Kingdom,2010-02
17196,2010-10-08 11:31:00,2010-10-08 11:31:00,1,352.9,428,1,1,2,Hibernating,United Kingdom,2010-10
17197,2011-11-10 10:32:00,2011-11-10 10:32:00,1,1013.01,30,4,1,3,Recent light buyers,United Kingdom,2011-11
17198,2010-12-03 14:54:00,2011-11-16 10:39:00,3,692.22,24,4,3,3,Loyal,United Kingdom,2010-12
17199,2010-05-06 13:53:00,2010-05-06 13:53:00,1,145.12,583,1,1,1,Hibernating,United Kingdom,2010-05
17200,2010-02-25 13:23:00,2010-11-17 13:04:00,4,356.71,388,2,3,2,At risk,United Kingdom,2010-02
17201,2010-02-10 12:26:00,2011-10-17 11:55:00,4,1242.04,54,4,3,4,Loyal,United Kingdom,2010-02
17202,2010-10-15 11:25:00,2010-10-15 11:25:00,1,160.65,421,1,1,1,Hibernating,United Kingdom,2010-10
17203,2010-11-16 12:52:00,2011-11-04 12:27:00,10,5575.88,36,4,5,5,Champions,United Kingdom,2010-11
17204,2010-06-10 11:37:00,2011-06-17 14:46:00,9,5504.6900000000005,176,3,5,5,Loyal,United Kingdom,2010-06
17205,2010-05-24 15:36:00,2011-10-17 12:46:00,3,999.35,54,4,3,3,Loyal,United Kingdom,2010-05
17206,2011-10-17 13:25:00,2011-10-17 13:25:00,1,204.24,54,4,1,1,Recent light buyers,United Kingdom,2011-10
17207,2010-02-25 19:08:00,2010-02-25 19:08:00,1,303.21999999999997,653,1,1,2,Hibernating,United Kingdom,2010-02
17208,2010-11-09 12:50:00,2010-11-09 12:50:00,1,115.35,396,2,1,1,Hibernating,United Kingdom,2010-11
17209,2009-12-03 11:10:00,2010-02-28 16:01:00,3,611.6,650,1,3,2,At risk,United Kingdom,2009-12
17210,2010-11-12 12:15:00,2010-11-12 12:15:00,1,253.37,393,2,1,1,Hibernating,United Kingdom,2010-11
17211,2009-12-13 13:17:00,2011-11-13 12:03:00,13,3773.35,27,4,5,5,Champions,United Kingdom,2009-12
17212,2010-08-10 09:22:00,2011-03-31 19:42:00,3,794.41,254,2,3,3,At risk,United Kingdom,2010-08
17213,2009-12-15 10:28:00,2011-10-30 14:53:00,13,4869.400000000001,41,4,5,5,Champions,United Kingdom,2009-12
17214,2010-12-15 15:14:00,2011-10-10 13:17:00,6,1069.1200000000001,61,3,4,3,Loyal,United Kingdom,2010-12
17215,2010-09-01 13:39:00,2010-09-01 13:39:00,1,186.15,465,1,1,1,Hibernating,United Kingdom,2010-09
17216,2010-06-03 13:03:00,2010-06-03 13:03:00,1,65.05,555,1,1,1,Hibernating,United Kingdom,2010-06
17217,2010-03-30 13:35:00,2011-04-19 17:19:00,2,218.0,235,2,2,1,Hibernating,United Kingdom,2010-03
17218,2010-01-25 16:12:00,2011-12-05 13:52:00,18,3900.14,5,5,5,5,Champions,United Kingdom,2010-01
17219,2010-10-19 11:29:00,2011-11-08 11:25:00,2,259.13,32,4,2,1,Recent light buyers,United Kingdom,2010-10
17220,2010-01-20 11:57:00,2011-11-15 13:47:00,21,4481.75,25,4,5,5,Champions,United Kingdom,2010-01
17221,2010-04-11 15:34:00,2011-12-02 13:35:00,5,978.52,8,5,4,3,Loyal,United Kingdom,2010-04
17222,2010-01-10 15:24:00,2011-10-05 13:58:00,6,1605.01,66,3,4,4,Loyal,United Kingdom,2010-01
17223,2010-11-29 17:19:00,2011-02-02 15:57:00,3,580.6899999999999,311,2,3,2,At risk,United Kingdom,2010-11
17224,2010-07-26 13:30:00,2010-07-26 13:30:00,1,100.86,502,1,1,1,Hibernating,United Kingdom,2010-07
17225,2010-05-07 11:38:00,2010-05-07 11:38:00,1,131.15,582,1,1,1,Hibernating,United Kingdom,2010-05
17226,2010-02-12 14:31:00,2011-02-04 11:52:00,3,900.12,309,2,3,3,At risk,United Kingdom,2010-02
17227,2010-01-15 15:05:00,2011-11-21 10:51:00,12,1879.78,19,5,5,4,Champions,United Kingdom,2010-01
17228,2010-03-12 11:54:00,2011-11-24 10:24:00,13,2821.29,16,5,5,4,Champions,United Kingdom,2010-03
17229,2011-07-20 12:38:00,2011-09-04 13:56:00,2,318.76,97,3,2,2,Developing,United Kingdom,2011-07
17230,2009-12-08 13:41:00,2011-03-20 16:12:00,18,9924.95,265,2,5,5,At risk,United Kingdom,2009-12
17231,2009-12-07 16:38:00,2011-11-27 15:18:00,25,7197.04,13,5,5,5,Champions,United Kingdom,2009-12
17232,2011-11-25 12:24:00,2011-12-07 12:21:00,2,421.52,3,5,2,2,Recent light buyers,United Kingdom,2011-11
17233,2009-12-15 12:03:00,2011-11-04 14:06:00,3,560.86,36,4,3,2,Loyal,United Kingdom,2009-12
17234,2011-06-10 11:20:00,2011-06-10 11:20:00,1,149.89000000000001,183,3,1,1,Developing,United Kingdom,2011-06
17235,2010-06-04 17:01:00,2011-11-14 15:51:00,8,1562.98,26,4,4,4,Champions,United Kingdom,2010-06
17236,2010-03-07 13:00:00,2011-11-27 12:00:00,12,1929.26,13,5,5,4,Champions,United Kingdom,2010-03
17237,2010-11-23 11:45:00,2011-11-28 15:02:00,4,1002.08,12,5,3,3,Loyal,United Kingdom,2010-11
17238,2009-12-01 10:59:00,2011-12-07 11:35:00,32,7413.01,3,5,5,5,Champions,United Kingdom,2009-12
17239,2010-07-01 10:53:00,2011-01-31 09:41:00,4,1189.45,313,2,3,3,At risk,United Kingdom,2010-07
17240,2010-04-22 15:44:00,2010-04-22 15:44:00,1,130.6,597,1,1,1,Hibernating,United Kingdom,2010-04
17241,2010-02-15 14:47:00,2010-11-19 13:01:00,12,2744.14,386,2,5,4,At risk,United Kingdom,2010-02
17242,2010-01-24 10:27:00,2011-08-23 14:55:00,5,2889.28,109,3,4,4,Loyal,United Kingdom,2010-01
17243,2009-12-01 15:36:00,2011-12-08 13:26:00,69,20632.96,2,5,5,5,Champions,United Kingdom,2009-12
17244,2009-12-06 11:27:00,2011-10-17 15:19:00,5,1826.04,54,4,4,4,Champions,United Kingdom,2009-12
17245,2010-01-19 15:39:00,2011-05-19 10:43:00,2,371.63,205,2,2,2,Hibernating,United Kingdom,2010-01
17246,2009-12-01 17:45:00,2010-06-11 12:36:00,2,38.92,547,1,2,1,Hibernating,United Kingdom,2009-12
17247,2011-11-24 15:21:00,2011-11-24 15:21:00,1,282.19,16,5,1,1,Recent light buyers,United Kingdom,2011-11
17248,2010-08-15 11:55:00,2011-08-11 13:34:00,2,546.16,121,3,2,2,Developing,United Kingdom,2010-08
17249,2010-10-07 11:33:00,2010-10-07 11:33:00,1,68.03,429,1,1,1,Hibernating,United Kingdom,2010-10
17250,2011-03-23 16:45:00,2011-12-06 12:15:00,2,384.52,4,5,2,2,Recent light buyers,United Kingdom,2011-03
17251,2009-12-15 10:36:00,2010-12-12 11:06:00,3,812.4300000000001,363,2,3,3,At risk,United Kingdom,2009-12
17252,2011-06-06 16:41:00,2011-08-15 09:45:00,2,353.86,117,3,2,2,Developing,United Kingdom,2011-06
17253,2011-11-21 12:59:00,2011-11-21 12:59:00,1,178.26,19,5,1,1,Recent light buyers,United Kingdom,2011-11
17254,2010-11-03 14:00:00,2011-12-05 12:46:00,3,470.73,5,5,3,2,Loyal,United Kingdom,2010-11
17255,2010-09-19 15:53:00,2011-10-30 12:18:00,4,799.13,41,4,3,3,Loyal,United Kingdom,2010-09
17256,2010-04-18 13:40:00,2011-08-24 13:30:00,5,498.93,108,3,4,2,Loyal,United Kingdom,2010-04
17257,2010-09-29 12:49:00,2010-09-29 12:51:00,2,192.73,437,1,2,1,Hibernating,United Kingdom,2010-09
17258,2010-02-12 15:51:00,2010-11-08 12:37:00,2,417.3,397,2,2,2,Hibernating,United Kingdom,2010-02
17259,2010-02-22 13:38:00,2011-07-14 15:01:00,6,1507.7,149,3,4,4,Loyal,United Kingdom,2010-02
17260,2010-10-24 13:21:00,2010-10-24 13:21:00,1,120.95,412,1,1,1,Hibernating,United Kingdom,2010-10
17261,2010-07-18 11:49:00,2010-07-18 11:49:00,1,230.44,510,1,1,1,Hibernating,United Kingdom,2010-07
17262,2009-12-15 11:26:00,2011-10-18 12:56:00,11,2488.76,53,4,5,4,Champions,United Kingdom,2009-12
17263,2011-05-15 14:32:00,2011-05-15 14:32:00,1,63.440000000000005,209,2,1,1,Hibernating,United Kingdom,2011-05
17264,2010-10-11 12:52:00,2010-10-11 12:52:00,1,279.59,425,1,1,1,Hibernating,United Kingdom,2010-10
17265,2011-06-12 12:00:00,2011-07-24 10:49:00,2,562.9,139,3,2,2,Developing,United Kingdom,2011-06
17266,2010-03-09 10:42:00,2011-12-07 14:12:00,5,517.73,3,5,4,2,Loyal,United Kingdom,2010-03
17267,2011-08-04 17:19:00,2011-08-04 17:22:00,2,317.62,128,3,2,2,Developing,United Kingdom,2011-08
17268,2009-12-08 11:46:00,2011-08-24 10:06:00,11,1733.8899999999999,108,3,5,4,Loyal,United Kingdom,2009-12
17269,2010-11-19 11:12:00,2010-11-19 11:12:00,1,537.46,386,2,1,2,Hibernating,United Kingdom,2010-11
17270,2009-12-07 17:18:00,2010-08-27 14:09:00,2,604.4,470,1,2,2,Hibernating,United Kingdom,2009-12
17271,2009-12-03 13:49:00,2009-12-03 13:49:00,1,210.39,737,1,1,1,Hibernating,United Kingdom,2009-12
17272,2011-03-22 12:05:00,2011-10-28 16:37:00,4,2148.63,43,4,3,4,Loyal,United Kingdom,2011-03
17273,2010-10-11 15:57:00,2010-10-11 15:57:00,1,141.12,425,1,1,1,Hibernating,United Kingdom,2010-10
17274,2010-11-09 12:06:00,2011-11-04 13:16:00,2,577.38,36,4,2,2,Recent light buyers,United Kingdom,2010-11
17275,2010-11-21 13:26:00,2010-11-21 13:26:00,1,114.52,384,2,1,1,Hibernating,United Kingdom,2010-11
17276,2010-11-02 16:20:00,2010-11-02 16:20:00,1,508.39,403,2,1,2,Hibernating,United Kingdom,2010-11
17277,2011-01-21 12:37:00,2011-04-26 12:47:00,2,1065.3500000000001,228,2,2,3,Hibernating,United Kingdom,2011-01
17278,2010-05-23 13:49:00,2011-04-12 13:10:00,2,271.24,242,2,2,1,Hibernating,United Kingdom,2010-05
17279,2011-10-13 11:58:00,2011-10-13 11:58:00,1,187.82999999999998,58,4,1,1,Recent light buyers,United Kingdom,2011-10
17280,2010-09-27 16:46:00,2010-09-27 16:46:00,1,118.85999999999999,439,1,1,1,Hibernating,United Kingdom,2010-09
17281,2010-02-04 13:00:00,2010-11-30 18:05:00,6,797.8499999999999,375,2,4,3,At risk,United Kingdom,2010-02
17282,2010-06-09 12:07:00,2011-08-01 14:29:00,5,2339.66,131,3,4,4,Loyal,United Kingdom,2010-06
17283,2010-11-26 11:53:00,2010-11-26 11:53:00,1,188.46,379,2,1,1,Hibernating,United Kingdom,2010-11
17284,2010-09-20 16:18:00,2011-10-10 14:38:00,8,2793.16,61,3,4,4,Loyal,United Kingdom,2010-09
17285,2010-02-14 14:10:00,2010-03-21 13:38:00,2,428.34,629,1,2,2,Hibernating,United Kingdom,2010-02
17286,2010-11-04 13:43:00,2011-11-18 12:47:00,3,395.48,22,4,3,2,Loyal,United Kingdom,2010-11
17287,2009-12-03 12:45:00,2011-11-13 13:27:00,21,3889.26,27,4,5,5,Champions,United Kingdom,2009-12
17288,2010-11-10 14:44:00,2011-11-30 16:09:00,11,2499.98,10,5,5,4,Champions,United Kingdom,2010-11
17289,2010-03-08 12:52:00,2011-11-08 12:01:00,9,2079.39,32,4,5,4,Champions,United Kingdom,2010-03
17290,2009-12-13 13:28:00,2011-12-06 12:38:00,8,1501.44,4,5,4,4,Champions,United Kingdom,2009-12
17291,2011-02-04 13:04:00,2011-02-04 13:04:00,1,550.8000000000001,309,2,1,2,Hibernating,United Kingdom,2011-02
17292,2010-05-09 14:52:00,2010-08-24 17:14:00,2,271.75,473,1,2,1,Hibernating,United Kingdom,2010-05
17293,2009-12-03 15:09:00,2011-12-01 14:37:00,17,3774.23,9,5,5,5,Champions,United Kingdom,2009-12
17294,2010-02-08 14:21:00,2010-02-08 16:12:00,2,467.78999999999996,670,1,2,2,Hibernating,United Kingdom,2010-02
17295,2011-10-06 12:22:00,2011-11-11 10:49:00,3,556.95,29,4,3,2,Loyal,United Kingdom,2011-10
17296,2009-12-09 14:01:00,2009-12-09 14:01:00,1,338.13,731,1,1,2,Hibernating,United Kingdom,2009-12
17297,2011-11-22 14:43:00,2011-11-22 14:43:00,1,131.78,18,5,1,1,Recent light buyers,United Kingdom,2011-11
17298,2010-03-08 08:56:00,2011-08-30 16:43:00,5,957.5600000000001,102,3,4,3,Loyal,United Kingdom,2010-03
17299,2010-08-15 16:00:00,2011-11-28 12:01:00,6,1016.08,12,5,4,3,Loyal,United Kingdom,2010-08
17300,2010-08-15 11:02:00,2010-11-14 10:56:00,2,393.64,391,2,2,2,Hibernating,United Kingdom,2010-08
17301,2010-03-25 13:16:00,2011-11-18 13:43:00,2,330.43,22,4,2,2,Recent light buyers,United Kingdom,2010-03
17302,2011-02-07 10:14:00,2011-11-25 09:36:00,5,1135.63,15,5,4,3,Loyal,United Kingdom,2011-02
17303,2010-12-13 13:32:00,2010-12-13 13:32:00,1,250.04,362,2,1,1,Hibernating,United Kingdom,2010-12
17304,2010-06-23 16:23:00,2010-06-23 16:23:00,1,111.5,535,1,1,1,Hibernating,United Kingdom,2010-06
17305,2010-03-01 12:47:00,2010-03-01 12:47:00,1,2135.46,649,1,1,4,Hibernating,United Kingdom,2010-03
17306,2010-11-01 11:38:00,2011-11-29 12:14:00,21,9782.35,11,5,5,5,Champions,United Kingdom,2010-11
17307,2010-01-19 16:38:00,2010-11-09 13:40:00,11,3999.8900000000003,396,2,5,5,At risk,United Kingdom,2010-01
17308,2010-09-13 09:35:00,2010-11-11 13:19:00,2,4511.76,394,2,2,5,Hibernating,United Kingdom,2010-09
17309,2010-02-04 15:49:00,2011-09-05 15:20:00,3,330.59000000000003,96,3,3,2,Loyal,United Kingdom,2010-02
17310,2010-06-23 11:38:00,2010-11-17 16:00:00,2,1025.1,388,2,2,3,Hibernating,United Kingdom,2010-06
17311,2010-02-03 12:38:00,2011-09-22 14:11:00,6,3566.56,79,3,4,5,Loyal,United Kingdom,2010-02
17312,2011-07-03 13:12:00,2011-07-24 11:52:00,3,644.3,139,3,3,3,Loyal,United Kingdom,2011-07
17313,2011-11-08 15:45:00,2011-11-08 15:45:00,1,2328.84,32,4,1,4,Recent light buyers,United Kingdom,2011-11
17314,2009-12-03 11:25:00,2011-11-15 09:41:00,17,4904.43,25,4,5,5,Champions,United Kingdom,2009-12
17315,2010-09-27 12:45:00,2011-12-08 12:15:00,43,9650.6,2,5,5,5,Champions,United Kingdom,2010-09
17316,2010-10-15 14:35:00,2010-10-15 14:35:00,1,124.45,421,1,1,1,Hibernating,United Kingdom,2010-10
17317,2011-09-11 12:45:00,2011-10-24 17:19:00,3,2600.34,47,4,3,4,Loyal,United Kingdom,2011-09
17318,2009-12-14 13:11:00,2009-12-14 13:11:00,1,164.28,726,1,1,1,Hibernating,United Kingdom,2009-12
17319,2010-02-08 15:47:00,2010-02-08 15:47:00,1,29.1,670,1,1,1,Hibernating,United Kingdom,2010-02
17320,2010-01-21 16:29:00,2011-08-31 13:31:00,6,2444.85,101,3,4,4,Loyal,United Kingdom,2010-01
17321,2010-05-11 12:10:00,2011-12-01 13:41:00,6,1741.18,9,5,4,4,Champions,United Kingdom,2010-05
17322,2009-12-03 11:46:00,2010-11-28 14:41:00,5,922.59,377,2,4,3,At risk,United Kingdom,2009-12
17323,2010-01-10 11:58:00,2011-11-24 17:29:00,12,1565.59,16,5,5,4,Champions,United Kingdom,2010-01
17324,2009-12-18 15:29:00,2011-11-22 10:34:00,12,2174.82,18,5,5,4,Champions,United Kingdom,2009-12
17325,2010-03-08 11:31:00,2011-03-04 13:09:00,3,609.5699999999999,281,2,3,2,At risk,United Kingdom,2010-03
17326,2010-06-28 14:05:00,2010-10-27 15:38:00,2,321.95,409,2,2,2,Hibernating,United Kingdom,2010-06
17327,2010-05-26 11:20:00,2010-10-26 09:54:00,2,152.35,410,2,2,1,Hibernating,United Kingdom,2010-05
17328,2010-02-04 17:11:00,2010-02-04 17:11:00,1,104.7,674,1,1,1,Hibernating,United Kingdom,2010-02
17329,2009-12-03 16:09:00,2011-11-25 14:24:00,5,1004.4300000000001,15,5,4,3,Loyal,United Kingdom,2009-12
17330,2010-03-02 09:20:00,2011-11-17 08:56:00,4,423.8,23,4,3,2,Loyal,United Kingdom,2010-03
17331,2011-08-08 11:55:00,2011-08-08 11:55:00,1,175.2,124,3,1,1,Developing,United Kingdom,2011-08
17332,2010-02-21 14:41:00,2010-06-29 16:10:00,5,838.27,529,1,4,3,At risk,United Kingdom,2010-02
17333,2011-09-15 10:11:00,2011-09-15 10:11:00,1,494.25,86,3,1,2,Developing,United Kingdom,2011-09
17334,2010-10-29 12:16:00,2011-02-10 14:59:00,3,635.15,303,2,3,3,At risk,United Kingdom,2010-10
17335,2010-01-24 11:15:00,2010-11-21 10:17:00,2,508.0,384,2,2,2,Hibernating,United Kingdom,2010-01
17336,2010-08-24 15:37:00,2010-08-24 15:37:00,1,81.12,473,1,1,1,Hibernating,United Kingdom,2010-08
17337,2011-02-02 17:06:00,2011-07-11 14:55:00,4,2027.8700000000001,152,3,3,4,Loyal,United Kingdom,2011-02
17338,2010-03-10 16:09:00,2011-11-22 14:23:00,17,12142.57,18,5,5,5,Champions,United Kingdom,2010-03
17339,2010-07-18 13:08:00,2011-09-06 13:29:00,3,302.36,95,3,3,2,Loyal,United Kingdom,2010-07
17340,2010-02-14 14:54:00,2011-11-10 10:45:00,18,19733.55,30,4,5,5,Champions,United Kingdom,2010-02
17341,2010-06-17 18:17:00,2011-07-06 12:33:00,5,1376.23,157,3,4,4,Loyal,United Kingdom,2010-06
17342,2010-02-08 09:16:00,2010-11-25 11:07:00,4,1227.54,380,2,3,3,At risk,United Kingdom,2010-02
17343,2009-12-03 18:30:00,2010-12-19 15:07:00,6,1259.94,356,2,4,4,At risk,United Kingdom,2009-12
17344,2009-12-11 12:31:00,2011-10-24 12:56:00,2,468.11,47,4,2,2,Recent light buyers,United Kingdom,2009-12
17345,2009-12-01 16:17:00,2011-11-24 15:03:00,10,1604.68,16,5,5,4,Champions,United Kingdom,2009-12
17346,2010-04-18 12:18:00,2011-12-06 12:18:00,26,5176.39,4,5,5,5,Champions,United Kingdom,2010-04
17347,2011-09-14 13:12:00,2011-09-14 13:12:00,1,228.96,87,3,1,1,Developing,United Kingdom,2011-09
17348,2010-03-10 12:13:00,2011-11-25 11:25:00,9,2476.41,15,5,5,4,Champions,United Kingdom,2010-03
17349,2010-03-18 14:26:00,2011-06-13 14:29:00,5,852.25,180,3,4,3,Loyal,United Kingdom,2010-03
17350,2010-02-01 15:38:00,2011-12-01 15:47:00,7,1906.041,9,5,4,4,Champions,United Kingdom,2010-02
17351,2009-12-10 18:43:00,2011-11-03 18:45:00,12,1988.23,37,4,5,4,Champions,United Kingdom,2009-12
17352,2010-01-12 16:13:00,2010-01-12 16:13:00,1,36.25,697,1,1,1,Hibernating,United Kingdom,2010-01
17353,2010-03-25 12:52:00,2011-08-02 17:19:00,4,3242.0,130,3,3,5,Loyal,United Kingdom,2010-03
17354,2010-10-07 13:22:00,2011-10-20 10:34:00,4,3143.46,51,4,3,5,Loyal,United Kingdom,2010-10
17355,2010-11-18 13:18:00,2010-11-18 13:18:00,1,285.11,387,2,1,1,Hibernating,United Kingdom,2010-11
17356,2010-01-20 12:14:00,2011-02-01 11:07:00,5,946.47,312,2,4,3,At risk,United Kingdom,2010-01
17357,2011-11-15 16:29:00,2011-11-15 16:30:00,2,388.14,25,4,2,2,Recent light buyers,United Kingdom,2011-11
17358,2010-02-24 16:42:00,2011-02-09 16:57:00,5,866.05,304,2,4,3,At risk,United Kingdom,2010-02
17359,2010-03-01 14:48:00,2011-11-28 14:37:00,2,284.46,12,5,2,1,Recent light buyers,United Kingdom,2010-03
17360,2010-10-01 12:07:00,2011-11-22 13:11:00,6,1231.3799999999999,18,5,4,3,Loyal,United Kingdom,2010-10
17361,2010-02-01 14:30:00,2011-10-21 15:43:00,5,880.64,50,4,4,3,Loyal,United Kingdom,2010-02
17362,2010-01-06 10:53:00,2011-04-14 14:43:00,7,1024.04,240,2,4,3,At risk,United Kingdom,2010-01
17363,2010-11-02 17:25:00,2010-11-09 17:11:00,3,940.86,396,2,3,3,At risk,United Kingdom,2010-11
17364,2009-12-07 15:28:00,2011-12-09 09:00:00,28,12070.42,1,5,5,5,Champions,United Kingdom,2009-12
17365,2010-02-01 11:56:00,2011-11-27 12:13:00,15,8224.98,13,5,5,5,Champions,United Kingdom,2010-02
17366,2010-09-09 19:46:00,2010-10-03 16:04:00,2,1096.24,433,1,2,3,Hibernating,United Kingdom,2010-09
17367,2011-04-15 14:21:00,2011-04-15 14:21:00,1,168.4,239,2,1,1,Hibernating,United Kingdom,2011-04
17368,2009-12-15 17:45:00,2011-11-16 15:26:00,14,2826.14,24,4,5,4,Champions,United Kingdom,2009-12
17369,2010-09-10 09:49:00,2010-09-10 09:49:00,1,979.1999999999999,456,1,1,3,Hibernating,United Kingdom,2010-09
17370,2011-06-23 11:50:00,2011-09-28 10:14:00,4,446.18,73,3,3,2,Loyal,United Kingdom,2011-06
17371,2009-12-08 12:25:00,2011-11-22 13:30:00,6,662.55,18,5,4,3,Loyal,United Kingdom,2009-12
17372,2009-12-03 18:41:00,2011-10-30 11:37:00,28,4377.56,41,4,5,5,Champions,United Kingdom,2009-12
17373,2010-02-28 14:17:00,2011-10-30 15:28:00,7,1167.5,41,4,4,3,Loyal,United Kingdom,2010-02
17374,2010-11-09 17:14:00,2011-05-05 09:05:00,3,727.11,219,2,3,3,At risk,United Kingdom,2010-11
17375,2010-10-04 09:14:00,2011-05-24 15:45:00,4,660.55,200,2,3,3,At risk,United Kingdom,2010-10
17376,2010-07-05 11:11:00,2011-09-30 12:36:00,4,453.64,71,3,3,2,Loyal,United Kingdom,2010-07
17377,2009-12-02 12:39:00,2011-11-16 11:17:00,78,17731.11,24,4,5,5,Champions,United Kingdom,2009-12
17378,2010-11-30 18:46:00,2010-11-30 18:46:00,1,10.95,375,2,1,1,Hibernating,United Kingdom,2010-11
17379,2011-11-28 13:56:00,2011-11-28 13:56:00,1,404.66,12,5,1,2,Recent light buyers,United Kingdom,2011-11
17380,2010-06-23 11:24:00,2010-10-01 16:42:00,3,645.0,435,1,3,3,At risk,United Kingdom,2010-06
17381,2010-06-09 12:55:00,2011-12-01 11:59:00,38,36398.65,9,5,5,5,Champions,United Kingdom,2010-06
17382,2010-05-19 11:33:00,2011-10-05 13:05:00,8,902.28,66,3,4,3,Loyal,United Kingdom,2010-05
17383,2010-09-12 14:54:00,2011-12-05 17:36:00,2,309.99,5,5,2,2,Recent light buyers,United Kingdom,2010-09
17384,2010-08-29 16:01:00,2011-11-20 15:48:00,3,507.55,20,5,3,2,Loyal,United Kingdom,2010-08
17385,2011-11-25 11:02:00,2011-11-25 11:02:00,1,261.11,15,5,1,1,Recent light buyers,United Kingdom,2011-11
17386,2010-11-19 13:40:00,2011-12-02 11:28:00,7,2812.77,8,5,4,4,Champions,United Kingdom,2010-11
17387,2011-11-06 11:25:00,2011-11-20 11:00:00,2,784.11,20,5,2,3,Recent light buyers,United Kingdom,2011-11
17388,2009-12-10 11:45:00,2011-09-23 10:31:00,11,2691.57,78,3,5,4,Loyal,United Kingdom,2009-12
17389,2009-12-04 12:06:00,2011-12-09 09:38:00,61,57224.68,1,5,5,5,Champions,United Kingdom,2009-12
17390,2010-10-15 11:29:00,2010-10-15 11:29:00,1,149.3,421,1,1,1,Hibernating,United Kingdom,2010-10
17391,2011-06-28 12:21:00,2011-06-29 09:58:00,2,508.8,164,3,2,2,Developing,United Kingdom,2011-06
17392,2010-09-15 16:17:00,2011-02-06 12:48:00,3,626.56,307,2,3,3,At risk,United Kingdom,2010-09
17393,2010-08-08 15:53:00,2010-10-25 11:10:00,2,381.15,411,2,2,2,Hibernating,United Kingdom,2010-08
17394,2011-05-04 13:22:00,2011-05-04 13:22:00,1,203.86999999999998,220,2,1,1,Hibernating,United Kingdom,2011-05
17395,2010-07-19 15:34:00,2010-07-19 15:34:00,1,97.5,509,1,1,1,Hibernating,United Kingdom,2010-07
17396,2010-09-24 13:04:00,2011-10-31 14:12:00,14,8409.6,40,4,5,5,Champions,United Kingdom,2010-09
17397,2010-10-19 13:20:00,2011-11-17 14:08:00,3,1233.18,23,4,3,4,Loyal,United Kingdom,2010-10
17398,2011-03-29 13:04:00,2011-08-17 09:48:00,3,653.38,115,3,3,3,Loyal,United Kingdom,2011-03
17400,2009-12-17 15:41:00,2011-08-05 15:38:00,8,4677.05,127,3,4,5,Loyal,United Kingdom,2009-12
17401,2010-06-16 16:54:00,2010-06-16 16:54:00,1,114.85,542,1,1,1,Hibernating,United Kingdom,2010-06
17402,2009-12-16 17:40:00,2011-12-05 10:15:00,23,4636.21,5,5,5,5,Champions,United Kingdom,2009-12
17403,2010-09-15 12:29:00,2011-11-03 15:18:00,2,400.57,37,4,2,2,Recent light buyers,United Kingdom,2010-09
17404,2010-01-07 11:31:00,2011-12-05 16:26:00,23,47781.12,5,5,5,5,Champions,Sweden,2010-01
17405,2011-07-12 14:17:00,2011-12-08 17:12:00,3,1031.41,2,5,3,3,Loyal,United Kingdom,2011-07
17406,2009-12-06 13:45:00,2011-01-10 15:07:00,13,4202.95,334,2,5,5,At risk,United Kingdom,2009-12
17407,2010-10-24 11:57:00,2010-10-24 11:57:00,1,552.9,412,1,1,2,Hibernating,United Kingdom,2010-10
17408,2010-07-13 14:02:00,2011-06-29 12:53:00,3,316.09000000000003,164,3,3,2,Loyal,United Kingdom,2010-07
17409,2009-12-11 12:17:00,2011-06-08 10:36:00,10,7793.51,185,3,5,5,Loyal,United Kingdom,2009-12
17410,2011-05-08 15:21:00,2011-11-23 15:46:00,5,1214.72,17,5,4,3,Loyal,United Kingdom,2011-05
17411,2009-12-03 12:02:00,2011-11-27 14:25:00,5,1425.38,13,5,4,4,Champions,United Kingdom,2009-12
17412,2009-12-02 13:51:00,2011-12-07 11:36:00,16,4220.22,3,5,5,5,Champions,United Kingdom,2009-12
17413,2010-05-19 11:11:00,2010-10-31 12:33:00,2,560.14,405,2,2,2,Hibernating,United Kingdom,2010-05
17414,2009-12-03 16:49:00,2011-10-27 12:13:00,6,2249.52,44,4,4,4,Champions,United Kingdom,2009-12
17415,2011-09-21 12:50:00,2011-09-21 12:50:00,1,507.84,80,3,1,2,Developing,United Kingdom,2011-09
17416,2009-12-14 16:29:00,2011-11-10 12:47:00,22,17298.45,30,4,5,5,Champions,United Kingdom,2009-12
17417,2010-06-09 10:00:00,2010-06-09 10:00:00,1,164.18,549,1,1,1,Hibernating,United Kingdom,2010-06
17418,2010-11-17 13:42:00,2011-10-28 13:00:00,3,670.0600000000001,43,4,3,3,Loyal,United Kingdom,2010-11
17419,2010-01-25 13:19:00,2011-11-28 13:47:00,18,6126.25,12,5,5,5,Champions,United Kingdom,2010-01
17420,2010-11-03 13:09:00,2011-10-20 14:52:00,6,953.58,51,4,4,3,Loyal,United Kingdom,2010-11
17421,2009-12-04 15:43:00,2010-11-18 16:57:00,3,1059.41,387,2,3,3,At risk,United Kingdom,2009-12
17422,2010-06-23 10:19:00,2011-11-23 13:27:00,11,3594.76,17,5,5,5,Champions,United Kingdom,2010-06
17423,2010-11-11 12:26:00,2011-10-24 13:36:00,3,1118.95,47,4,3,3,Loyal,United Kingdom,2010-11
17425,2011-10-10 11:37:00,2011-11-20 15:30:00,2,759.17,20,5,2,3,Recent light buyers,United Kingdom,2011-10
17426,2010-02-17 13:39:00,2011-12-01 18:07:00,13,8077.77,9,5,5,5,Champions,United Kingdom,2010-02
17427,2011-09-29 11:29:00,2011-09-29 11:29:00,1,100.8,72,3,1,1,Developing,United Kingdom,2011-09
17428,2009-12-01 17:28:00,2011-12-09 09:45:00,45,31466.760000000002,1,5,5,5,Champions,United Kingdom,2009-12
17429,2010-10-06 12:30:00,2011-08-03 13:22:00,5,1357.46,129,3,4,4,Loyal,United Kingdom,2010-10
17430,2010-08-17 11:52:00,2011-11-07 09:24:00,4,622.57,33,4,3,3,Loyal,United Kingdom,2010-08
17431,2011-01-30 14:36:00,2011-01-30 14:36:00,1,403.3,314,2,1,2,Hibernating,United Kingdom,2011-01
17432,2009-12-03 19:13:00,2011-11-21 17:33:00,9,1751.39,19,5,5,4,Champions,United Kingdom,2009-12
17433,2010-11-19 13:37:00,2011-09-12 14:24:00,2,569.96,89,3,2,2,Developing,United Kingdom,2010-11
17434,2011-09-15 13:54:00,2011-12-07 13:16:00,7,2373.82,3,5,4,4,Champions,United Kingdom,2011-09
17435,2010-10-24 13:55:00,2010-10-24 13:55:00,1,331.35,412,1,1,2,Hibernating,United Kingdom,2010-10
17436,2009-12-07 12:31:00,2011-12-08 12:30:00,5,534.06,2,5,4,2,Loyal,United Kingdom,2009-12
17437,2010-06-28 11:11:00,2010-06-28 11:11:00,1,373.17,530,1,1,2,Hibernating,United Kingdom,2010-06
17438,2010-03-08 16:53:00,2011-03-31 10:26:00,5,1422.77,254,2,4,4,At risk,United Kingdom,2010-03
17439,2010-02-22 12:48:00,2010-02-22 12:48:00,1,325.74,656,1,1,2,Hibernating,United Kingdom,2010-02
17440,2010-06-08 14:40:00,2011-07-06 11:54:00,4,323.58,157,3,3,2,Loyal,United Kingdom,2010-06
17441,2009-12-07 13:32:00,2009-12-07 13:32:00,1,293.35,733,1,1,2,Hibernating,United Kingdom,2009-12
17442,2010-02-15 15:54:00,2011-11-03 09:17:00,15,4620.3,37,4,5,5,Champions,United Kingdom,2010-02
17443,2011-05-04 10:47:00,2011-05-04 10:47:00,1,534.24,220,2,1,2,Hibernating,Canada,2011-05
17444,2011-06-20 09:04:00,2011-07-15 12:05:00,3,2940.04,148,3,3,5,Loyal,Canada,2011-06
17446,2011-02-02 14:40:00,2011-06-16 10:42:00,2,120.9,177,3,2,1,Developing,United Kingdom,2011-02
17447,2011-09-29 10:10:00,2011-10-30 14:18:00,2,541.53,41,4,2,2,Recent light buyers,United Kingdom,2011-09
17448,2010-03-04 17:29:00,2010-07-30 14:07:00,46,14556.97,498,1,5,5,At risk,United Kingdom,2010-03
17449,2009-12-09 14:16:00,2011-12-07 16:56:00,13,4951.15,3,5,5,5,Champions,United Kingdom,2009-12
17450,2010-09-27 16:59:00,2011-12-01 13:29:00,51,244944.25,9,5,5,5,Champions,United Kingdom,2010-09
17451,2011-08-26 11:54:00,2011-12-08 15:02:00,7,1721.4,2,5,4,4,Champions,United Kingdom,2011-08
17453,2011-10-06 17:02:00,2011-11-22 09:42:00,2,486.71999999999997,18,5,2,2,Recent light buyers,United Kingdom,2011-10
17454,2010-01-15 15:40:00,2011-05-31 13:58:00,10,1547.94,193,2,5,4,At risk,United Kingdom,2010-01
17455,2011-05-20 12:31:00,2011-05-20 12:31:00,1,131.7,204,2,1,1,Hibernating,United Kingdom,2011-05
17456,2010-09-09 15:28:00,2010-12-09 15:23:00,2,975.5600000000001,366,2,2,3,Hibernating,United Kingdom,2010-09
17457,2009-12-07 14:52:00,2011-08-05 12:48:00,14,5984.8099999999995,127,3,5,5,Loyal,United Kingdom,2009-12
17458,2010-11-23 11:43:00,2011-11-24 13:01:00,2,529.58,16,5,2,2,Recent light buyers,United Kingdom,2010-11
17459,2011-10-10 17:00:00,2011-10-27 13:25:00,2,657.3,44,4,2,3,Recent light buyers,United Kingdom,2011-10
17460,2010-01-22 13:25:00,2011-09-06 15:04:00,16,2157.9700000000003,95,3,5,4,Loyal,United Kingdom,2010-01
17461,2011-11-10 12:01:00,2011-11-17 10:21:00,3,757.46,23,4,3,3,Loyal,United Kingdom,2011-11
17462,2011-02-28 17:01:00,2011-10-10 13:56:00,2,675.69,61,3,2,3,Developing,United Kingdom,2011-02
17463,2010-04-29 17:57:00,2011-11-23 13:40:00,7,2557.91,17,5,4,4,Champions,United Kingdom,2010-04
17464,2010-03-30 13:15:00,2011-07-04 13:19:00,3,1000.94,159,3,3,3,Loyal,United Kingdom,2010-03
17465,2009-12-03 13:25:00,2010-10-10 11:56:00,7,2542.79,426,1,4,4,At risk,United Kingdom,2009-12
17466,2011-09-22 09:16:00,2011-11-29 13:15:00,2,763.28,11,5,2,3,Recent light buyers,United Kingdom,2011-09
17467,2010-11-09 12:58:00,2010-11-09 12:58:00,1,102.6,396,2,1,1,Hibernating,United Kingdom,2010-11
17468,2010-11-29 17:25:00,2011-11-29 15:33:00,3,194.8,11,5,3,1,Loyal,United Kingdom,2010-11
17469,2009-12-16 15:06:00,2011-11-23 13:15:00,17,5051.25,17,5,5,5,Champions,United Kingdom,2009-12
17470,2010-07-19 16:16:00,2011-10-26 12:42:00,11,2626.47,45,4,5,4,Champions,United Kingdom,2010-07
17471,2010-08-22 11:53:00,2010-08-22 11:53:00,1,321.65000000000003,475,1,1,2,Hibernating,United Kingdom,2010-08
17472,2010-03-21 13:27:00,2011-06-01 14:57:00,4,935.1,192,2,3,3,At risk,United Kingdom,2010-03
17473,2010-09-09 19:03:00,2010-10-27 11:45:00,2,607.0,409,2,2,2,Hibernating,United Kingdom,2010-09
17474,2010-04-19 10:43:00,2010-04-19 10:43:00,1,1047.0,600,1,1,3,Hibernating,United Kingdom,2010-04
17475,2011-09-21 14:55:00,2011-09-21 14:55:00,1,194.37,80,3,1,1,Developing,United Kingdom,2011-09
17476,2009-12-02 12:09:00,2010-11-09 10:21:00,2,489.86,396,2,2,2,Hibernating,United Kingdom,2009-12
17477,2010-03-02 11:53:00,2010-04-06 10:06:00,2,1144.3,613,1,2,3,Hibernating,United Kingdom,2010-03
17478,2010-03-16 14:19:00,2010-10-27 15:01:00,2,1272.8,409,2,2,4,Hibernating,United Kingdom,2010-03
17479,2010-03-17 09:26:00,2010-03-17 09:26:00,1,389.26000000000005,633,1,1,2,Hibernating,United Kingdom,2010-03
17480,2010-09-21 12:31:00,2011-09-23 11:39:00,2,902.03,78,3,2,3,Developing,United Kingdom,2010-09
17481,2011-09-07 09:57:00,2011-12-06 12:28:00,4,1255.59,4,5,3,4,Loyal,United Kingdom,2011-09
17482,2010-05-10 14:10:00,2010-08-09 15:33:00,2,778.19,488,1,2,3,Hibernating,United Kingdom,2010-05
17483,2010-10-21 12:43:00,2011-10-05 13:10:00,4,591.73,66,3,3,2,Loyal,United Kingdom,2010-10
17484,2010-03-25 16:17:00,2010-05-12 15:41:00,2,209.57,577,1,2,1,Hibernating,United Kingdom,2010-03
17486,2011-03-23 14:00:00,2011-03-23 14:00:00,1,396.87,262,2,1,2,Hibernating,United Kingdom,2011-03
17487,2009-12-11 15:06:00,2009-12-11 15:06:00,1,160.55,729,1,1,1,Hibernating,United Kingdom,2009-12
17488,2010-03-08 14:07:00,2010-03-08 14:07:00,1,336.5,642,1,1,2,Hibernating,United Kingdom,2010-03
17489,2011-05-11 11:34:00,2011-10-12 08:56:00,2,376.64,59,4,2,2,Recent light buyers,United Kingdom,2011-05
17490,2010-05-19 12:40:00,2011-12-09 09:08:00,9,2750.5,1,5,5,4,Champions,United Kingdom,2010-05
17491,2010-04-28 11:57:00,2011-12-08 16:18:00,17,5653.67,2,5,5,5,Champions,United Kingdom,2010-04
17492,2010-07-09 13:27:00,2011-04-05 15:21:00,3,1122.42,249,2,3,3,At risk,United Kingdom,2010-07
17493,2010-11-19 16:57:00,2010-11-19 16:57:00,1,100.91000000000001,386,2,1,1,Hibernating,United Kingdom,2010-11
17494,2010-07-26 10:06:00,2010-07-26 10:06:00,1,54.699999999999996,502,1,1,1,Hibernating,United Kingdom,2010-07
17495,2010-11-14 11:50:00,2011-12-02 12:08:00,3,806.72,8,5,3,3,Loyal,United Kingdom,2010-11
17496,2010-01-14 13:36:00,2010-12-16 08:39:00,4,1412.89,359,2,3,4,At risk,United Kingdom,2010-01
17497,2010-04-08 08:01:00,2010-11-14 14:17:00,2,287.25,391,2,2,1,Hibernating,United Kingdom,2010-04
17498,2011-09-25 12:25:00,2011-09-25 12:25:00,1,272.22,76,3,1,1,Developing,United Kingdom,2011-09
17499,2010-05-27 09:59:00,2011-02-23 09:14:00,2,1341.39,290,2,2,4,Hibernating,United Kingdom,2010-05
17500,2011-11-10 09:08:00,2011-11-22 14:25:00,3,1138.0,18,5,3,3,Loyal,United Kingdom,2011-11
17501,2011-05-03 09:46:00,2011-05-03 09:47:00,2,288.6,221,2,2,2,Hibernating,United Kingdom,2011-05
17502,2011-11-10 16:39:00,2011-11-30 13:13:00,4,689.1,10,5,3,3,Loyal,United Kingdom,2011-11
17503,2011-11-01 11:12:00,2011-12-07 09:18:00,2,558.96,3,5,2,2,Recent light buyers,United Kingdom,2011-11
17504,2010-02-08 09:22:00,2011-05-17 12:59:00,18,9565.12,207,2,5,5,At risk,United Kingdom,2010-02
17505,2010-04-13 16:33:00,2011-07-01 12:50:00,5,2435.48,162,3,4,4,Loyal,United Kingdom,2010-04
17506,2011-09-25 11:39:00,2011-09-25 11:39:00,1,302.2,76,3,1,2,Developing,United Kingdom,2011-09
17507,2011-02-03 18:08:00,2011-03-23 11:48:00,2,605.58,262,2,2,2,Hibernating,United Kingdom,2011-02
17508,2009-12-07 11:46:00,2011-03-04 08:10:00,8,4579.23,281,2,4,5,At risk,Greece,2009-12
17509,2011-10-07 13:14:00,2011-10-13 10:26:00,8,6115.14,58,4,4,5,Champions,United Kingdom,2011-10
17510,2010-10-15 10:20:00,2011-11-15 10:00:00,2,514.56,25,4,2,2,Recent light buyers,United Kingdom,2010-10
17511,2009-12-02 10:52:00,2011-12-07 10:12:00,60,172132.87,3,5,5,5,Champions,United Kingdom,2009-12
17512,2009-12-10 19:35:00,2011-11-11 12:11:00,18,5467.820000000001,29,4,5,5,Champions,United Kingdom,2009-12
17513,2010-08-17 15:08:00,2011-09-28 16:42:00,3,1158.8,73,3,3,3,Loyal,United Kingdom,2010-08
17514,2010-02-08 14:00:00,2011-08-03 15:45:00,2,542.83,129,3,2,2,Developing,United Kingdom,2010-02
17515,2010-06-07 13:29:00,2011-11-08 14:04:00,9,1617.46,32,4,5,4,Champions,United Kingdom,2010-06
17516,2010-11-26 12:50:00,2011-11-24 16:51:00,6,957.55,16,5,4,3,Loyal,United Kingdom,2010-11
17517,2011-02-04 11:48:00,2011-02-04 11:48:00,1,153.94,309,2,1,1,Hibernating,United Kingdom,2011-02
17518,2010-03-28 13:31:00,2010-10-10 12:40:00,2,329.42,426,1,2,2,Hibernating,United Kingdom,2010-03
17519,2009-12-01 09:57:00,2011-11-22 16:43:00,15,4774.17,18,5,5,5,Champions,United Kingdom,2009-12
17520,2011-10-17 12:04:00,2011-10-17 12:04:00,1,546.81,54,4,1,2,Recent light buyers,United Kingdom,2011-10
17521,2010-10-01 11:49:00,2011-11-10 11:22:00,5,1278.06,30,4,4,4,Champions,United Kingdom,2010-10
17522,2011-05-05 16:31:00,2011-12-08 12:31:00,5,1070.71,2,5,4,3,Loyal,United Kingdom,2011-05
17523,2011-11-20 13:40:00,2011-11-28 13:20:00,4,652.74,12,5,3,3,Loyal,United Kingdom,2011-11
17524,2010-09-27 16:20:00,2010-12-13 14:32:00,3,539.14,362,2,3,2,At risk,United Kingdom,2010-09
17525,2010-10-07 09:12:00,2010-12-15 12:05:00,3,1161.9,360,2,3,3,At risk,United Kingdom,2010-10
17526,2009-12-17 16:18:00,2011-12-05 11:05:00,12,3939.24,5,5,5,5,Champions,United Kingdom,2009-12
17527,2011-05-05 13:43:00,2011-10-17 12:32:00,4,939.37,54,4,3,3,Loyal,United Kingdom,2011-05
17528,2011-09-29 13:04:00,2011-12-08 13:27:00,8,3628.5,2,5,4,5,Champions,United Kingdom,2011-09
17529,2010-01-11 12:29:00,2010-04-08 17:51:00,2,1240.25,611,1,2,4,Hibernating,United Kingdom,2010-01
17530,2009-12-06 16:17:00,2011-12-08 18:42:00,12,2840.87,2,5,5,4,Champions,United Kingdom,2009-12
17531,2010-03-31 12:57:00,2011-06-02 19:17:00,3,1266.82,191,2,3,4,At risk,United Kingdom,2010-03
17532,2010-11-19 08:13:00,2010-11-19 08:13:00,1,65.34,386,2,1,1,Hibernating,United Kingdom,2010-11
17533,2010-10-01 09:14:00,2010-10-01 09:14:00,1,34.8,435,1,1,1,Hibernating,United Kingdom,2010-10
17534,2010-02-25 16:55:00,2011-10-17 12:47:00,5,1668.83,54,4,4,4,Champions,United Kingdom,2010-02
17535,2011-03-04 15:20:00,2011-03-04 15:20:00,1,164.4,281,2,1,1,Hibernating,United Kingdom,2011-03
17536,2010-01-26 12:00:00,2011-06-15 13:23:00,3,364.83,178,3,3,2,Loyal,United Kingdom,2010-01
17537,2011-02-09 13:37:00,2011-11-10 10:56:00,2,897.62,30,4,2,3,Recent light buyers,United Kingdom,2011-02
17538,2011-11-14 12:12:00,2011-11-14 12:12:00,1,98.42,26,4,1,1,Recent light buyers,United Kingdom,2011-11
17539,2009-12-13 12:36:00,2010-04-01 12:07:00,4,1226.57,618,1,3,3,At risk,United Kingdom,2009-12
17540,2010-04-19 09:47:00,2011-11-15 11:56:00,6,1590.6000000000001,25,4,4,4,Champions,United Kingdom,2010-04
17541,2010-07-18 11:36:00,2010-07-18 11:36:00,1,124.46,510,1,1,1,Hibernating,United Kingdom,2010-07
17542,2010-03-08 12:08:00,2011-03-15 11:45:00,3,341.7,270,2,3,2,At risk,United Kingdom,2010-03
17543,2010-06-08 12:41:00,2010-06-08 12:41:00,1,120.05,550,1,1,1,Hibernating,United Kingdom,2010-06
17544,2010-11-14 14:47:00,2010-11-14 15:08:00,3,960.69,391,2,3,3,At risk,United Kingdom,2010-11
17545,2010-05-11 10:04:00,2011-10-27 14:04:00,6,1448.54,44,4,4,4,Champions,United Kingdom,2010-05
17547,2010-02-12 14:34:00,2010-11-29 09:41:00,2,727.85,376,2,2,3,Hibernating,United Kingdom,2010-02
17548,2010-11-08 16:19:00,2011-04-20 12:01:00,4,731.26,234,2,3,3,At risk,United Kingdom,2010-11
17549,2011-10-19 10:05:00,2011-11-16 09:59:00,2,148.86,24,4,2,1,Recent light buyers,United Kingdom,2011-10
17550,2010-02-07 15:07:00,2011-05-26 14:09:00,9,2547.64,198,2,5,4,At risk,United Kingdom,2010-02
17551,2010-12-15 14:12:00,2010-12-15 14:12:00,1,306.84,360,2,1,2,Hibernating,United Kingdom,2010-12
17552,2010-03-22 09:19:00,2011-10-10 17:00:00,12,2786.77,61,3,5,4,Loyal,United Kingdom,2010-03
17553,2010-04-08 09:44:00,2011-08-02 10:00:00,4,3757.6,130,3,3,5,Loyal,United Kingdom,2010-04
17554,2011-07-14 20:01:00,2011-12-08 14:15:00,5,1952.45,2,5,4,4,Champions,United Kingdom,2011-07
17555,2010-05-02 16:02:00,2011-11-20 12:22:00,5,1057.74,20,5,4,3,Loyal,United Kingdom,2010-05
17556,2010-11-25 17:00:00,2011-05-18 10:48:00,2,300.67,206,2,2,2,Hibernating,United Kingdom,2010-11
17557,2009-12-07 10:15:00,2011-11-25 12:57:00,4,575.46,15,5,3,2,Loyal,United Kingdom,2009-12
17558,2010-11-11 14:36:00,2010-11-11 14:36:00,1,259.17,394,2,1,1,Hibernating,United Kingdom,2010-11
17559,2010-07-15 12:02:00,2010-07-15 12:02:00,1,167.62,513,1,1,1,Hibernating,United Kingdom,2010-07
17560,2010-02-17 12:11:00,2011-09-06 09:18:00,8,1895.8,95,3,4,4,Loyal,United Kingdom,2010-02
17561,2009-12-06 13:29:00,2011-11-20 12:53:00,4,722.34,20,5,3,3,Loyal,United Kingdom,2009-12
17562,2011-06-19 13:06:00,2011-11-25 14:21:00,7,1122.38,15,5,4,3,Loyal,United Kingdom,2011-06
17563,2010-04-07 10:02:00,2010-05-10 14:54:00,2,392.38,579,1,2,2,Hibernating,United Kingdom,2010-04
17564,2011-09-20 14:00:00,2011-11-15 13:27:00,3,454.01,25,4,3,2,Loyal,United Kingdom,2011-09
17565,2010-05-02 11:54:00,2010-05-02 11:54:00,1,131.83,587,1,1,1,Hibernating,United Kingdom,2010-05
17566,2011-11-14 13:42:00,2011-12-01 19:54:00,2,901.21,9,5,2,3,Recent light buyers,United Kingdom,2011-11
17567,2010-09-24 10:48:00,2011-12-02 15:48:00,9,4838.08,8,5,5,5,Champions,United Kingdom,2010-09
17568,2010-03-16 16:45:00,2010-03-16 16:45:00,1,382.79,634,1,1,2,Hibernating,United Kingdom,2010-03
17569,2011-01-11 14:15:00,2011-01-11 14:15:00,1,344.14,333,2,1,2,Hibernating,United Kingdom,2011-01
17570,2010-11-23 11:56:00,2010-11-23 11:56:00,1,100.0,382,2,1,1,Hibernating,United Kingdom,2010-11
17571,2010-06-15 12:50:00,2011-10-20 15:57:00,5,1703.75,51,4,4,4,Champions,United Kingdom,2010-06
17572,2009-12-15 10:00:00,2011-09-29 17:53:00,10,652.21,72,3,5,3,Loyal,United Kingdom,2009-12
17573,2011-09-07 10:36:00,2011-11-10 13:01:00,3,380.6,30,4,3,2,Loyal,United Kingdom,2011-09
17574,2011-04-11 09:47:00,2011-04-11 09:47:00,1,185.65,243,2,1,1,Hibernating,United Kingdom,2011-04
17575,2010-02-10 13:48:00,2010-02-10 13:48:00,1,171.7,668,1,1,1,Hibernating,United Kingdom,2010-02
17576,2009-12-03 16:54:00,2011-12-01 17:56:00,41,8937.16,9,5,5,5,Champions,United Kingdom,2009-12
17577,2010-02-09 10:10:00,2010-03-04 13:01:00,2,348.75,646,1,2,2,Hibernating,United Kingdom,2010-02
17578,2010-06-28 11:55:00,2011-05-05 18:38:00,7,1047.33,219,2,4,3,At risk,United Kingdom,2010-06
17579,2010-05-10 14:28:00,2011-12-05 12:28:00,4,753.28,5,5,3,3,Loyal,United Kingdom,2010-05
17580,2010-10-13 14:28:00,2011-04-01 12:41:00,5,545.27,253,2,4,2,At risk,United Kingdom,2010-10
17581,2009-12-03 12:34:00,2011-12-09 12:21:00,43,17970.97,1,5,5,5,Champions,United Kingdom,2009-12
17582,2010-03-26 12:23:00,2011-04-17 13:18:00,5,1450.7,237,2,4,4,At risk,United Kingdom,2010-03
17583,2010-05-28 14:24:00,2010-05-28 14:24:00,1,135.95,561,1,1,1,Hibernating,United Kingdom,2010-05
17584,2010-01-25 08:17:00,2011-12-02 17:12:00,6,5309.42,8,5,4,5,Champions,United Kingdom,2010-01
17585,2010-08-18 16:39:00,2011-08-22 13:30:00,7,2093.3,110,3,4,4,Loyal,United Kingdom,2010-08
17586,2010-03-30 13:12:00,2010-03-30 13:12:00,1,167.4,620,1,1,1,Hibernating,United Kingdom,2010-03
17587,2010-03-21 14:16:00,2010-03-21 14:16:00,1,181.66,629,1,1,1,Hibernating,United Kingdom,2010-03
17588,2010-03-12 12:34:00,2011-08-31 13:37:00,7,2939.55,101,3,4,5,Loyal,United Kingdom,2010-03
17589,2010-03-07 13:48:00,2011-10-10 16:58:00,18,14049.87,61,3,5,5,Loyal,United Kingdom,2010-03
17590,2011-10-30 14:05:00,2011-12-07 12:55:00,3,1479.22,3,5,3,4,Loyal,United Kingdom,2011-10
17591,2010-01-17 16:09:00,2011-09-27 13:42:00,8,2370.07,74,3,4,4,Loyal,United Kingdom,2010-01
17592,2009-12-01 10:49:00,2009-12-01 10:49:00,1,148.3,739,1,1,1,Hibernating,United Kingdom,2009-12
17593,2009-12-04 14:35:00,2011-12-06 10:30:00,11,8095.8,4,5,5,5,Champions,United Kingdom,2009-12
17594,2010-04-14 08:53:00,2011-09-15 16:34:00,4,2497.88,86,3,3,4,Loyal,United Kingdom,2010-04
17595,2011-11-02 16:19:00,2011-11-27 16:08:00,2,388.79,13,5,2,2,Recent light buyers,United Kingdom,2011-11
17596,2009-12-15 13:21:00,2011-11-16 14:11:00,13,4528.05,24,4,5,5,Champions,United Kingdom,2009-12
17597,2010-05-05 15:33:00,2011-05-10 11:54:00,5,3484.09,214,2,4,5,At risk,United Kingdom,2010-05
17598,2010-11-23 17:43:00,2010-11-23 17:43:00,1,409.98,382,2,1,2,Hibernating,United Kingdom,2010-11
17599,2010-08-19 12:50:00,2010-08-19 12:50:00,1,52.05,478,1,1,1,Hibernating,United Kingdom,2010-08
17600,2011-11-22 09:43:00,2011-11-22 09:43:00,1,161.67000000000002,18,5,1,1,Recent light buyers,United Kingdom,2011-11
17601,2010-11-24 14:29:00,2011-04-14 18:02:00,2,421.48,240,2,2,2,Hibernating,United Kingdom,2010-11
17602,2010-03-30 17:25:00,2011-12-07 13:53:00,14,7451.13,3,5,5,5,Champions,United Kingdom,2010-03
17603,2009-12-10 09:44:00,2011-09-22 14:18:00,4,1793.48,79,3,3,4,Loyal,United Kingdom,2009-12
17604,2010-01-27 12:19:00,2011-05-06 13:43:00,6,945.9300000000001,218,2,4,3,At risk,United Kingdom,2010-01
17605,2010-04-28 14:45:00,2010-04-28 14:45:00,1,160.75,591,1,1,1,Hibernating,United Kingdom,2010-04
17606,2009-12-02 13:32:00,2009-12-02 13:32:00,1,87.30000000000001,738,1,1,1,Hibernating,United Kingdom,2009-12
17607,2010-11-28 13:11:00,2010-11-28 13:11:00,1,333.81,377,2,1,2,Hibernating,United Kingdom,2010-11
17608,2010-04-11 13:37:00,2011-11-06 13:06:00,4,498.53,34,4,3,2,Loyal,United Kingdom,2010-04
17609,2010-04-09 16:54:00,2011-10-30 12:28:00,11,1894.34,41,4,5,4,Champions,United Kingdom,2010-04
17610,2009-12-06 16:07:00,2010-06-17 16:34:00,5,1529.49,541,1,4,4,At risk,United Kingdom,2009-12
17611,2009-12-01 13:29:00,2011-12-02 13:29:00,28,8371.98,8,5,5,5,Champions,United Kingdom,2009-12
17612,2009-12-17 11:59:00,2011-10-17 14:59:00,18,5394.86,54,4,5,5,Champions,United Kingdom,2009-12
17613,2011-02-07 11:20:00,2011-11-17 10:51:00,14,4559.150000000001,23,4,5,5,Champions,United Kingdom,2011-02
17614,2011-10-13 16:01:00,2011-10-13 16:01:00,1,390.07,58,4,1,2,Recent light buyers,United Kingdom,2011-10
17615,2010-08-11 12:54:00,2011-08-01 14:06:00,6,733.2,131,3,4,3,Loyal,United Kingdom,2010-08
17616,2010-09-14 10:43:00,2011-06-19 10:11:00,4,734.4,174,3,3,3,Loyal,United Kingdom,2010-09
17617,2010-05-30 12:48:00,2010-05-30 12:48:00,1,395.33,559,1,1,2,Hibernating,United Kingdom,2010-05
17618,2010-01-24 11:03:00,2011-12-04 11:50:00,11,4073.2400000000002,6,5,5,5,Champions,United Kingdom,2010-01
17619,2011-01-31 14:18:00,2011-01-31 14:18:00,1,218.52,313,2,1,1,Hibernating,United Kingdom,2011-01
17620,2011-10-11 12:08:00,2011-10-11 12:08:00,1,81.44,60,3,1,1,Developing,United Kingdom,2011-10
17621,2010-10-04 09:37:00,2011-11-18 17:11:00,6,3175.12,22,4,4,5,Champions,United Kingdom,2010-10
17622,2010-04-20 13:38:00,2010-04-21 12:36:00,2,1130.21,598,1,2,3,Hibernating,United Kingdom,2010-04
17623,2009-12-14 14:36:00,2011-11-07 11:32:00,7,2383.67,33,4,4,4,Champions,United Kingdom,2009-12
17624,2009-12-20 12:35:00,2011-11-25 10:52:00,4,1568.63,15,5,3,4,Loyal,United Kingdom,2009-12
17625,2009-12-15 11:49:00,2011-11-21 13:36:00,8,6067.8,19,5,4,5,Champions,United Kingdom,2009-12
17626,2010-04-16 12:15:00,2010-04-16 12:15:00,1,254.0,603,1,1,1,Hibernating,United Kingdom,2010-04
17627,2010-08-18 11:27:00,2010-08-18 11:27:00,1,296.36,479,1,1,2,Hibernating,United Kingdom,2010-08
17628,2011-09-19 15:21:00,2011-09-19 15:21:00,1,75.75,82,3,1,1,Developing,United Kingdom,2011-09
17629,2010-10-14 13:35:00,2011-12-04 10:56:00,10,2455.52,6,5,5,4,Champions,United Kingdom,2010-10
17630,2011-04-21 14:03:00,2011-06-23 11:58:00,2,503.59999999999997,170,3,2,2,Developing,United Kingdom,2011-04
17631,2009-12-09 14:15:00,2011-12-08 09:47:00,7,998.49,2,5,4,3,Loyal,United Kingdom,2009-12
17633,2010-11-15 14:55:00,2011-11-08 13:25:00,7,2057.39,32,4,4,4,Champions,United Kingdom,2010-11
17634,2011-01-06 12:45:00,2011-11-03 13:09:00,9,2361.9700000000003,37,4,5,4,Champions,United Kingdom,2011-01
17635,2010-04-28 10:51:00,2010-10-11 15:12:00,3,1265.58,425,1,3,4,At risk,United Kingdom,2010-04
17636,2011-11-20 14:40:00,2011-11-20 14:40:00,1,285.56,20,5,1,1,Recent light buyers,United Kingdom,2011-11
17637,2011-08-16 13:25:00,2011-11-08 12:51:00,2,547.0600000000001,32,4,2,2,Recent light buyers,United Kingdom,2011-08
17638,2009-12-18 09:58:00,2010-03-02 14:32:00,2,842.4,648,1,2,3,Hibernating,United Kingdom,2009-12
17639,2010-08-13 11:59:00,2011-03-08 15:22:00,6,615.17,277,2,4,3,At risk,United Kingdom,2010-08
17640,2010-03-23 09:15:00,2011-09-14 09:13:00,6,3168.94,87,3,4,5,Loyal,United Kingdom,2010-03
17642,2009-12-05 16:01:00,2011-08-12 09:11:00,5,1824.49,120,3,4,4,Loyal,United Kingdom,2009-12
17643,2010-07-22 13:07:00,2010-12-01 14:38:00,2,439.7,374,2,2,2,Hibernating,United Kingdom,2010-07
17644,2010-02-16 08:44:00,2011-12-08 13:43:00,20,6028.6,2,5,5,5,Champions,United Kingdom,2010-02
17646,2009-12-16 09:37:00,2011-05-04 13:17:00,12,3898.79,220,2,5,5,At risk,United Kingdom,2009-12
17647,2010-02-08 14:39:00,2011-10-05 15:38:00,3,331.65999999999997,66,3,3,2,Loyal,United Kingdom,2010-02
17648,2010-11-19 16:41:00,2011-10-10 09:41:00,5,2216.37,61,3,4,4,Loyal,United Kingdom,2010-11
17649,2010-08-24 13:01:00,2011-07-24 15:53:00,3,1578.89,139,3,3,4,Loyal,United Kingdom,2010-08
17650,2011-11-18 14:52:00,2011-11-18 14:52:00,1,166.08,22,4,1,1,Recent light buyers,United Kingdom,2011-11
17651,2010-07-01 12:17:00,2011-11-28 10:29:00,16,5703.52,12,5,5,5,Champions,United Kingdom,2010-07
17652,2011-03-03 14:05:00,2011-11-14 12:55:00,12,4867.72,26,4,5,5,Champions,United Kingdom,2011-03
17653,2011-08-11 15:24:00,2011-11-03 12:46:00,4,1207.56,37,4,3,3,Loyal,United Kingdom,2011-08
17654,2011-03-07 13:17:00,2011-03-07 13:17:00,1,117.55,278,2,1,1,Hibernating,United Kingdom,2011-03
17655,2010-10-19 10:20:00,2011-11-29 11:34:00,9,2976.38,11,5,5,5,Champions,United Kingdom,2010-10
17656,2011-08-03 10:45:00,2011-09-27 13:04:00,5,1674.69,74,3,4,4,Loyal,United Kingdom,2011-08
17657,2010-10-05 14:52:00,2010-10-05 14:52:00,1,126.0,431,1,1,1,Hibernating,United Kingdom,2010-10
17658,2011-05-12 15:23:00,2011-11-14 12:07:00,2,595.42,26,4,2,2,Recent light buyers,United Kingdom,2011-05
17659,2010-11-18 14:20:00,2011-11-22 13:29:00,14,3586.9900000000002,18,5,5,5,Champions,United Kingdom,2010-11
17660,2009-12-02 16:02:00,2011-07-21 13:37:00,2,359.47,142,3,2,2,Developing,United Kingdom,2009-12
17662,2009-12-17 09:54:00,2010-02-16 09:38:00,2,412.92,662,1,2,2,Hibernating,United Kingdom,2009-12
17663,2010-03-04 11:42:00,2011-11-14 08:56:00,17,5175.83,26,4,5,5,Champions,United Kingdom,2010-03
17664,2010-03-29 17:17:00,2011-11-21 11:29:00,4,1166.23,19,5,3,3,Loyal,United Kingdom,2010-03
17665,2010-08-03 13:12:00,2010-08-03 13:12:00,1,563.1,494,1,1,2,Hibernating,United Kingdom,2010-08
17666,2010-06-30 12:03:00,2011-12-06 09:06:00,5,2047.8,4,5,4,4,Champions,United Kingdom,2010-06
17667,2010-02-23 09:57:00,2011-10-04 14:32:00,9,3950.7,67,3,5,5,Loyal,United Kingdom,2010-02
17668,2011-11-01 14:45:00,2011-12-08 13:25:00,2,347.75,2,5,2,2,Recent light buyers,United Kingdom,2011-11
17669,2010-04-01 18:48:00,2011-10-28 08:53:00,10,6142.35,43,4,5,5,Champions,United Kingdom,2010-04
17670,2011-04-26 09:12:00,2011-04-26 09:12:00,1,205.7,228,2,1,1,Hibernating,United Kingdom,2011-04
17671,2010-11-29 11:53:00,2011-11-24 12:21:00,5,2009.16,16,5,4,4,Champions,United Kingdom,2010-11
17672,2010-01-26 17:20:00,2011-10-20 14:18:00,7,5778.63,51,4,4,5,Champions,United Kingdom,2010-01
17673,2010-03-19 14:02:00,2011-12-08 12:50:00,13,4233.58,2,5,5,5,Champions,United Kingdom,2010-03
17674,2010-12-06 10:20:00,2011-09-26 13:35:00,2,551.04,75,3,2,2,Developing,United Kingdom,2010-12
17675,2009-12-10 16:10:00,2011-12-08 18:03:00,70,37642.48,2,5,5,5,Champions,United Kingdom,2009-12
17676,2010-03-30 10:49:00,2011-12-05 15:16:00,10,2465.14,5,5,5,4,Champions,United Kingdom,2010-03
17677,2009-12-16 11:23:00,2011-12-08 09:56:00,54,35076.31,2,5,5,5,Champions,United Kingdom,2009-12
17678,2010-04-15 13:54:00,2011-03-21 11:52:00,2,599.76,264,2,2,2,Hibernating,United Kingdom,2010-04
17679,2009-12-03 17:32:00,2011-10-18 07:43:00,7,3577.61,53,4,4,5,Champions,United Kingdom,2009-12
17680,2010-07-16 16:07:00,2011-11-16 12:42:00,3,497.45,24,4,3,2,Loyal,United Kingdom,2010-07
17681,2010-01-15 11:53:00,2010-04-21 17:22:00,5,731.2,598,1,4,3,At risk,United Kingdom,2010-01
17682,2010-03-08 09:49:00,2011-11-29 15:59:00,11,4065.28,11,5,5,5,Champions,United Kingdom,2010-03
17683,2010-06-03 17:15:00,2010-11-19 10:11:00,3,819.01,386,2,3,3,At risk,United Kingdom,2010-06
17684,2011-10-27 11:10:00,2011-10-27 11:10:00,1,239.41,44,4,1,1,Recent light buyers,United Kingdom,2011-10
17685,2010-02-11 13:44:00,2011-11-23 11:36:00,12,5490.65,17,5,5,5,Champions,United Kingdom,2010-02
17686,2010-06-24 09:49:00,2011-12-02 15:39:00,9,8296.81,8,5,5,5,Champions,United Kingdom,2010-06
17687,2010-10-15 12:30:00,2010-10-15 12:30:00,1,432.68,421,1,1,2,Hibernating,United Kingdom,2010-10
17688,2010-11-11 10:41:00,2010-11-11 10:41:00,1,304.2,394,2,1,2,Hibernating,United Kingdom,2010-11
17689,2010-08-22 13:54:00,2010-11-16 13:22:00,2,317.08,389,2,2,2,Hibernating,United Kingdom,2010-08
17690,2010-02-03 14:26:00,2011-11-09 15:17:00,20,6999.900000000001,31,4,5,5,Champions,United Kingdom,2010-02
17691,2010-06-11 11:50:00,2010-12-16 17:20:00,4,637.5500000000001,359,2,3,3,At risk,United Kingdom,2010-06
17692,2010-06-17 11:14:00,2011-08-04 14:01:00,12,2975.8,128,3,5,5,Loyal,United Kingdom,2010-06
17693,2011-07-25 15:48:00,2011-07-25 15:48:00,1,200.47,138,3,1,1,Developing,United Kingdom,2011-07
17694,2010-05-26 08:27:00,2011-07-21 12:00:00,3,1695.97,142,3,3,4,Loyal,United Kingdom,2010-05
17695,2010-01-28 09:27:00,2011-07-31 10:40:00,5,1746.04,132,3,4,4,Loyal,United Kingdom,2010-01
17696,2009-12-10 17:09:00,2011-11-01 13:43:00,27,7679.59,39,4,5,5,Champions,United Kingdom,2009-12
17697,2011-04-17 15:40:00,2011-04-17 15:40:00,1,338.95,237,2,1,2,Hibernating,United Kingdom,2011-04
17698,2011-03-24 11:34:00,2011-03-24 11:34:00,1,154.95,261,2,1,1,Hibernating,United Kingdom,2011-03
17699,2010-05-27 11:53:00,2010-08-20 09:39:00,2,442.0,477,1,2,2,Hibernating,United Kingdom,2010-05
17700,2009-12-01 11:37:00,2011-11-23 11:51:00,14,6679.97,17,5,5,5,Champions,United Kingdom,2009-12
17701,2011-04-01 12:25:00,2011-04-01 12:25:00,1,417.95,253,2,1,2,Hibernating,United Kingdom,2011-04
17702,2010-11-04 12:09:00,2011-11-09 16:03:00,6,3144.04,31,4,4,5,Champions,United Kingdom,2010-11
17703,2010-10-17 16:16:00,2011-11-04 15:51:00,4,1094.84,36,4,3,3,Loyal,United Kingdom,2010-10
17704,2011-04-14 09:28:00,2011-06-24 09:40:00,2,885.19,169,3,2,3,Developing,United Kingdom,2011-04
17705,2010-05-12 09:47:00,2011-12-06 13:45:00,11,2083.9,4,5,5,4,Champions,United Kingdom,2010-05
17706,2010-01-19 12:13:00,2011-12-05 13:34:00,31,20272.15,5,5,5,5,Champions,United Kingdom,2010-01
17707,2009-12-07 12:19:00,2011-06-07 15:03:00,8,609.3000000000001,186,3,4,2,Loyal,United Kingdom,2009-12
17708,2010-10-12 12:13:00,2011-06-05 10:12:00,4,887.9300000000001,188,3,3,3,Loyal,United Kingdom,2010-10
17709,2010-04-15 14:48:00,2011-06-23 11:55:00,5,671.01,170,3,4,3,Loyal,United Kingdom,2010-04
17710,2010-10-12 07:49:00,2010-10-12 07:49:00,1,293.5,424,1,1,2,Hibernating,United Kingdom,2010-10
17711,2011-02-23 11:32:00,2011-11-29 11:40:00,2,385.1,11,5,2,2,Recent light buyers,United Kingdom,2011-02
17712,2011-10-26 12:28:00,2011-10-26 12:28:00,1,522.91,45,4,1,2,Recent light buyers,United Kingdom,2011-10
17713,2010-06-09 09:33:00,2010-11-22 16:50:00,4,1198.09,383,2,3,3,At risk,United Kingdom,2010-06
17714,2010-07-14 10:41:00,2011-01-23 10:32:00,5,1410.18,321,2,4,4,At risk,United Kingdom,2010-07
17715,2010-04-26 12:17:00,2011-05-23 12:32:00,2,489.59999999999997,201,2,2,2,Hibernating,United Kingdom,2010-04
17716,2009-12-02 17:18:00,2011-11-17 12:00:00,24,15956.97,23,4,5,5,Champions,United Kingdom,2009-12
17717,2010-10-14 12:54:00,2010-10-14 12:54:00,1,376.92,422,1,1,2,Hibernating,United Kingdom,2010-10
17718,2010-03-05 08:01:00,2011-04-21 13:39:00,2,439.18,233,2,2,2,Hibernating,United Kingdom,2010-03
17719,2011-03-29 11:29:00,2011-11-02 10:36:00,15,5396.04,38,4,5,5,Champions,United Kingdom,2011-03
17720,2010-05-10 09:58:00,2011-11-13 15:04:00,10,2666.91,27,4,5,4,Champions,United Kingdom,2010-05
17721,2010-02-18 15:18:00,2010-02-18 15:18:00,1,307.21000000000004,660,1,1,2,Hibernating,United Kingdom,2010-02
17722,2010-11-29 09:44:00,2011-09-04 15:22:00,5,3520.2200000000003,97,3,4,5,Loyal,United Kingdom,2010-11
17723,2010-11-29 10:35:00,2011-08-04 18:37:00,7,3378.4000000000005,128,3,4,5,Loyal,United Kingdom,2010-11
17724,2011-07-24 13:26:00,2011-09-29 15:26:00,3,1033.0,72,3,3,3,Loyal,United Kingdom,2011-07
17725,2011-03-17 19:47:00,2011-11-23 16:34:00,11,3439.08,17,5,5,5,Champions,United Kingdom,2011-03
17726,2010-01-26 14:58:00,2010-11-09 13:37:00,7,1092.06,396,2,4,3,At risk,United Kingdom,2010-01
17727,2011-11-24 17:06:00,2011-11-24 17:06:00,1,1060.25,16,5,1,3,Recent light buyers,United Kingdom,2011-11
17728,2010-09-12 14:58:00,2011-12-06 08:52:00,5,4238.76,4,5,4,5,Champions,United Kingdom,2010-09
17729,2010-04-22 15:03:00,2010-04-22 15:03:00,1,438.65000000000003,597,1,1,2,Hibernating,United Kingdom,2010-04
17730,2010-04-29 11:48:00,2011-12-06 15:43:00,20,7773.8,4,5,5,5,Champions,United Kingdom,2010-04
17731,2010-02-09 12:37:00,2011-09-21 15:02:00,6,1708.99,80,3,4,4,Loyal,United Kingdom,2010-02
17732,2010-08-09 08:41:00,2010-12-02 09:29:00,8,2166.42,373,2,4,4,At risk,United Kingdom,2010-08
17733,2011-03-23 09:54:00,2011-11-01 08:16:00,2,692.19,39,4,2,3,Recent light buyers,United Kingdom,2011-03
17734,2010-03-07 13:55:00,2011-10-17 12:33:00,6,1442.32,54,4,4,4,Champions,United Kingdom,2010-03
17735,2010-07-30 13:25:00,2011-12-07 16:47:00,26,16790.33,3,5,5,5,Champions,United Kingdom,2010-07
17736,2011-08-18 14:33:00,2011-11-30 15:36:00,3,377.44,10,5,3,2,Loyal,United Kingdom,2011-08
17737,2011-10-12 14:42:00,2011-11-30 15:16:00,2,168.24,10,5,2,1,Recent light buyers,United Kingdom,2011-10
17738,2010-03-19 10:07:00,2011-11-20 15:05:00,13,4183.56,20,5,5,5,Champions,United Kingdom,2010-03
17739,2009-12-07 10:48:00,2011-11-28 09:12:00,18,7730.59,12,5,5,5,Champions,United Kingdom,2009-12
17740,2010-01-11 13:11:00,2010-11-15 16:33:00,6,426.9,390,2,4,2,At risk,United Kingdom,2010-01
17741,2010-05-28 12:11:00,2010-10-29 11:59:00,2,101.1,407,2,2,1,Hibernating,United Kingdom,2010-05
17742,2009-12-01 13:16:00,2011-08-18 15:28:00,11,2098.48,114,3,5,4,Loyal,United Kingdom,2009-12
17743,2010-09-17 14:54:00,2010-09-17 14:54:00,1,229.2,449,1,1,1,Hibernating,United Kingdom,2010-09
17744,2010-11-24 09:34:00,2011-12-06 12:11:00,7,2649.14,4,5,4,4,Champions,United Kingdom,2010-11
17745,2010-06-02 09:03:00,2010-08-19 12:30:00,2,600.34,478,1,2,2,Hibernating,United Kingdom,2010-06
17746,2010-04-08 12:54:00,2011-04-13 14:31:00,4,904.1800000000001,241,2,3,3,At risk,United Kingdom,2010-04
17747,2011-08-19 08:13:00,2011-08-19 08:13:00,1,71.4,113,3,1,1,Developing,United Kingdom,2011-08
17748,2010-06-30 13:49:00,2010-06-30 13:49:00,1,358.15,528,1,1,2,Hibernating,United Kingdom,2010-06
17749,2010-06-11 14:56:00,2011-06-14 15:45:00,3,1026.18,179,3,3,3,Loyal,United Kingdom,2010-06
17750,2011-06-28 15:44:00,2011-12-04 14:09:00,9,1797.57,6,5,5,4,Champions,United Kingdom,2011-06
17751,2010-10-14 13:57:00,2010-10-14 13:57:00,1,157.85999999999999,422,1,1,1,Hibernating,United Kingdom,2010-10
17752,2010-12-15 16:19:00,2010-12-15 16:19:00,1,80.64,360,2,1,1,Hibernating,United Kingdom,2010-12
17753,2010-01-06 14:20:00,2010-09-01 15:49:00,4,390.56,465,1,3,2,At risk,United Kingdom,2010-01
17754,2009-12-11 15:52:00,2011-12-09 11:20:00,13,4577.53,1,5,5,5,Champions,United Kingdom,2009-12
17756,2010-11-10 12:54:00,2010-11-29 12:20:00,3,733.7,376,2,3,3,At risk,United Kingdom,2010-11
17757,2010-01-13 15:56:00,2011-12-08 15:31:00,56,9130.0,2,5,5,5,Champions,United Kingdom,2010-01
17758,2010-05-20 13:18:00,2011-11-20 14:45:00,12,5012.53,20,5,5,5,Champions,United Kingdom,2010-05
17759,2010-05-05 11:40:00,2011-11-22 16:02:00,5,1276.91,18,5,4,4,Champions,United Kingdom,2010-05
17760,2010-02-28 12:15:00,2011-11-18 10:56:00,6,746.39,22,4,4,3,Loyal,United Kingdom,2010-02
17761,2011-11-07 10:23:00,2011-11-07 10:23:00,1,712.78,33,4,1,3,Recent light buyers,United Kingdom,2011-11
17762,2010-09-09 17:40:00,2010-09-09 17:40:00,1,129.75,457,1,1,1,Hibernating,United Kingdom,2010-09
17763,2010-02-18 14:32:00,2011-03-21 14:25:00,4,86.15,264,2,3,1,At risk,United Kingdom,2010-02
17764,2009-12-03 14:28:00,2011-10-20 11:03:00,5,1623.64,51,4,4,4,Champions,United Kingdom,2009-12
17765,2010-09-17 12:45:00,2011-07-04 12:41:00,4,530.8,159,3,3,2,Loyal,United Kingdom,2010-09
17766,2010-11-23 14:17:00,2010-11-23 14:29:00,2,299.61,382,2,2,2,Hibernating,United Kingdom,2010-11
17767,2010-10-25 16:22:00,2011-11-24 14:42:00,2,413.05,16,5,2,2,Recent light buyers,United Kingdom,2010-10
17768,2009-12-02 12:26:00,2011-12-01 13:22:00,7,3509.51,9,5,4,5,Champions,United Kingdom,2009-12
17769,2010-01-19 11:33:00,2011-11-27 11:18:00,17,7103.08,13,5,5,5,Champions,United Kingdom,2010-01
17770,2011-03-02 13:35:00,2011-05-25 12:34:00,5,1143.27,199,2,4,3,At risk,United Kingdom,2011-03
17771,2010-04-29 13:21:00,2011-10-14 11:43:00,4,387.41,57,4,3,2,Loyal,United Kingdom,2010-04
17772,2010-11-12 11:31:00,2011-11-29 11:05:00,3,384.77,11,5,3,2,Loyal,United Kingdom,2010-11
17773,2010-01-18 14:32:00,2010-07-13 14:07:00,2,585.27,515,1,2,2,Hibernating,United Kingdom,2010-01
17774,2010-02-08 16:06:00,2011-09-04 12:49:00,9,3328.05,97,3,5,5,Loyal,United Kingdom,2010-02
17775,2011-03-30 10:50:00,2011-03-30 10:50:00,1,56.4,255,2,1,1,Hibernating,United Kingdom,2011-03
17776,2009-12-16 14:59:00,2010-11-18 12:14:00,2,338.56,387,2,2,2,Hibernating,United Kingdom,2009-12
17777,2011-08-31 14:35:00,2011-11-15 12:02:00,3,665.86,25,4,3,3,Loyal,United Kingdom,2011-08
17778,2010-02-16 12:44:00,2010-02-16 12:44:00,1,197.70000000000002,662,1,1,1,Hibernating,United Kingdom,2010-02
17779,2011-07-19 12:19:00,2011-11-18 14:15:00,3,658.57,22,4,3,3,Loyal,United Kingdom,2011-07
17780,2010-01-24 11:21:00,2010-02-10 13:43:00,3,352.91,668,1,3,2,At risk,United Kingdom,2010-01
17781,2011-03-31 19:54:00,2011-07-03 16:00:00,2,188.02,160,3,2,1,Developing,United Kingdom,2011-03
17782,2010-11-22 10:03:00,2010-11-22 11:15:00,2,679.02,383,2,2,3,Hibernating,United Kingdom,2010-11
17783,2010-07-15 12:50:00,2011-09-28 16:07:00,3,379.91,73,3,3,2,Loyal,United Kingdom,2010-07
17784,2010-06-07 16:08:00,2010-06-07 16:08:00,1,112.86,551,1,1,1,Hibernating,United Kingdom,2010-06
17785,2010-05-23 13:01:00,2011-10-17 13:43:00,3,403.38,54,4,3,2,Loyal,United Kingdom,2010-05
17786,2011-01-26 14:35:00,2011-09-15 12:51:00,2,278.74,86,3,2,1,Developing,United Kingdom,2011-01
17787,2010-12-03 13:43:00,2011-07-10 11:24:00,4,1865.19,153,3,3,4,Loyal,United Kingdom,2010-12
17788,2011-08-02 10:38:00,2011-09-27 10:09:00,2,1117.9,74,3,2,3,Developing,United Kingdom,2011-08
17789,2010-02-16 13:16:00,2011-03-03 13:14:00,2,397.15,282,2,2,2,Hibernating,United Kingdom,2010-02
17790,2010-06-13 13:30:00,2011-11-13 11:30:00,20,2783.61,27,4,5,4,Champions,United Kingdom,2010-06
17791,2011-11-10 12:09:00,2011-11-10 12:09:00,1,106.1,30,4,1,1,Recent light buyers,United Kingdom,2011-11
17792,2010-08-18 13:08:00,2010-08-29 14:30:00,2,370.05,468,1,2,2,Hibernating,United Kingdom,2010-08
17793,2011-11-14 14:24:00,2011-11-14 14:24:00,1,323.04,26,4,1,2,Recent light buyers,United Kingdom,2011-11
17794,2010-01-20 12:17:00,2010-01-22 10:18:00,2,147.3,687,1,2,1,Hibernating,United Kingdom,2010-01
17795,2011-03-20 12:02:00,2011-06-13 12:36:00,2,350.39,180,3,2,2,Developing,United Kingdom,2011-03
17796,2010-10-14 13:37:00,2011-10-30 15:38:00,7,1247.34,41,4,4,4,Champions,United Kingdom,2010-10
17797,2009-12-15 14:30:00,2011-11-17 13:21:00,8,1985.87,23,4,4,4,Champions,United Kingdom,2009-12
17798,2010-05-07 11:42:00,2010-05-07 11:42:00,1,183.09,582,1,1,1,Hibernating,United Kingdom,2010-05
17799,2009-12-13 16:03:00,2011-11-17 15:16:00,20,6341.89,23,4,5,5,Champions,United Kingdom,2009-12
17800,2011-01-09 13:50:00,2011-11-02 12:57:00,9,1199.01,38,4,5,3,Loyal,United Kingdom,2011-01
17801,2010-01-17 11:31:00,2010-09-14 14:32:00,3,798.3299999999999,452,1,3,3,At risk,United Kingdom,2010-01
17802,2009-12-13 13:39:00,2011-09-18 14:56:00,10,4952.92,83,3,5,5,Loyal,United Kingdom,2009-12
17803,2010-11-12 13:53:00,2010-11-12 13:53:00,1,184.66,393,2,1,1,Hibernating,United Kingdom,2010-11
17804,2009-12-01 12:22:00,2010-11-28 14:01:00,3,385.23,377,2,3,2,At risk,United Kingdom,2009-12
17805,2010-04-08 14:36:00,2011-09-27 11:49:00,2,927.03,74,3,2,3,Developing,United Kingdom,2010-04
17806,2011-11-28 14:12:00,2011-11-28 14:12:00,1,546.04,12,5,1,2,Recent light buyers,United Kingdom,2011-11
17807,2010-01-04 14:00:00,2010-11-09 16:21:00,3,437.87,396,2,3,2,At risk,United Kingdom,2010-01
17808,2010-05-07 16:26:00,2010-06-09 10:44:00,4,262.64,549,1,3,1,At risk,United Kingdom,2010-05
17809,2009-12-02 14:52:00,2011-11-23 12:59:00,20,10085.89,17,5,5,5,Champions,United Kingdom,2009-12
17810,2010-01-25 10:26:00,2010-02-09 10:47:00,2,374.81,669,1,2,2,Hibernating,United Kingdom,2010-01
17811,2010-09-20 11:24:00,2011-12-05 13:46:00,47,9609.8,5,5,5,5,Champions,United Kingdom,2010-09
17812,2010-06-27 13:34:00,2011-11-27 11:47:00,7,948.34,13,5,4,3,Loyal,United Kingdom,2010-06
17813,2011-09-29 15:57:00,2011-11-25 16:13:00,5,1770.8799999999999,15,5,4,4,Champions,United Kingdom,2011-09
17814,2010-10-13 14:03:00,2010-11-29 14:21:00,2,1617.32,376,2,2,4,Hibernating,United Kingdom,2010-10
17815,2010-11-11 14:39:00,2010-11-11 14:39:00,1,591.96,394,2,1,2,Hibernating,United Kingdom,2010-11
17816,2009-12-15 15:27:00,2011-11-03 11:34:00,6,96.11,37,4,4,1,Loyal,United Kingdom,2009-12
17817,2010-10-13 15:07:00,2011-12-05 14:39:00,6,807.85,5,5,4,3,Loyal,United Kingdom,2010-10
17818,2009-12-02 11:34:00,2009-12-02 11:34:00,1,130.18,738,1,1,1,Hibernating,United Kingdom,2009-12
17819,2009-12-13 15:24:00,2011-09-29 10:52:00,12,6021.05,72,3,5,5,Loyal,United Kingdom,2009-12
17820,2010-11-30 17:43:00,2010-11-30 17:43:00,1,183.56,375,2,1,1,Hibernating,United Kingdom,2010-11
17821,2010-10-29 13:20:00,2010-10-29 13:20:00,1,334.62,407,2,1,2,Hibernating,United Kingdom,2010-10
17822,2010-05-28 12:15:00,2010-10-15 13:47:00,5,2188.5,421,1,4,4,At risk,United Kingdom,2010-05
17823,2010-10-14 16:14:00,2010-10-14 16:24:00,2,494.25,422,1,2,2,Hibernating,United Kingdom,2010-10
17824,2011-10-19 14:14:00,2011-10-19 14:14:00,1,298.4,52,4,1,2,Recent light buyers,United Kingdom,2011-10
17825,2009-12-14 12:09:00,2010-04-20 12:01:00,4,731.96,599,1,3,3,At risk,United Kingdom,2009-12
17826,2010-11-30 13:23:00,2010-11-30 13:23:00,1,134.59,375,2,1,1,Hibernating,United Kingdom,2010-11
17827,2010-03-28 12:20:00,2011-12-04 15:00:00,6,2388.05,6,5,4,4,Champions,United Kingdom,2010-03
17828,2011-06-08 08:31:00,2011-11-17 08:41:00,4,1820.09,23,4,3,4,Loyal,Malta,2011-06
17829,2010-02-22 15:39:00,2011-02-14 12:46:00,5,4756.74,299,2,4,5,At risk,United Arab Emirates,2010-02
17830,2011-02-24 10:15:00,2011-12-08 12:28:00,3,398.7,2,5,3,2,Loyal,United Kingdom,2011-02
17831,2011-11-06 15:09:00,2011-11-06 15:09:00,1,35.400000000000006,34,4,1,1,Recent light buyers,United Kingdom,2011-11
17832,2011-10-21 11:43:00,2011-10-21 11:43:00,1,155.37,50,4,1,1,Recent light buyers,United Kingdom,2011-10
17833,2009-12-16 13:40:00,2009-12-16 13:40:00,1,342.36,724,1,1,2,Hibernating,United Kingdom,2009-12
17834,2010-09-20 15:32:00,2010-10-21 12:09:00,2,730.47,415,1,2,3,Hibernating,United Kingdom,2010-09
17835,2011-11-16 16:30:00,2011-12-07 11:48:00,3,350.64,3,5,3,2,Loyal,United Kingdom,2011-11
17836,2011-10-23 16:13:00,2011-10-23 16:13:00,1,110.21000000000001,48,4,1,1,Recent light buyers,United Kingdom,2011-10
17837,2011-06-29 16:44:00,2011-10-28 16:13:00,8,1593.38,43,4,4,4,Champions,United Kingdom,2011-06
17838,2010-03-19 09:53:00,2011-11-13 11:20:00,13,5787.34,27,4,5,5,Champions,United Kingdom,2010-03
17839,2011-10-28 17:27:00,2011-10-28 17:27:00,1,338.8,43,4,1,2,Recent light buyers,United Kingdom,2011-10
17840,2010-09-22 12:24:00,2010-09-22 12:24:00,1,185.72,444,1,1,1,Hibernating,United Kingdom,2010-09
17841,2009-12-02 15:41:00,2011-12-08 12:07:00,211,69342.51,2,5,5,5,Champions,United Kingdom,2009-12
17842,2010-04-16 14:23:00,2010-04-16 14:23:00,1,430.69,603,1,1,2,Hibernating,United Kingdom,2010-04
17843,2010-10-24 10:56:00,2011-02-09 15:33:00,2,326.23,304,2,2,2,Hibernating,United Kingdom,2010-10
17844,2011-08-25 11:27:00,2011-08-25 11:27:00,1,51.559999999999995,107,3,1,1,Developing,Canada,2011-08
17845,2010-05-12 13:04:00,2010-06-02 15:20:00,4,598.19,556,1,3,2,At risk,United Kingdom,2010-05
17846,2011-09-15 15:20:00,2011-09-15 15:20:00,1,2033.1,86,3,1,4,Developing,United Kingdom,2011-09
17847,2010-03-04 12:57:00,2010-07-12 10:00:00,2,129.69,516,1,2,1,Hibernating,United Kingdom,2010-03
17848,2009-12-06 13:19:00,2011-09-19 16:49:00,30,3650.9,82,3,5,5,Loyal,United Kingdom,2009-12
17849,2010-03-14 15:17:00,2011-05-05 13:46:00,8,1063.76,219,2,4,3,At risk,United Kingdom,2010-03
17850,2009-12-05 12:28:00,2010-12-02 15:27:00,155,51208.87,373,2,5,5,At risk,United Kingdom,2009-12
17851,2009-12-03 17:46:00,2010-10-13 15:13:00,6,1563.34,423,1,4,4,At risk,United Kingdom,2009-12
17852,2009-12-08 12:51:00,2011-11-28 12:36:00,5,663.21,12,5,4,3,Loyal,United Kingdom,2009-12
17853,2009-12-03 15:09:00,2010-10-28 15:29:00,3,1608.19,408,2,3,4,At risk,United Kingdom,2009-12
17854,2009-12-08 11:13:00,2011-06-07 16:21:00,6,1071.45,186,3,4,3,Loyal,United Kingdom,2009-12
17855,2010-12-02 09:44:00,2010-12-02 09:44:00,1,208.97,373,2,1,1,Hibernating,United Kingdom,2010-12
17856,2011-03-03 11:40:00,2011-12-08 09:40:00,4,1418.03,2,5,3,4,Loyal,United Kingdom,2011-03
17857,2010-03-08 12:09:00,2011-12-05 13:13:00,24,27347.04,5,5,5,5,Champions,United Kingdom,2010-03
17858,2009-12-06 15:41:00,2011-12-04 11:56:00,30,12546.4,6,5,5,5,Champions,United Kingdom,2009-12
17859,2011-02-08 10:32:00,2011-02-08 10:32:00,1,148.21,305,2,1,1,Hibernating,United Kingdom,2011-02
17860,2009-12-11 16:48:00,2010-12-06 12:41:00,4,762.74,369,2,3,3,At risk,United Kingdom,2009-12
17861,2009-12-10 11:27:00,2011-12-06 16:21:00,18,5127.69,4,5,5,5,Champions,United Kingdom,2009-12
17862,2010-05-25 17:22:00,2011-01-20 12:23:00,4,1279.09,324,2,3,4,At risk,United Kingdom,2010-05
17863,2010-02-25 12:01:00,2011-10-11 13:45:00,12,5360.48,60,3,5,5,Loyal,United Kingdom,2010-02
17864,2010-10-08 11:49:00,2011-11-27 11:15:00,5,924.32,13,5,4,3,Loyal,United Kingdom,2010-10
17865,2009-12-01 10:49:00,2011-11-09 12:08:00,46,26374.39,31,4,5,5,Champions,United Kingdom,2009-12
17866,2009-12-14 16:01:00,2011-07-20 11:07:00,3,1134.95,143,3,3,3,Loyal,United Kingdom,2009-12
17867,2009-12-02 13:39:00,2011-11-09 14:15:00,15,1621.2800000000002,31,4,5,4,Champions,United Kingdom,2009-12
17868,2010-11-18 18:55:00,2010-11-18 18:55:00,1,234.65,387,2,1,1,Hibernating,United Kingdom,2010-11
17869,2010-06-10 13:47:00,2011-08-24 16:16:00,7,821.84,108,3,4,3,Loyal,United Kingdom,2010-06
17870,2010-11-23 11:39:00,2011-12-07 15:07:00,13,2781.75,3,5,5,4,Champions,United Kingdom,2010-11
17871,2010-01-15 14:48:00,2011-05-19 11:32:00,5,1118.99,205,2,4,3,At risk,United Kingdom,2010-01
17872,2010-11-23 12:02:00,2010-11-23 12:02:00,1,235.87,382,2,1,1,Hibernating,United Kingdom,2010-11
17873,2009-12-16 15:11:00,2011-09-20 16:41:00,18,6300.7300000000005,81,3,5,5,Loyal,United Kingdom,2009-12
17874,2011-03-29 11:25:00,2011-06-07 12:54:00,6,683.46,186,3,4,3,Loyal,United Kingdom,2011-03
17875,2010-01-20 15:30:00,2010-01-20 15:30:00,1,167.1,689,1,1,1,Hibernating,United Kingdom,2010-01
17876,2010-02-02 13:00:00,2010-11-05 10:52:00,3,3424.02,400,2,3,5,At risk,United Kingdom,2010-02
17877,2011-06-22 13:00:00,2011-06-22 13:00:00,1,237.61,171,3,1,1,Developing,United Kingdom,2011-06
17878,2010-11-09 13:50:00,2011-10-27 11:24:00,3,1412.33,44,4,3,4,Loyal,United Kingdom,2010-11
17879,2011-06-19 12:36:00,2011-06-19 12:36:00,1,178.51999999999998,174,3,1,1,Developing,United Kingdom,2011-06
17880,2009-12-09 16:13:00,2010-12-10 10:21:00,3,824.9200000000001,365,2,3,3,At risk,United Kingdom,2009-12
17881,2011-02-08 17:16:00,2011-02-08 17:16:00,1,133.35000000000002,305,2,1,1,Hibernating,United Kingdom,2011-02
17882,2010-11-25 14:35:00,2010-11-25 14:40:00,2,313.46,380,2,2,2,Hibernating,United Kingdom,2010-11
17883,2010-02-25 20:07:00,2011-12-06 17:49:00,7,995.85,4,5,4,3,Loyal,United Kingdom,2010-02
17884,2009-12-04 16:23:00,2011-12-06 11:33:00,20,2748.27,4,5,5,4,Champions,United Kingdom,2009-12
17885,2011-11-27 14:40:00,2011-11-27 14:40:00,1,190.19,13,5,1,1,Recent light buyers,United Kingdom,2011-11
17886,2010-04-29 11:10:00,2011-11-08 10:09:00,6,1608.38,32,4,4,4,Champions,United Kingdom,2010-04
17887,2011-08-02 17:29:00,2011-08-02 17:29:00,1,111.35,130,3,1,1,Developing,United Kingdom,2011-08
17888,2009-12-21 16:34:00,2011-11-18 13:45:00,25,1820.44,22,4,5,4,Champions,United Kingdom,2009-12
17889,2010-03-31 10:54:00,2011-05-11 16:26:00,7,774.87,213,2,4,3,At risk,United Kingdom,2010-03
17890,2010-12-13 15:12:00,2011-01-21 11:19:00,2,602.09,323,2,2,2,Hibernating,United Kingdom,2010-12
17891,2011-06-30 20:08:00,2011-06-30 20:08:00,1,203.85999999999999,163,3,1,1,Developing,United Kingdom,2011-06
17892,2011-07-07 12:56:00,2011-10-14 16:49:00,3,244.1,57,4,3,1,Loyal,United Kingdom,2011-07
17893,2011-04-28 13:50:00,2011-04-28 13:50:00,1,112.25,226,2,1,1,Hibernating,United Kingdom,2011-04
17894,2010-08-27 14:13:00,2011-09-29 09:23:00,18,2346.61,72,3,5,4,Loyal,United Kingdom,2010-08
17895,2011-10-26 17:00:00,2011-10-26 17:00:00,1,98.0,45,4,1,1,Recent light buyers,United Kingdom,2011-10
17896,2011-11-16 13:59:00,2011-11-16 13:59:00,1,256.32,24,4,1,1,Recent light buyers,United Kingdom,2011-11
17897,2010-05-12 16:03:00,2011-06-20 11:23:00,9,2150.38,173,3,5,4,Loyal,United Kingdom,2010-05
17898,2010-05-21 17:22:00,2011-09-15 14:56:00,4,299.18,86,3,3,2,Loyal,United Kingdom,2010-05
17899,2011-07-03 14:58:00,2011-07-03 14:58:00,1,155.8,160,3,1,1,Developing,United Kingdom,2011-07
17900,2011-06-02 14:28:00,2011-06-02 14:38:00,2,112.19999999999999,191,2,2,1,Hibernating,United Kingdom,2011-06
17901,2010-07-06 10:54:00,2011-11-10 17:29:00,3,260.08,30,4,3,1,Loyal,United Kingdom,2010-07
17902,2010-06-11 12:25:00,2010-06-11 12:25:00,1,216.39999999999998,547,1,1,1,Hibernating,United Kingdom,2010-06
17903,2010-11-10 15:39:00,2010-11-10 15:39:00,1,381.09000000000003,395,2,1,2,Hibernating,United Kingdom,2010-11
17904,2011-11-18 12:57:00,2011-11-18 12:57:00,1,191.67,22,4,1,1,Recent light buyers,United Kingdom,2011-11
17905,2010-01-28 17:54:00,2011-09-29 17:33:00,13,2181.77,72,3,5,4,Loyal,United Kingdom,2010-01
17906,2011-04-06 17:25:00,2011-04-06 17:25:00,1,72.9,248,2,1,1,Hibernating,United Kingdom,2011-04
17907,2010-03-09 12:33:00,2010-03-09 12:33:00,1,291.76,641,1,1,2,Hibernating,United Kingdom,2010-03
17908,2009-12-14 12:24:00,2010-12-01 11:45:00,5,1168.26,374,2,4,3,At risk,United Kingdom,2009-12
17909,2009-12-02 13:10:00,2009-12-02 13:10:00,1,132.55,738,1,1,1,Hibernating,United Kingdom,2009-12
17910,2009-12-13 16:04:00,2009-12-13 16:04:00,1,261.7,727,1,1,1,Hibernating,United Kingdom,2009-12
17911,2011-11-30 14:52:00,2011-11-30 14:52:00,1,366.23,10,5,1,2,Recent light buyers,United Kingdom,2011-11
17912,2010-11-29 13:53:00,2011-02-02 14:25:00,6,375.5,311,2,4,2,At risk,United Kingdom,2010-11
17913,2009-12-03 13:02:00,2011-10-12 10:45:00,14,3479.64,59,4,5,5,Champions,United Kingdom,2009-12
17914,2011-12-06 11:58:00,2011-12-06 11:58:00,1,336.43,4,5,1,2,Recent light buyers,United Kingdom,2011-12
17915,2010-06-06 13:22:00,2010-06-06 13:22:00,1,242.13,552,1,1,1,Hibernating,United Kingdom,2010-06
17916,2009-12-06 14:10:00,2010-03-21 12:26:00,2,43.87,629,1,2,1,Hibernating,United Kingdom,2009-12
17917,2010-12-12 12:08:00,2011-10-25 13:20:00,3,341.28,46,4,3,2,Loyal,United Kingdom,2010-12
17918,2010-07-22 14:20:00,2010-07-27 11:51:00,3,396.39,501,1,3,2,At risk,United Kingdom,2010-07
17919,2010-09-27 10:40:00,2011-09-12 13:41:00,2,1840.32,89,3,2,4,Developing,United Kingdom,2010-09
17920,2009-12-06 10:37:00,2011-12-05 14:29:00,54,23780.55,5,5,5,5,Champions,United Kingdom,2009-12
17921,2010-07-15 20:05:00,2011-10-06 18:56:00,10,2423.5,65,3,5,4,Loyal,United Kingdom,2010-07
17922,2010-06-14 16:32:00,2010-06-14 16:32:00,1,170.4,544,1,1,1,Hibernating,United Kingdom,2010-06
17923,2010-06-13 13:58:00,2011-03-02 15:15:00,3,497.0,283,2,3,2,At risk,United Kingdom,2010-06
17924,2010-10-21 12:17:00,2011-11-28 09:11:00,8,3257.7000000000003,12,5,4,5,Champions,United Kingdom,2010-10
17925,2010-12-02 10:10:00,2010-12-02 10:10:00,1,244.08,373,2,1,1,Hibernating,United Kingdom,2010-12
17926,2010-05-09 14:07:00,2011-07-29 14:39:00,5,1035.49,134,3,4,3,Loyal,United Kingdom,2010-05
17927,2009-12-18 11:03:00,2009-12-18 11:03:00,1,294.0,722,1,1,2,Hibernating,United Kingdom,2009-12
17928,2010-05-17 15:30:00,2011-10-25 13:52:00,3,341.24,46,4,3,2,Loyal,United Kingdom,2010-05
17929,2009-12-09 11:40:00,2011-11-28 16:01:00,12,3082.1,12,5,5,5,Champions,United Kingdom,2009-12
17930,2010-03-04 10:41:00,2011-11-04 10:23:00,13,4275.22,36,4,5,5,Champions,United Kingdom,2010-03
17931,2010-02-16 15:47:00,2011-07-28 18:33:00,14,3437.29,135,3,5,5,Loyal,United Kingdom,2010-02
17932,2011-05-12 13:58:00,2011-11-10 19:49:00,3,1331.57,30,4,3,4,Loyal,United Kingdom,2011-05
17933,2010-03-17 15:11:00,2010-03-17 15:11:00,1,114.69,633,1,1,1,Hibernating,United Kingdom,2010-03
17934,2010-10-29 12:23:00,2011-10-19 11:16:00,3,1049.15,52,4,3,3,Loyal,United Kingdom,2010-10
17935,2009-12-04 14:33:00,2011-07-24 13:18:00,7,686.14,139,3,4,3,Loyal,United Kingdom,2009-12
17936,2011-12-04 13:32:00,2011-12-04 13:32:00,1,389.84,6,5,1,2,Recent light buyers,United Kingdom,2011-12
17937,2010-12-12 14:43:00,2011-12-01 11:45:00,7,4301.22,9,5,4,5,Champions,United Kingdom,2010-12
17938,2010-10-15 14:27:00,2010-10-15 14:27:00,1,144.29,421,1,1,1,Hibernating,United Kingdom,2010-10
17939,2011-07-03 12:27:00,2011-07-03 12:27:00,1,99.14,160,3,1,1,Developing,United Kingdom,2011-07
17940,2009-12-03 12:31:00,2011-10-21 13:27:00,16,30393.19,50,4,5,5,Champions,United Kingdom,2009-12
17941,2010-01-06 15:37:00,2011-08-01 08:30:00,4,1433.28,131,3,3,4,Loyal,United Kingdom,2010-01
17942,2011-12-02 10:45:00,2011-12-02 10:45:00,1,77.50000000000001,8,5,1,1,Recent light buyers,United Kingdom,2011-12
17944,2010-10-12 16:25:00,2010-10-12 16:25:00,1,75.41,424,1,1,1,Hibernating,United Kingdom,2010-10
17945,2010-01-12 11:33:00,2010-01-12 11:40:00,3,360.35,697,1,3,2,At risk,United Kingdom,2010-01
17946,2011-03-25 14:34:00,2011-04-20 17:00:00,2,149.57999999999998,234,2,2,1,Hibernating,United Kingdom,2011-03
17947,2011-11-02 13:05:00,2011-11-02 13:05:00,1,176.68,38,4,1,1,Recent light buyers,United Kingdom,2011-11
17948,2011-07-15 12:58:00,2011-07-15 12:58:00,1,358.56000000000006,148,3,1,2,Developing,United Kingdom,2011-07
17949,2009-12-02 11:07:00,2011-12-08 18:46:00,118,117314.08,2,5,5,5,Champions,United Kingdom,2009-12
17950,2010-01-04 17:39:00,2011-09-28 15:18:00,7,1169.64,73,3,4,3,Loyal,United Kingdom,2010-01
17951,2010-10-31 15:15:00,2011-10-31 12:30:00,4,1340.5800000000002,40,4,3,4,Loyal,United Kingdom,2010-10
17952,2010-06-16 11:54:00,2010-11-26 13:54:00,4,819.61,379,2,3,3,At risk,United Kingdom,2010-06
17953,2010-06-17 15:08:00,2010-06-17 15:08:00,1,160.82,541,1,1,1,Hibernating,United Kingdom,2010-06
17954,2009-12-09 13:22:00,2011-12-04 14:15:00,19,3837.37,6,5,5,5,Champions,United Kingdom,2009-12
17955,2010-02-12 16:27:00,2011-05-25 12:00:00,6,949.9,199,2,4,3,At risk,United Kingdom,2010-02
17956,2011-04-04 13:47:00,2011-04-04 13:47:00,1,12.75,250,2,1,1,Hibernating,United Kingdom,2011-04
17957,2011-10-04 14:58:00,2011-10-04 14:58:00,1,111.68,67,3,1,1,Developing,United Kingdom,2011-10
17958,2009-12-11 15:37:00,2011-08-15 12:19:00,2,973.88,117,3,2,3,Developing,United Kingdom,2009-12
17959,2010-04-26 14:12:00,2010-04-26 14:12:00,1,140.75,593,1,1,1,Hibernating,United Kingdom,2010-04
17960,2010-03-08 12:22:00,2011-06-21 14:15:00,3,135.08,172,3,3,1,Loyal,United Kingdom,2010-03
17961,2009-12-01 14:48:00,2011-11-18 16:55:00,100,2867.99,22,4,5,4,Champions,United Kingdom,2009-12
17962,2010-01-13 15:24:00,2011-07-20 14:16:00,4,687.42,143,3,3,3,Loyal,United Kingdom,2010-01
17963,2010-01-19 17:25:00,2010-08-25 15:58:00,4,651.51,472,1,3,3,At risk,United Kingdom,2010-01
17964,2010-12-02 13:32:00,2011-11-08 10:44:00,2,471.7,32,4,2,2,Recent light buyers,United Kingdom,2010-12
17965,2009-12-14 13:19:00,2011-11-02 09:31:00,29,7084.18,38,4,5,5,Champions,United Kingdom,2009-12
17966,2010-01-18 13:24:00,2011-11-02 10:26:00,10,1974.42,38,4,5,4,Champions,United Kingdom,2010-01
17967,2010-10-19 13:19:00,2010-12-03 11:19:00,2,234.22,372,2,2,1,Hibernating,United Kingdom,2010-10
17968,2010-07-15 15:01:00,2010-12-01 12:23:00,4,610.6899999999999,374,2,3,2,At risk,United Kingdom,2010-07
17969,2009-12-06 13:53:00,2011-06-26 13:00:00,20,2369.94,167,3,5,4,Loyal,United Kingdom,2009-12
17970,2011-05-12 20:03:00,2011-05-12 20:03:00,1,582.59,212,2,1,2,Hibernating,United Kingdom,2011-05
17971,2010-06-09 14:04:00,2010-06-09 14:04:00,1,161.94,549,1,1,1,Hibernating,United Kingdom,2010-06
17972,2011-04-12 12:16:00,2011-04-12 12:16:00,1,136.04,242,2,1,1,Hibernating,United Kingdom,2011-04
17973,2011-10-19 10:34:00,2011-10-19 10:34:00,1,337.04,52,4,1,2,Recent light buyers,United Kingdom,2011-10
17974,2010-10-28 20:03:00,2011-11-15 11:37:00,6,1858.06,25,4,4,4,Champions,United Kingdom,2010-10
17975,2010-08-06 11:24:00,2011-11-24 13:27:00,24,6714.7300000000005,16,5,5,5,Champions,United Kingdom,2010-08
17976,2010-12-02 13:49:00,2010-12-02 13:49:00,1,353.19,373,2,1,2,Hibernating,United Kingdom,2010-12
17977,2010-11-04 14:26:00,2011-11-10 13:28:00,2,1565.6299999999999,30,4,2,4,Recent light buyers,United Kingdom,2010-11
17978,2009-12-08 13:27:00,2010-12-09 14:05:00,4,1160.84,366,2,3,3,At risk,United Kingdom,2009-12
17979,2011-03-25 11:34:00,2011-11-04 12:05:00,4,757.71,36,4,3,3,Loyal,United Kingdom,2011-03
17980,2010-11-11 14:42:00,2011-06-27 12:01:00,4,1033.42,166,3,3,3,Loyal,United Kingdom,2010-11
17981,2010-10-25 10:40:00,2010-10-25 10:40:00,1,239.12,411,2,1,1,Hibernating,United Kingdom,2010-10
17982,2010-01-28 09:38:00,2010-01-28 09:38:00,1,138.18,681,1,1,1,Hibernating,United Kingdom,2010-01
17983,2010-11-09 13:23:00,2010-11-09 13:24:00,1,171.71,396,2,1,1,Hibernating,United Kingdom,2010-11
17984,2009-12-01 11:51:00,2011-07-17 15:59:00,5,1191.27,146,3,4,3,Loyal,United Kingdom,2009-12
17985,2011-11-17 14:24:00,2011-11-17 14:24:00,1,634.95,23,4,1,3,Recent light buyers,United Kingdom,2011-11
17986,2011-10-14 14:22:00,2011-10-14 14:22:00,1,20.8,57,4,1,1,Recent light buyers,United Kingdom,2011-10
17987,2010-06-07 11:23:00,2011-06-07 14:22:00,5,1003.64,186,3,4,3,Loyal,United Kingdom,2010-06
17988,2009-12-07 13:35:00,2011-11-28 11:00:00,14,489.54,12,5,5,2,Loyal,United Kingdom,2009-12
17989,2010-11-25 13:49:00,2010-11-25 13:49:00,1,228.82999999999998,380,2,1,1,Hibernating,United Kingdom,2010-11
17990,2009-12-07 15:19:00,2011-04-17 11:44:00,6,1527.6100000000001,237,2,4,4,At risk,United Kingdom,2009-12
17991,2010-04-27 12:46:00,2011-04-28 15:58:00,3,320.55,226,2,3,2,At risk,United Kingdom,2010-04
17992,2010-11-15 13:04:00,2010-11-15 13:04:00,1,254.13,390,2,1,1,Hibernating,United Kingdom,2010-11
17993,2010-04-01 14:23:00,2010-04-01 14:23:00,1,235.19,618,1,1,1,Hibernating,United Kingdom,2010-04
17994,2010-03-29 10:37:00,2011-08-10 11:41:00,11,2313.32,122,3,5,4,Loyal,United Kingdom,2010-03
17995,2010-11-17 17:01:00,2011-03-03 12:30:00,3,495.48,282,2,3,2,At risk,United Kingdom,2010-11
17996,2010-06-11 11:48:00,2010-11-25 11:00:00,3,482.33,380,2,3,2,At risk,United Kingdom,2010-06
17997,2011-06-28 17:28:00,2011-09-26 16:13:00,8,1970.6699999999998,75,3,4,4,Loyal,United Kingdom,2011-06
17998,2009-12-01 13:07:00,2010-11-24 15:31:00,3,639.24,381,2,3,3,At risk,United Kingdom,2009-12
17999,2010-11-26 13:16:00,2011-11-02 15:56:00,3,540.5600000000001,38,4,3,2,Loyal,United Kingdom,2010-11
18000,2010-05-24 17:34:00,2010-05-24 17:34:00,1,124.25,565,1,1,1,Hibernating,United Kingdom,2010-05
18001,2009-12-02 15:38:00,2011-11-27 16:02:00,6,953.84,13,5,4,3,Loyal,United Kingdom,2009-12
18002,2009-12-08 11:07:00,2010-11-29 10:57:00,4,249.92,376,2,3,1,At risk,United Kingdom,2009-12
18003,2010-11-28 15:09:00,2010-11-28 15:09:00,1,358.61,377,2,1,2,Hibernating,United Kingdom,2010-11
18004,2010-12-12 13:47:00,2010-12-12 13:47:00,1,169.47,363,2,1,1,Hibernating,United Kingdom,2010-12
18005,2011-10-23 14:40:00,2011-12-06 11:51:00,2,249.72,4,5,2,1,Recent light buyers,United Kingdom,2011-10
18006,2009-12-17 12:27:00,2011-11-16 16:52:00,4,997.86,24,4,3,3,Loyal,United Kingdom,2009-12
18007,2010-11-12 11:08:00,2010-11-12 11:08:00,1,220.32,393,2,1,1,Hibernating,United Kingdom,2010-11
18008,2010-01-06 12:35:00,2011-09-30 15:17:00,23,19787.13,71,3,5,5,Loyal,United Kingdom,2010-01
18009,2010-02-25 11:49:00,2011-04-18 13:36:00,8,2155.83,236,2,4,4,At risk,United Kingdom,2010-02
18010,2011-03-28 12:27:00,2011-03-28 12:27:00,1,174.8,257,2,1,1,Hibernating,United Kingdom,2011-03
18011,2010-05-21 13:28:00,2010-12-01 17:35:00,2,424.24,374,2,2,2,Hibernating,United Kingdom,2010-05
18012,2009-12-16 13:16:00,2009-12-16 13:16:00,1,115.3,724,1,1,1,Hibernating,United Kingdom,2009-12
18013,2011-07-07 14:08:00,2011-07-07 14:11:00,2,187.29,156,3,2,1,Developing,United Kingdom,2011-07
18014,2011-11-11 15:28:00,2011-11-11 15:28:00,1,166.42,29,4,1,1,Recent light buyers,United Kingdom,2011-11
18015,2011-12-05 14:49:00,2011-12-05 14:49:00,1,120.03,5,5,1,1,Recent light buyers,United Kingdom,2011-12
18016,2010-01-27 16:00:00,2011-11-07 13:25:00,7,1960.46,33,4,4,4,Champions,United Kingdom,2010-01
18017,2010-10-04 15:11:00,2011-09-19 16:15:00,4,688.0,82,3,3,3,Loyal,United Kingdom,2010-10
18018,2010-10-15 11:05:00,2011-08-23 17:37:00,4,297.99,109,3,3,2,Loyal,United Kingdom,2010-10
18019,2011-10-19 12:10:00,2011-10-19 12:10:00,1,38.45,52,4,1,1,Recent light buyers,United Kingdom,2011-10
18020,2010-06-14 12:31:00,2010-06-14 12:31:00,1,190.48000000000002,544,1,1,1,Hibernating,United Kingdom,2010-06
18021,2010-07-15 18:47:00,2010-07-18 10:52:00,2,227.06,510,1,2,1,Hibernating,United Kingdom,2010-07
18022,2010-06-11 13:59:00,2011-11-04 12:45:00,5,1651.79,36,4,4,4,Champions,United Kingdom,2010-06
18024,2011-07-10 12:28:00,2011-07-10 12:40:00,2,389.78,153,3,2,2,Developing,United Kingdom,2011-07
18025,2010-03-30 17:33:00,2010-11-25 12:37:00,6,1177.72,380,2,4,3,At risk,United Kingdom,2010-03
18026,2010-07-22 16:21:00,2010-07-27 10:37:00,2,2074.07,501,1,2,4,Hibernating,United Kingdom,2010-07
18027,2011-09-02 10:38:00,2011-09-02 10:38:00,1,115.31,99,3,1,1,Developing,United Kingdom,2011-09
18028,2010-05-05 13:28:00,2010-05-05 13:28:00,1,192.05,584,1,1,1,Hibernating,United Kingdom,2010-05
18029,2010-03-07 15:30:00,2010-03-07 15:30:00,1,433.77,643,1,1,2,Hibernating,United Kingdom,2010-03
18030,2011-10-28 13:55:00,2011-12-05 16:37:00,2,230.64999999999998,5,5,2,1,Recent light buyers,United Kingdom,2011-10
18031,2010-11-26 11:00:00,2010-11-26 11:00:00,1,462.09999999999997,379,2,1,2,Hibernating,United Kingdom,2010-11
18032,2011-01-09 15:32:00,2011-01-09 15:32:00,1,73.5,335,2,1,1,Hibernating,United Kingdom,2011-01
18033,2011-10-05 17:28:00,2011-10-05 17:28:00,1,97.97,66,3,1,1,Developing,United Kingdom,2011-10
18034,2010-11-29 12:36:00,2011-11-18 12:22:00,3,793.7,22,4,3,3,Loyal,United Kingdom,2010-11
18035,2010-11-19 13:42:00,2011-11-04 12:39:00,5,1276.74,36,4,4,4,Champions,United Kingdom,2010-11
18036,2009-12-18 12:04:00,2011-11-07 14:40:00,11,1563.6399999999999,33,4,5,4,Champions,United Kingdom,2009-12
18037,2009-12-01 13:48:00,2011-07-08 13:39:00,15,167.42,155,3,5,1,Loyal,United Kingdom,2009-12
18038,2010-06-01 15:59:00,2010-06-01 15:59:00,1,149.41,557,1,1,1,Hibernating,United Kingdom,2010-06
18039,2010-03-09 11:19:00,2010-11-30 13:07:00,4,579.17,375,2,3,2,At risk,United Kingdom,2010-03
18040,2011-04-08 08:27:00,2011-11-20 14:20:00,2,357.20000000000005,20,5,2,2,Recent light buyers,United Kingdom,2011-04
18041,2010-01-14 10:04:00,2011-11-28 11:39:00,38,8118.09,12,5,5,5,Champions,United Kingdom,2010-01
18042,2010-06-16 10:53:00,2011-10-17 11:49:00,2,281.15,54,4,2,1,Recent light buyers,United Kingdom,2010-06
18043,2010-12-08 12:35:00,2011-11-15 12:48:00,3,559.51,25,4,3,2,Loyal,United Kingdom,2010-12
18044,2010-05-28 15:31:00,2011-12-05 14:26:00,18,3505.61,5,5,5,5,Champions,United Kingdom,2010-05
18045,2011-10-25 13:07:00,2011-10-25 13:07:00,1,189.4,46,4,1,1,Recent light buyers,United Kingdom,2011-10
18046,2010-02-28 11:36:00,2010-02-28 11:36:00,1,189.63,650,1,1,1,Hibernating,United Kingdom,2010-02
18047,2010-11-23 12:57:00,2010-11-23 13:11:00,2,342.69,382,2,2,2,Hibernating,United Kingdom,2010-11
18048,2010-08-03 13:03:00,2011-05-20 14:58:00,3,401.73,204,2,3,2,At risk,United Kingdom,2010-08
18049,2010-04-28 13:24:00,2010-09-28 14:26:00,2,556.52,438,1,2,2,Hibernating,United Kingdom,2010-04
18050,2010-11-11 15:51:00,2010-12-15 14:25:00,2,412.06,360,2,2,2,Hibernating,United Kingdom,2010-11
18051,2009-12-09 12:17:00,2010-03-15 13:58:00,7,2282.28,635,1,4,4,At risk,United Kingdom,2009-12
18052,2010-05-24 11:11:00,2010-05-24 11:11:00,1,10877.18,565,1,1,5,Hibernating,United Kingdom,2010-05
18053,2010-06-30 12:36:00,2011-09-30 09:05:00,3,571.07,71,3,3,2,Loyal,United Kingdom,2010-06
18054,2010-11-12 08:18:00,2010-11-12 08:18:00,1,176.5,393,2,1,1,Hibernating,United Kingdom,2010-11
18055,2010-10-22 13:27:00,2011-12-02 14:25:00,14,10195.09,8,5,5,5,Champions,United Kingdom,2010-10
18056,2010-03-31 12:29:00,2011-02-24 14:27:00,2,554.6,289,2,2,2,Hibernating,United Kingdom,2010-03
18057,2010-01-18 12:42:00,2010-11-11 16:55:00,3,1203.56,394,2,3,3,At risk,United Kingdom,2010-01
18058,2010-02-10 09:38:00,2011-11-30 08:38:00,3,774.06,10,5,3,3,Loyal,United Kingdom,2010-02
18059,2011-10-03 09:30:00,2011-11-16 16:49:00,3,306.46,24,4,3,2,Loyal,United Kingdom,2011-10
18060,2010-05-24 08:34:00,2010-10-27 16:41:00,2,1185.46,409,2,2,3,Hibernating,United Kingdom,2010-05
18061,2009-12-04 11:36:00,2011-11-18 11:20:00,28,6083.81,22,4,5,5,Champions,United Kingdom,2009-12
18062,2010-04-21 08:55:00,2011-06-19 14:47:00,6,1632.67,174,3,4,4,Loyal,United Kingdom,2010-04
18063,2010-03-16 13:05:00,2010-11-14 10:46:00,2,186.60000000000002,391,2,2,1,Hibernating,United Kingdom,2010-03
18064,2010-02-01 15:01:00,2011-07-29 16:39:00,11,4495.03,134,3,5,5,Loyal,United Kingdom,2010-02
18065,2009-12-09 16:00:00,2011-12-04 10:30:00,29,5866.63,6,5,5,5,Champions,United Kingdom,2009-12
18066,2010-10-20 11:42:00,2011-09-25 15:30:00,3,1440.4,76,3,3,4,Loyal,United Kingdom,2010-10
18067,2011-10-30 15:58:00,2011-10-30 15:58:00,1,396.33,41,4,1,2,Recent light buyers,United Kingdom,2011-10
18068,2011-02-23 14:50:00,2011-02-23 14:50:00,1,101.69999999999999,290,2,1,1,Hibernating,United Kingdom,2011-02
18069,2010-02-28 16:14:00,2011-11-13 16:03:00,11,4540.56,27,4,5,5,Champions,United Kingdom,2010-02
18070,2010-02-08 13:28:00,2010-02-08 13:28:00,1,314.1,670,1,1,2,Hibernating,United Kingdom,2010-02
18071,2009-12-05 10:31:00,2011-03-27 11:59:00,6,1169.68,258,2,4,3,At risk,United Kingdom,2009-12
18072,2011-06-07 10:44:00,2011-06-07 10:44:00,1,247.44,186,3,1,1,Developing,United Kingdom,2011-06
18073,2011-05-26 19:38:00,2011-08-17 14:02:00,12,3877.5200000000004,115,3,5,5,Loyal,United Kingdom,2011-05
18074,2010-07-22 10:31:00,2010-12-01 09:53:00,2,1019.44,374,2,2,3,Hibernating,United Kingdom,2010-07
18075,2010-07-29 11:47:00,2011-11-16 15:21:00,20,5783.29,24,4,5,5,Champions,United Kingdom,2010-07
18076,2010-11-24 14:02:00,2010-11-24 14:02:00,1,151.49,381,2,1,1,Hibernating,United Kingdom,2010-11
18077,2009-12-07 11:40:00,2011-12-01 13:32:00,18,4133.69,9,5,5,5,Champions,United Kingdom,2009-12
18078,2010-03-21 15:50:00,2011-05-06 14:32:00,4,844.6,218,2,3,3,At risk,United Kingdom,2010-03
18079,2010-08-05 12:19:00,2011-10-25 15:27:00,5,4242.75,46,4,4,5,Champions,United Kingdom,2010-08
18080,2011-04-11 10:10:00,2011-11-21 08:02:00,2,1231.5,19,5,2,3,Recent light buyers,United Kingdom,2011-04
18081,2011-07-29 11:56:00,2011-11-03 16:30:00,3,343.45,37,4,3,2,Loyal,United Kingdom,2011-07
18082,2011-11-14 12:45:00,2011-11-14 12:45:00,1,703.37,26,4,1,3,Recent light buyers,United Kingdom,2011-11
18083,2010-11-07 11:44:00,2010-11-07 11:44:00,1,470.72999999999996,398,2,1,2,Hibernating,United Kingdom,2010-11
18084,2010-11-16 08:09:00,2011-11-23 13:57:00,3,812.93,17,5,3,3,Loyal,United Kingdom,2010-11
18085,2010-03-21 11:57:00,2011-01-13 15:17:00,4,1341.8500000000001,331,2,3,4,At risk,United Kingdom,2010-03
18086,2011-03-10 13:34:00,2011-03-10 13:34:00,1,101.34,275,2,1,1,Hibernating,United Kingdom,2011-03
18087,2009-12-01 09:43:00,2011-09-02 15:12:00,17,14761.519999999999,99,3,5,5,Loyal,United Kingdom,2009-12
18088,2011-10-09 13:41:00,2011-10-09 13:41:00,1,167.67000000000002,62,3,1,1,Developing,United Kingdom,2011-10
18089,2010-09-19 11:57:00,2010-09-19 11:57:00,1,428.45,447,1,1,2,Hibernating,United Kingdom,2010-09
18090,2010-10-14 12:32:00,2010-10-14 12:32:00,1,349.4,422,1,1,2,Hibernating,United Kingdom,2010-10
18091,2010-04-25 13:18:00,2010-04-25 13:18:00,1,360.85,594,1,1,2,Hibernating,United Kingdom,2010-04
18092,2009-12-04 12:37:00,2011-12-07 13:14:00,18,14693.72,3,5,5,5,Champions,United Kingdom,2009-12
18093,2010-03-31 10:27:00,2011-09-07 15:43:00,8,4452.71,94,3,4,5,Loyal,United Kingdom,2010-03
18094,2010-01-07 11:16:00,2011-09-19 09:28:00,13,6391.52,82,3,5,5,Loyal,United Kingdom,2010-01
18095,2010-04-19 14:09:00,2011-01-31 12:50:00,5,2303.09,313,2,4,4,At risk,United Kingdom,2010-04
18096,2010-07-14 14:30:00,2011-11-28 12:44:00,6,1805.28,12,5,4,4,Champions,United Kingdom,2010-07
18097,2009-12-17 11:06:00,2011-12-02 11:16:00,11,4663.32,8,5,5,5,Champions,United Kingdom,2009-12
18098,2010-11-08 16:31:00,2010-11-08 16:31:00,1,550.84,397,2,1,2,Hibernating,United Kingdom,2010-11
18099,2011-08-04 15:52:00,2011-08-04 15:52:00,1,168.31,128,3,1,1,Developing,United Kingdom,2011-08
18100,2010-06-07 14:19:00,2010-06-07 14:19:00,1,451.56,551,1,1,2,Hibernating,United Kingdom,2010-06
18101,2010-02-03 13:52:00,2011-11-28 13:37:00,5,629.16,12,5,4,3,Loyal,United Kingdom,2010-02
18102,2009-12-01 09:24:00,2011-12-09 11:50:00,145,580987.04,1,5,5,5,Champions,United Kingdom,2009-12
18103,2010-06-08 13:36:00,2010-06-08 13:36:00,1,105.8,550,1,1,1,Hibernating,United Kingdom,2010-06
18104,2011-11-02 14:07:00,2011-11-02 14:07:00,1,754.64,38,4,1,3,Recent light buyers,United Kingdom,2011-11
18105,2011-11-02 12:04:00,2011-11-02 12:04:00,1,113.48000000000002,38,4,1,1,Recent light buyers,United Kingdom,2011-11
18106,2010-01-15 11:36:00,2011-01-14 12:23:00,6,1461.46,330,2,4,4,At risk,United Kingdom,2010-01
18107,2010-09-23 13:03:00,2010-09-23 13:03:00,1,167.13,443,1,1,1,Hibernating,United Kingdom,2010-09
18108,2009-12-02 12:47:00,2011-03-30 13:56:00,3,848.8100000000001,255,2,3,3,At risk,United Kingdom,2009-12
18109,2010-07-01 12:13:00,2011-12-08 11:36:00,38,9616.51,2,5,5,5,Champions,United Kingdom,2010-07
18110,2010-10-24 14:21:00,2011-11-20 12:34:00,2,435.43,20,5,2,2,Recent light buyers,United Kingdom,2010-10
18111,2010-04-29 12:58:00,2010-04-29 12:58:00,1,405.85,590,1,1,2,Hibernating,United Kingdom,2010-04
18112,2010-06-06 12:40:00,2011-11-27 14:43:00,4,775.96,13,5,3,3,Loyal,United Kingdom,2010-06
18113,2010-12-06 12:31:00,2010-12-06 12:31:00,1,76.32000000000001,369,2,1,1,Hibernating,United Kingdom,2010-12
18114,2011-02-22 13:20:00,2011-02-22 13:20:00,1,220.1,291,2,1,1,Hibernating,United Kingdom,2011-02
18115,2010-01-11 11:57:00,2010-01-11 11:57:00,1,9.700000000000001,698,1,1,1,Hibernating,United Kingdom,2010-01
18116,2010-10-24 15:29:00,2011-10-03 11:00:00,13,2154.3,68,3,5,4,Loyal,United Kingdom,2010-10
18117,2011-11-14 12:47:00,2011-11-14 12:47:00,1,320.72,26,4,1,2,Recent light buyers,United Kingdom,2011-11
18118,2010-11-23 13:36:00,2011-11-29 11:32:00,29,6257.36,11,5,5,5,Champions,United Kingdom,2010-11
18119,2010-12-07 11:59:00,2010-12-07 11:59:00,1,181.12,368,2,1,1,Hibernating,United Kingdom,2010-12
18120,2011-05-09 13:45:00,2011-05-09 13:45:00,1,111.15,215,2,1,1,Hibernating,United Kingdom,2011-05
18121,2011-07-08 12:14:00,2011-07-13 12:53:00,2,673.1,150,3,2,3,Developing,United Kingdom,2011-07
18122,2011-07-12 11:37:00,2011-12-01 13:08:00,6,1826.21,9,5,4,4,Champions,United Kingdom,2011-07
18123,2010-07-14 12:47:00,2011-11-15 14:23:00,3,684.59,25,4,3,3,Loyal,United Kingdom,2010-07
18124,2010-08-24 17:21:00,2010-08-24 17:21:00,1,111.53,473,1,1,1,Hibernating,United Kingdom,2010-08
18125,2011-01-27 15:02:00,2011-11-10 12:29:00,4,1142.99,30,4,3,3,Loyal,United Kingdom,2011-01
18126,2011-10-10 12:19:00,2011-10-10 12:19:00,1,206.82999999999998,61,3,1,1,Developing,United Kingdom,2011-10
18127,2010-11-01 13:56:00,2011-11-20 14:05:00,4,561.53,20,5,3,2,Loyal,United Kingdom,2010-11
18128,2010-06-20 13:19:00,2010-06-20 13:19:00,1,420.04,538,1,1,2,Hibernating,United Kingdom,2010-06
18129,2011-04-10 14:16:00,2011-04-10 14:16:00,1,112.55000000000001,244,2,1,1,Hibernating,United Kingdom,2011-04
18130,2011-10-13 15:58:00,2011-11-24 14:40:00,3,1059.39,16,5,3,3,Loyal,United Kingdom,2011-10
18131,2010-03-18 08:48:00,2010-03-18 08:48:00,1,222.95999999999998,632,1,1,1,Hibernating,United Kingdom,2010-03
18132,2010-07-23 16:54:00,2010-07-23 16:54:00,1,226.9,505,1,1,1,Hibernating,United Kingdom,2010-07
18133,2011-05-11 14:14:00,2011-05-11 14:14:00,1,931.4999999999999,213,2,1,3,Hibernating,United Kingdom,2011-05
18134,2010-01-14 11:59:00,2010-04-20 14:02:00,2,445.0,599,1,2,2,Hibernating,United Kingdom,2010-01
18135,2010-03-15 13:55:00,2011-11-10 19:32:00,10,1249.6200000000001,30,4,5,4,Champions,United Kingdom,2010-03
18136,2010-09-14 15:50:00,2011-10-07 15:40:00,5,1631.3600000000001,64,3,4,4,Loyal,United Kingdom,2010-09
18137,2010-06-06 13:45:00,2010-06-06 14:18:00,2,145.99,552,1,2,1,Hibernating,United Kingdom,2010-06
18138,2011-02-17 14:51:00,2011-02-17 14:51:00,1,152.65,296,2,1,1,Hibernating,United Kingdom,2011-02
18139,2011-11-21 14:06:00,2011-11-22 10:44:00,6,8438.34,18,5,4,5,Champions,United Kingdom,2011-11
18140,2010-08-23 11:58:00,2010-08-23 11:58:00,1,536.41,474,1,1,2,Hibernating,West Indies,2010-08
18141,2010-04-29 15:32:00,2010-11-03 11:44:00,2,882.47,402,2,2,3,Hibernating,United Kingdom,2010-04
18142,2011-05-08 12:31:00,2011-07-05 13:19:00,2,1019.52,158,3,2,3,Developing,United Kingdom,2011-05
18143,2011-07-21 10:44:00,2011-08-15 12:07:00,2,1000.16,117,3,2,3,Developing,United Kingdom,2011-07
18144,2009-12-16 15:57:00,2011-12-02 12:46:00,19,4892.95,8,5,5,5,Champions,United Kingdom,2009-12
18145,2009-12-08 12:30:00,2011-11-27 11:22:00,11,5617.79,13,5,5,5,Champions,United Kingdom,2009-12
18146,2011-05-03 16:35:00,2011-07-22 12:08:00,2,160.35000000000002,141,3,2,1,Developing,United Kingdom,2011-05
18147,2011-08-23 12:22:00,2011-10-25 11:46:00,2,179.33999999999997,46,4,2,1,Recent light buyers,United Kingdom,2011-08
18148,2010-03-03 11:40:00,2010-03-03 11:40:00,1,114.10000000000001,647,1,1,1,Hibernating,United Kingdom,2010-03
18149,2010-03-14 12:41:00,2011-10-20 12:04:00,7,1624.71,51,4,4,4,Champions,United Kingdom,2010-03
18150,2011-05-22 10:47:00,2011-11-07 16:49:00,3,566.58,33,4,3,2,Loyal,United Kingdom,2011-05
18151,2010-03-04 10:47:00,2011-07-28 11:35:00,6,1879.44,135,3,4,4,Loyal,United Kingdom,2010-03
18152,2010-03-03 15:26:00,2010-03-03 15:26:00,1,426.69,647,1,1,2,Hibernating,United Kingdom,2010-03
18153,2010-02-18 15:50:00,2010-02-18 15:50:00,1,246.22,660,1,1,1,Hibernating,United Kingdom,2010-02
18154,2010-08-06 09:18:00,2011-12-06 16:41:00,5,932.6,4,5,4,3,Loyal,United Kingdom,2010-08
18155,2011-02-21 10:36:00,2011-09-25 13:32:00,3,371.62,76,3,3,2,Loyal,United Kingdom,2011-02
18156,2010-12-05 12:29:00,2011-11-27 12:24:00,2,734.94,13,5,2,3,Recent light buyers,United Kingdom,2010-12
18157,2010-05-17 14:09:00,2010-05-17 14:09:00,1,215.35,572,1,1,1,Hibernating,United Kingdom,2010-05
18158,2011-09-12 09:03:00,2011-11-30 16:19:00,2,453.4,10,5,2,2,Recent light buyers,United Kingdom,2011-09
18159,2011-02-11 14:26:00,2011-02-11 14:26:00,1,530.15,302,2,1,2,Hibernating,United Kingdom,2011-02
18160,2010-11-18 16:33:00,2011-10-13 15:50:00,3,1003.88,58,4,3,3,Loyal,United Kingdom,2010-11
18161,2010-11-25 15:55:00,2011-11-24 16:40:00,6,1803.1000000000001,16,5,4,4,Champions,United Kingdom,2010-11
18162,2009-12-07 13:24:00,2009-12-07 13:24:00,1,379.16,733,1,1,2,Hibernating,United Kingdom,2009-12
18163,2010-05-04 14:51:00,2010-05-04 14:51:00,1,728.84,585,1,1,3,Hibernating,United Kingdom,2010-05
18164,2011-11-02 12:56:00,2011-11-02 12:56:00,1,399.65000000000003,38,4,1,2,Recent light buyers,United Kingdom,2011-11
18165,2011-06-15 13:23:00,2011-06-15 13:23:00,1,302.46000000000004,178,3,1,2,Developing,United Kingdom,2011-06
18166,2010-03-26 12:26:00,2010-03-26 12:26:00,1,175.5,624,1,1,1,Hibernating,United Kingdom,2010-03
18167,2011-08-26 11:40:00,2011-11-16 15:56:00,3,1384.8600000000001,24,4,3,4,Loyal,United Kingdom,2011-08
18168,2009-12-03 17:29:00,2011-06-16 19:21:00,16,3506.97,177,3,5,5,Loyal,United Kingdom,2009-12
18169,2011-10-10 12:18:00,2011-10-10 12:18:00,1,202.65,61,3,1,1,Developing,United Kingdom,2011-10
18170,2010-01-08 14:10:00,2011-11-06 14:35:00,9,2878.0,34,4,5,4,Champions,United Kingdom,2010-01
18171,2010-01-05 10:46:00,2011-10-12 09:13:00,9,2437.31,59,4,5,4,Champions,United Kingdom,2010-01
18172,2009-12-11 09:58:00,2011-11-25 11:12:00,52,17479.84,15,5,5,5,Champions,United Kingdom,2009-12
18173,2010-04-06 10:43:00,2011-09-14 11:26:00,5,2696.36,87,3,4,4,Loyal,United Kingdom,2010-04
18174,2010-04-15 12:17:00,2011-12-02 16:56:00,2,162.5,8,5,2,1,Recent light buyers,United Kingdom,2010-04
18175,2010-02-02 10:25:00,2010-02-02 10:25:00,1,176.1,676,1,1,1,Hibernating,United Kingdom,2010-02
18176,2010-12-16 15:45:00,2010-12-16 15:45:00,1,476.35,359,2,1,2,Hibernating,United Kingdom,2010-12
18177,2009-12-15 18:57:00,2011-11-08 14:44:00,9,2216.87,32,4,5,4,Champions,United Kingdom,2009-12
18178,2010-02-18 14:25:00,2011-08-03 09:30:00,11,6103.74,129,3,5,5,Loyal,United Kingdom,2010-02
18179,2010-02-14 15:51:00,2011-11-30 16:23:00,8,2547.55,10,5,4,4,Champions,United Kingdom,2010-02
18180,2011-07-20 08:59:00,2011-12-05 08:39:00,6,1843.75,5,5,4,4,Champions,United Kingdom,2011-07
18181,2009-12-04 15:30:00,2011-11-15 15:08:00,5,1205.94,25,4,4,3,Loyal,United Kingdom,2009-12
18182,2010-09-02 14:25:00,2010-09-02 14:25:00,1,291.13,464,1,1,2,Hibernating,United Kingdom,2010-09
18183,2011-03-10 10:08:00,2011-04-26 15:26:00,2,632.07,228,2,2,3,Hibernating,United Kingdom,2011-03
18184,2011-11-24 15:28:00,2011-11-24 15:28:00,1,49.8,16,5,1,1,Recent light buyers,United Kingdom,2011-11
18185,2011-04-04 13:42:00,2011-04-04 13:42:00,1,304.25,250,2,1,2,Hibernating,United Kingdom,2011-04
18186,2009-12-17 10:22:00,2009-12-17 10:22:00,1,329.58,723,1,1,2,Hibernating,United Kingdom,2009-12
18187,2010-03-18 09:49:00,2010-03-18 09:49:00,1,724.89,632,1,1,3,Hibernating,United Kingdom,2010-03
18188,2010-03-26 11:37:00,2011-11-24 16:46:00,6,3280.59,16,5,4,5,Champions,United Kingdom,2010-03
18189,2010-03-24 09:57:00,2011-09-23 12:40:00,3,1403.73,78,3,3,4,Loyal,United Kingdom,2010-03
18190,2009-12-22 12:05:00,2011-05-31 14:48:00,5,745.62,193,2,4,3,At risk,United Kingdom,2009-12
18191,2010-08-19 17:42:00,2011-03-23 12:08:00,2,529.4,262,2,2,2,Hibernating,United Kingdom,2010-08
18192,2011-09-29 09:53:00,2011-09-29 09:53:00,1,957.97,72,3,1,3,Developing,United Kingdom,2011-09
18193,2010-09-23 13:33:00,2011-06-27 13:58:00,3,1207.35,166,3,3,3,Loyal,United Kingdom,2010-09
18194,2010-01-28 15:30:00,2011-09-18 13:29:00,6,4162.04,83,3,4,5,Loyal,United Kingdom,2010-01
18195,2010-11-17 15:03:00,2010-11-17 15:03:00,1,101.16,388,2,1,1,Hibernating,United Kingdom,2010-11
18196,2010-03-17 14:55:00,2011-09-05 16:22:00,4,1464.31,96,3,3,4,Loyal,United Kingdom,2010-03
18197,2010-05-13 10:46:00,2010-05-13 10:46:00,1,230.1,576,1,1,1,Hibernating,United Kingdom,2010-05
18198,2011-01-07 13:39:00,2011-12-05 14:49:00,17,5425.56,5,5,5,5,Champions,United Kingdom,2011-01
18199,2010-01-25 11:32:00,2010-01-25 11:32:00,1,344.75,684,1,1,2,Hibernating,United Kingdom,2010-01
18200,2011-08-25 18:45:00,2011-08-25 18:45:00,1,163.8,107,3,1,1,Developing,United Kingdom,2011-08
18201,2009-12-17 08:55:00,2009-12-17 08:55:00,1,447.53000000000003,723,1,1,2,Hibernating,United Kingdom,2009-12
18202,2011-02-01 13:36:00,2011-05-24 12:12:00,3,1396.99,200,2,3,4,At risk,United Kingdom,2011-02
18203,2009-12-08 13:19:00,2011-07-05 13:07:00,4,504.42,158,3,3,2,Loyal,United Kingdom,2009-12
18204,2011-05-31 15:26:00,2011-09-29 16:44:00,3,1993.7,72,3,3,4,Loyal,United Kingdom,2011-05
18205,2011-09-26 12:02:00,2011-11-03 13:22:00,2,517.36,37,4,2,2,Recent light buyers,United Kingdom,2011-09
18206,2010-06-04 13:47:00,2010-06-04 13:47:00,1,314.65999999999997,554,1,1,2,Hibernating,United Kingdom,2010-06
18207,2010-07-28 14:26:00,2010-07-28 14:26:00,1,544.47,500,1,1,2,Hibernating,United Kingdom,2010-07
18208,2010-05-23 11:54:00,2010-05-23 11:54:00,1,360.08,566,1,1,2,Hibernating,United Kingdom,2010-05
18209,2011-11-11 12:07:00,2011-11-11 12:07:00,1,139.10000000000002,29,4,1,1,Recent light buyers,United Kingdom,2011-11
18210,2010-11-22 09:39:00,2011-12-08 11:02:00,7,2768.83,2,5,4,4,Champions,United Kingdom,2010-11
18211,2011-03-06 12:09:00,2011-11-14 08:10:00,5,600.07,26,4,4,2,Loyal,United Kingdom,2011-03
18212,2010-01-31 14:42:00,2011-01-17 16:14:00,2,546.72,327,2,2,2,Hibernating,United Kingdom,2010-01
18213,2011-04-17 10:21:00,2011-04-17 10:21:00,1,232.48000000000002,237,2,1,1,Hibernating,United Kingdom,2011-04
18214,2010-06-03 19:47:00,2010-06-27 11:21:00,4,1780.34,531,1,3,4,At risk,United Kingdom,2010-06
18215,2010-03-26 13:03:00,2011-09-11 16:05:00,5,2247.4900000000002,90,3,4,4,Loyal,United Kingdom,2010-03
18216,2011-11-08 16:55:00,2011-11-08 16:55:00,1,481.75,32,4,1,2,Recent light buyers,United Kingdom,2011-11
18217,2010-07-01 15:39:00,2011-11-10 13:18:00,4,945.04,30,4,3,3,Loyal,United Kingdom,2010-07
18218,2010-02-17 15:11:00,2011-05-12 12:53:00,4,1142.0,212,2,3,3,At risk,United Kingdom,2010-02
18219,2009-12-07 13:17:00,2011-12-07 11:43:00,17,3352.7000000000003,3,5,5,5,Champions,United Kingdom,2009-12
18220,2009-12-15 11:42:00,2011-04-27 09:03:00,6,1921.76,227,2,4,4,At risk,United Kingdom,2009-12
18221,2010-11-14 15:46:00,2011-11-17 14:40:00,6,1424.94,23,4,4,4,Champions,United Kingdom,2010-11
18222,2011-09-08 10:45:00,2011-09-08 10:45:00,1,443.0,93,3,1,2,Developing,United Kingdom,2011-09
18223,2009-12-04 12:20:00,2011-12-05 09:11:00,26,14000.85,5,5,5,5,Champions,United Kingdom,2009-12
18224,2011-03-21 10:30:00,2011-03-21 10:30:00,1,158.95000000000002,264,2,1,1,Hibernating,United Kingdom,2011-03
18225,2009-12-04 16:52:00,2011-12-06 13:27:00,26,13024.26,4,5,5,5,Champions,United Kingdom,2009-12
18226,2010-03-05 10:05:00,2011-10-26 13:36:00,26,11878.88,45,4,5,5,Champions,United Kingdom,2010-03
18227,2010-08-12 16:45:00,2011-05-06 12:23:00,2,388.75,218,2,2,2,Hibernating,United Kingdom,2010-08
18228,2011-09-21 10:48:00,2011-10-14 09:21:00,2,779.9,57,4,2,3,Recent light buyers,United Kingdom,2011-09
18229,2009-12-03 14:42:00,2011-11-28 09:48:00,28,10150.51,12,5,5,5,Champions,United Kingdom,2009-12
18230,2010-07-02 10:01:00,2011-11-30 13:22:00,9,4291.06,10,5,5,5,Champions,United Kingdom,2010-07
18231,2010-01-10 12:13:00,2011-05-31 14:18:00,28,6880.97,193,2,5,5,At risk,United Kingdom,2010-01
18232,2011-05-26 16:30:00,2011-09-19 11:49:00,4,592.97,82,3,3,2,Loyal,United Kingdom,2011-05
18233,2011-01-18 08:44:00,2011-01-18 08:44:00,1,440.0,326,2,1,2,Hibernating,United Kingdom,2011-01
18234,2010-06-06 11:22:00,2010-06-06 11:22:00,1,179.6,552,1,1,1,Hibernating,United Kingdom,2010-06
18235,2011-05-06 13:35:00,2011-09-29 08:27:00,3,1796.48,72,3,3,4,Loyal,United Kingdom,2011-05
18236,2010-04-15 13:39:00,2011-11-10 08:06:00,12,1795.3500000000001,30,4,5,4,Champions,United Kingdom,2010-04
18237,2011-07-28 13:05:00,2011-12-07 12:49:00,5,987.1,3,5,4,3,Loyal,United Kingdom,2011-07
18238,2010-07-12 12:51:00,2010-07-12 12:51:00,1,270.92,516,1,1,1,Hibernating,United Kingdom,2010-07
18239,2010-10-13 10:11:00,2011-05-05 12:38:00,6,1712.26,219,2,4,4,At risk,United Kingdom,2010-10
18240,2011-10-24 13:06:00,2011-10-24 13:06:00,1,422.58,47,4,1,2,Recent light buyers,United Kingdom,2011-10
18241,2010-04-01 11:55:00,2011-11-30 12:10:00,21,2986.9900000000002,10,5,5,5,Champions,United Kingdom,2010-04
18242,2010-01-11 08:49:00,2011-09-28 13:43:00,8,3605.21,73,3,4,5,Loyal,United Kingdom,2010-01
18243,2010-10-21 14:29:00,2010-10-21 14:29:00,1,515.78,415,1,1,2,Hibernating,United Kingdom,2010-10
18244,2010-07-25 10:30:00,2010-10-05 11:15:00,2,568.64,431,1,2,2,Hibernating,United Kingdom,2010-07
18245,2010-03-08 15:26:00,2011-12-02 14:48:00,20,6324.9800000000005,8,5,5,5,Champions,United Kingdom,2010-03
18246,2010-04-09 10:19:00,2011-11-16 11:49:00,3,758.8199999999999,24,4,3,3,Loyal,United Kingdom,2010-04
18247,2010-03-18 15:52:00,2010-10-21 09:49:00,3,839.73,415,1,3,3,At risk,United Kingdom,2010-03
18248,2011-06-06 13:18:00,2011-08-09 10:19:00,2,804.02,123,3,2,3,Developing,United Kingdom,2011-06
18249,2011-11-22 15:07:00,2011-11-22 15:07:00,1,95.34,18,5,1,1,Recent light buyers,United Kingdom,2011-11
18250,2011-02-02 13:16:00,2011-02-02 13:16:00,1,349.27,311,2,1,2,Hibernating,United Kingdom,2011-02
18251,2009-12-22 12:01:00,2011-09-13 15:03:00,9,26278.86,88,3,5,5,Loyal,United Kingdom,2009-12
18252,2009-12-18 16:13:00,2011-10-20 12:43:00,7,1542.09,51,4,4,4,Champions,United Kingdom,2009-12
18253,2010-03-07 12:38:00,2010-03-07 12:38:00,1,317.88,643,1,1,2,Hibernating,United Kingdom,2010-03
18254,2010-05-07 14:37:00,2010-05-07 14:37:00,1,267.9,582,1,1,1,Hibernating,United Kingdom,2010-05
18255,2010-09-09 16:31:00,2011-09-11 13:16:00,2,303.15,90,3,2,2,Developing,United Kingdom,2010-09
18256,2010-11-17 08:53:00,2010-11-17 08:53:00,1,110.7,388,2,1,1,Hibernating,United Kingdom,2010-11
18257,2010-02-18 16:20:00,2011-10-31 14:48:00,12,4600.15,40,4,5,5,Champions,United Kingdom,2010-02
18258,2010-05-16 11:35:00,2010-09-01 14:20:00,6,2059.67,465,1,4,4,At risk,United Kingdom,2010-05
18259,2009-12-08 08:38:00,2011-11-15 12:34:00,7,3941.9,25,4,4,5,Champions,United Kingdom,2009-12
18260,2009-12-15 13:50:00,2011-06-20 12:37:00,23,9962.11,173,3,5,5,Loyal,United Kingdom,2009-12
18261,2011-09-05 09:34:00,2011-10-27 15:36:00,2,324.24,44,4,2,2,Recent light buyers,United Kingdom,2011-09
18262,2010-04-16 09:05:00,2011-07-22 16:04:00,3,577.54,141,3,3,2,Loyal,United Kingdom,2010-04
18263,2011-04-01 11:48:00,2011-11-14 09:00:00,3,1213.1599999999999,26,4,3,3,Loyal,United Kingdom,2011-04
18264,2010-07-29 10:02:00,2010-07-29 10:02:00,1,603.25,499,1,1,2,Hibernating,United Kingdom,2010-07
18265,2011-07-04 15:26:00,2011-09-28 14:10:00,2,801.51,73,3,2,3,Developing,United Kingdom,2011-07
18266,2010-10-01 15:33:00,2010-10-01 15:33:00,1,251.1,435,1,1,1,Hibernating,United Kingdom,2010-10
18267,2010-02-05 08:43:00,2010-02-05 08:43:00,1,269.37,673,1,1,1,Hibernating,United Kingdom,2010-02
18268,2009-12-11 10:27:00,2011-07-28 19:13:00,6,1490.23,135,3,4,4,Loyal,United Kingdom,2009-12
18269,2010-12-08 13:53:00,2010-12-08 13:53:00,1,168.6,367,2,1,1,Hibernating,United Kingdom,2010-12
18270,2010-10-03 10:49:00,2011-11-01 13:57:00,3,444.55,39,4,3,2,Loyal,United Kingdom,2010-10
18271,2009-12-08 11:27:00,2010-04-09 09:26:00,2,680.85,610,1,2,3,Hibernating,United Kingdom,2009-12
18272,2010-03-04 12:53:00,2011-12-07 12:43:00,9,4385.9800000000005,3,5,5,5,Champions,United Kingdom,2010-03
18273,2010-04-28 12:24:00,2011-12-07 13:16:00,4,357.0,3,5,3,2,Loyal,United Kingdom,2010-04
18274,2011-11-09 17:03:00,2011-11-09 17:03:00,1,175.92,31,4,1,1,Recent light buyers,United Kingdom,2011-11
18275,2009-12-08 16:23:00,2010-05-10 15:46:00,2,741.85,579,1,2,3,Hibernating,United Kingdom,2009-12
18276,2009-12-10 17:14:00,2011-10-27 10:54:00,6,1656.52,44,4,4,4,Champions,United Kingdom,2009-12
18277,2010-08-02 10:26:00,2011-10-12 15:22:00,5,1180.05,59,4,4,3,Loyal,United Kingdom,2010-08
18278,2010-10-31 12:13:00,2011-09-27 11:58:00,2,414.20000000000005,74,3,2,2,Developing,United Kingdom,2010-10
18279,2010-07-08 14:48:00,2010-07-08 14:48:00,1,231.33999999999997,520,1,1,1,Hibernating,United Kingdom,2010-07
18280,2010-11-10 15:51:00,2011-03-07 09:52:00,2,488.15000000000003,278,2,2,2,Hibernating,United Kingdom,2010-11
18281,2010-05-11 10:49:00,2011-06-12 10:53:00,2,201.14,181,3,2,1,Developing,United Kingdom,2010-05
18282,2011-08-05 13:35:00,2011-12-02 11:43:00,2,178.05,8,5,2,1,Recent light buyers,United Kingdom,2011-08
18283,2010-02-19 17:16:00,2011-12-06 12:02:00,22,2736.65,4,5,5,4,Champions,United Kingdom,2010-02
18284,2010-10-04 11:33:00,2010-10-04 11:33:00,1,461.68,432,1,1,2,Hibernating,United Kingdom,2010-10
18285,2010-02-17 10:24:00,2010-02-17 10:24:00,1,427.0,661,1,1,2,Hibernating,United Kingdom,2010-02
18286,2009-12-16 10:45:00,2010-08-20 11:57:00,2,1296.43,477,1,2,4,Hibernating,United Kingdom,2009-12
18287,2010-05-17 11:55:00,2011-10-28 09:29:00,7,4182.99,43,4,4,5,Champions,United Kingdom,2010-05
