StockCode,Description,GrossSales,ReturnValue,NetSales,PurchasedUnits,ReturnedUnits,Orders,RevenueShare,CumulativeShare,Rank
M,Manual,339614.89,423312.65,-83697.76,9931,5446,784,0.01653935709118325,0.01653935709118325,1
22423,REGENCY CAKESTAND 3 TIER,331084.26999999996,16570.8,314513.47,26519,1452,3918,0.016123913085211692,0.03266327017639494,2
DOT,DOTCOM POSTAGE,309854.11,10.01,309844.1,1415,3,1415,0.015089997295056098,0.04775326747145104,3
85123A,CREAM HANGING HEART T-LIGHT HOLDER,258065.91,9387.1,248678.81,94323,3637,5365,0.012567894883970365,0.060321162355421405,4
85099B,JUMBO BAG RED RETROSPOT,180888.03,2168.82,178719.21,96931,1213,3989,0.008809306687615105,0.0691304690430365,5
23843,"PAPER CRAFT , LITTLE BIRDIE",168469.6,168469.6,0.0,80995,80995,1,0.008204525053094125,0.07733499409613064,6
47566,PARTY BUNTING,148395.98,1238.5500000000002,147157.43,28216,285,2674,0.00722693314217197,0.08456192723830261,7
84879,ASSORTED COLOUR BIRD ORNAMENT,129681.08,774.0699999999999,128907.01,80293,511,2807,0.006315511343128396,0.090877438581431,8
POST,POSTAGE,125682.42,15252.01,110430.41,5363,302,1851,0.006120775283039184,0.09699821386447019,9
22086,PAPER CHAIN KIT 50'S CHRISTMAS ,117884.19,1461.7,116422.49,35126,590,2018,0.005740998911487343,0.10273921277595753,10
23166,MEDIUM CERAMIC TOP STORAGE JAR,81700.92000000001,77479.64,4221.28,78033,74494,247,0.0039788617352972825,0.10671807451125481,11
79321,CHILLI LIGHTS,80873.23,635.75,80237.48,15918,145,1135,0.003938552959463567,0.11065662747071837,12
22197,POPCORN HOLDER,79552.5,616.58,78935.92,88537,804,2322,0.0038742329731077324,0.11453086044382611,13
22386,JUMBO BAG PINK POLKADOT,76385.2,866.98,75518.22,39467,482,2245,0.0037199844190619873,0.1182508448628881,14
20725,LUNCH BAG RED RETROSPOT,71396.14,1383.75,70012.39,40506,931,3056,0.003477015552504521,0.12172786041539262,15
84347,ROTATING SILVER ANGELS T-LIGHT HLDR,71361.6,330.45000000000005,71031.15,31433,9381,756,0.0034753334431190065,0.1252031938585116,16
85099F,JUMBO BAG STRAWBERRY,68091.85,512.24,67579.61,36912,283,1830,0.0033160955403023886,0.128519289398814,17
48138,DOORMAT UNION FLAG,67138.19,359.40999999999997,66778.78,10095,51,1664,0.0032696519839448394,0.13178894138275882,18
23084,RABBIT NIGHT LIGHT,66964.99,208.4,66756.59,30788,108,994,0.003261217086852451,0.13505015846961127,19
20685,DOORMAT RED RETROSPOT,66464.71,632.53,65832.18,9789,91,1725,0.0032368532859437887,0.13828701175555505,20
21137,BLACK RECORD COVER FRAME,65223.04,82.29,65140.75,18748,23,634,0.003176383547648717,0.14146339530320376,21
21843,RED RETROSPOT CAKE STAND,65189.95,5270.25,59919.7,6155,587,1527,0.0031747720537411697,0.14463816735694493,22
21931,JUMBO STORAGE BAG SUKI,61565.11,710.63,60854.48,29196,390,2329,0.002998241150875266,0.1476364085078202,23
22502,PICNIC BASKET WICKER SMALL,60924.5,436.42,60488.08,3774,86,924,0.002967043232709243,0.15060345174052944,24
21621,VINTAGE UNION JACK BUNTING,60405.04,544.0,59861.04,6914,64,1292,0.002941745359478225,0.15354519710000766,25
22114,HOT WATER BOTTLE TEA AND SYMPATHY,59336.64,795.2,58541.44,11717,220,1583,0.0028897139272986163,0.15643491102730628,26
85099C,JUMBO  BAG BAROQUE BLACK WHITE,59226.87,570.88,58655.99,30726,313,1868,0.002884368092114832,0.15931927911942112,27
22910,PAPER CHAIN KIT VINTAGE CHRISTMAS,58699.9,1185.6,57514.3,18650,448,1427,0.0028587044794082723,0.1621779835988294,28
22112,CHOCOLATE HOT WATER BOTTLE,58095.79,687.48,57408.310000000005,11088,156,1721,0.002829284123273844,0.16500726772210325,29
15056N,EDWARDIAN PARASOL NATURAL,57999.25,840.55,57158.700000000004,11290,155,1033,0.0028245825934511003,0.16783185031555437,30
22411,JUMBO SHOPPER VINTAGE RED PAISLEY,57442.86,791.52,56651.340000000004,27343,441,2192,0.0027974862170467457,0.17062933653260112,31
82484,WOOD BLACK BOARD ANT WHITE FINISH,56809.03,325.0,56484.03,9839,49,1176,0.0027666184871156323,0.17339595501971675,32
22470,HEART OF WICKER LARGE,53632.98,1028.7,52604.280000000006,17816,396,1952,0.0026119438051856016,0.17600789882490234,33
22139,RETROSPOT TEA SET CERAMIC 11 PC ,52971.71,2014.5,50957.21,10635,460,2093,0.002579739738209366,0.17858763856311172,34
22178,VICTORIAN GLASS HANGING T-LIGHT,52607.72,1262.94,51344.78,40257,1008,1816,0.0025620133052263487,0.18114965186833806,35
20914,SET/5 RED RETROSPOT LID GLASS BOWLS,52588.21,1068.8,51519.41,18697,400,2030,0.002561063161795214,0.18371071503013328,36
21212,PACK OF 72 RETROSPOT CAKE CASES,51873.55,549.66,51323.89,94972,1110,3118,0.002526258984219888,0.18623697401435316,37
21733,RED HANGING HEART T-LIGHT HOLDER,50461.54,1105.2,49356.340000000004,17614,424,1760,0.0024574936317751767,0.18869446764612832,38
22090,PAPER BUNTING RETROSPOT,50461.4,1290.1499999999999,49171.25,16708,497,1703,0.002457486813729028,0.19115195445985736,39
21181,PLEASE ONE PERSON METAL SIGN,50301.94,225.90000000000003,50076.04000000001,24820,114,1810,0.002449721059165793,0.19360167551902316,40
22111,SCOTTIE DOG HOT WATER BOTTLE,50017.490000000005,936.65,49080.840000000004,9829,217,1689,0.0024358682504017634,0.19603754376942492,41
21929,JUMBO BAG PINK VINTAGE PAISLEY,49685.27,483.96999999999997,49201.3,25625,272,1619,0.0024196890268911777,0.1984572327963161,42
21232,STRAWBERRY CERAMIC TRINKET POT,49400.57,952.59,48447.98,38077,806,2435,0.0024058240430447396,0.20086305683936084,43
84946,ANTIQUE SILVER T-LIGHT GLASS,49391.65,503.03000000000003,48888.62,36841,450,1769,0.0024053896361044156,0.20326844647546527,44
22189,CREAM HEART CARD HOLDER,49348.340000000004,168.73000000000002,49179.61,16198,43,1299,0.0024032804248280224,0.20567172690029328,45
22469,HEART OF WICKER SMALL,48974.71,424.65,48550.06,27932,281,2151,0.002385084520667345,0.20805681142096064,46
48194,DOORMAT HEARTS,48817.38,172.17,48645.21,7738,25,1349,0.002377422497806228,0.21043423391876687,47
21731,RED TOADSTOOL LED NIGHT LIGHT,48347.189999999995,1457.8999999999999,46889.28999999999,28929,990,1537,0.0023545240898162146,0.21278875800858307,48
15056BL,EDWARDIAN PARASOL BLACK,47541.15,1071.3500000000001,46469.8,9550,213,857,0.002315269676119049,0.21510402768470213,49
22457,NATURAL SLATE HEART CHALKBOARD ,47536.030000000006,315.95000000000005,47220.08,15457,109,2046,0.00231502033043133,0.21741904801513345,50
21754,HOME BUILDING BLOCK WORD,46821.94,231.65,46590.29,7646,39,2066,0.002280243912043894,0.21969929192717735,51
48187,DOORMAT NEW ENGLAND,46643.66,76.46000000000001,46567.2,7344,10,1282,0.002271561617276971,0.22197085354445434,52
21928,JUMBO BAG SCANDINAVIAN BLUE PAISLEY,46275.06,536.58,45738.48,24305,295,1542,0.0022536106757743463,0.22422446422022868,53
21523,DOORMAT FANCY FONT HOME SWEET HOME,46114.59,47.54,46067.05,6920,6,1122,0.0022457957338781823,0.22647025995410686,54
22138,BAKING SET 9 PIECE RETROSPOT ,45966.16,4052.9500000000003,41913.21,9383,859,1914,0.0022385671439507965,0.22870882709805765,55
20727,LUNCH BAG  BLACK SKULL.,45792.22,1778.95,44013.27,26761,1211,2351,0.0022300962086144794,0.23093892330667212,56
48185,DOORMAT FAIRY CAKE,45777.19,4678.68,41098.51,6829,692,983,0.0022293642426600992,0.23316828754933222,57
21623,VINTAGE UNION JACK MEMOBOARD,45441.979999999996,499.20000000000005,44942.78,6169,56,530,0.002213039405163912,0.23538132695449612,58
22355,CHARLOTTE BAG SUKI DESIGN,45426.01,142.69,45283.32,32013,185,1742,0.0022122616608996775,0.2375935886153958,59
71477,COLOURED GLASS STAR T-LIGHT HOLDER,44708.15,7164.12,37544.03,15097,2574,809,0.002177301642269526,0.23977089025766535,60
22326,ROUND SNACK BOXES SET OF4 WOODLAND ,44360.990000000005,171.10000000000002,44189.89,15481,58,1391,0.0021603948358342277,0.24193128509349957,61
21175,GIN AND TONIC DIET METAL SIGN,43956.48,3785.58,40170.9,20723,2035,1659,0.002140695065494492,0.24407198015899406,62
82494L,WOODEN FRAME ANTIQUE WHITE ,43923.26,1325.85,42597.41,15339,511,1973,0.002139077240544093,0.24621105739953816,63
84078A,SET/4 WHITE RETRO STORAGE CUBES ,43844.96000000001,5187.650000000001,38657.310000000005,1128,147,328,0.0021352640047338505,0.248346321404272,64
22383,LUNCH BAG SUKI DESIGN ,43348.4,285.8,43062.6,25115,188,2398,0.0021110813690514217,0.25045740277332346,65
84029E,RED WOOLLY HOTTIE WHITE HEART.,43251.79,327.7,42924.090000000004,10701,86,1145,0.002106376430205604,0.25256377920352907,66
23298,SPOTTY BUNTING,43182.83,482.81,42700.020000000004,8473,110,1146,0.002103018055474131,0.2546667972590032,67
21915,RED  HARMONICA IN BOX ,42787.04,991.0,41796.04,36387,884,1025,0.0020837429520087925,0.256750540211012,68
20728,LUNCH BAG CARS BLUE,42354.45,1678.0,40676.45,24647,1140,2067,0.00206267567641297,0.258813215887425,69
23203,JUMBO BAG VINTAGE DOILY ,42067.78,1076.4,40991.38,20503,590,1231,0.0020487147529171554,0.2608619306403422,70
82482,WOODEN PICTURE FRAME WHITE FINISH,41972.85,1068.15,40904.7,16965,460,2006,0.0020440916306251203,0.2629060222709673,71
20713,JUMBO BAG OWLS,40724.25,448.98,40275.27,20843,252,1314,0.0019832843990456937,0.26488930667001304,72
22083,PAPER CHAIN KIT RETROSPOT,40535.47,1397.6,39137.87,13763,528,1401,0.001974090750817627,0.26686339742083065,73
84997D,CHILDRENS CUTLERY POLKADOT PINK,39932.19,206.25,39725.94,10668,55,1085,0.0019447108159567942,0.26880810823678747,74
85066,CREAM SWEETHEART MINI CHEST,38854.979999999996,1248.15,37606.83,3111,107,929,0.001892250333873121,0.2707003585706606,75
20726,LUNCH BAG WOODLAND,38572.74,1497.95,37074.79,22158,1015,1926,0.0018785051528375795,0.2725788637234982,76
22960,JAM MAKING SET WITH JARS,38431.11,1012.79,37418.32,9031,247,1159,0.001871607725151696,0.2744504714486499,77
82486,3 DRAWER ANTIQUE WHITE WOOD CABINET,38430.03,855.15,37574.88,4774,105,1274,0.0018715551287956927,0.2763220265774456,78
22699,ROSES REGENCY TEACUP AND SAUCER ,38323.25,1295.25,37028.0,13095,491,1424,0.00186635490759751,0.2781883814850431,79
21166,COOK WITH WINE METAL SIGN ,38270.81,967.2299999999999,37303.58,19997,558,1425,0.0018638010623115693,0.28005218254735464,80
23284,DOORMAT KEEP CALM AND COME IN,38166.64,1601.25,36565.39,5491,225,728,0.001858727948973728,0.2819109104963284,81
22720,SET OF 3 CAKE TINS PANTRY DESIGN ,38158.39,744.95,37413.44,7493,157,1385,0.001858326171254258,0.28376923666758264,82
22629,SPACEBOY LUNCH BOX ,38014.0,125.85000000000001,37888.15,20837,71,1368,0.0018512943306585883,0.28562053099824125,83
20712,JUMBO BAG WOODLAND ANIMALS,37540.32,447.61,37092.71,17731,251,1415,0.0018282259585181567,0.2874487569567594,84
21485,RETROSPOT HEART HOT WATER BOTTLE,37334.12,178.20000000000002,37155.92,7648,36,1385,0.001818183950547888,0.2892669409073073,85
22727,ALARM CLOCK BAKELIKE RED ,36637.52,326.25,36311.27,9259,87,1363,0.0017842593009257282,0.29105120020823305,86
22328,ROUND SNACK BOXES SET OF 4 FRUITS ,36270.61,1812.4499999999998,34458.16,12993,699,1159,0.0017663906629801834,0.29281759087121323,87
21524,DOORMAT SPOTTY HOME SWEET HOME,36057.55,56.39,36001.16,5268,7,1150,0.0017560145707486343,0.29457360544196187,88
20724,RED RETROSPOT CHARLOTTE BAG,35227.61,252.82999999999998,34974.78,32241,321,2035,0.0017155962191732464,0.2962892016611351,89
21755,LOVE BUILDING BLOCK WORD,35121.62,285.6,34836.020000000004,5691,48,1696,0.0017104344712354734,0.29799963613237057,90
22379,RECYCLING BAG RETROSPOT ,34684.94,128.95000000000002,34555.99,15786,67,1570,0.001689168011291453,0.299688804143662,91
84997B,CHILDRENS CUTLERY RETROSPOT RED ,34525.57,382.83000000000004,34142.74,9267,109,1019,0.0016814066397578848,0.3013702107834199,92
22382,LUNCH BAG SPACEBOY DESIGN ,34189.12,387.25,33801.87,20319,253,2153,0.001665021413852953,0.30303523219727285,93
22384,LUNCH BAG PINK POLKADOT,34167.99,434.85,33733.14,20831,285,2106,0.0016639923758878133,0.3046992245731607,94
22666,RECIPE BOX PANTRY YELLOW DESIGN,33747.520000000004,655.5500000000001,33091.97,10728,237,1657,0.0016435153482871395,0.30634273992144784,95
22630,DOLLY GIRL LUNCH BOX,33437.38,530.9999999999999,32906.38,18087,302,1333,0.0016284114280548446,0.3079711513495027,96
15036,ASSORTED COLOURS SILK FAN,32967.03,644.03,32323.0,44272,929,991,0.00160550522801209,0.3095766565775148,97
84997C,CHILDRENS CUTLERY POLKADOT BLUE,32789.51,319.48,32470.030000000002,8811,92,951,0.001596859945495688,0.3111735165230105,98
22726,ALARM CLOCK BAKELIKE GREEN,32680.57,247.5,32433.07,7690,66,1273,0.0015915545315854983,0.312765071054596,99
22385,JUMBO BAG SPACEBOY DESIGN,32447.67,725.44,31722.23,17064,426,1248,0.0015802122248140356,0.31434528327941,100
22865,HAND WARMER OWL DESIGN,31594.540000000005,264.35,31330.190000000002,14622,126,1212,0.001538664512594465,0.3158839477920045,101
22077,6 RIBBONS RUSTIC CHARM,31584.659999999996,194.7,31389.959999999995,17281,118,1751,0.0015381833533376933,0.31742213114534223,102
85152,HAND OVER THE CHOCOLATE   SIGN ,31571.9,191.51000000000002,31380.390000000003,16415,101,1460,0.00153756193713158,0.3189596930824738,103
48184,DOORMAT ENGLISH ROSE ,31194.96,86.07,31108.89,4722,11,851,0.0015192048348798188,0.3204788979173536,104
23245,SET OF 3 REGENCY CAKE TINS,31177.95,421.5,30756.45,6357,90,873,0.001518376442272766,0.3219972743596264,105
21479,WHITE SKULL HOT WATER BOTTLE ,31137.05,677.1800000000001,30459.87,6234,196,930,0.0015163845987907873,0.32351365895841716,106
85014B,RED RETROSPOT UMBRELLA,30812.280000000002,105.10000000000001,30707.18,6161,18,900,0.001500568192735966,0.32501422715115313,107
22697,GREEN REGENCY TEACUP AND SAUCER,30528.300000000003,506.8,30021.5,9830,184,1353,0.0014867382731268634,0.32650096542428,108
23199,JUMBO BAG APPLES,30475.65,1309.25,29166.4,14920,723,978,0.0014841742007717,0.32798513962505166,109
22501,PICNIC BASKET WICKER LARGE,30399.059999999998,1158.45,29240.61,2618,131,762,0.0014804442425251291,0.3294655838675768,110
20679,EDWARDIAN PARASOL RED,30038.82,107.1,29931.72,6152,18,715,0.0014629004357782345,0.33092848430335503,111
21217,RED RETROSPOT ROUND CAKE TINS,29858.789999999997,484.49999999999994,29374.289999999997,2913,50,928,0.001454132915434454,0.3323826172187895,112
84029G,KNITTED UNION FLAG HOT WATER BOTTLE,29661.23,219.7,29441.53,6866,60,1009,0.0014445116783122123,0.3338271288971017,113
22659,LUNCH BOX I LOVE LONDON,29610.609999999997,574.9499999999999,29035.66,15966,337,1075,0.0014420464676262034,0.3352691753647279,114
22158,3 HEARTS HANGING DECORATION RUSTIC,29475.58,287.1,29188.48,9079,98,718,0.001435470462115896,0.3367046458268438,115
22622,BOX OF VINTAGE ALPHABET BLOCKS,29470.01,559.35,28910.66,2947,61,571,0.0014351992012798416,0.3381398450281236,116
47590B,PINK HAPPY BIRTHDAY BUNTING,29418.36,293.05,29125.31,5748,57,872,0.0014326838292543112,0.33957252885737793,117
82483,WOOD 2 DRAWER CABINET WHITE FINISH,29202.82,1698.7,27504.120000000003,4909,286,1123,0.0014221869602052725,0.3409947158175832,118
23355,HOT WATER BOTTLE KEEP CALM,28842.550000000003,417.6,28424.95,5841,96,782,0.0014046416924484893,0.3423993575100317,119
48188,DOORMAT WELCOME PUPPIES,28662.03,85.35,28576.68,4875,11,698,0.0013958503089431887,0.3437952078189749,120
20971,PINK BLUE FELT CRAFT TRINKET BOX,28642.22,4113.08,24529.14,22309,3867,1148,0.0013948855554131643,0.34519009337438805,121
84978,HANGING HEART JAR T-LIGHT HOLDER,28580.96,417.72,28163.24,21773,361,1425,0.0013919021732198631,0.34658199554760794,122
22866,HAND WARMER SCOTTY DOG DESIGN,28357.170000000002,259.50000000000006,28097.670000000002,12821,135,1083,0.0013810035264513547,0.3479629990740593,123
22467,GUMBALL COAT RACK,28278.78,665.55,27613.23,11954,294,1095,0.001377185907611445,0.34934018498167074,124
22752,SET 7 BABUSHKA NESTING BOXES,28207.45,1761.2000000000003,26446.25,3467,224,692,0.0013737121130987424,0.35071389709476947,125
21977,PACK OF 60 PINK PAISLEY CAKE CASES,28159.08,117.30000000000001,28041.780000000002,56230,219,1993,0.0013713564781544074,0.35208525357292386,126
82583,HOT BATHS METAL SIGN,28128.99,204.09,27924.9,12947,107,1176,0.0013698910852357584,0.35345514465815964,127
22188,BLACK HEART CARD HOLDER,28115.98,19.75,28096.23,10354,5,566,0.0013692574939472367,0.35482440215210687,128
23201,JUMBO BAG ALPHABET,27890.170000000002,1076.02,26814.15,13379,594,906,0.00135826047251287,0.35618266262461973,129
22492,MINI PAINT SET VINTAGE ,27864.390000000003,182.65,27681.74,43618,281,732,0.0013570049780149383,0.35753966760263467,130
20719,WOODLAND CHARLOTTE BAG,27634.97,106.82,27528.149999999998,24522,135,1573,0.0013458321483905973,0.3588854997510253,131
22624,IVORY KITCHEN SCALES,27500.33,244.8,27255.530000000002,3178,30,1219,0.0013392751360088466,0.36022477488703414,132
21930,JUMBO STORAGE BAG SKULLS,27402.79,11.49,27391.3,13407,6,1321,0.00133452490585647,0.3615592997928906,133
72741,GRAND CHOCOLATECANDLE,27333.71,89.3,27244.41,19777,62,920,0.0013311606870854411,0.36289046047997603,134
22835,HOT WATER BOTTLE I AM SO POORLY,27282.190000000002,1744.8,25537.39,5343,408,1011,0.001328651646102763,0.36421911212607877,135
84991,60 TEATIME FAIRY CAKE CASES,27123.510000000002,187.95000000000002,26935.56,54206,350,2127,0.0013209238777966415,0.3655400360038754,136
22961,JAM MAKING SET PRINTED,26911.629999999997,444.59999999999997,26467.03,17268,344,1200,0.0013106052519540584,0.36685064125582945,137
20750,RED RETROSPOT MINI CASES,26906.379999999997,144.6,26761.78,3693,20,909,0.0013103495752234866,0.3681609908310529,138
71459,HANGING JAM JAR T-LIGHT HOLDERS,26840.79,257.28,26583.51,33109,327,1017,0.001307155320602876,0.3694681461516558,139
22734,SET OF 6 RIBBONS VINTAGE CHRISTMAS,26785.51,86.7,26698.81,9780,30,756,0.0013044631663807786,0.3707726093180366,140
22149,check,26286.170000000002,1244.4,25041.77,12706,664,1382,0.0012801451437819715,0.37205275446181857,141
22867,HAND WARMER BIRD DESIGN,26168.030000000002,172.20000000000002,25995.83,11896,82,1054,0.0012743916868391608,0.37332714614865775,142
48111,DOORMAT 3 SMILEY CATS,26030.42,102.4,25928.02,4256,16,720,0.0012676900344784007,0.37459483618313616,143
22551,PLASTERS IN TIN SPACEBOY,25973.92,435.15,25538.769999999997,15478,287,1299,0.0012649384658541514,0.3758597746489903,144
47566B,TEA TIME PARTY BUNTING,25836.940000000002,4490.5,21346.440000000002,5808,1635,761,0.0012582674947010603,0.3771180421436913,145
82600,N0 SINGING METAL SIGN,25780.29,83.80000000000001,25696.49,12696,43,1201,0.001255508621027366,0.3783735507647187,146
20711,JUMBO BAG TOYS ,25723.03,70.31,25652.72,12645,38,1052,0.001252720040152596,0.37962627080487127,147
21481,FAWN BLUE HOT WATER BOTTLE,25677.25,2065.9,23611.350000000002,8194,802,1050,0.0012504905390620096,0.3808767613439333,148
22507,MEMO BOARD RETROSPOT  DESIGN,25603.46,118.10000000000001,25485.36,5455,24,900,0.0012468969417384105,0.3821236582856717,149
37503,TEA TIME CAKE STAND IN GIFT BOX,25471.329999999998,515.45,24955.88,2469,51,522,0.0012404621671840378,0.38336412045285573,150
22087,PAPER BUNTING WHITE LACE,25445.15,465.40000000000003,24979.75,8494,159,847,0.001239187192554253,0.38460330764540995,151
21080,SET/20 RED RETROSPOT PAPER NAPKINS ,25435.629999999997,433.66999999999996,25001.96,31098,653,2123,0.0012387235654161494,0.3858420312108261,152
21108,FAIRY CAKE FLANNEL ASSORTED COLOUR,25435.57,6614.370000000001,18821.2,12980,3159,613,0.0012387206433963716,0.38708075185422247,153
84755,COLOUR GLASS T-LIGHT HOLDER HANGING,25293.530000000002,415.35,24878.18,40575,729,1259,0.0012318032485753388,0.38831255510279783,154
22084,PAPER CHAIN KIT EMPIRE,25190.11,299.45,24890.66,8812,111,811,0.0012267666604847216,0.38953932176328254,155
21527,RED RETROSPOT TRADITIONAL TEAPOT ,25087.72,1333.48,23754.24,3360,171,831,0.0012217802337336264,0.3907611019970162,156
23173,REGENCY TEAPOT ROSES ,24918.93,436.40000000000003,24482.530000000002,2770,52,416,0.001213560105094918,0.3919746621021111,157
20972,PINK CREAM FELT CRAFT TRINKET BOX ,24856.56,1553.39,23303.170000000002,20553,1497,1397,0.0012105226655357247,0.39318518476764686,158
21314,SMALL GLASS HEART TRINKET POT,24664.49,2296.8,22367.690000000002,11437,1228,1066,0.0012011687932231663,0.39438635356087004,159
84836,ZINC METAL HEART DECORATION,24531.83,127.5,24404.33,20041,102,1408,0.0011947082074940884,0.3955810617683641,160
84077,WORLD WAR 2 GLIDERS ASSTD DESIGNS,24507.53,361.68,24145.85,106379,1704,1019,0.001193524789484013,0.39677458655784814,161
22722,SET OF 6 SPICE TINS PANTRY DESIGN,24507.36,141.70000000000002,24365.66,5984,36,835,0.0011935165104279754,0.3979681030682761,162
22698,PINK REGENCY TEACUP AND SAUCER,24486.72,607.95,23878.77,8231,221,1033,0.0011925113356243558,0.3991606144039005,163
22728,ALARM CLOCK BAKELIKE PINK,24306.06,243.75,24062.31,6228,65,969,0.001183713134072907,0.4003443275379734,164
21231,SWEETHEART CERAMIC TRINKET BOX,24247.61,388.93,23858.68,19523,323,1482,0.0011808665998058738,0.40152519413777926,165
47590A,BLUE HAPPY BIRTHDAY BUNTING,24190.36,887.8000000000001,23302.56,4755,188,689,0.0011780785059344002,0.40270327264371364,166
22171,3 HOOK PHOTO SHELF ANTIQUE WHITE,23877.760000000002,1229.1,22648.66,3162,156,661,0.001162854782891209,0.4038661274266048,167
23344,JUMBO BAG 50'S CHRISTMAS ,23815.75,486.96000000000004,23328.79,10306,262,716,0.0011598348754506833,0.4050259623020555,168
21955,DOORMAT UNION JACK GUNS AND ROSES,23809.22,183.28,23625.94,3921,28,729,0.0011595168622981816,0.4061854791643537,169
21790,VINTAGE SNAP CARDS,23538.469999999998,162.67,23375.8,27282,203,1888,0.0011463312480501197,0.40733181041240385,170
23243,SET OF TEA COFFEE SUGAR TINS PANTRY,23514.170000000002,545.5500000000001,22968.62,4805,117,470,0.0011451478300400447,0.4084769582424439,171
22605,WOODEN CROQUET GARDEN SET,23439.57,170.29999999999998,23269.27,1828,14,642,0.0011415147854494428,0.40961847302789334,172
48173C,DOORMAT BLACK FLOCK ,23172.35,55.93,23116.420000000002,4082,7,500,0.001128501083364985,0.4107469741112583,173
22625,RED KITCHEN SCALES,23105.350000000002,299.2,22806.15,2651,37,950,0.001125238161279592,0.4118722122725379,174
84406B,CREAM CUPID HEARTS COAT HANGER,23084.28,663.1,22421.18,7132,218,841,0.0011242120453342304,0.41299642431787215,175
22607,WOODEN ROUNDERS GARDEN SET ,23015.79,133.55,22882.24,2545,16,744,0.0011208765597576847,0.4141173008776298,176
21791,VINTAGE HEADS AND TAILS CARD GAME ,22924.85,1156.25,21768.6,17657,1077,1313,0.0011164477517808843,0.4152337486294107,177
22554,PLASTERS IN TIN WOODLAND ANIMALS,22903.219999999998,243.14999999999998,22660.069999999996,13618,159,1275,0.0011153943636509282,0.41634914299306164,178
21936,RED RETROSPOT PICNIC BAG,22770.809999999998,391.75,22379.059999999998,7815,143,1046,0.0011089459530042585,0.4174580889460659,179
22556,PLASTERS IN TIN CIRCUS PARADE ,22376.98,176.54999999999998,22200.429999999997,13611,107,1196,0.0010897663021850006,0.4185478552482509,180
37449,CERAMIC CAKE STAND + HANGING CAKES,22363.149999999998,2234.15,20129.0,2385,255,477,0.0010890927766261799,0.41963694802487705,181
20749,ASSORTED COLOUR MINI CASES,22200.96,101.75,22099.21,3075,13,766,0.0010811940701630474,0.4207181420950401,182
22113,GREY HEART HOT WATER BOTTLE,22163.73,121.8,22041.93,5797,32,996,0.001079380956890821,0.4217975230519309,183
22585,PACK OF 6 BIRDY GIFT TAGS,22022.3,442.91,21579.39,17593,394,1084,0.001072493269270864,0.4228700163212018,184
84970S,HANGING HEART ZINC T-LIGHT HOLDER,21869.059999999998,105.19999999999999,21763.86,26532,125,1425,0.0010650304307579445,0.42393504675195975,185
23202,JUMBO BAG VINTAGE LEAF,21852.81,442.46000000000004,21410.350000000002,10962,242,879,0.0010642390504014127,0.4249992858023612,186
22499,WOODEN UNION JACK BUNTING,21838.420000000002,41.650000000000006,21796.77,3586,7,774,0.0010635382526579978,0.42606282405501916,187
85014A,BLACK/BLUE POLKADOT UMBRELLA,21827.33,47.6,21779.73,4628,8,684,0.0010629981660023708,0.4271258222210215,188
22941,CHRISTMAS LIGHTS 10 REINDEER,21753.08,610.3000000000001,21142.78,2618,74,483,0.0010593821665271406,0.42818520438754865,189
21210,SET OF 72 RETROSPOT PAPER  DOILIES,21735.89,197.54999999999998,21538.34,15124,151,1161,0.0010585450078607539,0.4292437493954094,190
22456,NATURAL SLATE CHALKBOARD LARGE ,21607.95,501.5,21106.45,4421,104,835,0.0010523142876875426,0.4302960636830969,191
22969,HOMEMADE JAM SCENTED CANDLES,21519.39,185.79999999999998,21333.59,14473,140,709,0.0010480013864952679,0.43134406506959216,192
21213,PACK OF 72 SKULL CAKE CASES,21463.86,48.95,21414.91,40433,89,1481,0.0010452970571907625,0.4323893621267829,193
21258,VICTORIAN SEWING BOX LARGE,21450.309999999998,1360.1499999999999,20090.16,1510,121,526,0.0010446371677242387,0.43343399929450716,194
23209,LUNCH BAG VINTAGE DOILY ,21450.17,65.80000000000001,21384.37,13189,40,1098,0.0010446303496780903,0.43447862964418527,195
85048,15CM CHRISTMAS GLASS BALL 20 LIGHTS,21248.83,695.35,20553.48,2691,93,517,0.0010348250253098368,0.4355134546694951,196
22570,FELTCRAFT CUSHION RABBIT,20934.85,1464.33,19470.52,5640,431,807,0.001019534095811752,0.43653298876530683,197
22424,ENAMEL BREAD BIN CREAM,20925.14,570.45,20354.69,1532,47,739,0.0010190612156110183,0.43755204998091785,198
23206,LUNCH BAG APPLE DESIGN,20911.98,97.15,20814.829999999998,12183,59,1036,0.0010184203192730515,0.4385704703001909,199
22294,HEART FILIGREE DOVE  SMALL,20883.13,133.75,20749.38,16874,107,861,0.0010170153147631474,0.4395874856149541,200
22356,CHARLOTTE BAG PINK POLKADOT,20881.25,430.74,20450.51,20026,582,1584,0.0010169237581434379,0.4406044093730975,201
21218,RED SPOTTY BISCUIT TIN,20822.81,277.25,20545.56,5262,79,897,0.0010140777108797012,0.4416184870839772,202
48116,DOORMAT MULTICOLOUR STRIPE,20728.07,24.15,20703.920000000002,3454,3,496,0.0010094638416502963,0.4426279509256275,203
22632,HAND WARMER RED RETROSPOT,20586.530000000002,71.5,20515.030000000002,10312,35,779,0.0010025707969940798,0.4436305217226216,204
22617,BAKING SET SPACEBOY DESIGN,20571.74,1147.55,19424.190000000002,4256,243,942,0.0010018505191188116,0.4446323722417404,205
22693,GROW A FLYTRAP OR SUNFLOWER IN TIN,20469.08,90.0,20379.08,17875,72,350,0.0009968509432787156,0.44562922318501913,206
AMAZONFEE,AMAZON FEE,20467.8,241988.3,-221520.5,3,33,3,0.0009967886068567857,0.44662601179187594,207
20723,STRAWBERRY CHARLOTTE BAG,20438.45,157.78,20280.67,18340,187,1379,0.000995359252182065,0.447621371044058,208
21559,STRAWBERRY LUNCH BOX WITH CUTLERY,20416.93,86.25,20330.68,8255,34,1221,0.0009943112210883686,0.4486156822651464,209
22568,FELTCRAFT CUSHION OWL,20274.97,1213.3200000000002,19061.65,5487,356,875,0.0009873977222937065,0.44960307998744015,210
85150,LADIES & GENTLEMEN METAL SIGN,20255.57,64.94999999999999,20190.62,8368,26,1110,0.0009864529358988314,0.450589532923339,211
21216,"SET 3 RETROSPOT TEA,COFFEE,SUGAR",20213.55,111.75,20101.8,3893,23,802,0.000984406548047664,0.45157393947138663,212
22273,FELTCRAFT DOLL MOLLY,20192.29,3562.7999999999997,16629.49,7369,1464,810,0.0009833711790396724,0.4525573106504263,213
22569,FELTCRAFT CUSHION BUTTERFLY,20145.68,1170.63,18975.05,5532,345,784,0.0009811012566754908,0.4535384119071018,214
21622,VINTAGE UNION JACK CUSHION COVER,20021.09,212.85000000000002,19808.24,3716,43,626,0.000975033682606549,0.45451344558970835,215
22900,SET 2 TEA TOWELS I LOVE LONDON ,19906.94,552.5999999999999,19354.34,6180,216,723,0.0009694745399789728,0.45548292012968733,216
22413,METAL SIGN TAKE IT OR LEAVE IT ,19757.74,340.54999999999995,19417.190000000002,6986,129,881,0.0009622084507977697,0.4564451285804851,217
48129,DOORMAT TOPIARY,19646.08,159.15,19486.93,3132,23,543,0.0009567705719909791,0.4574018991524761,218
22381,TOY TIDY PINK POLKADOT,19634.24,62.75,19571.49,9272,30,1100,0.0009561939600881275,0.4583580931125642,219
21174,POTTERING IN THE SHED METAL SIGN,19619.42,7.8,19611.62,9709,4,1135,0.0009554722212029703,0.45931356533376716,220
22558,CLOTHES PEGS RETROSPOT PACK 24 ,19539.59,130.70999999999998,19408.879999999997,13827,91,1202,0.0009515844738883896,0.46026514980765554,221
22561,WOODEN SCHOOL COLOURING SET,19534.17,631.5,18902.67,11648,422,904,0.0009513205181017801,0.4612164703257573,222
22169,FAMILY ALBUM WHITE PICTURE FRAME,19533.1,741.2,18791.9,2278,93,701,0.0009512684087490731,0.4621677387345064,223
84997A,CHILDRENS CUTLERY POLKADOT GREEN ,19411.95,98.7,19313.25,5188,26,589,0.000945368363814068,0.4631131070983205,224
21340,CLASSIC METAL BIRDCAGE PLANT HOLDER,19337.48,670.0999999999999,18667.38,1771,62,419,0.0009417416502663186,0.4640548487485868,225
22427,ENAMEL FLOWER JUG CREAM,19326.83,291.5,19035.33,3219,50,798,0.0009412229917557301,0.4649960717403426,226
22952,60 CAKE CASES VINTAGE CHRISTMAS,19275.8,241.2,19034.600000000002,33053,552,1144,0.0009387378139345718,0.46593480955427713,227
21908,CHOCOLATE THIS WAY METAL SIGN,19180.58,67.2,19113.38,9704,32,974,0.0009341005685469433,0.46686891012282405,228
22061,LARGE CAKE STAND  HANGING STRAWBERY,19161.17,1060.35,18100.82,2175,114,520,0.0009331552951487719,0.4678020654179728,229
84949,SILVER HANGING T-LIGHT HOLDER,19104.899999999998,793.8,18311.1,11999,512,693,0.0009304149276003382,0.46873248034557313,230
71053,WHITE MOROCCAN METAL LANTERN,18970.52,248.52,18722.0,4786,68,727,0.0009238705773042921,0.46965635092287744,231
84947,ANTIQUE SILVER TEA GLASS ENGRAVED,18911.670000000002,44.54,18867.13,15944,37,680,0.000921004562905406,0.47057735548578283,232
22555,PLASTERS IN TIN STRONGMAN,18718.269999999997,65.99999999999999,18652.269999999997,11572,40,967,0.0009115859191544359,0.47148894140493725,233
21035,SET/2 RED RETROSPOT TEA TOWELS ,18681.38,570.65,18110.73,6006,207,929,0.0009097893639942846,0.4723987307689315,234
22041,"RECORD FRAME 7"" SINGLE SIZE ",18650.870000000003,103.94999999999999,18546.920000000002,7540,42,555,0.0009083035169371902,0.47330703428586873,235
21121,SET/10 RED POLKADOT PARTY CANDLES,18490.2,242.5,18247.7,15253,194,873,0.0009004788349750994,0.47420751312084386,236
22847,BREAD BIN DINER STYLE IVORY,18352.739999999998,794.55,17558.19,1157,49,482,0.0008937844876637843,0.47510129760850767,237
21484,CHICK GREY HOT WATER BOTTLE,18327.79,157.95,18169.84,4633,51,864,0.0008925694144394478,0.4759938670229471,238
21430,SET/3 RED GINGHAM ROSE STORAGE BOX,18082.47,222.78,17859.69,4631,62,814,0.0008806222495739465,0.4768744892725211,239
22505,MEMO BOARD COTTAGE DESIGN,18074.23,94.05000000000001,17980.18,3781,19,744,0.0008802209588577727,0.47775471023137883,240
79323W,"Unsaleable, destroyed.",18048.72,6421.1,11627.62,3004,1088,349,0.0008789786134488418,0.47863368884482765,241
22147,FELTCRAFT BUTTERFLY HEARTS,17955.93,1142.8000000000002,16813.129999999997,12871,904,1132,0.0008744597098622208,0.4795081485546899,242
22560,TRADITIONAL MODELLING CLAY,17904.21,191.20000000000002,17713.010000000002,14870,175,742,0.0008719409288136161,0.48038008948350347,243
22352,LUNCH BOX WITH CUTLERY RETROSPOT ,17879.16,165.29999999999998,17713.86,7109,65,1117,0.0008707209855563162,0.48125081046905976,244
22297,HEART IVORY TRELLIS SMALL,17840.12,343.75,17496.37,13825,275,969,0.0008688197246874543,0.4821196301937472,245
84945,MULTI COLOUR SILVER T-LIGHT HOLDER,17767.96,141.73,17626.23,21630,156,653,0.0008653055089011566,0.4829849357026484,246
21914,BLUE HARMONICA IN BOX ,17729.11,150.0,17579.11,12960,120,963,0.0008634135010949252,0.4838483492037433,247
22633,HAND WARMER UNION JACK,17664.870000000003,81.9,17582.97,8583,39,858,0.0008602849919193186,0.4847086341956626,248
22776,SWEETHEART 3 TIER CAKE STAND ,17540.41,1230.35,16310.06,1709,134,691,0.000854223748893229,0.48556285794455584,249
21136,PAINTED METAL PEARS ASSORTED,17515.67,329.36999999999995,17186.3,10534,225,739,0.0008530189027381151,0.4864158768472939,250
84467,ENGLISH ROSE DESIGN QUILTED THROW,17477.66,79.9,17397.76,816,2,83,0.0008511678032087752,0.4872670446505027,251
20718,RED RETROSPOT SHOPPER BAG,17467.35,71.74,17395.61,13361,58,1213,0.0008506657028102617,0.488117710353313,252
47591D,PINK FAIRY CAKE CHILDRENS APRON,17455.94,23.4,17432.54,9397,12,1140,0.0008501100320491522,0.48896782038536213,253
22557,PLASTERS IN TIN VINTAGE PAISLEY ,17437.6,112.19999999999999,17325.399999999998,10391,68,1126,0.000849216868003688,0.48981703725336584,254
84992,72 SWEETHEART FAIRY CAKE CASES,17404.8,175.33,17229.47,35126,410,1460,0.0008476194971917345,0.4906646567505576,255
22366,DOORMAT AIRMAIL ,17264.77,209.97000000000003,17054.8,2543,29,568,0.0008407999900332634,0.4915054567405909,256
84970L,SINGLE HEART ZINC T-LIGHT HOLDER,17249.539999999997,34.199999999999996,17215.34,17476,36,1080,0.0008400582840129568,0.49234551502460383,257
21889,WOODEN BOX OF DOMINOES,17119.41,193.75,16925.66,12824,155,1123,0.0008337209101178497,0.4931792359347217,258
23240,SET OF 4 KNICK KNACK TINS DOILY ,17037.52,206.70000000000002,16830.82,4186,50,536,0.0008297328401242255,0.4940089687748459,259
21156,RETROSPOT CHILDRENS APRON,17017.88,142.35,16875.53,9145,73,930,0.0008287763656502387,0.49483774514049617,260
22654,DELUXE SEWING KIT ,17006.97,306.40000000000003,16700.57,2540,52,597,0.0008282450450539457,0.49566599018555013,261
21535,RED RETROSPOT SMALL MILK JUG,16921.149999999998,223.04999999999998,16698.1,6809,88,1111,0.0008240655827648647,0.496490055768315,262
22652,TRAVEL SEWING KIT,16822.1,92.39999999999999,16729.7,9927,56,830,0.0008192418151147428,0.49730929758342973,263
21533,RETROSPOT LARGE MILK JUG,16793.07,375.0,16418.07,3379,80,954,0.0008178280445455047,0.49812712562797523,264
21164,HOME SWEET HOME METAL SIGN ,16679.510000000002,64.9,16614.61,5999,22,721,0.000812297635112412,0.49893942326308766,265
72760B,VINTAGE CREAM 3 BASKET CAKE STAND,16634.41,170.34,16464.07,1724,20,494,0.0008101012502459759,0.49974952451333365,266
22993,SET OF 4 PANTRY JELLY MOULDS,16507.23,85.0,16422.23,12672,68,1073,0.0008039075423232852,0.5005534320556569,267
22837,HOT WATER BOTTLE BABUSHKA ,16487.73,157.65,16330.08,3541,37,450,0.000802957885895447,0.5013563899415524,268
22487,WHITE WOOD GARDEN PLANT LADDER,16393.6,645.55,15748.05,1634,71,898,0.0007983737238671182,0.5021547636654196,269
21155,RED RETROSPOT PEG BAG,16360.79,562.69,15798.1,6673,263,969,0.0007967758660518684,0.5029515395314714,270
23301,GARDENERS KNEELING PAD KEEP CALM ,16357.05,168.89999999999998,16188.15,8825,114,913,0.0007965937268190419,0.5037481332582905,271
22191,IVORY DINER WALL CLOCK,16284.050000000001,2703.8500000000004,13580.2,1975,350,620,0.0007930386027558527,0.5045411718610463,272
22662,LUNCH BAG DOLLY GIRL DESIGN,16266.41,112.2,16154.21,9983,68,994,0.0007921795289411313,0.5053333513899875,273
22296,HEART IVORY TRELLIS LARGE,16222.259999999998,13.2,16209.059999999998,9837,8,833,0.0007900294093878462,0.5061233807993754,274
22193,RED DINER WALL CLOCK,16177.480000000001,319.6,15857.880000000001,1917,39,617,0.0007878486086268927,0.5069112294080023,275
22634,CHILDS BREAKFAST SET SPACEBOY ,16036.1,906.3,15129.8,1697,94,499,0.0007809633560234173,0.5076921927640257,276
21877,HOME SWEET HOME MUG,15996.8,1176.82,14819.98,14087,1086,755,0.000779049433068851,0.5084712421970945,277
22692,DOORMAT WELCOME TO OUR HOME,15982.45,665.0500000000001,15317.4,2137,143,606,0.0007783505833386214,0.5092495927804331,278
35004C,SET OF 3 COLOURED  FLYING DUCKS,15896.18,426.8,15469.380000000001,3039,88,355,0.0007741492059012058,0.5100237419863344,279
22759,check,15894.609999999999,42.89999999999999,15851.71,9397,26,795,0.0007740727463836823,0.510797814732718,280
22690,DOORMAT HOME SWEET HOME BLUE ,15859.74,48.3,15811.44,2533,6,437,0.0007723745658893891,0.5115701892986074,281
22635,CHILDS BREAKFAST SET DOLLY GIRL ,15834.81,1113.4499999999998,14721.359999999999,1664,124,485,0.0007711604666716451,0.5123413497652791,282
23313,VINTAGE CHRISTMAS BUNTING,15833.310000000001,64.35,15768.960000000001,2997,13,401,0.0007710874161771961,0.5131124371814563,283
22367,CHILDRENS APRON SPACEBOY DESIGN,15811.82,101.39999999999999,15710.42,8076,52,1156,0.0007700408460933886,0.5138824780275496,284
84375,SET OF 20 KIDS COOKIE CUTTERS,15794.28,120.89999999999999,15673.380000000001,7595,61,796,0.0007691866423116307,0.5146516646698612,285
22170,PICTURE FRAME WOOD TRIPLE PORTRAIT,15753.27,581.9,15171.37,2401,90,575,0.0007671894417933924,0.5154188541116547,286
22619,SET OF 6 SOLDIER SKITTLES,15668.84,37.5,15631.34,4021,10,708,0.000763077672962501,0.5161819317846171,287
22333,RETROSPOT PARTY BAG + STICKER SET,15651.199999999999,1947.8999999999999,13703.3,10037,1326,697,0.0007622185991477796,0.516944150383765,288
21891,TRADITIONAL WOODEN SKIPPING ROPE,15588.9,118.07,15470.83,12173,93,835,0.0007591845686116606,0.5177033349523766,289
22749,FELTCRAFT PRINCESS CHARLOTTE DOLL,15429.35,3.75,15425.6,3779,1,685,0.0007514144310187586,0.5184547493833954,290
22173,METAL 4 HOOK HANGER FRENCH CHATEAU,15426.65,399.71999999999997,15026.93,5031,146,997,0.0007512829401287502,0.5192060323235241,291
84378,SET OF 3 HEART COOKIE CUTTERS,15417.19,116.06,15301.13,11660,93,1248,0.0007508222350104246,0.5199568545585346,292
21844,RED RETROSPOT MUG,15367.79,141.20000000000002,15226.59,5387,48,494,0.0007484164387265678,0.5207052709972612,293
22940,FELTCRAFT CHRISTMAS FAIRY,15363.56,120.75,15242.81,3510,39,586,0.0007482104363322212,0.5214534814335934,294
85232B,SET OF 3 BABUSHKA STACKING TINS,15357.28,1502.75,13854.53,3066,305,539,0.0007479045982621277,0.5222013860318555,295
21094,SET/6 RED SPOTTY PAPER PLATES,15334.88,495.24,14839.64,19634,762,984,0.0007468137108783545,0.5229481997427339,296
22365,DOORMAT RESPECTABLE HOUSE,15304.79,22.65,15282.14,2331,3,443,0.0007453483179597057,0.5236935480606936,297
22909,SET OF 20 VINTAGE CHRISTMAS NAPKINS,15294.519999999999,334.22,14960.3,17166,470,1086,0.0007448481655743776,0.524438396226268,298
21975,PACK OF 60 DINOSAUR CAKE CASES,15288.32,49.260000000000005,15239.060000000001,31426,95,1303,0.0007445462235306546,0.5251829424497987,299
21165,BEWARE OF THE CAT METAL SIGN ,15175.83,82.59,15093.24,9365,51,966,0.0007390679234502689,0.5259220103732489,300
35970,ZINC FOLKART SLEIGH BELLS,15152.01,122.85999999999999,15029.15,8422,74,692,0.0007379078815984173,0.5266599182548474,301
82582,AREA PATROLLED METAL SIGN,15146.68,241.38,14905.300000000001,7496,129,796,0.0007376483088414749,0.5273975665636889,302
22946,WOODEN ADVENT CALENDAR CREAM,15094.47,390.3,14704.17,978,26,275,0.00073510566463135,0.5281326722283202,303
21122,SET/10 PINK POLKADOT PARTY CANDLES,15018.53,91.25,14927.28,12348,73,807,0.0007314073615990405,0.5288640795899192,304
22606,WOODEN SKITTLES GARDEN SET,14977.64,430.7,14546.94,1075,34,374,0.0007294160051203581,0.5295934955950395,305
22730,ALARM CLOCK BAKELIKE IVORY,14893.52,225.0,14668.52,3709,60,746,0.000725319333391653,0.5303188149284312,306
21770,OPEN CLOSED METAL SIGN,14832.050000000001,212.4,14619.650000000001,2996,48,651,0.0007223257241291292,0.5310411406525604,307
17003,BROCADE RING PURSE ,14776.86,215.78,14561.08,70405,740,456,0.0007196379529366987,0.5317607786054971,308
21912,VINTAGE SNAKES & LADDERS,14685.08,285.0,14400.08,3743,76,828,0.0007151682366830068,0.5324759468421801,309
22485,SET OF 2 WOODEN MARKET CRATES,14677.84,165.75,14512.09,1101,13,419,0.0007148156462964658,0.5331907624884766,310
21380,WOODEN HAPPY BIRTHDAY GARLAND,14622.820000000002,1601.7,13021.12,5041,582,651,0.0007121361541600731,0.5339028986426367,311
84050,check,14549.75,107.3,14442.449999999999,9868,66,715,0.0007085776210738095,0.5346114762637105,312
22150,3 STRIPEY MICE FELTCRAFT,14527.5,1264.8,13262.699999999999,7836,764,938,0.0007074940387394813,0.53531897030245,313
21672,WHITE SPOT RED CERAMIC DRAWER KNOB,14461.03,81.3,14379.73,11158,62,815,0.0007042569278287937,0.5360232272302788,314
22179,SET 10 NIGHT OWL LIGHTS,14425.36,224.6,14200.76,2024,36,566,0.0007025197870707943,0.5367257470173497,315
21169,YOU'RE CONFUSING ME METAL SIGN ,14291.34,54.57,14236.77,8873,33,772,0.0006959929688934158,0.5374217399862431,316
20748,KENSINGTON COFFEE SET,14266.980000000001,0.0,14266.980000000001,1600,0,183,0.0006948066288635625,0.5381165466151067,317
23200,JUMBO BAG PEARS,14197.28,243.63000000000002,13953.65,7071,134,595,0.0006914122158881613,0.5388079588309949,318
22295,HEART FILIGREE DOVE LARGE,14190.339999999998,79.19999999999999,14111.139999999998,8603,48,706,0.00069107423560051,0.5394990330665954,319
22804,PINK HANGING HEART T-LIGHT HOLDER,14123.0,1294.8,12828.2,5277,504,670,0.000687794755403042,0.5401868278219984,320
84380,SET OF 3 BUTTERFLY COOKIE CUTTERS,14085.49,251.39000000000001,13834.1,10412,219,1114,0.0006859680060385183,0.5408727958280369,321
22627,MINT KITCHEN SCALES,14076.300000000001,125.71000000000001,13950.59,1607,16,653,0.0006855204500091937,0.5415583162780462,322
35400,WOODEN BOX ADVENT CALENDAR ,14070.699999999999,779.4499999999999,13291.25,1443,91,419,0.0006852477281632502,0.5422435640062094,323
21257,VICTORIAN SEWING BOX MEDIUM,14040.03,205.3,13834.73,1558,27,532,0.0006837540890534144,0.5429273180952628,324
21668,RED STRIPE CERAMIC DRAWER KNOB,14004.92,106.42,13898.5,10428,87,825,0.0006820442204800093,0.5436093623157429,325
22271,FELTCRAFT DOLL ROSIE,13983.68,839.2,13144.480000000001,4887,304,787,0.0006810098254786102,0.5442903721412214,326
23343,JUMBO BAG VINTAGE CHRISTMAS ,13978.95,505.68,13473.27,6081,271,476,0.0006807794729194474,0.5449711516141409,327
22236,CAKE STAND 3 TIER MAGIC GARDEN,13978.269999999999,1121.25,12857.019999999999,1128,95,421,0.000680746356695297,0.5456518979708362,328
21669,BLUE STRIPE CERAMIC DRAWER KNOB,13960.28,147.32,13812.96,10672,106,805,0.0006798702377652043,0.5463317682086014,329
21259,VICTORIAN SEWING BOX SMALL ,13951.02,155.65,13795.37,2311,27,655,0.0006794192727128053,0.5470111874813142,330
21888,BINGO SET,13880.92,363.75,13517.17,3525,97,825,0.0006760053796055508,0.5476871928609197,331
22444,GROW YOUR OWN PLANT IN A CAN ,13860.35,142.5,13717.85,10135,114,453,0.0006750036138250056,0.5483621964747447,332
22621,TRADITIONAL KNITTING NANCY,13800.669999999998,114.05,13686.619999999999,8737,85,875,0.0006720971781525242,0.5490342936528972,333
79323P,"Unsaleable, destroyed.",13787.93,4021.35,9766.58,2281,693,265,0.0006714767359530034,0.5497057703888503,334
22109,FULL ENGLISH BREAKFAST PLATE,13768.86,271.26,13497.6,3343,78,642,0.0006705480206669072,0.5503763184095172,335
23077,DOUGHNUT LIP GLOSS ,13720.77,75.0,13645.77,10415,60,344,0.0006682060218148692,0.551044524431332,336
21871,SAVE THE PLANET MUG,13710.29,892.19,12818.1,11536,806,779,0.0006676956423603182,0.5517122200736924,337
47556B,TEA TIME TEA TOWELS ,13693.970000000001,402.59999999999997,13291.37,5202,156,449,0.0006669008529807121,0.5523791209266731,338
22667,RECIPE BOX RETROSPOT ,13654.2,428.90000000000003,13225.300000000001,4868,150,848,0.0006649640408712184,0.5530440849675443,339
21539,RED RETROSPOT BUTTER DISH,13635.79,334.31,13301.480000000001,2740,70,709,0.0006640674678026798,0.553708152435347,340
21390,FILIGRIS HEART WITH BUTTERFLY,13625.47,93.75,13531.72,10995,75,588,0.00066356488040087,0.5543717173157479,341
22636,CHILDS BREAKFAST SET CIRCUS PARADE,13496.53,375.7,13120.83,1625,45,489,0.0006572854598980259,0.5550290027756459,342
23356,LOVE HOT WATER BOTTLE,13494.970000000001,53.55,13441.42,2386,9,476,0.0006572094873837989,0.5556862122630297,343
C2,CARRIAGE,13426.0,290.0,13136.0,268,7,267,0.0006538506256490294,0.5563400628886788,344
23207,LUNCH BAG ALPHABET DESIGN,13360.2,659.6,12700.6,7851,448,740,0.0006506461439591959,0.5569907090326379,345
21673,WHITE SPOT BLUE CERAMIC DRAWER KNOB,13332.94,143.95,13188.99,10097,103,763,0.0006493185729734076,0.5576400276056114,346
22584,PACK OF 6 PANETTONE GIFT BOXES,13331.13,425.85,12905.28,5239,197,589,0.0006492304253767723,0.5582892580309882,347
22207,FRYING PAN UNION FLAG,13307.07,324.75,12982.32,3105,85,480,0.0006480586954458089,0.558937316726434,348
23108,SET OF 10 LED DOLLY LIGHTS,13303.019999999999,317.6,12985.42,2221,64,372,0.0006478614591107963,0.5595851781855448,349
21098,CHRISTMAS TOILET ROLL,13298.93,246.39000000000001,13052.54,8565,219,596,0.0006476622747625984,0.5602328404603074,350
23328,SET 6 SCHOOL MILK BOTTLES IN CRATE,13284.49,29.64,13254.85,2845,8,405,0.0006469590420027018,0.5608797995023102,351
22580,ADVENT CALENDAR GINGHAM SACK,13283.880000000001,331.8,12952.08,2346,64,495,0.000646929334801626,0.5615267288371117,352
22846,BREAD BIN DINER STYLE RED ,13281.769999999999,450.59999999999997,12831.17,826,28,346,0.0006468265771061007,0.5621735554142179,353
22838,3 TIER CAKE TIN RED AND CREAM,13280.66,1816.6999999999998,11463.96,926,138,271,0.0006467725197402084,0.5628203279339581,354
21704,BAG 250g SWIRLY MARBLES,13239.41,512.07,12727.339999999998,17180,702,568,0.0006447636311428584,0.5634650915651009,355
15044A,PINK PAPER PARASOL ,13228.550000000001,8.05,13220.5,4970,3,250,0.000644234745563047,0.564109326310664,356
75049L,LARGE CIRCULAR MIRROR MOBILE,13183.8,808.75,12375.05,13992,903,344,0.0006420554058119822,0.564751381716476,357
20676,RED RETROSPOT BOWL,13173.2,156.81,13016.390000000001,10529,137,966,0.0006415391823178754,0.5653929208987939,358
22464,HANGING METAL HEART LANTERN,13132.949999999999,378.9,12754.05,7937,250,784,0.000639578994050158,0.5660324998928441,359
22553,PLASTERS IN TIN SKULLS,13131.949999999999,158.39999999999998,12973.55,7866,96,1090,0.0006395302937205251,0.5666720301865646,360
21935,SUKI  SHOULDER BAG,13103.21,196.15,12907.06,7127,131,921,0.0006381306462468805,0.5673101608328115,361
22088,PAPER BUNTING COLOURED LACE,13082.78,198.04999999999998,12884.730000000001,4401,75,619,0.000637135698512484,0.567947296531324,362
22766,PHOTO FRAME CORNICE,12979.300000000001,185.85000000000002,12793.45,4406,63,640,0.0006320961884020891,0.5685793927197261,363
84988,SET OF 72 PINK HEART PAPER DOILIES,12929.189999999999,91.27,12837.92,8316,64,1019,0.0006296558148841929,0.5692090485346103,364
21906,PHARMACIE FIRST AID TIN,12919.960000000001,263.25,12656.710000000001,1792,39,424,0.0006292063108416829,0.569838254845452,365
22655,VINTAGE RED KITCHEN CABINET,12845.0,2320.5,10524.5,76,12,53,0.0006255557341324135,0.5704638105795844,366
22198,LARGE POPCORN HOLDER ,12782.71,347.29999999999995,12435.41,7345,214,646,0.0006225221905995907,0.571086332770184,367
22646,CERAMIC STRAWBERRY CAKE MONEY BANK,12735.91,155.0,12580.91,8969,109,880,0.000620243015172779,0.5717065757853568,368
22303,COFFEE MUG APPLES DESIGN,12734.78,336.45,12398.33,5452,139,540,0.000620187983800294,0.572326763769157,369
22947,WOODEN ADVENT CALENDAR RED,12704.15,221.26999999999998,12482.88,1011,15,209,0.0006186962927036434,0.5729454600618606,370
22616,PACK OF 12 LONDON TISSUES ,12476.99,22.08,12454.91,39204,72,825,0.0006076335258242726,0.5735530935876849,371
22623,BOX OF VINTAGE JIGSAW BLOCKS ,12454.08,355.05,12099.03,2316,79,541,0.0006065178012723868,0.5741596113889573,372
62018,SOMBRERO ,12450.85,0.0,12450.85,9567,0,127,0.000606360499207673,0.574765971888165,373
22144,CHRISTMAS CRAFT LITTLE FRIENDS,12411.87,98.7,12313.17,5148,47,704,0.0006044621603585893,0.5753704340485236,374
21671,RED SPOT CERAMIC DRAWER KNOB,12386.82,237.31,12149.51,9526,170,727,0.0006032422171012893,0.5759736762656249,375
22082,RIBBON REEL STRIPES DESIGN ,12353.75,51.15,12302.6,7365,31,957,0.0006016316972003349,0.5765753079628252,376
23174,REGENCY SUGAR BOWL GREEN,12350.73,345.2,12005.53,3057,88,322,0.0006014846222048441,0.5771767925850301,377
22631,CIRCUS PARADE LUNCH BOX ,12255.5,70.19999999999999,12185.3,6279,36,663,0.0005968468898139193,0.577773639474844,378
15056P,EDWARDIAN PARASOL PINK,12246.77,1091.05,11155.720000000001,2476,313,344,0.0005964217359362256,0.5783700612107802,379
85042,ANTIQUE LILY FAIRY LIGHTS,12239.51,757.4,11482.11,2686,168,292,0.000596068171543092,0.5789661293823233,380
22301,COFFEE MUG CAT + BIRD DESIGN,12231.88,192.0,12039.88,5051,76,643,0.0005956965880279942,0.5795618259703513,381
21124,SET/10 BLUE POLKADOT PARTY CANDLES,12184.04,61.25,12122.79,10038,49,629,0.0005933667642583644,0.5801551927346097,382
21670,BLUE SPOT CERAMIC DRAWER KNOB,12170.45,100.0,12070.45,8918,72,767,0.0005927049267786557,0.5807478976613883,383
22192,BLUE DINER WALL CLOCK,12121.800000000001,252.45000000000002,11869.35,1428,31,543,0.0005903356557420234,0.5813382333171304,384
20969,RED FLORAL FELTCRAFT SHOULDER BAG,12081.52,980.07,11101.45,3241,289,613,0.000588374006464417,0.5819266073235948,385
21937,STRAWBERRY   PICNIC BAG,12065.369999999999,169.1,11896.27,4109,58,657,0.0005875874961408483,0.5825141948197357,386
84212,"ASSORTED FLOWER COLOUR ""LEIS""",11965.39,46.800000000000004,11918.59,24800,72,277,0.0005827184371841681,0.5830969132569198,387
21787,RAIN PONCHO RETROSPOT,11932.88,420.0,11512.88,15143,528,469,0.000581135189467808,0.5836780484463876,388
21242,RED RETROSPOT PLATE ,11922.8,70.98,11851.82,7088,42,657,0.00058064429014511,0.5842586927365327,389
22729,ALARM CLOCK BAKELIKE ORANGE,11882.75,130.89,11751.86,3004,35,612,0.0005786938419433192,0.5848373865784761,390
22243,5 HOOK HANGER RED MAGIC TOADSTOOL,11871.8,141.89999999999998,11729.9,7685,86,388,0.0005781605733338409,0.5854155471518099,391
84987,SET OF 36 TEATIME PAPER DOILIES,11868.5,97.69999999999999,11770.8,8141,70,812,0.0005779998622460528,0.5859935470140559,392
20975,12 PENCILS SMALL TUBE RED RETROSPOT,11859.76,858.35,11001.410000000002,18116,1483,902,0.0005775742213650629,0.586571121235421,393
22791,T-LIGHT GLASS FLUTED ANTIQUE,11838.69,209.0,11629.69,9546,190,434,0.0005765481054197013,0.5871476693408407,394
23300,GARDENERS KNEELING PAD CUP OF TEA ,11815.689999999999,231.59999999999997,11584.09,6827,152,758,0.0005754279978381484,0.5877230973386789,395
22488,NATURAL SLATE RECTANGLE CHALKBOARD,11793.009999999998,80.85,11712.159999999998,6908,49,808,0.000574323474362078,0.5882974208130409,396
22750,FELTCRAFT PRINCESS LOLA DOLL,11780.1,37.5,11742.6,3147,10,647,0.0005736947531065196,0.5888711155661475,397
21428,SET3 BOOK BOX GREEN GINGHAM FLOWER ,11779.93,166.0,11613.93,2887,42,465,0.000573686474050482,0.5894448020401979,398
47567B,TEA TIME KITCHEN APRON,11748.720000000001,76.05000000000001,11672.67,2177,13,348,0.0005721665367626446,0.5900169685769605,399
22943,CHRISTMAS LIGHTS 10 VINTAGE BAUBLES,11726.34,190.25,11536.09,2387,39,356,0.000571076623385464,0.590588045200346,400
21154,RED RETROSPOT OVEN GLOVE ,11701.2,240.75,11460.45,8100,223,903,0.0005698522970984972,0.5911578974974445,401
21326,AGED GLASS SILVER T-LIGHT HOLDER,11679.66,66.3,11613.36,17902,102,643,0.0005688032919982082,0.5917267007894427,402
22151,PLACE SETTING WHITE HEART,11671.35,332.46,11338.89,27710,915,716,0.0005683985922589602,0.5922950993817017,403
22844,VINTAGE CREAM DOG FOOD CONTAINER,11627.28,236.3,11390.98,1231,29,498,0.0005662523687320458,0.5928613517504338,404
22649,STRAWBERRY FAIRY CAKE TEAPOT,11616.03,352.90000000000003,11263.130000000001,2317,72,486,0.0005657044900236777,0.5934270562404574,405
23581,JUMBO BAG PAISLEY PARK,11613.03,224.76,11388.27,5035,122,338,0.0005655583890347794,0.5939926146294923,406
21260,FIRST AID TIN,11609.93,197.25,11412.68,3526,61,534,0.000565407418012918,0.5945580220475052,407
22508,DOORSTOP RETROSPOT HEART,11599.45,97.5,11501.95,2890,26,697,0.000564897038558367,0.5951229190860635,408
22468,BABUSHKA LIGHTS STRING OF 10,11549.35,352.3,11197.05,1737,58,413,0.0005624571520437672,0.5956853762381072,409
22637,PIGGY BANK RETROSPOT ,11523.42,171.9,11351.52,4490,69,598,0.0005611943524963905,0.5962465705906036,410
22663,JUMBO BAG DOLLY GIRL DESIGN,11469.32,66.3,11403.02,5766,34,688,0.0005585596646632598,0.5968051302552668,411
22950,36 DOILIES VINTAGE CHRISTMAS,11454.09,773.65,10680.439999999999,8334,613,352,0.0005578179586429534,0.5973629482139098,412
22740,adjustment,11436.109999999999,0.0,11436.109999999999,13393,0,300,0.0005569423267161568,0.5979198905406259,413
21172,PARTY METAL SIGN ,11411.16,110.85,11300.31,7705,77,971,0.0005557272534918202,0.5984756177941177,414
21429,RED GINGHAM ROSE JEWELLERY BOX,11384.699999999999,120.3,11264.4,6384,70,997,0.0005544386427697381,0.5990300564368874,415
22834,HAND WARMER BABUSHKA DESIGN,11329.03,331.25,10997.78,6934,215,597,0.0005517274954190841,0.5995817839323065,416
22988,SOLDIERS EGG CUP ,11318.45,132.78,11185.67,9427,112,446,0.00055121224593157,0.6001329961782381,417
22968,ROSE COTTAGE KEEPSAKE BOX ,11234.57,248.54999999999998,10986.02,1132,26,306,0.0005471272622819765,0.6006801234405201,418
21922,UNION STRIPE WITH FRINGE  HAMMOCK,11223.03,190.64999999999998,11032.380000000001,1446,27,388,0.0005465652604780149,0.6012266887009982,419
22795,SWEETHEART RECIPE BOOK STAND,11209.56,118.95,11090.61,1602,23,498,0.0005459092670378619,0.6017725979680361,420
72351B,SET/6 PINK  BUTTERFLY T-LIGHTS,11195.39,221.60000000000002,10973.79,5790,127,499,0.0005452191833669661,0.602317817151403,421
21868,POTTING SHED TEA MUG,11188.64,250.39000000000001,10938.25,9095,207,881,0.0005448904561419452,0.6028627076075449,422
47599A,PINK PARTY BAGS,11186.87,247.35999999999999,10939.51,5970,160,369,0.0005448042565584953,0.6034075118641034,423
22417,PACK OF 60 SPACEBOY CAKE CASES,11168.7,62.7,11106.0,21467,114,1103,0.0005439193715690686,0.6039514312356724,424
23170,REGENCY TEA PLATE ROSES ,11117.05,1046.3,10070.749999999998,6869,718,445,0.0005414039995435381,0.6044928352352159,425
21735,TWO DOOR CURIO CABINET,11112.85,2535.6,8577.25,853,224,262,0.0005411994581590807,0.605034034693375,426
22620,4 TRADITIONAL SPINNING TOPS,11091.949999999999,20.4,11071.55,8195,16,841,0.0005401816212697565,0.6055742163146448,427
22768,FAMILY PHOTO FRAME CORNICE,11084.619999999999,375.2,10709.42,1160,38,354,0.0005398246478535486,0.6061140409624983,428
B,Adjust bad debt,11062.06,0.0,11062.06,1,0,1,0.0005387259684170343,0.6066527669309154,429
22130,PARTY CONE CHRISTMAS DECORATION ,11037.109999999999,136.7,10900.41,9791,183,424,0.0005375108951926976,0.6071902778261081,430
22694,WICKER STAR ,11000.6,348.0,10652.6,4913,180,858,0.0005357328461578067,0.607726010672266,431
21749,LARGE RED RETROSPOT WINDMILL,10980.980000000001,1381.8999999999999,9599.080000000002,5657,744,286,0.0005347773456904127,0.6082607880179564,432
20828,GLITTER BUTTERFLY CLIPS,10973.63,76.5,10897.13,4436,30,607,0.000534419398267612,0.608795207416224,433
22668,PINK BABY BUNTING,10930.5,177.64999999999998,10752.85,3598,67,579,0.0005323189530505524,0.6093275263692745,434
21907,I'M ON HOLIDAY METAL SIGN,10910.320000000002,44.10000000000001,10866.220000000001,5184,21,771,0.0005313361803985639,0.609858862549673,435
21498,RED RETROSPOT WRAP ,10872.92,42.0,10830.92,26776,100,802,0.0005295147880702998,0.6103883773377433,436
37370,RETRO COFFEE MUGS ASSORTED,10854.59,57.42,10797.17,7171,47,492,0.0005286221110281319,0.6109169994487714,437
21558,SKULL LUNCH BOX WITH CUTLERY ,10854.01,232.95,10621.06,4224,109,768,0.0005285938648369448,0.6114455933136084,438
22274,FELTCRAFT DOLL EMILY,10814.320000000002,199.1,10615.220000000001,3788,74,656,0.0005266609487538219,0.6119722542623622,439
22904,CALENDAR PAPER CUT DESIGN,10802.25,885.9,9916.35,3483,322,463,0.0005260731357751547,0.6124983273981374,440
21086,SET/6 RED SPOTTY PAPER CUPS,10792.210000000001,422.64000000000004,10369.57,16674,792,843,0.0005255841844656423,0.613023911582603,441
22812,PACK 3 BOXES CHRISTMAS PANETTONE,10750.029999999999,91.64999999999999,10658.38,4887,47,462,0.0005235300045617336,0.6135474415871648,442
21833,CAMOUFLAGE LED TORCH,10691.81,297.5,10394.31,6245,190,444,0.0005206946713705161,0.6140681362585353,443
21624,VINTAGE UNION JACK DOORSTOP,10664.95,128.75,10536.2,1775,25,403,0.000519386580516581,0.6145875228390518,444
22064,PINK DOUGHNUT TRINKET POT ,10647.109999999999,222.7,10424.41,6639,138,693,0.000518517766635933,0.6151060406056877,445
21974,SET OF 36 PAISLEY FLOWER DOILIES,10622.15,201.45,10420.699999999999,7046,140,808,0.0005173022064083001,0.6156233428120961,446
22348,TEA BAG PLATE RED RETROSPOT,10589.92,85.0,10504.92,12461,100,961,0.0005157325947842372,0.6161390754068803,447
22349,DOG BOWL CHASING BALL DESIGN,10562.92,132.12,10430.8,2574,36,366,0.0005144176858841536,0.6166534930927644,448
22595,GINGHAM HEART DECORATION,10557.92,103.67999999999999,10454.24,12551,144,796,0.0005141741842359899,0.6171676672770003,449
82001S,SILVER RECORD COVER FRAME,10531.4,40.53,10490.87,2926,11,230,0.0005128826514941299,0.6176805499284945,450
22302,COFFEE MUG PEARS  DESIGN,10510.3,94.35,10415.95,4933,37,396,0.0005118550745388793,0.6181924050030334,451
23208,LUNCH BAG VINTAGE LEAF DESIGN,10498.01,109.85,10388.16,6342,73,668,0.0005112565474876931,0.6187036615505211,452
21982,PACK OF 12 SUKI TISSUES ,10489.05,10.83,10478.22,32541,37,718,0.0005108201925341838,0.6192144817430554,453
21890,S/6 WOODEN SKITTLES IN COTTON BAG,10484.65,30.200000000000003,10454.45,3500,10,547,0.0005106059110837998,0.6197250876541391,454
20754,RETROSPOT RED WASHING UP GLOVES,10449.02,66.30000000000001,10382.720000000001,5096,33,852,0.0005088707183389857,0.6202339583724781,455
22418,10 COLOUR SPACEBOY PEN,10419.429999999998,176.79999999999998,10242.63,12316,208,586,0.0005074296755851531,0.6207413880480632,456
22174,PHOTO CUBE,10410.63,79.19999999999999,10331.43,5144,48,557,0.0005070011126843851,0.6212483891607476,457
22992,REVOLVER WOODEN RULER ,10379.84,1193.4,9186.44,5236,716,348,0.0005055016295349935,0.6217538907902826,458
22725,ALARM CLOCK BAKELIKE CHOCOLATE,10366.17,221.25,10144.92,2529,59,549,0.000504835896028914,0.6222587266863115,459
22120,WELCOME  WOODEN BLOCK LETTERS,10353.99,187.6,10166.39,1022,19,367,0.0005042427260139873,0.6227629694123256,460
22089,PAPER BUNTING VINTAGE PAISLEY,10309.25,173.89999999999998,10135.35,3508,61,552,0.0005020638732662191,0.6232650332855918,461
20979,36 PENCILS TUBE RED RETROSPOT,10279.31,463.18,9816.13,8162,390,709,0.0005006057853970151,0.6237656390709888,462
21781,MA CAMPAGNE CUTLERY BOX,10275.22,600.6,9674.619999999999,665,44,363,0.0005004066010488172,0.6242660456720376,463
22771,CLEAR DRAWER KNOB ACRYLIC EDWARDIAN,10267.08,37.5,10229.58,7585,30,512,0.0005000101803656068,0.6247660558524032,464
22380,TOY TIDY SPACEBOY  ,10242.86,94.5,10148.36,4976,45,688,0.0004988306583819021,0.625264886510785,465
23582,VINTAGE DOILY JUMBO BAG RED ,10233.45,222.68,10010.77,4815,121,259,0.0004983723882800581,0.6257632588990651,466
22970,LONDON BUS COFFEE MUG,10224.75,33.6,10191.15,4367,16,317,0.0004979486954122534,0.6262612075944773,467
21531,RED RETROSPOT SUGAR JAM BOWL,10204.72,92.55,10112.17,4085,37,776,0.0004969732278097097,0.6267581808222871,468
20682,RED RETROSPOT CHILDRENS UMBRELLA,10197.31,178.75,10018.56,3076,57,589,0.0004966123583671312,0.6272547931806542,469
22748,POPPY'S PLAYHOUSE KITCHEN,10197.1,35.7,10161.4,4159,17,742,0.0004966021312979084,0.6277513953119521,470
21892,TRADITIONAL WOODEN CATCH CUP GAME ,10173.78,67.5,10106.28,7844,54,818,0.0004954664396108732,0.628246861751563,471
21033,JUMBO BAG CHARLIE AND LOLA TOYS,10157.79,31.29,10126.5,4599,11,573,0.0004946877213400458,0.6287415494729031,472
22966,GINGERBREAD MAN COOKIE CUTTER,10156.26,6.25,10150.01,8239,5,732,0.0004946132098357077,0.6292361626827387,473
22180,RETROSPOT LAMP,10143.18,483.2,9659.98,979,49,410,0.0004939762095241116,0.6297301388922628,474
84792,ENCHANTED BIRD COATHANGER 5 HOOK,10128.810000000001,270.45,9858.36,2299,69,519,0.0004932763857872893,0.6302234152780501,475
22840,ROUND CAKE TIN VINTAGE RED,10071.35,229.55,9841.800000000001,1329,29,402,0.0004904780648465926,0.6307138933428967,476
23171,REGENCY TEA PLATE GREEN ,10051.99,146.25,9905.74,6247,97,381,0.000489535226464903,0.6312034285693616,477
21756,BATH BUILDING BLOCK WORD,10039.85,35.7,10004.15,1628,6,581,0.0004889440044631617,0.6316923725738248,478
22645,CERAMIC HEART FAIRY CAKE MONEY BANK,10006.72,125.94999999999999,9880.77,5617,87,741,0.00048733056254242926,0.6321797031363673,479
22300,COFFEE MUG DOG + BALL DESIGN,9988.3,160.64999999999998,9827.65,4154,63,526,0.00048643350247059436,0.6326661366388379,480
22327,ROUND SNACK BOXES SET OF 4 SKULLS,9981.9,64.5,9917.4,3078,22,646,0.0004861218203609449,0.6331522584591988,481
23076,ICE CREAM SUNDAE LIP GLOSS,9965.76,35.0,9930.76,8100,28,277,0.0004853357970406727,0.6336375942562394,482
22131,FOOD CONTAINER SET 3 LOVE HEART ,9940.24,29.099999999999998,9911.14,5256,16,692,0.0004840929646284454,0.6341216872208679,483
84880,WHITE WIRE EGG HOLDER,9927.84,78.9,9848.94,1734,13,375,0.0004834890805409996,0.6346051763014089,484
22429,ENAMEL MEASURING JUG CREAM,9912.039999999999,178.5,9733.539999999999,2296,42,625,0.0004827196153328024,0.6350878959167416,485
22466,FAIRY TALE COTTAGE NIGHT LIGHT,9863.029999999999,70.94999999999999,9792.08,5315,39,394,0.0004803328121775023,0.6355682287289192,486
20829,GLITTER HANGING BUTTERFLY STRING,9841.82,1801.96,8039.860000000001,4828,1094,481,0.00047929987818599217,0.6360475286071051,487
79000,MOROCCAN TEA GLASS,9831.31,171.9,9659.41,12057,238,436,0.00047878803772155213,0.6365263166448266,488
20677,PINK POLKADOT BOWL,9821.81,17.310000000000002,9804.5,7793,14,760,0.0004783253845900412,0.6370046420294166,489
22745,POPPY'S PLAYHOUSE BEDROOM ,9804.54,27.300000000000004,9777.24,3995,13,703,0.00047748432989728405,0.6374821263593139,490
21488,RED WHITE SCARF  HOT WATER BOTTLE,9804.33,0.0,9804.33,2389,0,359,0.00047747410282806115,0.637959600462142,491
22549,PICTURE DOMINOES,9728.56,1.45,9727.109999999999,6528,1,711,0.0004737840788517892,0.6384333845409937,492
47570B,TEA TIME TABLE CLOTH,9643.57,21.3,9622.27,975,2,224,0.00046964503783630346,0.63890302957883,493
23175,REGENCY MILK JUG PINK ,9600.15,225.5,9374.65,3164,80,329,0.00046753046952365034,0.6393705600483537,494
22665,RECIPE BOX BLUE SKETCHBOOK DESIGN,9598.69,129.95000000000002,9468.74,2958,45,703,0.0004674593670423866,0.6398380194153961,495
22978,PANTRY ROLLING PIN,9568.73,272.61,9296.119999999999,2465,75,238,0.00046600030516658997,0.6403040197205627,496
35961,FOLKART ZINC HEART CHRISTMAS DEC,9550.48,0.85,9549.63,11472,1,637,0.0004651115241507927,0.6407691312447135,497
82552,WASHROOM METAL SIGN,9541.06,8.75,9532.31,6965,7,794,0.00046465276704565233,0.6412337840117591,498
16014,SMALL CHINESE STYLE SCISSOR,9513.1,0.0,9513.1,29355,0,93,0.00046329110582912124,0.6416970751175882,499
22942,CHRISTMAS LIGHTS 10 SANTAS ,9483.41,612.85,8870.560000000001,1223,77,246,0.0004618451930423255,0.6421589203106306,500
22767,TRIPLE PHOTO FRAME CORNICE ,9478.23,398.0,9080.23,1004,40,295,0.00046159292533482795,0.6426205132359655,501
21716,BOYS VINTAGE TIN SEASIDE BUCKET,9437.869999999999,25.5,9412.369999999999,3725,10,496,0.0004596273800308509,0.6430801406159963,502
21385,IVORY HANGING DECORATION  HEART,9426.939999999999,5.1,9421.84,10912,6,690,0.0004590950854279652,0.6435392357014242,503
20970,PINK FLORAL FELTCRAFT SHOULDER BAG,9402.29,11.25,9391.04,2494,3,574,0.0004578946223025185,0.6439971303237267,504
22357,KINGS CHOICE BISCUIT TIN,9360.91,198.0,9162.91,2075,48,462,0.0004558794026623161,0.6444530097263891,505
84692,BOX OF 24 COCKTAIL PARASOLS,9352.22,86.94,9265.28,19122,207,1122,0.0004554561967978077,0.6449084659231868,506
21658,GLASS  BEURRE DISH,9295.59,351.44,8944.15,2231,90,519,0.0004526982971307062,0.6453611642203175,507
22219,LOVEBIRD HANGING DECORATION WHITE ,9294.279999999999,93.89,9200.39,9799,123,1149,0.0004526344996988873,0.6458137987200164,508
21243,PINK POLKADOT PLATE ,9292.77,27.04,9265.73,5639,16,503,0.0004525609622011419,0.6462663596822176,509
22656,VINTAGE BLUE KITCHEN CABINET,9290.0,2368.5,6921.5,45,13,37,0.0004524260622880592,0.6467187857445056,510
22072,RED RETROSPOT TEA CUP AND SAUCER ,9284.76,183.75,9101.01,2420,49,511,0.0004521708725607838,0.6471709566170664,511
23319,BOX OF 6 MINI 50'S CRACKERS,9266.84,244.97000000000003,9021.87,3739,116,403,0.00045129816265376523,0.6476222547797201,512
20747,PICCADILLY TEA SET,9239.87,55.4,9184.47,684,4,108,0.00044998471476357055,0.6480722394944837,513
22121,NOEL WOODEN BLOCK LETTERS ,9221.16,47.6,9173.560000000001,1490,8,438,0.00044907353159614213,0.6485213130260798,514
21745,GAOLERS KEYS DECORATIVE GARDEN ,9220.24,71.25,9148.99,2704,19,486,0.00044902872729288,0.6489703417533728,515
22741,FUNKY DIVA PEN,9173.029999999999,43.349999999999994,9129.679999999998,10652,51,292,0.0004467295847309188,0.6494170713381037,516
23318,BOX OF 6 MINI VINTAGE CRACKERS,9167.390000000001,368.71000000000004,8798.68,3811,168,376,0.0004464549148717903,0.6498635262529755,517
22195,LARGE HEART MEASURING SPOONS,9160.74,28.349999999999998,9132.39,5137,19,811,0.0004461310576797326,0.6503096573106553,518
23080,RED METAL BOX TOP SECRET,9158.87,90.75,9068.12,1079,11,257,0.00044603998806331944,0.6507556972987186,519
21777,RECIPE BOX WITH METAL HEART,9147.06,119.25,9027.81,1135,15,367,0.0004454648371703568,0.651201162135889,520
22244,3 HOOK HANGER MAGIC GARDEN,9133.16,117.0,9016.16,4776,60,431,0.0004447879025884619,0.6516459500384775,521
21933,PINK VINTAGE PAISLEY PICNIC BAG,9117.83,58.050000000000004,9059.78,4128,21,625,0.00044404132653519217,0.6520899913650127,522
84030E,ENGLISH ROSE HOT WATER BOTTLE,9101.65,55.25,9046.4,2136,13,485,0.00044325335520173457,0.6525332447202145,523
21041,RED RETROSPOT OVEN GLOVE DOUBLE,9072.890000000001,38.35,9034.54,2674,13,525,0.00044185273372149736,0.652975097453936,524
22989,SET 2 PANTRY DESIGN TEA TOWELS,9012.27,78.0,8934.27,2815,24,372,0.00043890051973916126,0.6534139979736752,525
22839,3 TIER CAKE TIN GREEN AND CREAM,9001.07,222.04999999999998,8779.02,581,15,260,0.0004383550760472746,0.6538523530497224,526
21985,PACK OF 12 HEARTS DESIGN TISSUES ,8989.51,31.319999999999997,8958.189999999999,25583,108,919,0.0004377921002367203,0.6542901451499592,527
21715,GIRLS VINTAGE TIN SEASIDE BUCKET,8987.24,69.75,8917.49,3553,33,487,0.00043768155048845396,0.6547278267004476,528
22371,AIRLINE BAG VINTAGE TOKYO 78,8970.8,76.88,8893.92,1836,18,684,0.0004368809170692919,0.6551647076175169,529
23439,HAND WARMER RED LOVE HEART,8941.61,0.0,8941.61,4027,0,397,0.00043545935444731256,0.6556001669719642,530
23322,LARGE WHITE HEART OF WICKER,8925.410000000002,169.85000000000002,8755.560000000001,3085,63,562,0.0004346704091072624,0.6560348373810715,531
22141,CHRISTMAS CRAFT TREE TOP ANGEL,8909.91,33.6,8876.310000000001,3670,16,572,0.000433915553997955,0.6564687529350695,532
ADJUST,Adjustment by Peter on 24/05/2010 1,8897.929999999998,2062.69,6835.24,36,31,36,0.00043333212404895484,0.6569020850591184,533
22215,CAKE STAND WHITE TWO TIER LACE,8860.93,510.0,8350.93,1091,62,359,0.00043153021185254393,0.6573336152709709,534
84839,SWEETHEART KEY CABINET,8848.3,78.6,8769.7,1538,12,393,0.00043091512668928247,0.6577645303976601,535
21042,RED RETROSPOT APRON ,8741.11,105.80000000000001,8635.310000000001,1477,18,399,0.00042569493835595024,0.6581902253360161,536
20974,12 PENCILS SMALL TUBE SKULL,8697.59,397.8,8299.79,13236,612,822,0.00042357550001033385,0.6586138008360265,537
22895,SET OF 2 TEA TOWELS APPLE AND PEARS,8681.84,17.700000000000003,8664.14,2858,6,411,0.00042280846981861836,0.6590366093058451,538
23256,CHILDRENS CUTLERY SPACEBOY ,8675.37,338.0,8337.37,2115,88,368,0.0004224933786858946,0.659459102684531,539
22212,FOUR HOOK  WHITE LOVEBIRDS,8671.7,84.0,8587.7,4038,40,828,0.0004223146484761425,0.6598814173330072,540
21980,PACK OF 12 RED RETROSPOT TISSUES ,8651.59,55.67999999999999,8595.91,31342,192,676,0.0004213352848472283,0.6603027526178544,541
84032A,CHARLIE+LOLA PINK HOT WATER BOTTLE,8644.75,112.10000000000001,8532.65,3241,38,662,0.00042100217459254037,0.6607237547924469,542
21135,VICTORIAN  METAL POSTCARD SPRING,8638.22,182.8,8455.42,6027,328,405,0.00042068416144003864,0.661144438953887,543
22110,BIRD HOUSE HOT WATER BOTTLE,8620.76,10.2,8610.56,2631,4,512,0.0004198338536846512,0.6615642728075716,544
23534,WALL ART STOP FOR TEA ,8614.85,41.650000000000006,8573.2,1388,7,260,0.0004195460347365218,0.6619838188423081,545
22283,6 EGG HOUSE PAINTED WOOD,8596.69,143.1,8453.59,1040,18,382,0.0004186616367503914,0.6624024804790585,546
21381,MINI WOODEN HAPPY BIRTHDAY GARLAND,8583.21,949.7099999999999,7633.5,5113,603,532,0.00041800515630694215,0.6628204856353654,547
23082,SET 6 PAPER TABLE LANTERN HEARTS ,8577.51,103.16,8474.35,2333,28,297,0.0004177275644280356,0.6632382131997935,548
23078,ICE CREAM PEN LIP GLOSS ,8553.34,60.0,8493.34,6831,48,257,0.00041655047746081255,0.6636547636772543,549
21186,WHITE DOVE HONEYCOMB PAPER GARLAND,8540.42,14.5,8525.92,5277,10,369,0.0004159212692019577,0.6640706849464563,550
22073,RED RETROSPOT STORAGE JAR,8517.89,164.28,8353.61,2140,44,474,0.00041482405077533223,0.6644855089972316,551
22078,RIBBON REEL LACE DESIGN ,8510.84,79.8,8431.04,4013,38,480,0.00041448071345142153,0.664899989710683,552
23493,VINTAGE DOILY TRAVEL SEWING KIT,8509.68,11.399999999999999,8498.28,3970,6,415,0.0004144242210690476,0.6653144139317521,553
21932,SCANDINAVIAN PAISLEY PICNIC BAG,8508.16,58.3,8449.86,3876,34,649,0.0004143501965680058,0.66572876412832,554
22079,RIBBON REEL HEARTS DESIGN ,8500.74,100.65,8400.09,5054,61,684,0.00041398884012213094,0.6661427529684422,555
72807C,SET/3 VANILLA SCENTED CANDLE IN BOX,8493.42,566.38,7927.04,1984,146,345,0.0004136323537092194,0.6665563853221513,556
79323LP,"Unsaleable, destroyed.",8481.19,2702.8,5778.39,1433,458,170,0.00041303674867781113,0.6669694220708291,557
48189,adjustment,8477.03,67.5,8409.53,1322,10,274,0.000412834155306539,0.6673822562261357,558
23321,SMALL WHITE HEART OF WICKER,8473.269999999999,64.35,8408.92,4737,39,629,0.0004126510420671198,0.6677949072682028,559
22751,FELTCRAFT PRINCESS OLIVIA DOLL,8472.22,22.5,8449.72,2271,6,466,0.0004125999067210055,0.6682075071749238,560
23535,WALL ART BICYCLE SAFETY,8469.99,5.95,8464.04,1329,1,215,0.0004124913049859245,0.6686199984799097,561
85049E,SCANDINAVIAN REDS RIBBONS,8469.72,35.0,8434.72,6329,28,830,0.00041247815589692366,0.6690324766358067,562
22354,RETROSPOT PADDED SEAT CUSHION,8458.31,70.89,8387.42,2229,19,280,0.00041192248513581423,0.6694443991209424,563
22329,ROUND CONTAINER SET OF 5 RETROSPOT,8445.3,47.849999999999994,8397.449999999999,5168,29,610,0.0004112888938472924,0.6698556880147898,564
22358,KINGS CHOICE TEA CADDY ,8414.26,170.35,8243.91,2658,61,605,0.0004097772356154925,0.6702654652504053,565
21411,GINGHAM HEART  DOORSTOP RED,8394.39,34.0,8360.39,2103,8,624,0.0004088095600656901,0.670674274810471,566
22628,PICNIC BOXES SET OF 3 RETROSPOT ,8387.6,133.65,8253.95,1748,27,350,0.00040847888482748395,0.6710827536952986,567
51008,AFGHAN SLIPPER SOCK PAIR,8378.8,1054.05,7324.75,2604,349,80,0.0004080503219267159,0.6714908040172253,568
22689,DOORMAT MERRY CHRISTMAS RED ,8366.72,354.0,8012.72,1092,52,264,0.0004074620219447525,0.67189826603917,569
21934,SKULL SHOULDER BAG,8283.47,100.64999999999999,8182.82,4602,61,725,0.00040340771950282776,0.6723016737586729,570
21244,BLUE POLKADOT PLATE ,8282.449999999999,38.87,8243.58,5047,23,445,0.0004033580451666023,0.6727050318038394,571
85067,CREAM SWEETHEART WALL CABINET,8239.89,202.45,8037.44,498,11,175,0.00040128535913743337,0.6731063171629769,572
21874,GIN AND TONIC MUG,8229.17,36.46,8192.71,6348,29,617,0.00040076329160377053,0.6735070804545806,573
22055,MINI CAKE STAND  HANGING STRAWBERY,8212.189999999999,82.94999999999999,8129.24,4945,51,724,0.00039993636000660676,0.6739070168145872,574
21238,RED RETROSPOT CUP,8181.849999999999,126.39,8055.46,9498,149,903,0.00039845879200554977,0.6743054756065927,575
85049A,TRADITIONAL CHRISTMAS RIBBONS,8123.53,63.75,8059.78,6158,51,667,0.00039561858878136896,0.674701094195374,576
84508A,check,8091.4800000000005,21.9,8069.580000000001,3809,10,108,0.00039405774321664004,0.6750951519385907,577
82551,LAUNDRY 15C METAL SIGN,8082.59,7.7,8074.889999999999,5642,6,751,0.000393624797286205,0.6754887767358769,578
20675,BLUE POLKADOT BOWL,8079.08,49.81,8029.27,6474,40,693,0.00039345385912919415,0.6758822305950061,579
22796,PHOTO FRAME 3 CLASSIC HANGING,8060.249999999999,563.8499999999999,7496.4,810,59,316,0.0003925368319222098,0.6762747674269283,580
22738,RIBBON REEL SNOWY VILLAGE,8047.22,207.0,7840.22,4468,140,498,0.0003919022666270954,0.6766666696935554,581
84568,GIRLS ALPHABET IRON ON PATCHES ,8033.47,181.64999999999998,7851.82,38506,865,310,0.00039123263709464536,0.67705790233065,582
22504,CABIN BAG VINTAGE RETROSPOT,7985.03,322.25,7662.78,366,12,115,0.0003888735931272359,0.6774467759237772,583
21115,ROSE CARAVAN DOORSTOP,7975.1900000000005,6.75,7968.4400000000005,1252,1,431,0.0003883943818836499,0.6778351703056609,584
22592,CARDHOLDER HOLLY WREATH METAL,7964.34,7.5,7956.84,1982,2,304,0.00038786598330713476,0.678223036288968,585
21769,showroom,7954.87,319.8,7635.07,123,4,48,0.00038740479118551277,0.6786104410801534,586
22353,LUNCH BOX WITH CUTLERY FAIRY CAKES ,7933.19,50.99999999999999,7882.19,3045,20,493,0.0003863489680390752,0.6789967900481926,587
22275,WEEKEND BAG VINTAGE ROSE PAISLEY,7909.33,42.5,7866.83,950,5,313,0.0003851869781740383,0.6793819770263666,588
21116,OWL DOORSTOP,7904.96,4.95,7900.01,1356,1,534,0.00038497415773354324,0.6797669511841001,589
21875,KINGS CHOICE MUG,7889.58,81.53,7808.05,6824,71,414,0.00038422514666379187,0.6801511763307639,590
22350,ILLUSTRATED CAT BOWL ,7885.99,5.1,7880.889999999999,2841,2,331,0.00038405031248041035,0.6805352266432444,591
22890,NOVELTY BISCUITS CAKE STAND 3 TIER,7881.66,481.34999999999997,7400.3099999999995,806,51,260,0.00038383944005310064,0.6809190660832974,592
21976,PACK OF 60 MUSHROOM CAKE CASES,7832.52,30.25,7802.27,14643,55,950,0.0003814463058549483,0.6813005123891523,593
23238,SET OF 4 KNICK KNACK TINS LONDON ,7825.56,65.60000000000001,7759.96,1862,16,274,0.00038110735156070453,0.6816816197407131,594
22588,CARD HOLDER GINGHAM HEART,7805.23,411.87000000000006,7393.36,2860,195,483,0.0003801172738592711,0.6820617370145723,595
22784,LANTERN CREAM GAZEBO ,7776.64,249.0,7527.64,1561,52,369,0.00037872493143507137,0.6824404619460074,596
20717,STRAWBERRY SHOPPER BAG,7773.73,137.25,7636.48,6301,125,757,0.0003785832134758401,0.6828190451594832,597
21588,RETROSPOT GIANT TUBE MATCHES,7766.4,63.74999999999999,7702.65,3358,25,284,0.0003782262400596322,0.6831972713995429,598
23007, SPACEBOY BABY GIFT SET,7758.699999999999,101.69999999999999,7656.999999999999,499,6,184,0.00037785124752146015,0.6835751226470643,599
22809,SET OF 6 T-LIGHTS SANTA,7753.22,132.0,7621.22,2598,48,379,0.00037758436971507283,0.6839527070167793,600
23204,CHARLOTTE BAG APPLES DESIGN,7741.94,138.34,7603.599999999999,7976,186,583,0.00037703502999681564,0.6843297420467762,601
21110,LARGE CAKE TOWEL PINK SPOTS,7736.12,38.9,7697.22,1641,6,329,0.0003767515940783532,0.6847064936408546,602
84032B,CHARLIE + LOLA RED HOT WATER BOTTLE,7716.950000000001,168.9,7548.05,3291,78,601,0.0003758180087592938,0.6850823116496139,603
22550,HOLIDAY FUN LUDO,7692.14,330.0,7362.14,2064,88,425,0.0003746097535811057,0.6854569214031949,604
22813,PACK 3 BOXES BIRD PANETTONE ,7679.429999999999,1.95,7677.48,3953,1,373,0.0003739907723914737,0.6858309121755863,605
22165,"DIAMANTE HEART SHAPED WALL MIRROR, ",7673.7300000000005,89.25,7584.4800000000005,976,9,272,0.00037371318051256715,0.6862046253560989,606
21870,I CAN ONLY PLEASE ONE PERSON MUG,7651.24,121.25,7529.99,6102,97,630,0.00037261791009912703,0.6865772432661981,607
22528,GARDENERS KNEELING PAD,7630.91,56.25,7574.66,5830,45,554,0.00037162783239769366,0.6869488710985958,608
84968C,SET OF 16 VINTAGE PISTACHIO CUTLERY,7629.25,51.0,7578.25,637,4,191,0.0003715469898505033,0.6873204180884463,609
22669,RED BABY BUNTING ,7628.69,142.25,7486.44,2391,55,438,0.00037151971766590896,0.6876919378061123,610
22493,PAINT YOUR OWN CANVAS SET,7627.919999999999,398.1,7229.82,4750,274,418,0.00037148221841209176,0.6880634200245244,611
22991,GIRAFFE WOODEN RULER,7608.79,1185.8999999999999,6422.889999999999,3889,714,274,0.0003705505811062177,0.6884339706056306,612
22242,5 HOOK HANGER MAGIC TOADSTOOL,7595.459999999999,94.04999999999998,7501.409999999999,4779,57,368,0.00036990140571221334,0.6888038720113429,613
85065,CREAM SWEETHEART TRAYS,7575.44,377.8,7197.64,624,36,256,0.00036892642511296615,0.6891727984364558,614
22360,GLASS JAR ENGLISH CONFECTIONERY,7567.95,527.4,7040.55,2514,188,425,0.000368561659644017,0.6895413600960999,615
22489,PACK OF 12 TRADITIONAL CRAYONS,7559.59,128.88,7430.71,17942,348,785,0.0003681545248882874,0.6899095146209882,616
22224,WHITE LOVEBIRD LANTERN,7530.89,64.9,7465.990000000001,2374,22,401,0.00036675682542782807,0.690276271446416,617
21463,MIRRORED DISCO BALL ,7520.51,397.35,7123.160000000001,1355,73,302,0.00036625131600624033,0.6906425227624222,618
85064,CREAM SWEETHEART LETTER RACK,7514.86,20.200000000000003,7494.66,1599,4,279,0.0003659761591438154,0.691008498921566,619
22199,FRYING PAN RED RETROSPOT,7485.85,1066.75,6419.1,1829,283,405,0.0003645633625811699,0.6913730622841472,620
82580,BATHROOM METAL SIGN,7471.72,129.49,7342.2300000000005,13273,295,1336,0.00036387522692345946,0.6917369375110707,621
21746,SMALL RED RETROSPOT WINDMILL,7469.59,72.5,7397.09,5966,58,488,0.00036377149522134173,0.6921007090062921,622
21361,LOVE LARGE WOOD LETTERS ,7450.99,202.2,7248.79,563,16,286,0.00036286566909017295,0.6924635746753822,623
22739,RIBBON REEL CHRISTMAS SOCK BAUBLE,7415.19,190.5,7224.69,4056,130,601,0.0003611221972893212,0.6928246968726716,624
11001,ASSTD DESIGN RACING CAR PEN,7413.72,1093.39,6320.33,4832,811,251,0.00036105060780476113,0.6931857474804763,625
21737,SET 3 WICKER LOG BASKETS,7402.5599999999995,0.0,7402.5599999999995,400,0,164,0.00036050711212605983,0.6935462545926024,626
72351A,SET/6 TURQUOISE BUTTERFLY T-LIGHTS,7402.280000000001,67.03,7335.25,3744,34,399,0.0003604934760337627,0.6939067480686362,627
22945,CHRISTMAS METAL TAGS ASSORTED ,7386.099999999999,210.77999999999997,7175.32,7665,270,338,0.0003597055047003051,0.6942664535733365,628
21114,LAVENDER SCENTED FABRIC HEART,7368.64,75.0,7293.64,5716,60,494,0.00035885519694491767,0.6946253087702814,629
22465,HANGING METAL STAR LANTERN,7366.739999999999,217.64999999999998,7149.089999999999,4567,145,461,0.0003587626663186154,0.6949840714366,630
21876,POTTERING MUG,7364.15,112.39999999999999,7251.75,5673,85,623,0.00035863653246486665,0.6953427079690648,631
23382,BOX OF 6 CHRISTMAS CAKE DECORATIONS,7356.18,63.75,7292.43,1875,17,220,0.00035824839083769384,0.6957009563599025,632
22798,ANTIQUE GLASS DRESSING TABLE POT,7350.84,153.4,7197.4400000000005,2372,52,356,0.00035798833107745506,0.69605894469098,633
21561,DINOSAUR LUNCH BOX WITH CUTLERY,7331.96,7.6499999999999995,7324.3099999999995,2980,3,522,0.0003570688688539891,0.696416013559834,634
22029,SPACEBOY BIRTHDAY CARD,7321.08,25.2,7295.88,17698,60,1101,0.00035653900926758503,0.6967725525691015,635
22282,12 EGG HOUSE PAINTED WOOD,7304.69,25.5,7279.19,561,2,216,0.0003557408108649045,0.6971282933799664,636
22907,PACK OF 20 NAPKINS PANTRY DESIGN,7294.33,167.07999999999998,7127.25,8704,244,829,0.0003552362754499095,0.6974835296554163,637
23083,SET 6 PAPER TABLE LANTERN STARS ,7254.650000000001,214.17000000000002,7040.4800000000005,1933,63,246,0.0003533038463700828,0.6978368335017864,638
85174,S/4 CACTI CANDLES,7252.86,607.65,6645.21,1471,141,357,0.0003532166727800402,0.6981900501745664,639
22414,DOORMAT NEIGHBOURHOOD WITCH ,7211.0599999999995,16.2,7194.86,1188,2,220,0.00035118099900139206,0.6985412311735678,640
22626,BLACK KITCHEN SCALES,7209.9800000000005,110.5,7099.4800000000005,842,13,339,0.00035112840264538874,0.6988923595762132,641
22577,WOODEN HEART CHRISTMAS SCANDINAVIAN,7157.66,83.05,7074.61,14028,101,832,0.0003485804013990043,0.6992409399776122,642
22827,RUSTIC  SEVENTEEN DRAWER SIDEBOARD,7150.0,580.0,6570.0,46,4,35,0.0003482073568740176,0.6995891473344862,643
21981,PACK OF 12 WOODLAND TISSUES ,7142.799999999999,9.69,7133.11,26250,31,553,0.00034785671450066194,0.6999370040489868,644
22644,CERAMIC CHERRY CAKE MONEY BANK,7120.63,254.45,6866.179999999999,4892,107,610,0.00034677702819270435,0.7002837810771796,645
23236,STORAGE TIN VINTAGE DOILY ,7106.21,95.37,7010.84,2509,33,327,0.00034607476943940036,0.700629855846619,646
21625,VINTAGE UNION JACK APRON,7086.27,0.0,7086.27,991,0,334,0.00034510368486652377,0.7009749595314855,647
23320,GIANT 50'S CHRISTMAS CRACKER,7072.16,37.57,7034.59,2668,13,333,0.0003444165232154059,0.7013193760547008,648
21700,BIG DOUGHNUT FRIDGE MAGNETS,7070.16,102.85,6967.3099999999995,6384,121,525,0.00034431912255614047,0.701663695177257,649
22781,GUMBALL MAGAZINE RACK,7068.2300000000005,366.75,6701.4800000000005,868,51,307,0.00034422513091994934,0.7020079203081769,650
37450,CERAMIC CAKE BOWL + HANGING CAKES,7046.740000000001,193.2,6853.54,2452,72,391,0.000343178560836142,0.702351098869013,651
23215,JINGLE BELL HEART ANTIQUE SILVER,7044.64,214.8,6829.84,3567,120,210,0.00034307629014391323,0.702694175159157,652
21984,PACK OF 12 PINK PAISLEY TISSUES ,7030.33,41.279999999999994,6989.05,25373,144,432,0.0003423793884268688,0.7030365545475838,653
23543,WALL ART KEEP CALM ,7019.01,0.0,7019.01,1237,0,103,0.00034182810069542636,0.7033783826482792,654
22618,"mouldy, unsaleable.",7004.25,1226.07,5778.179999999999,720,131,242,0.0003411092838300472,0.7037194919321093,655
23283,DOORMAT VINTAGE LEAF,7003.38,57.45,6945.93,994,7,233,0.0003410669145432668,0.7040605588466525,656
23293,SET OF 12 FAIRY CAKE BAKING CASES,7001.99,26.56,6975.429999999999,8486,32,552,0.00034099922108507725,0.7044015580677376,657
21497,FANCY FONTS BIRTHDAY WRAP,6999.0,0.0,6999.0,17550,0,485,0.0003408536070994754,0.7047424116748371,658
22567,20 DOLLY PEGS RETROSPOT,6991.53,61.45,6930.08,5587,49,506,0.0003404898156371189,0.7050829014904743,659
22498,WOODEN REGATTA BUNTING,6963.490000000001,0.0,6963.490000000001,1140,0,381,0.0003391242583942172,0.7054220257488685,660
22563,HAPPY STENCIL CRAFT,6956.35,3.75,6952.6,5968,3,533,0.0003387765380406395,0.7057608022869091,661
10002,INFLATABLE POLITICAL GLOBE ,6946.51,883.5500000000001,6062.96,8676,1223,362,0.00033829732679705344,0.7060990996137061,662
23254,CHILDRENS CUTLERY DOLLY GIRL ,6932.16,83.0,6849.160000000001,1710,20,299,0.00033759847706682375,0.7064366980907729,663
22377,BOTTLE BAG RETROSPOT ,6924.31,116.8,6807.51,3620,60,435,0.0003372161794792069,0.7067739142702522,664
21768,WALL MOUNTED VINTAGE ORGANISER,6924.04,27.7,6896.34,510,2,163,0.000337203030390206,0.7071111173006424,665
21903,MAN FLU METAL SIGN,6923.570000000001,33.1,6890.47,3443,16,407,0.00033718014123527865,0.7074482974418776,666
22220,CAKE STAND LOVEBIRD 2 TIER WHITE,6895.389999999999,485.7,6409.69,746,51,270,0.00033580776594622824,0.7077841052078239,667
22938,CUPCAKE LACE PAPER SET 6,6891.249999999999,117.0,6774.249999999999,3687,60,273,0.0003356061465815487,0.7081197113544054,668
22085,PAPER CHAIN KIT SKULLS ,6886.82,1501.75,5385.070000000001,2539,585,230,0.0003353904041212758,0.7084551017585267,669
21563,RED HEART SHAPE LOVE BUCKET ,6881.610000000001,52.05,6829.56,2788,19,362,0.0003351366754038893,0.7087902384339305,670
23109,PACK OF SIX LED TEA LIGHTS,6878.37,239.04000000000002,6639.33,2401,96,268,0.00033497888633587925,0.7091252173202663,671
85220,SMALL FAIRY CAKE FRIDGE MAGNETS,6875.0,3645.6499999999996,3229.35,12236,2513,5,0.00033481476622501693,0.7094600320864913,672
23103,JINGLE BELL HEART DECORATION,6859.359999999999,46.199999999999996,6813.159999999999,4080,28,365,0.00033405309306956096,0.7097940851795609,673
37448,CERAMIC CAKE DESIGN SPOTTED MUG,6858.5,97.86,6760.639999999999,4570,66,528,0.0003340112107860769,0.7101280963903469,674
47502,POLKADOT CUTLERY 24 PCS IN TRAY,6855.75,387.95,6467.8,640,37,79,0.0003338772848795869,0.7104619736752265,675
22378,WALL TIDY RETROSPOT ,6841.21,31.5,6809.71,3756,15,546,0.000333169182086727,0.7107951428573132,676
22187,GREEN CHRISTMAS TREE CARD HOLDER,6824.95,191.45,6633.5,2105,49,364,0.0003323773147268988,0.7111275201720401,677
23541,WALL ART CLASSIC PUDDINGS ,6823.91,16.5,6807.41,872,2,152,0.00033232666638408076,0.7114598468384241,678
35004B,SET OF 3 BLACK FLYING DUCKS,6809.650000000001,364.65000000000003,6445.0,1474,93,275,0.0003316321996835181,0.7117914790381077,679
21989,PACK OF 20 SKULL PAPER NAPKINS,6801.75,409.44,6392.3099999999995,8565,624,654,0.0003312474670794195,0.7121227265051872,680
23297,SET 40 HEART SHAPE PETIT FOUR CASES,6792.23,42.9,6749.33,4303,26,161,0.00033078383994131585,0.7124535103451285,681
37500,TEA TIME TEAPOT IN GIFT BOX,6787.46,119.97,6667.49,881,13,263,0.0003305515393689678,0.7127840618844975,682
20973,12 PENCIL SMALL TUBE WOODLAND,6786.3,4.55,6781.750000000001,9882,7,658,0.0003304950469865938,0.7131145569314841,683
22430,ENAMEL WATERING CAN CREAM,6786.13,171.95000000000002,6614.18,1402,37,356,0.00033048676793055623,0.7134450436994146,684
22311,OFFICE MUG WARMER BLACK+SILVER ,6782.11,33.50000000000001,6748.61,2125,10,300,0.00033029099260543265,0.71377533469202,685
22431,WATERING CAN BLUE ELEPHANT,6777.37,35.099999999999994,6742.2699999999995,3368,18,620,0.0003300601530429735,0.714105394845063,686
22845,VINTAGE CREAM CAT FOOD CONTAINER,6777.3,88.1,6689.2,1001,14,394,0.00033005674401989925,0.7144354515890828,687
21992,check,6766.15,17.700000000000003,6748.45,3333,6,656,0.00032951373534449425,0.7147649653244273,688
22810,SET OF 6 T-LIGHTS SNOWMEN,6761.580000000001,169.6,6591.9800000000005,2210,64,328,0.0003292911748380728,0.7150942564992654,689
22575,METAL MERRY CHRISTMAS WREATH,6760.16,160.5,6599.66,3144,94,330,0.00032922202036999427,0.7154234785196354,690
23008,DOLLY GIRL BABY GIFT SET,6753.509999999999,118.65,6634.86,435,7,133,0.00032889816317793654,0.7157523766828133,691
23229,VINTAGE DONKEY TAIL GAME ,6739.71,40.89,6698.82,1869,11,256,0.0003282260986290049,0.7160806027814424,692
22432,WATERING CAN PINK BUNNY,6738.219999999999,35.1,6703.12,3536,18,517,0.00032815353513785214,0.7164087563165802,693
23480,MINI LIGHTS WOODLAND MUSHROOMS,6726.64,68.1,6658.54,1800,20,215,0.00032758958532070514,0.7167363459019009,694
22746,POPPY'S PLAYHOUSE LIVINGROOM ,6722.35,25.200000000000003,6697.150000000001,2921,12,564,0.00032738066090658076,0.7170637265628075,695
23247,BISCUIT TIN 50'S CHRISTMAS,6715.93,118.54000000000002,6597.39,2206,46,309,0.0003270680047903386,0.7173907945675978,696
22221,CAKE STAND LOVEBIRD 2 TIER PINK,6712.28,119.39999999999999,6592.88,906,12,156,0.00032689024858717914,0.717717684816185,697
22526,WHEELBARROW FOR CHILDREN ,6702.42,153.0,6549.42,545,12,207,0.0003264100633370004,0.718044094879522,698
22059,CERAMIC STRAWBERRY DESIGN MUG,6687.49,96.85,6590.639999999999,4974,65,458,0.0003256829674155838,0.7183697778469376,699
85047,WHITE BEADED GARLAND STRING 20LIGHT,6683.379999999999,450.7,6232.679999999999,1054,74,236,0.0003254828090607932,0.7186952606559983,700
23169,smashed,6671.14,379.15000000000003,6291.990000000001,1558,93,314,0.00032488671702608866,0.7190201473730244,701
85014D,PINK/BROWN DOTS RUFFLED UMBRELLA,6670.4,0.0,6670.4,1919,0,90,0.0003248506787821604,0.7193449980518066,702
47599B,BLUE PARTY BAGS ,6664.64,343.96,6320.68,3493,206,286,0.0003245701648834759,0.7196695682166901,703
85068,CREAM SWEETHEART SHELF + HOOKS,6655.1900000000005,29.8,6625.39,961,4,197,0.0003241099467684466,0.7199936781634586,704
21107,CREAM SLICE FLANNEL PINK SPOT ,6654.27,0.0,6654.27,2312,0,313,0.0003240651424651845,0.7203177433059238,705
22779,WOODEN OWLS LIGHT GARLAND ,6648.35,110.5,6537.85,1739,26,193,0.00032377683651375877,0.7206415201424375,706
22661,CHARLOTTE BAG DOLLY GIRL DESIGN,6647.65,13.34,6634.3099999999995,8231,16,631,0.0003237427462830158,0.7209652628887205,707
22898,CHILDRENS APRON APPLES DESIGN,6627.5599999999995,1.65,6625.91,3180,1,471,0.00032276435666069427,0.7212880272453812,708
85175,CACTI T-LIGHT CANDLES,6626.42,248.82,6377.599999999999,15614,629,442,0.000322708838284913,0.7216107360836661,709
21592,RETROSPOT CIGAR BOX MATCHES ,6576.6,30.0,6546.6,5896,24,476,0.0003202825878626104,0.7219310186715288,710
22080,RIBBON REEL POLKADOTS ,6570.19,67.65,6502.54,3922,41,519,0.00031997041874966454,0.7222509890902784,711
16156S,WRAP PINK FAIRY CAKES ,6558.62,61.32,6497.3,16661,146,419,0.0003194069559358139,0.7225703960462142,712
21240,BLUE POLKADOT CUP,6543.39,37.99,6505.4,7590,45,769,0.00031866524991550744,0.7228890612961297,713
84968A,SET OF 16 VINTAGE ROSE CUTLERY,6538.08,390.29999999999995,6147.78,529,34,204,0.00031840665116515763,0.7232074679472948,714
21201,TROPICAL  HONEYCOMB PAPER GARLAND ,6522.26,33.15,6489.110000000001,2743,13,235,0.00031763621195036784,0.7235251041592452,715
22332,SKULLS PARTY BAG + STICKER SET,6522.2,669.3,5852.9,4159,458,381,0.00031763328993058984,0.7238427374491758,716
22364,GLASS JAR DIGESTIVE BISCUITS,6516.31,309.85,6206.46,2060,111,340,0.0003173464449890531,0.7241600838941649,717
22596,CHRISTMAS STAR WISH LIST CHALKBOARD,6515.599999999999,34.120000000000005,6481.48,6371,29,438,0.0003173118677550138,0.7244773957619198,718
22148,EASTER CRAFT 4 CHICKS ,6499.79,101.39999999999999,6398.39,3247,52,299,0.0003165419155435204,0.7247939376774634,719
85062,PEARL CRYSTAL PUMPKIN T-LIGHT HLDR,6491.98,14.27,6477.709999999999,3964,9,342,0.0003161615659690888,0.7251100992434325,720
23311,VINTAGE CHRISTMAS STOCKING ,6488.2,38.25,6449.95,2390,15,344,0.0003159774787230771,0.7254260767221555,721
22142,CHRISTMAS CRAFT WHITE FAIRY ,6464.24,26.1,6438.139999999999,4313,18,503,0.00031481061882507685,0.7257408873409806,722
23553,LANDMARK FRAME CAMDEN TOWN ,6457.15,0.0,6457.15,569,0,68,0.00031446533348798077,0.7260553526744686,723
21494,ROTATING LEAVES T-LIGHT HOLDER,6456.5,5.0,6451.5,3839,4,501,0.00031443367827371956,0.7263697863527424,724
21500,PINK POLKADOT WRAP ,6453.5,0.0,6453.5,15975,0,492,0.00031428757728482135,0.7266840739300272,725
23188,VINTAGE  2 METRE FOLDING RULER,6451.07,23.099999999999994,6427.969999999999,3473,14,333,0.0003141692354838138,0.726998243165511,726
21239,PINK  POLKADOT CUP,6449.44,44.07,6405.37,7382,52,751,0.00031408985394651244,0.7273123330194575,727
15060B,FAIRY CAKE DESIGN UMBRELLA,6448.7300000000005,42.22,6406.51,1415,10,449,0.00031405527671247323,0.72762638829617,728
23571,TRADITIONAL NAUGHTS & CROSSES,6436.61,0.0,6436.61,2859,0,257,0.00031346502871732455,0.7279398533248873,729
22578,WOODEN STAR CHRISTMAS SCANDINAVIAN,6433.98,112.49,6321.49,13320,133,768,0.00031333694685039046,0.7282531902717377,730
23134,LARGE ZINC HEART WALL ORGANISER,6431.110000000001,0.0,6431.110000000001,1065,0,38,0.00031319717690434456,0.7285663874486421,731
22979,PANTRY WASHING UP BRUSH,6401.969999999999,117.55000000000001,6284.42,4097,91,381,0.00031177804929884677,0.7288781654979409,732
22063,CERAMIC BOWL WITH STRAWBERRY DESIGN,6391.46,46.8,6344.66,2315,16,356,0.0003112662088344068,0.7291894317067753,733
79067,CORONA MEXICAN TRAY,6383.95,62.7,6321.25,1616,18,396,0.000310900469358865,0.7295003321761342,734
23307,SET OF 60 PANTRY DESIGN CAKE CASES ,6379.59,48.400000000000006,6331.1900000000005,12063,88,629,0.0003106881359216663,0.7298110203120559,735
23172,REGENCY TEA PLATE PINK,6360.909999999999,154.29999999999998,6206.61,3871,102,305,0.00030977841376412683,0.73012079872582,736
22582,PACK OF 6 SWEETIE GIFT BOXES,6334.97,183.6,6151.37,2526,78,295,0.0003085151272134539,0.7304293138530334,737
84520B,PACK 20 ENGLISH ROSE PAPER NAPKINS,6332.67,10.2,6322.469999999999,7403,12,722,0.0003084031164552986,0.7307377169694887,738
47559B,TEA TIME OVEN GLOVE,6325.44,67.5,6257.94,5127,54,701,0.00030805101307205396,0.7310457679825608,739
22849,BREAD BIN DINER STYLE MINT,6321.63,251.2,6070.429999999999,405,16,162,0.0003078654648161533,0.731353633447377,740
22065,CHRISTMAS PUDDING TRINKET POT ,6320.12,54.769999999999996,6265.349999999999,8688,45,456,0.00030779192731840785,0.7316614253746955,741
22783,SET 3 WICKER OVAL BASKETS W LIDS,6316.3,0.0,6316.3,482,0,45,0.00030760589205921086,0.7319690312667547,742
22460,EMBOSSED GLASS TEALIGHT HOLDER,6300.12,32.120000000000005,6268.0,4784,26,376,0.00030681792072575326,0.7322758491874805,743
22185,SLATE TILE NATURAL HANGING,6293.419999999999,6.6,6286.82,3942,4,462,0.0003064916285172139,0.7325823408159977,744
22906,12 MESSAGE CARDS WITH ENVELOPES,6256.08,88.65,6167.429999999999,3395,61,445,0.00030467315820872784,0.7328870139742064,745
84884A,ANT WHITE WIRE HEART SPIRAL,6248.28,3.95,6244.33,1708,1,312,0.00030429329563759255,0.733191307269844,746
21714,CITRONELLA CANDLE GARDEN POT,6229.89,70.1,6159.79,4321,70,522,0.0003033976965756467,0.7334947049664197,747
22435,SET OF 9 HEART SHAPED BALLOONS,6218.97,154.75,6064.22,4942,139,537,0.00030286588897605724,0.7337975708553958,748
22826,LOVE SEAT ANTIQUE WHITE METAL,6210.0,517.5,5692.5,58,4,41,0.00030242904701925167,0.734099999902415,749
21078,SET/20 STRAWBERRY PAPER NAPKINS ,6194.0,1.7,6192.299999999999,7226,2,741,0.000301649841745128,0.7344016497441601,750
22780,LIGHT GARLAND BUTTERFILES PINK,6176.09,106.25,6069.84,1625,25,179,0.0003007776188414058,0.7347024273630015,751
22222,CAKE PLATE LOVEBIRD WHITE,6165.79,24.75,6141.04,1490,5,403,0.0003002760054461887,0.7350027033684478,752
22196,SMALL HEART MEASURING SPOONS,6159.04,36.04,6123.0,6607,45,981,0.00029994727822116774,0.7353026506466689,753
20751,FUNKY WASHING UP GLOVES ASSORTED,6157.660000000001,6.300000000000001,6151.360000000001,2903,3,471,0.0002998800717662746,0.7356025307184352,754
22848,AMAZON,6145.55,208.35,5937.2,382,13,151,0.0002992903107744222,0.7359018210292096,755
23192,BUNDLE OF 3 ALPHABET EXERCISE BOOKS,6142.289999999999,4.949999999999999,6137.339999999999,3533,3,345,0.0002991315476998195,0.7362009525769094,756
84832,ZINC WILLIE WINKIE  CANDLE STICK,6138.95,10.2,6128.75,6799,12,630,0.0002989688885988462,0.7364999214655082,757
21584,RETROSPOT SMALL TUBE MATCHES,6129.45,44.55,6084.9,3805,27,352,0.0002985062354673353,0.7367984277009756,758
21667,GLASS CAKE COVER AND PLATE,6126.25,393.74999999999994,5732.5,354,25,163,0.00029835039441251053,0.7370967780953881,759
23118,PARISIENNE JEWELLERY DRAWER ,6102.18,180.0,5922.18,813,24,258,0.00029717817747825073,0.7373939562728663,760
21499,BLUE POLKADOT WRAP,6070.34,82.5,5987.84,15077,225,460,0.0002956275589827446,0.737689583831849,761
22167, OVAL WALL MIRROR DIAMANTE ,6066.28,248.74999999999997,5817.53,691,25,303,0.00029542983564443575,0.7379850136674935,762
21591,COSY HOUR CIGAR BOX MATCHES ,6053.08,67.5,5985.58,4018,54,365,0.0002947869912932837,0.7382798006587867,763
72802C,VANILLA SCENT CANDLE JEWELLED BOX,6051.8099999999995,584.06,5467.75,2185,506,269,0.0002947251418746501,0.7385745258006614,764
22361,GLASS JAR DAISY FRESH COTTON WOOL,6051.01,232.85000000000002,5818.16,1850,81,496,0.00029468618161094395,0.7388692119822724,765
21586,KINGS CHOICE GIANT TUBE MATCHES,6036.6,94.35,5942.25,2590,37,238,0.0002939844098609363,0.7391631963921333,766
85178,VICTORIAN SEWING KIT,6030.7699999999995,337.85,5692.92,5483,301,313,0.0002937004869391775,0.7394568968790726,767
23526,WALL ART DOG LICENCE ,6021.4,95.2,5926.2,1012,16,143,0.00029324416485051883,0.7397501410439231,768
21918,SET 12 KIDS COLOUR  CHALK STICKS,6020.28,18.06,6002.22,14615,43,788,0.0002931896204813302,0.7400433306644044,769
22331,WOODLAND PARTY BAG + STICKER SET,6011.57,46.199999999999996,5965.37,3660,28,437,0.0002927654406102291,0.7403360961050146,770
22841,ROUND CAKE TIN VINTAGE GREEN,6010.47,151.05,5859.42,773,19,306,0.0002927118702476331,0.7406288079752622,771
22772,PINK DRAWER KNOB ACRYLIC EDWARDIAN,6009.92,18.75,5991.17,4453,15,314,0.0002926850850663351,0.7409214930603285,772
22855,FINE WICKER HEART ,5995.49,15.0,5980.49,4808,12,427,0.0002919823393097348,0.7412134753996382,773
22045,SPACEBOY GIFT WRAP,5992.14,44.1,5948.04,14567,105,473,0.00029181919320546516,0.7415052945928436,774
23296,SET OF 6 TEA TIME BAKING CASES,5988.05,33.75,5954.3,4981,27,378,0.0002916200088572673,0.7417969146017009,775
22278,OVERNIGHT BAG VINTAGE ROSE PAISLEY,5969.43,117.32000000000001,5852.110000000001,1018,21,383,0.0002907132087195059,0.7420876278104205,776
23312,VINTAGE CHRISTMAS GIFT SACK,5968.3,4.15,5964.150000000001,1424,1,214,0.00029065817734702087,0.7423782859877675,777
22491,PACK OF 12 COLOURED PENCILS,5961.049999999999,134.28,5826.7699999999995,7436,180,390,0.00029030509995718357,0.7426685910877246,778
23052,RECYCLED ACAPULCO MAT TURQUOISE,5949.34,8.25,5941.09,654,1,278,0.0002897348190971843,0.7429583259068219,779
23154,SET OF 4 JAM JAR MAGNETS,5907.360000000001,126.88,5780.4800000000005,2732,61,235,0.00028769037925920234,0.7432460162860811,780
48197,DOORMAT BIRD ON THE WIRE,5905.64,0.0,5905.64,898,0,225,0.00028760661469223405,0.7435336229007733,781
84509A,SET OF 4 ENGLISH ROSE PLACEMATS,5901.54,48.75,5852.79,1524,13,404,0.00028740694334073987,0.743821029844114,782
22241,GARLAND WOODEN HAPPY EASTER,5897.42,22.31,5875.11,4377,18,474,0.000287206297982653,0.7441082361420966,783
21407,BROWN CHECK CAT DOORSTOP ,5896.08,8.5,5887.58,1297,2,453,0.00028714103954094515,0.7443953771816376,784
22737,RIBBON REEL CHRISTMAS PRESENT ,5894.88,66.0,5828.88,3299,40,493,0.0002870825991453859,0.744682459780783,785
23113,PANTRY CHOPPING BOARD,5868.5,4803.0599999999995,1065.44,1154,946,57,0.00028579788444967443,0.7449682576652327,786
22660,DOORMAT I LOVE LONDON,5862.8,47.7,5815.1,884,6,194,0.0002855202925707679,0.7452537779578035,787
21832,CHOCOLATE CALCULATOR,5849.959999999999,69.3,5780.66,3346,42,459,0.0002848949803382836,0.7455386729381417,788
22971,QUEENS GUARD COFFEE MUG,5849.29,37.65,5811.64,2431,16,272,0.0002848623511174297,0.7458235352892592,789
23485,BOTANICAL GARDENS WALL CLOCK ,5843.92,407.4,5436.52,262,18,83,0.00028460083034730196,0.7461081361196065,790
21988,PACK OF 6 SKULL PAPER PLATES,5820.95,368.64,5452.3099999999995,7830,576,416,0.00028348218377563815,0.7463916183033821,791
85038,6 CHOCOLATE LOVE HEART T-LIGHTS,5820.38,0.0,5820.38,2786,0,382,0.0002834544245877475,0.7466750727279698,792
85132C,CHARLIE AND LOLA FIGURES TINS,5818.94,79.39999999999999,5739.54,2062,12,302,0.00028338429611307636,0.7469584570240829,793
22951,60 CAKE CASES DOLLY GIRL DESIGN,5807.42,116.4,5691.02,11032,240,634,0.0002828232683157073,0.7472412802923987,794
21313,GLASS HEART T-LIGHT HOLDER ,5794.0599999999995,110.14999999999999,5683.91,6738,158,415,0.000282172631911814,0.7475234529243104,795
22200,FRYING PAN PINK POLKADOT,5784.92,44.25,5740.67,1296,11,357,0.0002817275108989709,0.7478051804352094,796
22687,DOORMAT CHRISTMAS VILLAGE,5784.67,0.0,5784.67,895,0,149,0.00028171533581656274,0.7480868957710259,797
22964,3 PIECE SPACEBOY COOKIE CUTTER SET,5777.2300000000005,29.400000000000002,5747.830000000001,2765,14,408,0.0002813530053640952,0.7483682487763901,798
22899,CHILDREN'S APRON DOLLY GIRL ,5771.860000000001,14.450000000000001,5757.410000000001,2774,7,421,0.00028109148459396746,0.7486493402609841,799
21452,TOADSTOOL MONEY BOX,5754.93,127.0,5627.93,1883,44,408,0.0002802669880132853,0.7489296072489974,800
22441,GROW YOUR OWN BASIL IN ENAMEL MUG,5744.27,21.0,5723.27,2651,10,472,0.00027974784249940043,0.7492093550914968,801
37495,FAIRY CAKE BIRTHDAY CANDLE SET,5736.35,493.2,5243.15,1561,142,330,0.00027936213588870926,0.7494887172273855,802
84968B,SET OF 16 VINTAGE IVORY CUTLERY,5732.41,12.75,5719.66,432,1,135,0.00027917025658995623,0.7497678874839755,803
23205,CHARLOTTE BAG VINTAGE ALPHABET ,5728.08,140.25,5587.83,5859,191,467,0.00027895938416264653,0.7500468468681382,804
21528,DAIRY MAID TRADITIONAL TEAPOT ,5721.85,213.4,5508.45,905,32,257,0.00027865598110903467,0.7503255028492472,805
22070,SMALL RED RETROSPOT MUG IN BOX ,5720.24,474.79,5245.45,1840,339,320,0.0002785775735783259,0.7506040804228254,806
21577,SAVE THE PLANET COTTON TOTE BAG,5718.7699999999995,36.0,5682.7699999999995,2557,16,464,0.0002785059840937658,0.7508825864069192,807
22115,METAL SIGN EMPIRE TEA,5703.950000000001,2.95,5701.0,2892,1,500,0.0002777842452086088,0.7511603706521278,808
22341,LOVE GARLAND PAINTED ZINC ,5702.19,1858.1999999999998,3843.99,3469,1196,240,0.00027769853262845517,0.7514380691847563,809
22060,damaged,5699.3099999999995,186.7,5512.61,735,26,158,0.0002775582756791129,0.7517156274604354,810
22335,HEART DECORATION PAINTED ZINC ,5655.17,292.95000000000005,5362.22,8682,495,510,0.0002754086431291242,0.7519910361035645,811
21703,BAG 125g SWIRLY MARBLES,5647.31,71.82,5575.49,14579,171,561,0.000275025858538211,0.7522660619621028,812
22119,PEACE WOODEN BLOCK LETTERS,5631.17,48.650000000000006,5582.52,910,7,340,0.0002742398352179387,0.7525403017973207,813
22854,CREAM SWEETHEART EGG HOLDER,5624.5,29.700000000000003,5594.8,1160,6,244,0.0002739150040192884,0.75281421680134,814
22653,BUTTON BOX ,5622.11,85.8,5536.3099999999995,3033,44,381,0.00027379861023146617,0.7530880154115714,815
22156,HEART DECORATION WITH PEARLS ,5613.219999999999,183.41,5429.8099999999995,6245,217,581,0.0002733656643010312,0.7533613810758725,816
21207,SKULL AND CROSSBONES  GARLAND ,5599.07,709.25,4889.82,3602,489,282,0.00027267655463672805,0.7536340576305092,817
21730,GLASS STAR FROSTED T-LIGHT HOLDER,5578.72,172.55,5406.17,1124,35,293,0.000271685502928702,0.7539057431334378,818
23531,WALL ART BIG LOVE ,5559.11,0.0,5559.11,979,0,112,0.00027073048946460416,0.7541764736229024,819
23126,FELTCRAFT GIRL AMELIE KIT,5556.79,79.2,5477.59,1114,16,291,0.00027061750469985625,0.7544470911276022,820
21900,"KEY FOB , SHED",5538.240000000001,3.25,5534.990000000001,8337,5,835,0.00026971411358516916,0.7547168052411873,821
84971S,SMALL HEART FLOWERS HOOK ,5534.96,1.7,5533.259999999999,6538,2,459,0.00026955437650397375,0.7549863596176913,822
23177,TREASURE ISLAND BOOK BOX,5528.04,45.0,5483.04,2535,20,267,0.0002692173702229153,0.7552555769879142,823
23133,LARGE IVORY HEART WALL ORGANISER,5525.4,8.25,5517.15,782,1,155,0.00026908880135268485,0.7555246657892669,824
22602,RETROSPOT WOODEN HEART DECORATION,5521.82,44.199999999999996,5477.62,6530,52,535,0.0002689144541725997,0.7557935802434396,825
23158,SET OF 5 LUCKY CAT MAGNETS ,5517.99,124.8,5393.1900000000005,2635,60,255,0.00026872793191010634,0.7560623081753497,826
22534,MAGIC DRAWING SLATE SPACEBOY ,5516.05,58.38,5457.67,12894,139,583,0.00026863345327061885,0.7563309416286204,827
23583,LUNCH BAG PAISLEY PARK  ,5513.83,16.5,5497.33,3395,10,325,0.0002685253385388342,0.7565994669671592,828
22670,FRENCH WC SIGN BLUE METAL,5513.07,1340.56,4172.51,4434,1160,425,0.0002684883262883133,0.7568679552934475,829
82599,FANNY'S REST STOPMETAL SIGN,5508.84,6.76,5502.080000000001,2519,4,506,0.0002682823238939669,0.7571362376173415,830
85061W,WHITE JEWELLED HEART DECORATION,5502.49,21.25,5481.24,6366,25,469,0.00026797307680079903,0.7574042106941423,831
22168,ORGANISER WOOD ANTIQUE WHITE ,5501.43,381.65,5119.78,662,45,312,0.00026792145445138837,0.7576721321485937,832
79029,GLASS HONEYPOT WASP CATCHER,5501.12,49.349999999999994,5451.7699999999995,2958,27,343,0.0002679063573492022,0.7579400385059429,833
40016,CHINESE DRAGON PAPER LANTERNS,5492.35,0.0,5492.35,15447,0,244,0.00026747925545832316,0.7582075177614013,834
21112,SWISS ROLL TOWEL PINK  SPOTS,5484.26,507.29999999999995,4976.96,2222,198,189,0.0002670852697915944,0.7584746030311929,835
20983,12 PENCILS TALL TUBE RED RETROSPOT,5481.83,26.349999999999998,5455.48,6295,31,641,0.0002669669279905868,0.7587415699591834,836
22203,MILK PAN RED RETROSPOT,5473.26,56.25,5417.01,1403,15,392,0.0002665495661656344,0.7590081195253491,837
72756,FAIRY CAKE CANDLES,5472.89,37.25,5435.64,4021,25,129,0.00026653154704367026,0.7592746510723928,838
22763,KEY CABINET MA CAMPAGNE,5470.39,69.64999999999999,5400.74,666,7,135,0.0002664097962195884,0.7595410608686124,839
16161P,WRAP ENGLISH ROSE ,5466.9,10.5,5456.4,13273,25,440,0.00026623983206917017,0.7598073007006816,840
22437,SET OF 9 BLACK SKULL BALLOONS,5461.37,13.6,5447.7699999999995,6518,16,443,0.0002659705192463012,0.7600732712199278,841
85063,CREAM SWEETHEART MAGAZINE RACK,5460.639999999999,1060.7,4399.94,310,66,180,0.0002659349680056693,0.7603392061879335,842
22483,RED GINGHAM TEDDY BEAR ,5458.21,50.150000000000006,5408.06,1883,17,349,0.0002658166262046618,0.7606050228141381,843
20978,36 PENCILS TUBE SKULLS,5453.57,22.5,5431.07,4129,18,557,0.0002655906566751659,0.7608706134708133,844
22443,GROW YOUR OWN HERBS SET OF 3,5449.08,39.75,5409.33,690,5,264,0.00026537199219511495,0.7611359854630084,845
21432,SET OF 3 CASES WOODLAND DESIGN,5441.860000000001,129.35,5312.51,943,23,237,0.00026502037581516667,0.7614010058388236,846
22186,RED STAR CARD HOLDER,5434.35,182.29999999999998,5252.05,2005,70,345,0.00026465463633962484,0.7616656604751633,847
23135,SMALL ZINC HEART WALL ORGANISER,5416.18,0.0,5416.18,1541,0,45,0.00026376975135019816,0.7619294302265135,848
21069,VINTAGE BILLBOARD TEA MUG,5415.610000000001,770.8900000000001,4644.72,5108,726,279,0.0002637419921623075,0.7621931722186758,849
21491,SET OF THREE VINTAGE GIFT WRAPS,5404.0599999999995,99.44999999999999,5304.61,2897,51,248,0.0002631795033550494,0.7624563517220309,850
84937,KASHMIR FOLKART TUMBLERS,5396.64,37.800000000000004,5358.84,2543,18,124,0.0002628181469091746,0.7627191698689401,851
84968D,SET OF 16 VINTAGE RED CUTLERY,5393.71,12.75,5380.96,472,1,106,0.0002626754549433507,0.7629818453238834,852
22218,CAKE STAND LACE WHITE,5378.41,250.75,5127.66,1235,65,264,0.00026193033989996994,0.7632437756637833,853
23494,VINTAGE DOILY DELUXE SEWING KIT ,5377.81,386.75,4991.06,813,65,205,0.0002619011197021903,0.7635056767834855,854
22775,PURPLE DRAWERKNOB ACRYLIC EDWARDIAN,5372.53,87.5,5285.03,3779,70,284,0.0002616439819617295,0.7637673207654472,855
37446,MINI CAKE STAND WITH HANGING CAKES,5351.1,121.69999999999999,5229.4,3704,94,410,0.0002606003338977001,0.7640279210993449,856
35832,WOOLLY HAT SOCK GLOVE ADVENT STRING,5347.750000000001,13.55,5334.200000000001,1739,3,188,0.00026043718779343046,0.7642883582871384,857
21363,HOME SMALL WOOD LETTERS,5345.9800000000005,92.65,5253.33,994,19,401,0.00026035098820998055,0.7645487092753483,858
22842,BISCUIT TIN VINTAGE RED,5315.33,134.2,5181.13,819,20,237,0.0002588583231067373,0.7648075675984551,859
22998,TRAVEL CARD WALLET KEEP CALM,5314.9,74.34,5240.5599999999995,12490,177,534,0.00025883738196499527,0.7650664049804201,860
22801,ANTIQUE GLASS PEDESTAL BOWL,5296.7,138.39,5158.31,1305,37,299,0.00025795103596567957,0.7653243560163858,861
22175,PINK OWL SOFT TOY,5293.06,23.6,5269.46,1829,8,363,0.00025777376676581646,0.7655821297831517,862
22030,SWALLOWS GREETING CARD,5278.48,50.4,5228.08,12927,120,685,0.0002570637159597712,0.7658391934991114,863
21718,RED METAL BEACH SPADE ,5254.05,65.0,5189.05,4033,52,467,0.00025587396690684365,0.7660950674660183,864
22896,PEG BAG APPLES DESIGN,5253.5,45.9,5207.599999999999,2085,18,367,0.00025584718172554565,0.7663509146477439,865
21993,FLORAL FOLK STATIONERY SET,5233.2300000000005,15.0,5218.2300000000005,2858,12,577,0.0002548600260438903,0.7666057746737878,866
22564,ALPHABET STENCIL CRAFT,5228.900000000001,721.07,4507.83,4576,679,343,0.0002546491536165805,0.7668604238274044,867
22476,EMPIRE UNION JACK TV DINNER TRAY,5228.51,49.5,5179.01,1334,10,269,0.00025463016048802374,0.7671150539878924,868
21713,CITRONELLA CANDLE FLOWERPOT,5221.04,233.00000000000003,4988.04,2769,128,391,0.00025426636902566724,0.7673693203569181,869
23132,SMALL IVORY HEART WALL ORGANISER,5219.1,23.0,5196.1,1034,4,152,0.0002541718903861798,0.7676234922473043,870
22433,WATERING CAN GREEN DINOSAUR,5215.53,29.25,5186.28,2793,15,422,0.0002539980302093909,0.7678774902775137,871
22691,DOORMAT WELCOME SUNRISE,5214.04,665.35,4548.6900000000005,760,143,218,0.00025392546671823817,0.7681314157442319,872
22117,METAL SIGN HER DINNER IS SERVED ,5207.7300000000005,2.95,5204.78,1765,1,230,0.00025361816763825565,0.7683850339118702,873
21587,COSY HOUR GIANT TUBE MATCHES,5198.549999999999,15.299999999999999,5183.25,2081,6,260,0.0002531710986122271,0.7686382050104824,874
85132A,damaged,5195.7699999999995,33.75,5162.0199999999995,1354,5,250,0.0002530357116958482,0.7688912407221783,875
23263,SET OF 3 WOODEN HEART DECORATIONS,5184.69,58.75,5125.94,3893,47,445,0.00025249611204351753,0.7691437368342218,876
22472,TV DINNER TRAY DOLLY GIRL,5175.17,24.75,5150.42,1102,5,250,0.00025203248490541396,0.7693957693191272,877
21872,GLAMOROUS  MUG,5172.55,41.47,5131.08,5099,35,330,0.0002519048900417762,0.769647674209169,878
23157,SET OF 6 NATIVITY MAGNETS ,5170.1,444.0,4726.1,2570,240,163,0.000251785574234176,0.7698994597834032,879
22894,TABLECLOTH RED APPLES DESIGN ,5169.28,17.0,5152.28,562,2,192,0.00025174563996387714,0.7701512054233671,880
22412,METAL SIGN NEIGHBOURHOOD WITCH ,5159.72,4.2,5155.52,2410,2,402,0.0002512800648125883,0.7704024854881797,881
23165,LARGE CERAMIC TOP STORAGE JAR,5147.66,154.5,4993.16,3118,102,280,0.00025069273883721754,0.770653178227017,882
22571,ROCKING HORSE RED CHRISTMAS ,5144.59,80.17,5064.42,5791,109,511,0.0002505432288252451,0.7709037214558422,883
23162,REGENCY TEA STRAINER,5143.6900000000005,0.0,5143.6900000000005,1412,0,176,0.00025049939852857565,0.7711542208543708,884
22509,SEWING BOX RETROSPOT DESIGN ,5138.26,288.04999999999995,4850.21,389,19,187,0.0002502349557386699,0.7714044558101094,885
22426,ENAMEL WASH BOWL CREAM,5137.05,129.7,5007.35,1334,38,372,0.0002501760283398143,0.7716546318384492,886
21495,SKULLS AND CROSSBONES WRAP,5119.3,10.5,5108.8,12465,25,376,0.00024931159748883336,0.771903943435938,887
22374,AIRLINE BAG VINTAGE JET SET RED,5116.84,23.35,5093.49,1027,5,430,0.00024919179467793685,0.772153135230616,888
22610,PENS ASSORTED FUNNY FACE,5114.38,30.599999999999998,5083.78,12716,36,287,0.0002490719918670403,0.7724022072224831,889
21471,STRAWBERRY RAFFIA FOOD COVER,5114.38,15.0,5099.38,1411,4,319,0.0002490719918670403,0.7726512792143502,890
23397,FOOT STOOL HOME SWEET HOME ,5097.65,59.699999999999996,5037.95,489,6,217,0.00024825723535228474,0.7728995364497024,891
23234,BISCUIT TIN VINTAGE CHRISTMAS,5088.45,46.24,5042.21,1725,16,277,0.0002478091923196636,0.7731473456420221,892
20977,36 PENCILS TUBE WOODLAND,5081.24,95.0,4986.24,3801,76,485,0.00024745806294301163,0.7733948037049652,893
21578,WOODLAND DESIGN  COTTON TOTE BAG,5080.86,22.5,5058.36,2213,10,380,0.0002474395568177512,0.7736422432617829,894
23295,SET OF 12 MINI LOAF BAKING CASES,5078.429999999999,10.79,5067.639999999999,6140,13,444,0.0002473212150167436,0.7738895644767996,895
23198,PANTRY MAGNETIC  SHOPPING LIST,5068.4,92.8,4975.599999999999,3346,64,475,0.0002468327507105274,0.7741363972275102,896
21544,SKULLS  WATER TRANSFER TATTOOS ,5054.759999999999,20.4,5034.36,6067,24,503,0.00024616847821433695,0.7743825657057245,897
21706,FOLDING UMBRELLA RED/WHITE POLKADOT,5046.01,148.5,4897.51,1352,30,254,0.0002457423503300506,0.7746283080560545,898
23314,VINTAGE CHRISTMAS TABLECLOTH,5037.96,62.5,4975.46,409,5,117,0.0002453503126765071,0.774873658368731,899
46000S,POLYESTER FILLER PAD 40x40cm,5032.95,101.5,4931.45,3471,70,380,0.0002451063240250471,0.7751187646927561,900
21071,VINTAGE BILLBOARD DRINK ME MUG,5029.57,13.67,5015.9,4294,12,472,0.0002449417169108885,0.775363706409667,901
22957,SET 3 PAPER VINTAGE CHICK PAPER EGG,5023.5,71.9,4951.6,1778,26,214,0.00024464610591001785,0.775608352515577,902
22732,3D VINTAGE CHRISTMAS STICKERS ,5004.34,0.0,5004.34,3775,0,337,0.00024371300759425474,0.7758520655231713,903
22318,FIVE HEART HANGING DECORATION,5001.68,59.00000000000001,4942.68,1589,20,389,0.00024358346471743168,0.7760956489878887,904
84796B,BLUE SAVANNAH PICNIC HAMPER FOR 2,4999.79,0.0,4999.79,600,0,180,0.0002434914210944258,0.7763391404089832,905
23310,BUBBLEGUM RING ASSORTED,4997.28,0.0,4997.28,12050,0,245,0.00024336918326704765,0.7765825095922503,906
22583,PACK OF 6 HANDBAG GIFT BOXES,4996.549999999999,272.85,4723.7,1889,111,349,0.00024333363202641572,0.7768258432242767,907
47568,ENGLISH ROSE DESIGN PEG BAG,4993.52,44.970000000000006,4948.55,2389,22,410,0.0002431860700276286,0.7770690292943043,908
22604,SET OF 4 NAPKIN CHARMS CUTLERY,4983.12,61.199999999999996,4921.92,2027,24,247,0.0002426795865994482,0.7773117088809037,909
21896,POTTING SHED TWINE,4979.740000000001,28.650000000000002,4951.09,2404,14,290,0.0002425149794852896,0.777554223860389,910
23556,LANDMARK FRAME COVENT GARDEN ,4974.51,12.5,4962.01,439,1,53,0.0002422602767613104,0.7777964841371503,911
21056,DOCTOR'S BAG SOFT TOY,4970.28,693.9,4276.38,546,82,195,0.00024205427436696395,0.7780385384115173,912
23570,TRADITIONAL PICK UP STICKS GAME ,4944.37,0.0,4944.37,2782,0,276,0.00024079244882617992,0.7782793308603434,913
85184C,SET 4 VALENTINE DECOUPAGE HEART BOX,4912.360000000001,0.0,4912.360000000001,2282,0,345,0.00023923355127463628,0.778518564411618,914
22276,WASH BAG VINTAGE ROSE PAISLEY,4900.16,42.9,4857.26,1895,17,373,0.00023863940725311693,0.7787572038188711,915
23010,CIRCUS PARADE BABY GIFT SET,4896.549999999999,50.849999999999994,4845.7,316,3,111,0.00023846359906314274,0.7789956674179342,916
22956,36 FOIL HEART CAKE CASES,4896.490000000001,283.20000000000005,4613.290000000001,2503,152,256,0.00023846067704336486,0.7792341280949776,917
23351,ROLL WRAP 50'S CHRISTMAS,4880.65,104.88,4775.77,3539,96,354,0.00023768926382198237,0.7794718173587996,918
22593,CHRISTMAS GINGHAM STAR,4870.65,103.67999999999999,4766.969999999999,5475,144,415,0.00023720226052565506,0.7797090196193253,919
23503,PLAYING CARDS KEEP CALM & CARRY ON,4864.3,2.5,4861.8,3646,2,335,0.00023689301343248726,0.7799459126327577,920
21534,DAIRY MAID LARGE MILK JUG,4852.79,143.55,4709.24,955,29,342,0.00023633247263841453,0.7801822451053961,921
22107,PIZZA PLATE IN BOX,4849.34,330.71000000000004,4518.63,1243,95,369,0.00023616445650118163,0.7804184095618973,922
84270,ASSTD DESIGN BUBBLE GUM RING,4836.9,293.40000000000003,4543.5,22996,1740,476,0.00023555862440055044,0.7806539681862978,923
22027,TEA PARTY BIRTHDAY CARD,4836.73,87.12,4749.61,11369,228,845,0.00023555034534451287,0.7808895185316423,924
23554,LANDMARK FRAME OXFORD STREET,4830.53,0.0,4830.53,424,0,57,0.00023524840330078995,0.7811247669349431,925
23555,LANDMARK FRAME NOTTING HILL ,4818.07,0.0,4818.07,424,0,50,0.00023464159719356614,0.7813594085321367,926
21249,WOODLAND  HEIGHT CHART STICKERS ,4791.18,46.400000000000006,4744.780000000001,1668,16,259,0.00023333204532974207,0.7815927405774664,927
21986,PACK OF 12 PINK POLKADOT TISSUES,4788.45,6.959999999999999,4781.49,13484,24,469,0.00023319909342984469,0.7818259396708963,928
22442,GROW YOUR OWN FLOWERS SET OF 3,4781.22,141.9,4639.32,868,18,172,0.00023284699004660008,0.7820587866609429,929
23389,SPACEBOY MINI BACKPACK,4780.54,8.3,4772.24,1122,2,237,0.00023281387382244982,0.7822916005347653,930
20681,PINK POLKADOT CHILDRENS UMBRELLA,4779.9,99.75,4680.15,1412,31,341,0.00023278270561148483,0.7825243832403768,931
23159,SET OF 5 PANCAKE DAY MAGNETS,4771.76,52.0,4719.76,2321,25,223,0.00023238628492827445,0.782756769525305,932
22128,PARTY CONES CANDY ASSORTED,4767.09,70.0,4697.09,3929,56,195,0.0002321588543888896,0.7829889283796939,933
23184,BULL DOG BOTTLE OPENER,4764.5,64.35,4700.150000000001,874,13,264,0.00023203272053514082,0.7832209611002291,934
21916,SET 12 RETRO WHITE CHALK STICKS,4763.24,94.5,4668.74,11040,225,713,0.00023197135811980357,0.7834529324583489,935
22474,SPACEBOY TV DINNER TRAY,4761.38,136.0,4625.38,975,32,254,0.0002318807755066867,0.7836848132338556,936
22688,DOORMAT PEACE ON EARTH BLUE,4756.7,0.0,4756.7,865,0,93,0.00023165285796400553,0.7839164660918196,937
23569,TRADTIONAL ALPHABET STAMP SET,4752.31,9.9,4742.41,961,2,192,0.00023143906351691786,0.7841479051553366,938
22434,BALLOON PUMP WITH 10 BALLOONS,4749.09,35.099999999999994,4713.99,2555,18,281,0.00023128224845550048,0.7843791874037921,939
23286,BLUE VINTAGE SPOT BEAKER,4747.62,41.65,4705.97,5048,49,222,0.00023121065897094035,0.784610398062763,940
23558,LANDMARK FRAME LONDON BRIDGE ,4741.37,0.0,4741.37,418,0,52,0.0002309062819107358,0.7848413043446737,941
22399,MAGNETS PACK OF 4 CHILDHOOD MEMORY,4739.6,30.0,4709.6,4044,24,277,0.00023082008232728587,0.785072124427001,942
22672,FRENCH BATHROOM SIGN BLUE METAL,4737.759999999999,28.049999999999997,4709.709999999999,2851,17,370,0.0002307304737207616,0.7853028549007218,943
85049G,CHOCOLATE BOX RIBBONS ,4733.62,56.25,4677.37,3841,45,510,0.00023052885435608214,0.7855333837550779,944
22305,COFFEE MUG PINK PAISLEY DESIGN,4716.63,28.049999999999997,4688.58,2269,11,144,0.00022970143575562206,0.7857630851908335,945
23241,TREASURE TIN GYMKHANA DESIGN,4709.070000000001,14.56,4694.51,2184,7,363,0.00022933326126359864,0.7859924184520971,946
22304,COFFEE MUG BLUE PAISLEY DESIGN,4704.86,44.55,4660.31,2386,18,167,0.0002291282328758448,0.7862215466849729,947
20961,STRAWBERRY BATH SPONGE ,4702.65,88.75,4613.9,3542,71,514,0.00022902060514735646,0.7864505672901203,948
23176,ABC TREASURE BOOK BOX ,4697.58,101.25,4596.33,2167,45,226,0.00022877369447611855,0.7866793409845965,949
22562,MONSTERS STENCIL CRAFT,4693.55,0.0,4693.55,3987,0,393,0.00022857743214769867,0.7869079184167441,950
20963,APPLE BATH SPONGE,4681.15,12.5,4668.65,3463,10,509,0.00022797354806025277,0.7871358919648044,951
22721,SET OF 3 CAKE TINS SKETCHBOOK,4678.71,0.0,4678.71,1022,0,297,0.00022785471925594895,0.7873637466840603,952
22075,6 RIBBONS ELEGANT CHRISTMAS ,4676.65,19.799999999999997,4656.849999999999,3107,12,358,0.0002277543965769055,0.7875915010806371,953
82581,TOILET METAL SIGN,4673.200000000001,38.660000000000004,4634.54,8443,71,913,0.00022758638043967263,0.7878190874610768,954
72807B,????missing,4658.62,119.0,4539.62,1062,28,225,0.0002268763296336274,0.7880459637907103,955
15044B,BLUE PAPER PARASOL ,4644.13,2.95,4641.18,1670,1,189,0.00022617066185724914,0.7882721344525676,956
22574,HEART WOODEN CHRISTMAS DECORATION,4632.57,219.84,4412.73,5078,288,415,0.00022560768604669478,0.7884977421386143,957
21328,BALLOONS  WRITING SET ,4629.13,0.0,4629.13,2451,0,643,0.00022544015691275821,0.7887231822955271,958
22800,ANTIQUE TALL SWIRLGLASS TRINKET POT,4605.15,60.0,4545.15,1132,16,268,0.00022427232300816532,0.7889474546185352,959
21811,HANGING HEART WITH BELL,4592.18,18.72,4573.46,6352,48,382,0.00022364067973282885,0.789171095298268,960
21878,PACK OF 6 SANDCASTLE FLAGS ASSORTED,4590.73,304.81,4285.92,5591,421,403,0.00022357006425486136,0.7893946653625229,961
51014A,"FEATHER PEN,HOT PINK",4575.22,165.75,4409.47,6719,195,376,0.00022281472214225775,0.7896174800846651,962
21506,"FANCY FONT BIRTHDAY CARD, ",4574.8099999999995,25.2,4549.61,10974,60,665,0.0002227947550071083,0.7898402748396722,963
23285,PINK VINTAGE SPOT BEAKER,4572.41,1.7,4570.71,4807,2,191,0.00022267787421598976,0.7900629527138883,964
10135,COLOURING PENCILS BROWN TUBE,4568.71,13.75,4554.96,4228,11,324,0.00022249768299634868,0.7902854503968846,965
22743,MAKE YOUR OWN FLOWERPOWER CARD KIT,4563.150000000001,17.700000000000003,4545.450000000001,1509,6,351,0.00022222690916359072,0.7905076773060482,966
22736,RIBBON REEL MAKING SNOWMEN ,4563.03,37.95,4525.08,2542,23,408,0.00022222106512403476,0.7907298983711722,967
15044D,RED PAPER PARASOL,4562.6,26.150000000000002,4536.45,1597,9,227,0.0002222001239822927,0.7909520984951546,968
23404,HOME SWEET HOME BLACKBOARD,4561.76,143.55,4418.21,1011,29,169,0.0002221592157054012,0.79117425771086,969
23168,CLASSIC CAFE SUGAR DISPENSER,4559.92,65.61,4494.3099999999995,3292,54,337,0.00022206960709887698,0.791396327317959,970
23275,SET OF 3 HANGING OWLS OLLIE BEAK,4557.97,95.41,4462.56,3749,77,325,0.00022197464145609316,0.7916183019594151,971
22601,CHRISTMAS RETROSPOT ANGEL WOOD,4549.74,3.4,4546.34,5253,4,417,0.00022157383774321578,0.7918398757971583,972
85184D,S/4 BLUE ROUND DECOUPAGE BOXES,4549.73,1664.9199999999998,2884.81,8312,3940,66,0.00022157335073991945,0.7920614491478982,973
37447,CERAMIC CAKE DESIGN SPOTTED PLATE,4546.8099999999995,109.16,4437.65,2895,76,364,0.00022143114577739185,0.7922828802936757,974
21614,SET OF 12 ROSE BOTANICAL T-LIGHTS,4541.12,336.05,4205.070000000001,1628,131,194,0.00022115404090178165,0.7925040343345774,975
21990,MODERN FLORAL STATIONERY SET,4540.99,15.0,4525.99,2460,12,497,0.00022114770985892938,0.7927251820444363,976
22908,PACK OF 20 NAPKINS RED APPLES,4529.95,5.949999999999999,4524.0,5617,7,485,0.00022061005821978405,0.7929457921026561,977
21564,PINK  HEART SHAPE LOVE BUCKET ,4527.450000000001,31.650000000000002,4495.8,1952,11,294,0.00022048830739570228,0.7931662804100519,978
23309,SET OF 60 I LOVE LONDON CAKE CASES ,4527.2,48.400000000000006,4478.8,8332,88,407,0.00022047613231329405,0.7933867565423651,979
22760,"TRAY, BREAKFAST IN BED",4519.639999999999,125.7,4393.94,357,10,120,0.0002201079578212706,0.7936068645001864,980
23163,REGENCY SUGAR TONGS,4515.22,114.4,4400.820000000001,1832,55,209,0.00021989270236429396,0.7938267572025507,981
23112,PARISIENNE CURIO CABINET,4514.58,239.85000000000002,4274.7300000000005,547,33,241,0.000219861534153329,0.794046618736704,982
22451,SILK PURSE BABUSHKA RED,4507.04,26.8,4480.24,1342,8,238,0.00021949433366789823,0.7942661130703719,983
22747,POPPY'S PLAYHOUSE BATHROOM,4499.8,12.600000000000001,4487.2,2041,6,402,0.00021914174328135726,0.7944852548136532,984
21109,LARGE CAKE TOWEL CHOCOLATE SPOTS,4498.69,13.5,4485.19,1177,2,223,0.00021908768591546491,0.7947043424995687,985
84279P,CHERRY BLOSSOM  DECORATIVE FLASK,4491.67,163.56,4328.11,1149,44,299,0.00021874580960144318,0.7949230883091701,986
84968E,SET OF 16 VINTAGE BLACK CUTLERY,4490.48,51.0,4439.48,387,4,98,0.0002186878562091802,0.7951417761653793,987
23167,SMALL CERAMIC TOP STORAGE JAR ,4476.009999999999,365.19,4110.82,5847,525,231,0.00021798316243939458,0.7953597593278187,988
23530,WALL ART ONLY ONE PERSON ,4465.97,0.0,4465.97,1062,0,87,0.00021749421112988204,0.7955772535389486,989
22291,HANGING CHICK CREAM DECORATION,4456.429999999999,69.6,4386.83,3223,48,264,0.00021702960998518575,0.7957942831489337,990
21064,BOOM BOX SPEAKER BOYS,4453.2699999999995,53.550000000000004,4399.72,889,9,171,0.00021687571694354633,0.7960111588658773,991
23288,GREEN VINTAGE SPOT BEAKER,4444.2300000000005,15.17,4429.0599999999995,4625,18,185,0.0002164354659636665,0.7962275943318409,992
21864,UNION JACK FLAG PASSPORT COVER ,4442.04,42.0,4400.04,1858,20,411,0.00021632881224177078,0.7964439231440826,993
22299,PIG KEYRING WITH LIGHT & SOUND ,4432.07,71.25,4360.82,3913,57,202,0.00021584326995533246,0.796659766414038,994
22733,3D TRADITIONAL CHRISTMAS STICKERS,4429.24,25.0,4404.24,3444,20,338,0.00021570544802247183,0.7968754718620605,995
79341,"Unsaleable, destroyed.",4423.6900000000005,2519.6000000000004,1904.0900000000001,725,448,79,0.00021543516119301023,0.7970909070232536,996
21810,CHRISTMAS HANGING STAR WITH BELL,4415.36,73.75,4341.61,7064,59,344,0.00021502948744716956,0.7973059365107007,997
22548,adjustment,4411.81,0.0,4411.81,3532,0,428,0.0002148566012769734,0.7975207931119777,998
84031A,CHARLIE+LOLA RED HOT WATER BOTTLE ,4409.92,71.55,4338.37,1100,27,314,0.0002147645576539675,0.7977355576696317,999
22573,STAR WOODEN CHRISTMAS DECORATION,4408.08,0.0,4408.08,4912,0,405,0.0002146749490474433,0.7979502326186791,1000
21967,PACK OF 12 SKULL TISSUES,4406.469999999999,0.0,4406.469999999999,15669,0,479,0.00021459654151673456,0.7981648291601959,1001
22449,SILK PURSE BABUSHKA PINK,4384.5,40.2,4344.3,1326,12,308,0.00021352659527470351,0.7983783557554707,1002
85053,FRENCH ENAMEL CANDLEHOLDER,4382.18,84.46000000000001,4297.72,2041,41,378,0.0002134136105099556,0.7985917693659806,1003
22594,CHRISTMAS GINGHAM TREE,4379.88,0.85,4379.03,4794,1,412,0.00021330159975180033,0.7988050709657324,1004
20674,GREEN POLKADOT BOWL,4379.77,18.560000000000002,4361.21,3437,15,463,0.00021329624271554073,0.7990183672084479,1005
22071,SMALL WHITE RETROSPOT MUG IN BOX ,4378.38,248.75,4129.63,1536,309,256,0.00021322854925735123,0.7992315957577052,1006
21537,RED RETROSPOT PUDDING BOWL,4359.96,247.0,4112.96,1010,64,256,0.00021233148918551635,0.7994439272468907,1007
79320,FLAMINGO LIGHTS,4357.38,77.10000000000001,4280.28,904,16,150,0.0002122058423350639,0.7996561330892258,1008
23349,ROLL WRAP VINTAGE CHRISTMAS,4355.1,30.0,4325.1,3231,24,337,0.0002120948055835013,0.7998682278948093,1009
22227,HANGING HEART MIRROR DECORATION ,4353.92,21.450000000000003,4332.47,6036,33,643,0.00021203733919453465,0.8000802652340038,1010
22202,MILK PAN PINK POLKADOT,4351.25,116.25,4235.0,1078,31,264,0.00021190730931441526,0.8002921725433182,1011
84598,BOYS ALPHABET IRON ON PATCHES,4350.14,120.96,4229.18,20775,576,217,0.00021185325194852294,0.8005040257952667,1012
15039,SANDALWOOD FAN,4347.32,22.95,4324.37,5103,27,306,0.0002117159170189586,0.8007157417122857,1013
22611,VINTAGE UNION JACK SHOPPING BAG,4343.58,19.8,4323.780000000001,908,4,195,0.0002115337777861322,0.8009272754900718,1014
21899,GARAGE KEY FOB,4336.12,43.550000000000004,4292.570000000001,6697,67,622,0.00021117047332707206,0.8011384459633989,1015
22892,SET OF SALT AND PEPPER TOADSTOOLS,4329.56,139.94,4189.62,3526,116,295,0.00021085099916468136,0.8013492969625636,1016
22425,ENAMEL COLANDER CREAM,4326.47,112.55,4213.92,855,25,301,0.00021070051514611622,0.8015599974777098,1017
84997b,CHILDRENS CUTLERY RETROSPOT RED ,4322.57,0.0,4322.57,514,0,85,0.00021051058386054855,0.8017705080615704,1018
21913,VINTAGE SEASIDE JIGSAW PUZZLES,4309.98,15.0,4294.98,1131,4,298,0.00020989744671047247,0.8019804055082809,1019
47580,TEA TIME DES TEA COSY,4308.8,53.55,4255.25,1666,21,344,0.00020983998032150588,0.8021902454886024,1020
21012,ANTIQUE ALL GLASS CANDLESTICK,4300.0,10.5,4289.5,2300,5,299,0.00020941141742073787,0.8023996569060231,1021
21153,RED SPOTTY TABLECLOTH ,4294.6900000000005,21.3,4273.39,393,2,139,0.0002091528186703881,0.8026088097246935,1022
21245,GREEN POLKADOT PLATE ,4288.639999999999,6.76,4281.88,2579,4,304,0.00020885818167611003,0.8028176679063697,1023
84969,BOX OF 6 ASSORTED COLOUR TEASPOONS,4288.43,21.25,4267.18,971,5,341,0.0002088479546068872,0.8030265158609765,1024
23050,RECYCLED ACAPULCO MAT GREEN,4286.55,8.25,4278.3,497,1,205,0.00020875639798717766,0.8032352722589637,1025
20966,SANDWICH BATH SPONGE,4282.74,1.25,4281.49,3021,1,420,0.00020857084973127692,0.803443843108695,1026
22723,SET OF 6 HERB TINS SKETCHBOOK,4282.570000000001,7.9,4274.67,1169,2,295,0.0002085625706752394,0.8036524056793702,1027
22285,HANGING HEN ON NEST DECORATION,4281.009999999999,19.799999999999997,4261.21,2725,12,261,0.00020848659816101228,0.8038608922775312,1028
84950,ASSORTED COLOUR T-LIGHT HOLDER,4279.07,44.5,4234.57,6149,58,274,0.00020839211952152482,0.8040692843970527,1029
23237,SET OF 4 KNICK KNACK TINS LEAF,4278.54,69.35000000000001,4209.1900000000005,1054,17,177,0.0002083663083468195,0.8042776507053996,1030
22312,OFFICE MUG WARMER POLKADOT,4277.650000000001,81.65000000000002,4196.0,1241,27,269,0.00020832296505344638,0.804485973670453,1031
72802B,check,4263.22,679.24,3583.98,1560,458,212,0.00020762021929684608,0.8046935938897499,1032
20665,RED RETROSPOT PURSE ,4262.240000000001,94.40000000000002,4167.84,1337,32,348,0.00020757249297380603,0.8049011663827237,1033
22744,MAKE YOUR OWN MONSOON CARD KIT,4260.71,163.7,4097.01,1521,62,300,0.0002074979814694679,0.8051086643641931,1034
22530,MAGIC DRAWING SLATE DOLLY GIRL ,4258.77,20.16,4238.61,10069,48,468,0.00020740350282998045,0.8053160678670231,1035
20982,12 PENCILS TALL TUBE SKULLS,4254.0,24.65,4229.349999999999,4863,29,576,0.0002071712022576323,0.8055232390692808,1036
21556,CERAMIC STRAWBERRY MONEY BOX,4249.51,10.2,4239.3099999999995,1609,4,293,0.00020695253777758136,0.8057301916070584,1037
22497,SET OF 2 TINS VINTAGE BATHROOM ,4243.32,21.25,4222.07,930,5,279,0.00020665108273715472,0.8059368426897956,1038
21068,VINTAGE BILLBOARD LOVE/HATE MUG,4227.13,98.33000000000001,4128.8,4068,89,373,0.00020586262440040084,0.806142705314196,1039
21355,TOAST ITS - I LOVE YOU ,4225.55,60.0,4165.55,3458,48,341,0.00020578567787958113,0.8063484909920755,1040
72807A,AMAZON,4217.79,72.25,4145.54,925,17,216,0.00020540776332163114,0.8065538987553972,1041
23089,GLASS BON BON JAR,4217.73,25.65,4192.08,2355,15,225,0.00020540484130185318,0.806759303596699,1042
22851,SET 20 NAPKINS FAIRY CAKES DESIGN ,4214.929999999999,66.3,4148.63,5192,78,523,0.00020526848037888152,0.8069645720770778,1043
22600,CHRISTMAS RETROSPOT STAR WOOD,4212.45,23.799999999999997,4188.65,4863,28,429,0.00020514770356139237,0.8071697197806392,1044
21707,FOLDING UMBRELLA BLACKBLUE POLKADOT,4209.7,0.0,4209.7,1010,0,172,0.00020501377765490237,0.8073747335582941,1045
23012,GLASS APOTHECARY BOTTLE PERFUME,4208.96,31.6,4177.360000000001,1074,8,246,0.00020497773941097414,0.8075797112977051,1046
22797,CHEST OF DRAWERS GINGHAM HEART ,4205.5599999999995,411.75,3793.81,242,25,140,0.00020481215829022285,0.8077845234559954,1047
21470,FLOWER VINE RAFFIA FOOD COVER,4202.18,33.75,4168.43,1105,9,319,0.00020464755117606426,0.8079891710071715,1048
23144,ZINC T-LIGHT HOLDER STARS SMALL,4197.83,36.519999999999996,4161.3099999999995,5089,44,274,0.00020443570474216186,0.8081936067119136,1049
21609,SET 12 LAVENDER  BOTANICAL T-LIGHTS,4195.14,0.0,4195.14,1502,0,218,0.00020430470085544983,0.8083979114127691,1050
21143,ANTIQUE GLASS HEART DECORATION ,4190.099999999999,37.05,4153.049999999999,2109,19,182,0.00020405925119410084,0.8086019706639632,1051
21474,SWEETHEART CREAM STEEL FOLDIN BENCH,4189.5,139.64999999999998,4049.85,210,7,94,0.00020403003099632122,0.8088060006949596,1052
22926,IVORY GIANT GARDEN THERMOMETER,4174.110000000001,89.25,4084.86,684,15,216,0.00020328053292327354,0.8090092812278828,1053
22833,HALL CABINET WITH 3 DRAWERS,4163.54,0.0,4163.54,120,0,13,0.00020276577043905556,0.8092120469983219,1054
22127,sold in set?,4160.61,122.31,4038.3,3474,98,155,0.00020262307847323166,0.8094146700767951,1055
23110,PARISIENNE KEY CABINET ,4158.68,293.25,3865.43,702,51,255,0.0002025290868370405,0.8096171991636322,1056
21590,KINGS CHOICE CIGAR BOX MATCHES ,4151.28,32.5,4118.78,3456,26,286,0.0002021687043977583,0.8098193678680299,1057
70006,LOVE HEART POCKET WARMER,4147.8099999999995,2.44,4145.37,4443,2,290,0.0002019997142539327,0.8100213675822838,1058
23486,ANTIQUE HEART SHELF UNIT,4145.47,199.65,3945.82,275,13,74,0.00020188575548259216,0.8102232533377665,1059
23306,SET OF 36 PANTRY PAPER DOILIES,4123.38,10.149999999999999,4113.23,2808,7,277,0.00020080996520100515,0.8104240633029675,1060
22125,UNION JACK HOT WATER BOTTLE ,4118.84,314.85,3803.9900000000002,658,63,183,0.00020058886570447254,0.810624652168672,1061
22807,SET OF 6 T-LIGHTS TOADSTOOLS,4102.91,51.25,4051.6600000000003,1384,19,294,0.00019981306945342315,0.8108244652381253,1062
23255,CHILDRENS CUTLERY CIRCUS PARADE,4101.37,37.35,4064.02,1015,9,158,0.00019973807094578874,0.8110242033090711,1063
84596B,SMALL DOLLY MIX DESIGN ORANGE BOWL,4100.2699999999995,46.72,4053.5499999999997,6278,48,725,0.00019968450058319273,0.8112238878096543,1064
23193,BUFFALO BILL TREASURE BOOK BOX,4097.28,45.0,4052.28,1930,20,175,0.0001995388865975909,0.8114234266962519,1065
23194,GYMKHANA TREASURE BOOK BOX,4086.37,83.25,4003.12,1839,37,214,0.0001990075660012978,0.8116224342622532,1066
21911,GARDEN METAL SIGN ,4085.7999999999997,19.799999999999997,4065.9999999999995,2549,12,344,0.00019897980681340713,0.8118214140690666,1067
16161U,WRAP SUKI AND FRIENDS,4084.92,31.5,4053.42,10026,75,318,0.00019893695052333035,0.8120203510195899,1068
23009,I LOVE LONDON BABY GIFT SET,4082.5199999999995,0.0,4082.5199999999995,263,0,103,0.00019882006973221178,0.8122191710893222,1069
21472,LADYBIRD + BEE RAFFIA FOOD COVER,4081.57,0.0,4081.57,1057,0,285,0.0001987738044190607,0.8124179448937412,1070
21901,"KEY FOB , BACK DOOR ",4077.76,99.45,3978.3100000000004,6183,153,688,0.00019858825616316002,0.8126165331499043,1071
20981,12 PENCILS TALL TUBE WOODLAND,4076.81,67.14999999999999,4009.66,4727,79,513,0.00019854199085000892,0.8128150751407544,1072
22359,GLASS JAR KINGS CHOICE,4072.83,115.05000000000001,3957.7799999999997,1285,39,202,0.00019834816353807064,0.8130134233042924,1073
22284,HEN HOUSE DECORATION,4067.24,42.89999999999999,4024.3399999999997,2495,26,300,0.00019807592869542368,0.8132114992329879,1074
84580,MOUSE TOY WITH PINK T-SHIRT,4066.94,15.0,4051.94,1061,4,442,0.00019806131859653387,0.8134095605515844,1075
72349B,SET/6 PURPLE BUTTERFLY T-LIGHTS,4058.3900000000003,25.200000000000003,4033.1900000000005,1994,12,287,0.00019764493077817404,0.8136072054823626,1076
21717,EASTER TIN BUCKET,4057.48,22.95,4034.5299999999997,1561,9,176,0.00019760061347820823,0.8138048060958408,1077
35924,HANGING FAIRY CAKE DECORATION,4055.7,347.67999999999995,3708.02,2167,205,188,0.00019751392689146198,0.8140023200227323,1078
21679,SKULLS  STICKERS,4054.91,652.68,3402.2299999999996,4895,900,370,0.00019747545363105212,0.8141997954763633,1079
23340,VINTAGE CHRISTMAS CAKE FRILL,4053.8799999999997,0.0,4053.8799999999997,2512,0,151,0.0001974252922915304,0.8143972207686548,1080
23081,GREEN METAL BOX ARMY SUPPLIES,4046.5,49.5,3997.0,484,6,139,0.00019706588385884086,0.8145942866525137,1081
22639,SET OF 4 NAPKIN CHARMS HEARTS,4036.42,15.299999999999999,4021.12,1657,6,275,0.00019657498453614297,0.8147908616370498,1082
21349,check,4024.23,54.0,3970.23,555,8,171,0.00019598132751791998,0.8149868429645678,1083
22053,EMPIRE DESIGN ROSETTE,4023.3899999999994,2.5,4020.8899999999994,4553,2,87,0.00019594041924102847,0.8151827833838088,1084
22057,CERAMIC PLATE STRAWBERRY DESIGN,4019.18,122.17999999999999,3897.0,3065,82,260,0.00019573539085327468,0.815378518774662,1085
20967,GREY FLORAL FELTCRAFT SHOULDER BAG,4012.34,75.0,3937.34,1059,20,296,0.00019540228059858683,0.8155739210552606,1086
22454,MEASURING TAPE BABUSHKA RED,4007.38,41.300000000000004,3966.0800000000004,1430,14,179,0.0001951607269636085,0.8157690817822242,1087
22245,"HOOK, 1 HANGER ,MAGIC GARDEN",4005.85,26.35,3979.5,4653,31,413,0.0001950862154592704,0.8159641679976835,1088
22959,WRAP CHRISTMAS VILLAGE,4002.96,147.0,3855.96,9788,350,284,0.00019494547150663183,0.8161591134691901,1089
23129,HEART SHAPED HOLLY WREATH,3999.5000000000005,4.15,3995.3500000000004,950,1,172,0.0001947769683661026,0.8163538904375562,1090
85206A,CREAM FELT EASTER EGG BASKET,3994.4599999999996,16.5,3977.9599999999996,2334,10,318,0.00019453151870475359,0.816548421956261,1091
21987,PACK OF 6 SKULL PAPER CUPS,3990.6600000000003,138.04999999999998,3852.61,6421,301,385,0.00019434645745214927,0.8167427684137132,1092
23130,MISTLETOE HEART WREATH GREEN,3988.98,37.35,3951.63,962,9,184,0.00019426464089836626,0.8169370330546115,1093
22612,TEA COSY VINTAGE UNION JACK,3984.99,15.0,3969.99,1001,4,109,0.00019407032658313165,0.8171311033811947,1094
22445,PENCIL CASE LIFE IS BEAUTIFUL,3975.4100000000003,0.0,3975.4100000000003,1296,0,275,0.00019360377742525013,0.8173247071586199,1095
22731,3D CHRISTMAS STAMPS STICKERS ,3974.37,42.5,3931.87,2965,34,266,0.00019355312908243206,0.8175182602877024,1096
21648,ASSORTED TUTTI FRUTTI SMALL PURSE,3968.98,274.4,3694.58,2950,256,231,0.00019329063430571168,0.8177115509220081,1097
21812,GARLAND WITH HEARTS AND BELLS,3957.09,128.70000000000002,3828.3900000000003,813,26,205,0.00019271158738637853,0.8179042625093945,1098
21034,REX CASH+CARRY JUMBO SHOPPER,3951.0499999999997,26.599999999999998,3924.45,4159,28,1902,0.0001924174373953968,0.8180966799467899,1099
18097C,WHITE TALL PORCELAIN T-LIGHT HOLDER,3942.77,571.8000000000001,3370.97,1770,292,211,0.0001920141986660378,0.8182886941454559,1100
22788,BROCANTE COAT RACK,3942.62,66.75,3875.87,476,7,84,0.0001920068936165929,0.8184807010390726,1101
23557,LANDMARK FRAME BAKER STREET ,3930.27,0.0,3930.27,350,0,32,0.0001914054445456287,0.8186721064836182,1102
22980,PANTRY SCRUBBING BRUSH,3914.9599999999996,124.04999999999998,3790.9099999999994,2366,81,291,0.00019065984249895158,0.8188627663261172,1103
46000M,POLYESTER FILLER PAD 45x45cm,3901.3500000000004,32.55,3868.8,2517,21,353,0.00018999703101265017,0.8190527633571298,1104
23049,RECYCLED ACAPULCO MAT RED,3896.84,24.75,3872.09,456,3,186,0.00018977739252600654,0.8192425407496559,1105
22314,OFFICE MUG WARMER CHOC+BLUE,3891.4300000000003,15.8,3875.63,1111,4,249,0.0001895139237426935,0.8194320546733985,1106
21192,WHITE BELL HONEYCOMB PAPER ,3888.9399999999996,69.6,3819.3399999999997,2169,48,216,0.00018939265992190795,0.8196214473333204,1107
37340,MULTICOLOUR SPRING FLOWER MUG,3886.43,501.2200000000001,3385.21,13671,4996,204,0.00018927042209452983,0.8198107177554149,1108
22790,"MIRROR, ARCHED GEORGIAN",3884.0000000000005,0.0,3884.0000000000005,200,0,1,0.0001891520802935223,0.8199998698357085,1109
23552,BICYCLE PUNCTURE REPAIR KIT ,3883.99,0.0,3883.99,1864,0,116,0.00018915159329022595,0.8201890214289987,1110
23032,DRAWER KNOB CRACKLE GLAZE IVORY,3876.7799999999997,75.89999999999999,3800.8799999999997,2342,46,199,0.00018880046391357396,0.8203778218929123,1111
22591,CARDHOLDER GINGHAM CHRISTMAS TREE,3874.5499999999997,214.7,3659.85,1355,82,208,0.000188691862178493,0.8205665137550908,1112
22118,JOY WOODEN BLOCK LETTERS,3873.0200000000004,9.9,3863.1200000000003,806,2,271,0.00018861735067415494,0.8207551311057649,1113
22843,BISCUIT TIN VINTAGE GREEN,3872.01,107.2,3764.81,597,16,177,0.00018856816334122587,0.8209436992691062,1114
22475,SKULL DESIGN TV DINNER TRAY,3871.65,29.700000000000003,3841.9500000000003,772,6,256,0.00018855063122255808,0.8211322499003287,1115
21055,TOOL BOX SOFT TOY ,3865.9399999999996,62.65,3803.29,389,7,222,0.00018827255234035516,0.8213205224526691,1116
22478,BIRDHOUSE GARDEN MARKER ,3855.91,2.5,3853.41,2778,2,317,0.0001877840880341389,0.8215083065407032,1117
22777,GLASS CLOCHE LARGE,3855.82,50.15,3805.67,457,6,100,0.000187779705004472,0.8216960862457077,1118
22272,Damaged,3851.2900000000004,2.95,3848.34,1372,1,300,0.00018755909251123572,0.8218836453382189,1119
23253,16 PIECE CUTLERY SET PANTRY DESIGN,3848.8599999999997,31.9,3816.96,258,2,70,0.00018744075071022815,0.8220710860889291,1120
21447,12 IVORY ROSE PEG PLACE SETTINGS,3846.38,1.25,3845.13,2779,1,336,0.000187319973892739,0.8222584060628219,1121
22778,GLASS CLOCHE SMALL,3844.46,250.77,3593.69,972,71,194,0.00018722646925984417,0.8224456325320817,1122
21067,VINTAGE RED TEATIME MUG,3840.67,39.760000000000005,3800.91,4771,36,266,0.0001870418950105361,0.8226326744270922,1123
23131,MISTLETOE HEART WREATH CREAM,3840.13,24.9,3815.2300000000005,943,6,115,0.00018701559683253444,0.8228196900239247,1124
23111,PARISIENNE SEWING BOX,3839.2400000000002,283.2,3556.04,312,24,138,0.00018697225353916133,0.8230066622774639,1125
85040B,SET/4 BLUE FLOWER CANDLES IN BOWL,3838.5299999999997,97.64999999999999,3740.8799999999997,2466,65,252,0.00018693767630512207,0.8231935999537691,1126
22965,3 TRADITIONAl BISCUIT CUTTERS  SET,3838.2400000000002,79.80000000000001,3758.4400000000005,1844,38,260,0.0001869235532095286,0.8233805235069785,1127
21846,PINK DIAMANTE PEN IN GIFT BOX,3833.4,81.85000000000001,3751.5499999999997,1625,27,264,0.00018668784361410617,0.8235672113505926,1128
71038,WHITE HANGING BEADS CANDLE HOLDER,3821.9500000000003,70.85,3751.1000000000004,723,13,144,0.00018613022483981144,0.8237533415754325,1129
72802A,ROSE SCENT CANDLE IN JEWELLED BOX,3806.9,185.09,3621.81,918,45,182,0.00018539728487883882,0.8239387388603113,1130
21100,Damaged,3806.5499999999997,6.6,3799.95,2547,4,269,0.00018538023976346737,0.8241241191000748,1131
23542,WALL ART 70'S ALPHABET ,3800.16,48.7,3751.46,506,6,89,0.00018506904465711421,0.8243091881447319,1132
22579,WOODEN TREE CHRISTMAS SCANDINAVIAN,3799.85,81.6,3718.2499999999995,7157,96,553,0.00018505394755492807,0.8244942420922868,1133
22458,Missing,3795.5699999999997,0.0,3795.5699999999997,1525,0,173,0.00018484551014409997,0.8246790876024309,1134
84016,FLAG OF ST GEORGE CAR FLAG,3791.67,50.3,3741.3700000000003,1004,60,62,0.00018465557885853236,0.8248637431812894,1135
21813,GARLAND WITH STARS AND BELLS,3791.11,103.95,3687.1600000000003,821,21,184,0.00018462830667393803,0.8250483714879634,1136
22292,HANGING CHICK  YELLOW DECORATION,3786.79,34.8,3751.99,2788,24,222,0.00018441792124992463,0.8252327894092133,1137
23299,FOOD COVER WITH BEADS SET 2 ,3784.13,30.0,3754.13,1015,8,146,0.00018428837837310158,0.8254170777875864,1138
21627,ELEPHANT CARNIVAL POUFFE,3781.2999999999997,78.7,3702.6,196,6,115,0.00018415055644024095,0.8256012283440267,1139
21743,STAR PORTABLE TABLE LIGHT ,3778.88,174.05,3604.8300000000004,1292,59,182,0.00018403270164252974,0.8257852610456693,1140
23092,LARGE ANTIQUE WHITE PHOTO FRAME,3773.5800000000004,77.75,3695.8300000000004,525,10,135,0.0001837745898954763,0.8259690356355648,1141
84356,POMPOM CURTAIN,3771.0400000000004,41.7,3729.34,750,6,133,0.00018365089105820917,0.826152686526623,1142
21329,DINOSAURS  WRITING SET ,3770.5599999999995,33.0,3737.5599999999995,2088,20,555,0.0001836275148999854,0.826336314041523,1143
85049C,ROMANTIC PINKS RIBBONS ,3770.04,31.25,3738.79,3000,25,500,0.0001836021907285764,0.8265199162322515,1144
23127,FELTCRAFT GIRL NICOLE KIT,3763.9500000000003,64.35000000000001,3699.6000000000004,737,13,194,0.0001833056057211131,0.8267032218379726,1145
22830,UTILTY CABINET WITH HOOKS,3760.71,0.0,3760.71,181,0,18,0.00018314781665310304,0.8268863696546257,1146
21845,DAIRY MAID STRIPE MUG,3759.2000000000003,111.04,3648.1600000000003,2522,64,158,0.00018307427915535763,0.827069443933781,1147
22544,MINI JIGSAW SPACEBOY,3758.2,38.22,3719.98,9386,91,341,0.0001830255788257249,0.8272524695126068,1148
22162,HEART GARLAND RUSTIC PADDED,3746.75,35.400000000000006,3711.3500000000004,1221,12,260,0.00018246796005143013,0.8274349374726582,1149
21795,SET OF 3 BLUE STRIPE BASKET,3734.9400000000005,12.75,3722.1900000000005,441,1,80,0.00018189280915846762,0.8276168302818167,1150
22494,EMERGENCY FIRST AID TIN ,3732.17,63.75,3668.42,2766,51,468,0.00018175790924538493,0.827798588191062,1151
23091,ZINC HERB GARDEN CONTAINER,3725.07,43.75,3681.32,591,7,209,0.00018141213690499257,0.827980000327967,1152
23182,TOILET SIGN OCCUPIED OR VACANT,3718.0899999999997,11.62,3706.47,3777,14,433,0.0001810722086041561,0.8281610725365712,1153
23064,CINDERELLA CHANDELIER ,3717.56,1514.05,2203.51,221,71,23,0.00018104639742945076,0.8283421189340007,1154
22782,SET 3 WICKER STORAGE BASKETS ,3712.2999999999997,0.0,3712.2999999999997,254,0,84,0.0001807902336955826,0.8285229091676962,1155
85232D,SET/3 DECOUPAGE STACKING TINS,3705.96,64.35000000000001,3641.61,715,13,223,0.0001804814736057111,0.8287033906413019,1156
22398,MAGNETS PACK OF 4 SWALLOWS,3705.37,120.0,3585.37,4254,96,430,0.00018045274041122777,0.8288838433817132,1157
21351,CINAMMON & ORANGE WREATH,3702.75,91.95,3610.8,1099,25,177,0.00018032514554759002,0.8290641685272607,1158
20692,FLORAL ELEPHANT SOFT TOY,3699.76,8.5,3691.26,912,2,139,0.00018017953156198818,0.8292443480588227,1159
21246,damaged,3685.63,39.6,3646.03,749,8,209,0.0001794913959042777,0.829423839454727,1160
23013,GLASS APOTHECARY BOTTLE TONIC,3678.11,23.7,3654.4100000000003,925,6,223,0.00017912516942543958,0.8296029646241524,1161
85040A,S/4 PINK FLOWER CANDLES IN BOWL,3677.8399999999997,72.6,3605.24,2088,44,400,0.0001791120203364387,0.8297820766444889,1162
20785,FUSCHIA RETRO BAR STOOL,3672.35,39.95,3632.4,102,1,36,0.00017884465552675503,0.8299609213000156,1163
84558A,3D DOG PICTURE PLAYING CARDS,3666.4600000000005,73.75,3592.7100000000005,1272,25,199,0.00017855781058521828,0.8301394791106008,1164
23497,CLASSIC CHROME BICYCLE BELL ,3660.37,17.4,3642.97,2561,12,195,0.00017826122557775494,0.8303177403361786,1165
23191,BUNDLE OF 3 RETRO NOTE BOOKS,3656.9399999999996,4.949999999999999,3651.99,2218,3,281,0.00017809418344711466,0.8304958345196257,1166
22769,CHALKBOARD KITCHEN ORGANISER,3656.86,400.15,3256.71,174,17,45,0.00017809028742074408,0.8306739248070465,1167
22823,CHEST NATURAL WOOD 20 DRAWERS,3655.0,0.0,3655.0,32,0,18,0.0001779997048076272,0.8308519245118541,1168
22962,JAM JAR WITH PINK LID,3647.73,72.97,3574.7599999999998,4374,86,354,0.00017764565341119723,0.8310295701652652,1169
21486,PINK HEART DOTS HOT WATER BOTTLE,3646.17,3.75,3642.42,1118,1,294,0.0001775696808969702,0.8312071398461622,1170
22589,CARDHOLDER GINGHAM STAR,3636.98,45.9,3591.08,1321,18,238,0.0001771221248676454,0.8313842619710299,1171
22774,RED DRAWER KNOB ACRYLIC EDWARDIAN,3636.06,34.81,3601.25,2827,28,184,0.0001770773205643833,0.8315613392915943,1172
23085,ANTIQUE SILVER BAUBLE LAMP  ,3635.23,128.75,3506.48,381,13,78,0.00017703689929078812,0.8317383761908851,1173
85114B,IVORY ENCHANTED FOREST PLACEMAT,3632.8999999999996,3.3,3629.6,2026,2,223,0.00017692342752274385,0.8319152996184078,1174
23294,SET OF 6 SNACK LOAF BAKING CASES,3631.0499999999997,10.79,3620.2599999999998,4420,13,354,0.0001768333319129233,0.8320921329503207,1175
22461,SAVOY ART DECO CLOCK,3620.56,625.6999999999999,2994.86,411,62,146,0.00017632246545507595,0.8322684554157758,1176
23210,WHITE ROCKING HORSE HAND PAINTED,3617.78,219.76,3398.02,2902,200,192,0.000176187078538697,0.8324446424943145,1177
21866,UNION JACK FLAG LUGGAGE TAG,3612.75,31.25,3581.5,2185,25,453,0.00017594211588064436,0.8326205846101952,1178
22944,CHRISTMAS METAL POSTCARD WITH BELLS,3592.9900000000002,311.21000000000004,3281.78,4882,301,158,0.00017497979736710162,0.8327955644075623,1179
21509,COWBOYS AND INDIANS BIRTHDAY CARD ,3592.2599999999998,10.08,3582.18,8708,24,628,0.00017494424612646972,0.8329705086536888,1180
22536,MAGIC DRAWING SLATE PURDEY,3589.18,47.81999999999999,3541.36,9098,131,365,0.0001747942491112009,0.8331453029028,1181
22704,WRAP RED APPLES ,3585.76,21.0,3564.76,8728,50,295,0.000174627693983857,0.8333199305967839,1182
21784,SHOE SHINE BOX ,3578.08,69.64999999999999,3508.43,294,7,178,0.0001742536754522776,0.8334941842722362,1183
21054,NURSE'S BAG SOFT TOY,3573.7999999999997,17.9,3555.8999999999996,386,2,182,0.0001740452380414495,0.8336682295102776,1184
84968F,SET OF 16 VINTAGE SKY BLUE CUTLERY,3571.77,0.0,3571.77,298,0,131,0.00017394637637229508,0.8338421758866499,1185
20784,RED RETRO BAR STOOL,3570.87,39.95,3530.92,101,1,37,0.0001739025460756256,0.8340160784327255,1186
23332,IVORY WICKER HEART LARGE,3570.7599999999998,3.3,3567.4599999999996,2076,2,287,0.000173897189039366,0.8341899756217649,1187
22334,DINOSAUR PARTY BAG + STICKER SET,3555.66,31.349999999999998,3524.31,2232,19,264,0.0001731618140619118,0.8343631374358268,1188
22603,CHRISTMAS RETROSPOT TREE WOOD,3553.79,11.049999999999999,3542.74,4145,13,388,0.0001730707444454986,0.8345362081802723,1189
21794,adjustment,3552.09,79.35,3472.7400000000002,713,13,178,0.00017298795388512298,0.8347091961341574,1190
20886,BOX OF 9 PEBBLE CANDLES,3551.92,11.7,3540.22,1783,6,308,0.0001729796748290854,0.8348821758089865,1191
22320,BIRDS MOBILE VINTAGE DESIGN,3550.9700000000003,136.85,3414.1200000000003,599,23,180,0.00017293340951593433,0.8350551092185025,1192
22176,amazon,3548.63,26.550000000000004,3522.0800000000004,1186,9,258,0.00017281945074459372,0.835227928669247,1193
22166,WALL MIRROR RECTANGLE DIAMANTE PINK,3536.7000000000003,63.6,3473.1,441,8,159,0.00017223845581207527,0.835400167125059,1194
20786,Damages,3533.9,79.9,3454.0,99,2,31,0.00017210209488910361,0.8355722692199481,1195
47505,MINATURE COLOURED GARDENING SET,3532.3700000000003,87.05000000000001,3445.32,738,19,178,0.00017202758338476554,0.8357442968033328,1196
21179,damaged,3529.54,4.68,3524.86,4294,12,505,0.00017188976145190491,0.8359161865647847,1197
22902,TOTE BAG I LOVE LONDON,3527.56,50.400000000000006,3477.1600000000003,1726,24,199,0.0001717933347992321,0.8360879798995839,1198
23353,6 GIFT TAGS VINTAGE CHRISTMAS ,3517.5199999999995,19.919999999999998,3497.6,4016,24,327,0.00017130438348971947,0.8362592842830736,1199
22939,ADULT APRON APPLE DELIGHT,3517.39,69.30000000000001,3448.09,703,14,181,0.00017129805244686723,0.8364305823355205,1200
22531,MAGIC DRAWING SLATE CIRCUS PARADE  ,3512.8,0.0,3512.8,8148,0,406,0.00017107451793385301,0.8366016568534543,1201
22765,NEWSPAPER STAND,3508.3,14.95,3493.35,311,1,53,0.00017085536645050574,0.8367725122199048,1202
23189,SET OF 12 FORK CANDLES,3507.51,2.89,3504.62,1249,1,141,0.00017081689319009587,0.8369433291130949,1203
84352,SILVER CHRISTMAS TREE BAUBLE STAND ,3505.58,118.65,3386.93,206,7,126,0.00017072290155390471,0.8371140520146488,1204
22076,6 RIBBONS EMPIRE  ,3496.7899999999995,0.0,3496.7899999999995,2357,0,375,0.000170294825656433,0.8372843468403053,1205
21469,POLKA DOT RAFFIA FOOD COVER,3482.01,67.5,3414.51,1165,50,210,0.00016957503478446127,0.8374539218750897,1206
21466,RED FLOWER CROCHET FOOD COVER,3479.79,0.0,3479.79,927,0,275,0.0001694669200526766,0.8376233887951424,1207
23232,WRAP VINTAGE LEAF DESIGN,3478.92,21.42,3457.5,8626,51,238,0.00016942455076589613,0.8377928133459083,1208
22309,TEA COSY RED  STRIPE,3466.73,66.3,3400.43,1334,26,266,0.00016883089374767317,0.8379616442396559,1209
22764,"RUSTIC WOODEN CABINET, GLASS DOORS",3462.49,93.8,3368.6899999999996,183,4,25,0.00016862440435003038,0.838130268644006,1210
21507,ELEPHANT BIRTHDAY CARD ,3460.45,10.08,3450.37,8235,24,584,0.00016852505567757962,0.8382987936996835,1211
23350,ROLL WRAP VINTAGE SPOT ,3456.33,30.0,3426.33,2721,24,305,0.00016832441031949276,0.838467118110003,1212
22172,METAL SHELF WITH RAIL ,3451.82,34.0,3417.82,378,4,185,0.00016810477183284915,0.8386352228818358,1213
23426,METAL SIGN DROP YOUR PANTS,3450.21,17.34,3432.87,1277,6,206,0.00016802636430214045,0.8388032492461379,1214
23388,WOODLAND MINI BACKPACK,3448.69,0.0,3448.69,825,0,154,0.0001679523398010987,0.838971201585939,1215
85123a,WHITE HANGING HEART T-LIGHT HOLDER,3444.02,0.0,3444.02,516,0,99,0.00016772490926171386,0.8391389264952007,1216
23536,WALL ART VILLAGE SHOW ,3442.13,23.8,3418.33,626,4,85,0.000167632865638708,0.8393065593608394,1217
23065,LARGE DECO JEWELLERY STAND,3439.94,12.5,3427.44,274,1,99,0.00016752621191681234,0.8394740855727563,1218
23156,SET OF 5 MINI GROCERY MAGNETS,3437.85,49.92,3387.9300000000003,1672,24,205,0.00016742442822787992,0.8396415100009842,1219
22440,BALLOON WATER BOMB PACK OF 35,3437.21,22.68,3414.53,8613,54,292,0.00016739326001691498,0.8398089032610011,1220
23354,6 GIFT TAGS 50'S CHRISTMAS ,3431.89,49.8,3382.0899999999997,3743,60,322,0.00016713417426326884,0.8399760374352644,1221
22452,MEASURING TAPE BABUSHKA PINK,3428.9,38.35000000000001,3390.55,1295,13,255,0.000166988560277667,0.840143025995542,1222
21364,PEACE SMALL WOOD LETTERS,3427.9700000000003,13.5,3414.4700000000003,471,2,167,0.00016694326897110856,0.8403099692645132,1223
23014,GLASS APOTHECARY BOTTLE ELIXIR,3427.4800000000005,35.55,3391.9300000000003,858,9,209,0.00016691940580958853,0.8404768886703228,1224
21039,RED RETROSPOT SHOPPING BAG,3423.6499999999996,40.8,3382.85,1313,16,228,0.00016673288354709514,0.8406436215538698,1225
37501,TEA TIME TEA SET IN GIFT BOX,3422.0,104.25,3317.75,484,15,177,0.00016665252800320115,0.840810274081873,1226
21902,"KEY FOB , FRONT  DOOR ",3419.0800000000004,37.050000000000004,3382.03,5376,57,474,0.00016651032304067361,0.8409767844049137,1227
22459,CAST IRON HOOK GARDEN TROWEL,3410.14,0.0,3410.14,1386,0,172,0.00016607494209375698,0.8411428593470075,1228
21191,LARGE WHITE HONEYCOMB PAPER BELL  ,3408.61,0.0,3408.61,1479,0,201,0.0001660004305894189,0.841308859777597,1229
84472,PINK AND LILAC QUILTED THROW ,3402.32,125.9,3276.42,87,3,30,0.00016569410551602905,0.841474553883113,1230
23239,SET OF 4 KNICK KNACK TINS POPPIES,3399.4900000000002,115.80000000000001,3283.69,853,28,178,0.00016555628358316842,0.8416401101666962,1231
21123,SET/10 IVORY POLKADOT PARTY CANDLES,3398.06,60.0,3338.06,2755,48,252,0.0001654866421117936,0.841805596808808,1232
22862,LOVE HEART NAPKIN BOX ,3394.47,17.0,3377.47,763,4,221,0.0001653118079284121,0.8419709086167364,1233
21327,SKULLS WRITING SET ,3386.7599999999998,0.0,3386.7599999999998,1931,0,495,0.00016493632838694374,0.8421358449451234,1234
22428,ENAMEL FIRE BUCKET CREAM,3386.62,104.25,3282.37,460,15,191,0.00016492951034079517,0.8423007744554641,1235
44230,SQUARE MIRROR CURTAIN,3381.6200000000003,77.91,3303.71,347,10,53,0.00016468600869263154,0.8424654604641568,1236
22822,CREAM WALL PLANTER HEART SHAPED,3379.25,11.9,3367.35,583,2,183,0.00016457058891140196,0.8426300310530682,1237
22047,EMPIRE GIFT WRAP,3372.0,89.0,3283.0,8300,250,261,0.00016421751152156467,0.8427942485645897,1238
21211,SET OF 72 SKULL PAPER  DOILIES,3369.99,17.4,3352.5899999999997,2408,12,237,0.00016411962385900287,0.8429583681884487,1239
22477,WATERING CAN GARDEN MARKER,3369.24,1.25,3367.99,2424,1,276,0.0001640830986117783,0.8431224512870605,1240
22223,CAKE PLATE LOVEBIRD PINK,3364.61,4.95,3359.6600000000003,727,1,175,0.0001638576160855788,0.8432863089031462,1241
84797A,PINK HAWAIIAN PICNIC HAMPER FOR 4,3361.25,0.0,3361.25,481,0,44,0.00016369398297801284,0.8434500028861242,1242
21917,SET 12 KIDS  WHITE CHALK STICKS,3336.82,8.82,3328.0,8040,21,467,0.00016250423392508525,0.8436125071200492,1243
20702,PINK PADDED MOBILE,3330.7,46.75,3283.95,790,11,245,0.0001622061879077329,0.843774713307957,1244
22136,LOVE HEART SOCK HANGER,3330.47,4.55,3325.9199999999996,1994,3,265,0.0001621949868319174,0.8439369082947888,1245
15058B,PINK POLKADOT GARDEN PARASOL,3327.67,69.15,3258.52,438,9,156,0.00016205862590894577,0.8440989669206977,1246
84828,JUNGLE POPSICLES ICE LOLLY MOULDS,3321.43,45.0,3276.43,2508,36,353,0.00016175473585203752,0.8442607216565498,1247
23395,BELLE JARDINIERE CUSHION COVER,3305.83,26.25,3279.58,761,7,210,0.00016099501070976693,0.8444217166672595,1248
22281,EASTER TREE YELLOW BIRDS,3303.71,95.2,3208.51,514,16,149,0.00016089176601094557,0.8445826084332705,1249
84813,SET OF 4 DIAMOND NAPKIN RINGS,3300.7599999999998,3.95,3296.81,422,1,99,0.000160748100038529,0.844743356533309,1250
84975,HEART SHAPED MIRROR,3300.2,15.21,3284.99,2010,9,212,0.00016072082785393468,0.8449040773611629,1251
22183,CAKE STAND VICTORIAN FILIGREE MED,3297.25,56.2,3241.05,586,9,209,0.0001605771618815181,0.8450646545230445,1252
22122,SET OF 2 FANCY FONT TEA TOWELS,3295.9800000000005,0.0,3295.9800000000005,1097,0,191,0.00016051531246288458,0.8452251698355073,1253
37410,BLACK AND WHITE PAISLEY FLOWER MUG,3288.65,7.5,3281.15,25707,6,33,0.00016015833904667665,0.845385328174554,1254
23308,SET OF 60 VINTAGE LEAF CAKE CASES ,3279.21,0.0,3279.21,6151,0,382,0.00015969860793494368,0.845545026782489,1255
22967,SET 3 SONG BIRD PAPER EGGS ASSORTED,3277.3100000000004,64.9,3212.4100000000003,1173,22,138,0.00015960607730864152,0.8457046328597977,1256
22762,CUPBOARD 3 DRAWER MA CAMPAGNE,3276.62,244.9,3031.72,204,18,133,0.0001595724740811949,0.8458642053338788,1257
22792,FLUTED ANTIQUE CANDLE HOLDER,3271.73,10.2,3261.5299999999997,3525,12,262,0.00015933432946929087,0.8460235396633481,1258
22794,SWEETHEART WIRE MAGAZINE RACK,3271.35,39.75,3231.6,389,5,209,0.00015931582334403042,0.8461828554866921,1259
21467,CHERRY CROCHET FOOD COVER,3271.25,18.75,3252.5,1027,5,254,0.00015931095331106715,0.8463421664400033,1260
21829,adjustment,3269.8999999999996,60.69,3209.21,15167,289,409,0.00015924520786606296,0.8465014116478693,1261
84031B,CHARLIE LOLA BLUE HOT WATER BOTTLE ,3267.6800000000003,64.19999999999999,3203.48,840,26,271,0.00015913709313427832,0.8466605487410036,1262
18098C,PORCELAIN BUTTERFLY OIL BURNER,3266.53,70.80000000000001,3195.73,1235,24,236,0.00015908108775520067,0.8468196298287588,1263
84510A,SET OF 4 ENGLISH ROSE COASTERS,3264.14,26.25,3237.89,2410,21,474,0.00015896469396737843,0.8469785945227262,1264
23053,RECYCLED ACAPULCO MAT PINK,3262.57,8.25,3254.32,365,1,164,0.00015888823444985505,0.847137482757176,1265
21477,STRING OF 20 ROSE LIGHTS,3248.94,257.24999999999994,2991.69,273,23,45,0.00015822444895696096,0.847295707206133,1266
22419,LIPSTICK PEN RED,3246.37,4.140000000000001,3242.23,6856,10,509,0.00015809928910980481,0.8474538064952428,1267
21732,RED HANGING METAL STAR TLIGHT HLDR,3244.57,10.530000000000001,3234.04,933,3,58,0.00015801162851646593,0.8476118181237593,1268
84849B,FAIRY SOAP SOAP HOLDER,3244.14,21.970000000000002,3222.17,1936,13,293,0.00015799068737472384,0.8477698088111341,1269
20992,JAZZ HEARTS PURSE NOTEBOOK,3243.2799999999997,0.0,3243.2799999999997,6179,0,433,0.00015794880509123967,0.8479277576162253,1270
84837,WHITE SWEETHEARTS CABINET 4 DRAWERS,3235.54,0.0,3235.54,253,0,143,0.00015757186453988238,0.8480853294807652,1271
22972,CHILDREN'S SPACEBOY MUG,3234.5899999999997,56.099999999999994,3178.49,1891,34,243,0.00015752559922673127,0.848242855079992,1272
23393,HOME SWEET HOME CUSHION COVER ,3230.41,78.75,3151.66,807,21,229,0.00015732203184886645,0.8484001771118408,1273
23230,WRAP ALPHABET DESIGN,3228.42,31.5,3196.92,8001,75,235,0.00015722511819289732,0.8485574022300337,1274
23035,DRAWER KNOB CERAMIC IVORY,3226.0899999999997,13.049999999999999,3213.04,2209,9,191,0.00015711164642485305,0.8487145138764586,1275
21830,ASSORTED CREEPY CRAWLIES,3225.92,247.67999999999998,2978.24,7754,672,256,0.0001571033673688155,0.8488716172438274,1276
23051,RECYCLED ACAPULCO MAT BLUE,3223.49,16.5,3206.99,365,2,162,0.00015698502556780796,0.8490286022693952,1277
21473,SWEETHEART CREAM STEEL TABLE RECT,3212.16,79.8,3132.3599999999997,157,4,90,0.00015643325083306914,0.8491850355202283,1278
22194,BLACK DINER WALL CLOCK,3212.1,51.0,3161.1,373,6,160,0.00015643032881329118,0.8493414658490416,1279
84944,SET OF 6 KASHMIR FOLKART BAUBLES,3210.7799999999997,244.45,2966.33,1149,93,194,0.00015636604437817598,0.8494978318934198,1280
79323GR,"Unsaleable, destroyed.",3209.36,1168.5,2040.8600000000001,532,194,83,0.0001562968899100975,0.8496541287833299,1281
79164,BLACK WINE GLASS,3208.25,36.599999999999994,3171.65,3665,24,91,0.00015624283254420517,0.8498103716158741,1282
84596F,SMALL MARSHMALLOWS PINK BOWL,3206.06,6.72,3199.34,4737,16,600,0.0001561361788223095,0.8499665077946964,1283
21628,TRIANGULAR POUFFE VINTAGE ,3200.23,59.8,3140.43,165,4,87,0.0001558522559005507,0.8501223600505969,1284
21333,CLASSIC WHITE FRAME,3197.9900000000002,59.02,3138.9700000000003,1059,18,222,0.0001557431671621734,0.8502781032177591,1285
23342,MINT DINER WALL CLOCK,3193.41,8.5,3184.91,375,1,163,0.00015552011965245545,0.8504336233374116,1286
21111,"SWISS ROLL TOWEL, CHOCOLATE  SPOTS",3188.4100000000003,20.650000000000002,3167.76,1380,7,214,0.00015527661800429182,0.8505888999554159,1287
22773,GREEN DRAWER KNOB ACRYLIC EDWARDIAN,3186.11,15.0,3171.11,2404,12,227,0.00015516460724613655,0.850744064562662,1288
22863,SOAP DISH BROCANTE,3184.31,38.35000000000001,3145.96,1113,13,169,0.00015507694665279763,0.8508991415093149,1289
21557,SET OF 6 FUNKY BEAKERS,3178.2400000000002,2.95,3175.29,935,1,302,0.00015478133565192696,0.8510539228449668,1290
22503,CABIN BAG VINTAGE PAISLEY,3178.02,546.6999999999999,2631.3199999999997,141,22,54,0.00015477062157940775,0.8512086934665463,1291
22406,MONEY BOX KINGS CHOICE DESIGN,3169.35,55.660000000000004,3113.69,2503,50,217,0.00015434838972149198,0.8513630418562678,1292
21949,SET OF 6 STRAWBERRY CHOPSTICKS,3164.18,7.5,3156.68,2598,6,269,0.00015409660901729078,0.8515171384652851,1293
21820,GLITTER HEART GARLAND WITH BELLS ,3162.39,112.5,3049.89,803,30,180,0.0001540094354272482,0.8516711479007123,1294
22700,BLACK AND WHITE DOG BOWL,3161.3,31.300000000000004,3130.0,1386,22,98,0.0001539563520679485,0.8518251042527802,1295
22702,BLACK AND WHITE CAT BOWL,3160.5199999999995,3.95,3156.5699999999997,1591,2,94,0.00015391836581083495,0.851979022618591,1296
21519,GIN & TONIC DIET GREETING CARD ,3160.0099999999998,15.120000000000001,3144.89,7380,36,553,0.0001538935286427223,0.8521329161472337,1297
82494l,WOODEN FRAME ANTIQUE WHITE ,3155.93,0.0,3155.93,378,0,86,0.00015369483129782074,0.8522866109785315,1298
21765,HANGING METAL BIRD BATH,3155.89,66.75,3089.14,381,9,143,0.00015369288328463543,0.8524403038618161,1299
23323,WHITE WICKER STAR ,3155.1800000000003,6.300000000000001,3148.88,1473,3,294,0.00015365830605059623,0.8525939621678668,1300
15058A,BLUE POLKADOT GARDEN PARASOL,3153.73,120.75,3032.98,476,17,148,0.00015358769057262874,0.8527475498584394,1301
22313,OFFICE MUG WARMER PINK,3151.02,647.4,2503.6200000000003,986,252,137,0.00015345571267932404,0.8529010055711187,1302
22325,MOBILE VINTAGE HEARTS ,3149.8900000000003,237.60000000000002,2912.29,701,48,224,0.00015340068130683909,0.8530544062524256,1303
21705,BAG 500g SWIRLY MARBLES,3145.7099999999996,41.49999999999999,3104.2099999999996,2534,26,225,0.00015319711392897424,0.8532076033663546,1304
82578,KITCHEN METAL SIGN,3134.7400000000002,7.15,3127.59,5605,13,704,0.00015266287131290323,0.8533602662376675,1305
22095,LADS ONLY TISSUE BOX,3129.98,119.88000000000001,3010.1,2987,107,284,0.0001524310577438514,0.8535126972954113,1306
22347,PIZZA SLICE DISH,3126.68,0.0,3126.68,2722,0,115,0.0001522703466560634,0.8536649676420675,1307
22891,TEA FOR ONE POLKADOT,3124.95,157.25,2967.7,649,37,230,0.00015218609508579878,0.8538171537371533,1308
21272,SALLE DE BAIN HOOK,3119.83,16.25,3103.58,2356,13,339,0.0001519367493980792,0.8539690904865513,1309
22154,ANGEL DECORATION 3 BUTTONS ,3117.42,85.67999999999999,3031.74,7219,204,317,0.00015181938160366434,0.854120909868155,1310
23346,SPACEBOY BEAKER,3117.34,7.5,3109.84,2632,6,184,0.00015181548557729373,0.8542727253537323,1311
22310,IVORY KNITTED MUG COSY ,3115.5899999999997,21.249999999999996,3094.3399999999997,1740,13,223,0.00015173026000043642,0.8544244556137328,1312
85227,SET OF 6 3D KIT CARDS FOR KIDS,3114.49,25.5,3088.99,3473,30,442,0.00015167668963784043,0.8545761323033707,1313
22177,5 HOOK BLACKBOARD ORGANISER ,3111.41,227.0,2884.41,326,25,125,0.00015152669262257163,0.8547276589959932,1314
21352,EUCALYPTUS & PINECONE  WREATH,3110.28,74.25,3036.03,880,11,158,0.00015147166125008664,0.8548791306572433,1315
20956,PORCELAIN T-LIGHT HOLDERS ASSORTED,3102.57,37.5,3065.07,2353,30,236,0.0001510961817086183,0.8550302268389519,1316
22572,ROCKING HORSE GREEN CHRISTMAS ,3102.48,2.55,3099.93,3457,3,362,0.00015109179867895135,0.8551813186376309,1317
22129,PARTY CONES CANDY DECORATION,3100.22,15.299999999999999,3084.9199999999996,3252,18,174,0.00015098173593398138,0.8553323003735649,1318
47504K,ENGLISH ROSE GARDEN SECATEURS,3098.8199999999997,28.98,3069.84,2656,22,312,0.00015091355547249555,0.8554832139290374,1319
84997d,CHILDRENS CUTLERY POLKADOT PINK,3097.3799999999997,0.0,3097.3799999999997,371,0,82,0.00015084342699782442,0.8556340573560351,1320
79072,TEATIME CAKE TIN WITH HANDLE,3093.15,149.25,2943.9,285,15,107,0.000150637424603478,0.8557846947806387,1321
84279B,CHERRY BLOSSOM DECORATIVE FLASK,3088.17,63.75,3024.42,811,17,215,0.000150394896961907,0.8559350896776006,1322
84912B,GREEN ROSE WASHBAG,3087.64,0.0,3087.64,1129,0,259,0.00015036908578720164,0.8560854587633878,1323
23461,SWEETHEART BIRD HOUSE,3082.71,16.6,3066.11,857,4,94,0.00015012899316211228,0.85623558775655,1324
22372,AIRLINE BAG VINTAGE WORLD CHAMPION ,3081.93,33.95,3047.98,606,7,287,0.00015009100690499875,0.856385678763455,1325
22963,JAM JAR WITH GREEN LID,3080.2599999999998,90.86,2989.4,3697,115,319,0.00015000967735451207,0.8565356884408094,1326
22757,LARGE RED BABUSHKA NOTEBOOK ,3073.93,1.25,3072.68,2699,1,308,0.0001497014042679369,0.8566853898450774,1327
21206,STRAWBERRY HONEYCOMB  GARLAND ,3071.2,18.15,3053.0499999999997,2157,11,238,0.00014956845236803955,0.8568349582974454,1328
22473,TV DINNER TRAY VINTAGE PAISLEY,3070.92,0.0,3070.92,811,0,209,0.0001495548162757424,0.8569845131137211,1329
20985,HEART CALCULATOR,3059.24,54.43,3004.81,2379,44,291,0.0001489859964256321,0.8571334991101468,1330
21408,SPOTTY PINK DUCK DOORSTOP,3057.71,21.25,3036.46,707,5,240,0.00014891148492129404,0.857282410595068,1331
23329,DECORATIVE WICKER HEART LARGE,3056.3399999999997,4.949999999999999,3051.39,1778,3,233,0.00014884476546969718,0.8574312553605378,1332
22037,ROBOT BIRTHDAY CARD,3055.86,5.04,3050.82,7102,12,634,0.00014882138931147348,0.8575800767498493,1333
21786,POLKADOT RAIN HAT ,3055.33,29.4,3025.93,7486,70,450,0.00014879557813676813,0.857728872327986,1334
22754,SMALL RED BABUSHKA NOTEBOOK ,3049.1099999999997,10.2,3038.91,3929,12,492,0.00014849266208645254,0.8578773649900725,1335
22067,CHOC TRUFFLE GOLD TRINKET POT ,3049.0199999999995,32.199999999999996,3016.8199999999997,1873,20,252,0.0001484882790567856,0.8580258532691293,1336
22208,WOOD STAMP SET THANK YOU,3046.8799999999997,31.409999999999997,3015.47,2375,25,433,0.00014838406035137157,0.8581742373294806,1337
23390,DOLLY GIRL MINI BACKPACK,3042.19,4.15,3038.04,751,1,163,0.0001481556558053941,0.858322392985286,1338
23242,TREASURE TIN BUFFALO BILL ,3037.11,56.160000000000004,2980.9500000000003,1476,27,214,0.00014790825813085982,0.8584703012434168,1339
15044C,PURPLE PAPER PARASOL,3036.11,13.95,3022.1600000000003,970,5,231,0.00014785955780122708,0.8586181608012181,1340
22712,CARD DOLLY GIRL ,3032.66,15.54,3017.12,7367,37,508,0.00014769154166399415,0.858765852342882,1341
22805,BLUE DRAWER KNOB ACRYLIC EDWARDIAN,3026.32,16.25,3010.07,2221,13,231,0.00014738278157412266,0.8589132351244562,1342
21626,VINTAGE UNION JACK PENNANT,3024.87,117.0,2907.87,1500,60,204,0.0001473121660961552,0.8590605472905524,1343
22402,MAGNETS PACK OF 4 VINTAGE COLLAGE,3016.45,17.5,2998.95,3436,14,250,0.0001469021093206476,0.859207449399873,1344
23231,WRAP  VINTAGE DOILY ,3008.34,0.0,3008.34,7277,0,260,0.00014650714964732617,0.8593539565495204,1345
22755,SMALL PURPLE BABUSHKA NOTEBOOK ,3004.43,10.2,2994.23,3784,12,499,0.0001463167313584622,0.8595002732808789,1346
84912A,PINK ROSE WASHBAG,2996.44,0.0,2996.44,1094,0,231,0.0001459276157246967,0.8596462008966036,1347
22925,AMAZON,2995.4700000000003,47.6,2947.8700000000003,489,8,191,0.00014588037640495295,0.8597920812730085,1348
22375,AIRLINE BAG VINTAGE JET SET BROWN,2994.74,10.6,2984.14,595,2,284,0.00014584482516432105,0.8599379260981729,1349
22132,RED LOVE HEART SHAPE CUP,2993.21,10.2,2983.0099999999998,3349,12,388,0.00014577031365998298,0.8600836964118329,1350
21354,TOAST ITS - BEST MUM,2981.96,0.0,2981.96,2478,0,217,0.00014522243495161476,0.8602289188467845,1351
22816,CARD MOTORBIKE SANTA,2976.13,20.16,2955.97,6916,48,436,0.00014493851202985596,0.8603738573588144,1352
22519,CHILDS GARDEN BRUSH PINK,2972.9700000000003,29.400000000000002,2943.57,1427,14,258,0.00014478461898821655,0.8605186419778027,1353
22674,FRENCH TOILET SIGN BLUE METAL,2962.58,17.5,2945.08,2382,14,297,0.00014427862256333245,0.8606629206003661,1354
22905,CALENDAR IN SEASON DESIGN,2960.1200000000003,0.0,2960.1200000000003,1078,0,194,0.00014415881975243596,0.8608070794201185,1355
84997c,CHILDRENS CUTLERY POLKADOT BLUE,2958.87,0.0,2958.87,353,0,75,0.00014409794434039504,0.8609511773644589,1356
22664,TOY TIDY DOLLY GIRL DESIGN,2956.29,25.2,2931.09,1430,12,266,0.0001439722974899426,0.8610951496619489,1357
22927,GREEN GIANT GARDEN THERMOMETER,2948.57,83.3,2865.27,468,14,162,0.00014359633094517793,0.8612387459928941,1358
22990,COTTON APRON PANTRY DESIGN,2942.1800000000003,553.6999999999999,2388.48,638,126,164,0.00014328513583882477,0.8613820311287329,1359
23211,RED ROCKING HORSE HAND PAINTED,2933.07,30.0,2903.07,2331,24,160,0.00014284147583587062,0.8615248726045688,1360
22277,COSMETIC BAG VINTAGE ROSE PAISLEY,2931.69,4.2,2927.4900000000002,1402,2,250,0.00014277426938097743,0.8616676468739498,1361
85049D,BRIGHT BLUES RIBBONS ,2930.46,0.0,2930.46,2336,0,400,0.00014271436797552917,0.8618103612419253,1362
21948,SET OF 6 CAKE CHOPSTICKS,2923.86,0.0,2923.86,2295,0,267,0.00014239294579995317,0.8619527541877253,1363
21214,SET OF 72 IVORY PAPER DOILIES,2922.27,1.45,2920.8199999999997,2007,1,199,0.00014231551227583713,0.8620950697000012,1364
23056,FLOWERS CHANDELIER T-LIGHT HOLDER,2916.87,1859.07,1057.8000000000002,966,579,39,0.00014205253049582038,0.862237122230497,1365
21821,GLITTER STAR GARLAND WITH BELLS ,2915.35,48.75,2866.6,726,13,153,0.00014197850599477862,0.8623791007364917,1366
22518,CHILDS GARDEN BRUSH BLUE,2914.5000000000005,0.0,2914.5000000000005,1405,0,266,0.00014193711071459084,0.8625210378472064,1367
22955,36 FOIL STAR CAKE CASES ,2908.36,0.0,2908.36,1459,0,185,0.00014163809069064586,0.862662675937897,1368
22293,HANGING CHICK GREEN DECORATION,2903.7,34.8,2868.8999999999996,2064,24,225,0.00014141114715455732,0.8628040870850516,1369
23290,SPACEBOY CHILDRENS BOWL,2899.1000000000004,12.5,2886.6000000000004,2437,10,214,0.0001411871256382468,0.8629452742106899,1370
22897,OVEN MITT APPLES DESIGN,2897.65,60.9,2836.75,1958,42,298,0.00014111651016027933,0.8630863907208501,1371
22184,CAKE STAND VICTORIAN FILIGREE LARGE,2895.57,134.8,2760.77,390,18,146,0.00014101521347464324,0.8632274059343248,1372
23345, DOLLY GIRL BEAKER,2891.25,8.75,2882.5,2455,7,174,0.00014080482805062984,0.8633682107623755,1373
20752,BLUE POLKADOT WASHING UP GLOVES,2887.1000000000004,6.300000000000001,2880.8,1509,3,358,0.00014060272168265405,0.8635088134840582,1374
21709,FOLDING UMBRELLA CHOCOLATE POLKADOT,2886.62,0.0,2886.62,698,0,117,0.0001405793455244303,0.8636493928295826,1375
22811,SET OF 6 T-LIGHTS CACTI ,2884.13,2.95,2881.18,1021,1,140,0.00014045808170364482,0.8637898509112862,1376
21688,mixed up,2881.05,17.700000000000003,2863.3500000000004,924,6,142,0.000140308084688376,0.8639301589959746,1377
21465,PINK FLOWER CROCHET FOOD COVER,2879.3900000000003,7.5,2871.8900000000003,794,2,187,0.0001402272421411857,0.8640703862381157,1378
22949,SET OF 36 DOLLY GIRL PAPER DOILIES,2875.5899999999997,26.099999999999998,2849.49,2022,18,177,0.0001400421808885813,0.8642104284190043,1379
23427,STOOL HOME SWEET HOME ,2873.08,22.9,2850.18,238,2,114,0.00013991994306120314,0.8643503483620655,1380
22480,RED TEA TOWEL CLASSIC DESIGN,2873.06,0.0,2873.06,2376,0,263,0.00013991896905461048,0.8644902673311201,1381
21324,HANGING MEDINA LANTERN SMALL,2869.31,140.1,2729.21,1022,54,175,0.00013973634281848774,0.8646300036739386,1382
23212,HEART WREATH DECORATION WITH BELL,2865.89,75.0,2790.89,2300,60,186,0.00013956978769114382,0.8647695734616297,1383
22581,WOOD STOCKING CHRISTMAS SCANDISPOT,2861.98,1.7,2860.2799999999997,3576,2,380,0.00013937936940227984,0.864908952831032,1384
21424,WOODLAND STORAGE BOX LARGE ,2861.64,151.9,2709.7400000000002,955,58,142,0.00013936281129020472,0.8650483156423222,1385
23504,PLAYING CARDS JUBILEE UNION JACK,2857.64,0.0,2857.64,1934,0,208,0.0001391680099716738,0.8651874836522939,1386
22983,CARD BILLBOARD FONT,2853.63,68.75999999999999,2784.87,6719,181,551,0.00013897272164984655,0.8653264563739438,1387
22930,BAKING MOULD HEART MILK CHOCOLATE,2849.35,201.60000000000002,2647.75,1109,96,189,0.00013876428423901846,0.8654652206581828,1388
23196,VINTAGE LEAF MAGNETIC NOTEPAD,2848.04,18.849999999999998,2829.19,1876,13,298,0.0001387004868071996,0.86560392114499,1389
21439,BASKET OF TOADSTOOLS,2838.79,432.48,2406.31,2260,408,240,0.00013825000875809684,0.8657421711537481,1390
22576,SWALLOW WOODEN CHRISTMAS DECORATION,2838.48,5.1,2833.3799999999997,3136,6,330,0.0001382349116559107,0.865880406065404,1391
22710,WRAP I LOVE LONDON ,2821.28,52.5,2768.78,7184,125,173,0.00013739726598622777,0.8660178033313902,1392
35001W,HAND OPEN SHAPE DECO.WHITE,2820.65,66.81,2753.84,887,21,190,0.00013736658477855914,0.8661551699161688,1393
22217,T-LIGHT HOLDER HANGING LACE,2819.81,70.0,2749.81,2378,56,214,0.00013732567650166764,0.8662924955926705,1394
21508,VINTAGE KID DOLLY CARD ,2818.7,5.04,2813.66,6740,12,541,0.0001372716191357753,0.8664297672118063,1395
22671,FRENCH LAUNDRY SIGN BLUE METAL,2817.9399999999996,6.3999999999999995,2811.5399999999995,1692,4,246,0.00013723460688525442,0.8665670018186916,1396
22450,SILK PURSE BABUSHKA BLUE,2811.6800000000003,36.85,2774.83,838,11,180,0.00013692974282175356,0.8667039315615134,1397
22974,CHILDRENS DOLLY GIRL MUG,2810.66,33.0,2777.66,1645,20,211,0.00013688006848552815,0.8668408116299989,1398
21360,Show Samples,2800.36,19.9,2780.46,442,2,100,0.00013637845509031104,0.8669771900850892,1399
21728,METAL MEDINA LANTERN ,2798.61,25.5,2773.11,300,2,40,0.00013629322951345377,0.8671134833146027,1400
84909A,PINK PAISLEY QUILT ,2797.55,0.0,2797.55,209,0,30,0.00013624160716404308,0.8672497249217668,1401
22696,WICKER WREATH LARGE,2796.68,0.0,2796.68,1418,0,288,0.00013619923787726258,0.867385924159644,1402
85199S,SMALL HANGING IVORY/RED WOOD BIRD,2794.74,10.08,2784.66,6035,24,486,0.0001361047592377751,0.8675220289188817,1403
84519A,TOMATO CHARLIE+LOLA COASTER SET,2791.4,0.0,2791.4,1201,0,203,0.0001359421001368018,0.8676579710190185,1404
22101,MIRROR MOSAIC VOTIVE HOLDER,2790.27,128.45999999999998,2661.81,1909,325,116,0.00013588706876431679,0.8677938580877829,1405
21796,SET OF 3 RED STRIPE BASKETS,2782.19,0.0,2782.19,324,0,67,0.00013549357010088435,0.8679293516578838,1406
23396,LE JARDIN BOTANIQUE CUSHION COVER,2780.5299999999997,15.0,2765.5299999999997,662,4,196,0.000135412727553694,0.8680647643854374,1407
22081,RIBBON REEL FLORA + FAUNA ,2779.19,67.65,2711.54,1570,41,302,0.00013534746911198614,0.8682001118545495,1408
21188,3D HEARTS  HONEYCOMB PAPER GARLAND,2771.34,89.64999999999999,2681.69,912,35,128,0.00013496517152436924,0.8683350770260738,1409
22597,MUSICAL ZINC HEART DECORATION ,2768.92,28.9,2740.02,4617,34,291,0.00013484731672665804,0.8684699243428005,1410
21682,LARGE MEDINA STAMPED METAL BOWL ,2767.59,19.8,2747.79,559,4,152,0.0001347825452882465,0.8686047068880887,1411
85132B,CHARLIE AND LOLA TABLE TINS,2767.53,19.9,2747.63,919,2,123,0.00013477962326846854,0.8687394865113571,1412
22416,SET OF 36 SPACEBOY PAPER DOILIES,2764.81,8.7,2756.1099999999997,1971,6,176,0.0001346471583718675,0.868874133669729,1413
23190,BUNDLE OF 3 SCHOOL EXERCISE BOOKS  ,2761.8999999999996,3.3,2758.5999999999995,1702,2,202,0.00013450544041263625,0.8690086391101416,1414
22145,CHRISTMAS CRAFT HEART STOCKING ,2761.0600000000004,12.6,2748.46,1310,6,197,0.00013446453213574478,0.8691431036422773,1415
51014C,"FEATHER PEN,COAL BLACK",2760.8599999999997,182.34,2578.52,4292,326,265,0.0001344547920698182,0.8692775584343472,1416
22315,200 RED + WHITE BENDY STRAWS,2759.51,6.25,2753.26,2144,5,387,0.00013438904662481404,0.869411947480972,1417
22675,FRENCH KITCHEN SIGN BLUE METAL,2758.7,35.0,2723.7,2230,28,270,0.0001343495993578115,0.8695462970803297,1418
23266,SET OF 3 WOODEN STOCKING DECORATION,2757.57,15.0,2742.57,2064,12,319,0.00013429456798532655,0.869680591648315,1419
21683,MEDIUM MEDINA STAMPED METAL BOWL ,2757.4700000000003,2.95,2754.5200000000004,936,1,152,0.00013428969795236328,0.8698148813462674,1420
23147,SINGLE ANTIQUE ROSE HOOK IVORY,2755.1,21.75,2733.35,1870,15,261,0.00013417427817113368,0.8699490556244385,1421
15058C,ICE CREAM DESIGN GARDEN PARASOL,2753.72,23.8,2729.92,470,4,122,0.0001341070717162405,0.8700831626961547,1422
84795C,OCEAN STRIPE HAMMOCK ,2752.59,7.95,2744.6400000000003,325,1,131,0.00013405204034375555,0.8702172147364985,1423
22525,CHILDRENS GARDEN GLOVES PINK,2752.54,18.75,2733.79,1949,15,328,0.0001340496053272739,0.8703512643418257,1424
85015,SET OF 12  VINTAGE POSTCARD SET,2751.3,0.0,2751.3,2910,0,254,0.00013398921691852933,0.8704852535587443,1425
23341,PINK DINER WALL CLOCK,2749.85,0.0,2749.85,308,0,121,0.00013391860144056186,0.8706191721601848,1426
22482,BLUE TEA TOWEL CLASSIC DESIGN,2748.18,0.0,2748.18,2326,0,214,0.0001338372718900752,0.8707530094320749,1427
22066,LOVE HEART TRINKET POT,2745.5499999999997,10.65,2734.9,3458,11,273,0.0001337091900231411,0.870886718622098,1428
23100,SILVER BELLS TABLE DECORATION,2743.13,1.25,2741.88,2169,1,257,0.00013359133522542992,0.8710203099573234,1429
21693,mixed up,2743.0200000000004,0.0,2743.0200000000004,903,0,120,0.00013358597818917035,0.8711538959355125,1430
22161,HEART DECORATION RUSTIC HANGING ,2739.69,28.880000000000003,2710.81,6731,88,489,0.00013342380609149333,0.871287319741604,1431
22650,CERAMIC PIRATE CHEST MONEY BANK,2736.73,53.64999999999999,2683.08,1799,37,282,0.00013327965311578046,0.8714205993947198,1432
22818,CARD CHRISTMAS VILLAGE,2735.98,60.48,2675.5,6326,144,404,0.0001332431278685559,0.8715538425225884,1433
47503J,SET/3 FLORAL GARDEN TOOLS IN BAG,2735.5099999999998,151.05,2584.46,345,19,75,0.0001332202387136285,0.871687062761302,1434
85183B,CHARLIE & LOLA WASTEPAPER BIN FLORA,2731.7599999999998,131.25,2600.5099999999998,1725,35,171,0.00013303761247750577,0.8718201003737795,1435
21788,KIDS RAIN MAC BLUE,2729.3399999999997,61.849999999999994,2667.49,3380,73,206,0.00013291975767979456,0.8719530201314594,1436
23407,SET OF 2 TRAYS HOME SWEET HOME,2729.33,59.699999999999996,2669.6299999999997,267,6,133,0.00013291927067649826,0.8720859394021359,1437
22914,BLUE COAT RACK PARIS FASHION,2725.61,24.75,2700.86,571,5,170,0.0001327381054502645,0.8722186775075861,1438
22651,GENTLEMAN SHIRT REPAIR KIT ,2724.2599999999998,0.0,2724.2599999999998,3179,0,270,0.0001326723600052603,0.8723513498675913,1439
21808,"CHRISTMAS GARLAND STARS,TREES",2723.03,155.0,2568.03,1003,46,144,0.00013261245859981207,0.8724839623261912,1440
23333,IVORY WICKER HEART MEDIUM,2721.7,15.0,2706.7,2110,12,233,0.0001325476871614005,0.8726165100133526,1441
21744,SNOWFLAKE PORTABLE TABLE LIGHT ,2720.76,17.700000000000003,2703.0600000000004,906,6,217,0.00013250190885154576,0.8727490119222041,1442
22231,JIGSAW TREE WITH BIRDHOUSE,2718.87,150.15,2568.72,2140,107,297,0.00013240986522853988,0.8728814217874327,1443
23164,REGENCY CAKE SLICE,2718.65,4.95,2713.7000000000003,578,1,92,0.0001323991511560207,0.8730138209385887,1444
47480,HANGING PHOTO CLIP ROPE LADDER,2717.2799999999997,24.749999999999996,2692.5299999999997,1640,15,150,0.00013233243170442384,0.8731461533702931,1445
22155,STAR DECORATION RUSTIC,2716.33,22.26,2694.07,6031,53,340,0.00013228616639127276,0.8732784395366844,1446
21096,SET/6 FRUIT SALAD  PAPER PLATES,2715.96,911.0400000000001,1804.92,15924,7008,143,0.00013226814726930865,0.8734107076839537,1447
22524,CHILDRENS GARDEN GLOVES BLUE,2713.23,17.5,2695.73,1925,14,293,0.0001321351953694113,0.873542842879323,1448
85035C,ROSE 3 WICK MORRIS BOX CANDLE,2712.6,12.75,2699.85,1371,3,197,0.00013210451416174266,0.8736749473934848,1449
21224,SET/4 SKULL BADGES,2709.41,27.5,2681.91,2185,22,312,0.00013194916011021428,0.873806896553595,1450
23489,VINTAGE BELLS GARLAND,2709.23,0.0,2709.23,913,0,159,0.00013194039405088037,0.8739388369476458,1451
22479,DAISY GARDEN MARKER,2706.19,0.0,2706.19,1951,0,214,0.0001317923450487969,0.8740706292926946,1452
23292,SPACEBOY CHILDRENS CUP,2704.58,26.25,2678.33,2182,21,222,0.0001317139375180882,0.8742023432302127,1453
22436,12 COLOURED PARTY BALLOONS,2701.35,17.55,2683.8,4237,27,289,0.00013155663545337448,0.8743338998656661,1454
23264,SET OF 3 WOODEN SLEIGH DECORATIONS,2694.56,1.25,2693.31,1966,1,299,0.00013122596021516823,0.8744651258258813,1455
22495,SET OF 2 ROUND TINS CAMEMBERT ,2688.2200000000003,17.700000000000003,2670.5200000000004,942,6,237,0.00013091720012529674,0.8745960430260066,1456
21204,DAISIES  HONEYCOMB GARLAND ,2682.99,71.25,2611.74,1608,49,205,0.00013066249740131754,0.8747267055234079,1457
21923,RED/CREAM STRIPE FRINGE HAMMOCK,2678.54,15.9,2662.6400000000003,339,2,119,0.0001304457809344519,0.8748571513043424,1458
90057,DIAMANTE RING ASSORTED IN BOX.,2675.88,0.0,2675.88,1804,0,37,0.00013031623805762884,0.8749874675424,1459
22028,PENNY FARTHING BIRTHDAY CARD,2675.21,10.08,2665.13,6368,24,507,0.0001302836088367749,0.8751177511512368,1460
21742,LARGE ROUND WICKER PLATTER ,2665.13,0.0,2665.13,440,0,193,0.00012979270951407701,0.8752475438607509,1461
22270,HAPPY EASTER HANGING DECORATION,2664.92,96.78,2568.14,692,26,153,0.00012978248244485414,0.8753773263431958,1462
22500,SET OF 2 TINS JARDIN DE PROVENCE,2660.96,19.8,2641.1600000000003,585,4,198,0.00012958962913950852,0.8755069159723353,1463
21897,POTTING SHED CANDLE CITRONELLA,2659.0600000000004,14.750000000000002,2644.3100000000004,872,5,106,0.00012949709851320634,0.8756364130708485,1464
85049B,Amazon,2658.3,0.0,2658.3,2130,0,338,0.00012946008626268547,0.8757658731571112,1465
23146,TRIPLE HOOK ANTIQUE IVORY ROSE,2655.13,164.1,2491.03,801,50,227,0.0001293057062177497,0.8758951788633289,1466
22152,PLACE SETTING WHITE STAR,2653.2,4.62,2648.58,6267,11,241,0.00012921171458155854,0.8760243905779105,1467
22094,RED RETROSPOT TISSUE BOX,2652.25,73.72,2578.53,3563,92,339,0.00012916544926840743,0.8761535560271789,1468
22713,CARD I LOVE LONDON ,2651.4,8.4,2643.0,6168,20,368,0.00012912405398821962,0.8762826800811672,1469
72800E,4 IVORY DINNER CANDLES SILVER FLOCK,2648.8,9.48,2639.32,1410,12,286,0.00012899743313117453,0.8764116775142984,1470
22376,AIRLINE BAG VINTAGE JET SET WHITE,2647.0299999999997,0.0,2647.0299999999997,532,0,246,0.0001289112335477246,0.8765405887478461,1471
85049F,BABY BOOM RIBBONS ,2642.75,31.25,2611.5,2117,25,314,0.0001287027961368965,0.876669291543983,1472
22146,EASTER CRAFT IVY WREATH WITH CHICK,2640.93,77.7,2563.23,1417,46,107,0.00012861416153696494,0.87679790570552,1473
22758,LARGE PURPLE BABUSHKA NOTEBOOK  ,2638.35,37.5,2600.85,2453,30,314,0.0001284885146865125,0.8769263942202065,1474
84754,S/15 SILVER GLASS BAUBLES IN BAG,2637.09,155.14000000000001,2481.95,2085,146,218,0.00012842715227117526,0.8770548213724776,1475
84012,MAGIC SHEEP WOOL GROWING FROM PAPER,2633.57,102.0,2531.57,1840,120,179,0.00012825572711086807,0.8771830770995884,1476
82597,BOMBS AWAY METAL SIGN,2624.26,5.89,2618.3700000000003,1236,3,215,0.00012780232704198734,0.8773108794266304,1477
84849D,HOT BATHS SOAP HOLDER,2621.65,40.56,2581.09,1560,24,260,0.00012767521918164592,0.8774385546458121,1478
23054,RECYCLED ACAPULCO MAT LAVENDER,2621.43,8.25,2613.18,297,1,130,0.00012766450510912671,0.8775662191509213,1479
47585A,PINK FAIRY CAKE CUSHION COVER,2620.38,18.75,2601.63,1086,13,148,0.00012761336976301234,0.8776938325206842,1480
21422,PORCELAIN ROSE SMALL,2619.17,3.4,2615.77,3160,4,147,0.00012755444236415674,0.8778213869630483,1481
72799E,IVORY PILLAR CANDLE SILVER FLOCK,2618.34,17.700000000000003,2600.6400000000003,1238,6,178,0.00012751402109056157,0.8779489009841389,1482
22046,TEA PARTY  WRAPPING PAPER ,2613.5,14.28,2599.22,6375,34,208,0.00012727831149513915,0.8780761792956341,1483
22439,6 ROCKET BALLOONS ,2612.6600000000003,48.75,2563.9100000000003,3912,75,363,0.00012723740321824768,0.8782034166988524,1484
85034B,3 WHITE CHOC MORRIS BOXED CANDLES,2611.64,0.0,2611.64,1187,0,152,0.00012718772888202227,0.8783306044277344,1485
37502,TEA TIME MUG IN GIFT BOX,2611.59,2.95,2608.6400000000003,872,1,171,0.00012718529386554066,0.8784577897215999,1486
85034C,3 ROSE MORRIS BOXED CANDLES,2609.15,85.75,2523.4,1318,23,197,0.0001270664650612368,0.8785848561866612,1487
90062,CARNIVAL BRACELET,2604.17,63.75,2540.42,205,5,109,0.0001268239374196658,0.8787116801240809,1488
22190,LOCAL CAFE MUG,2591.67,2.1,2589.57,1400,1,242,0.00012621518329925668,0.8788378953073801,1489
22933,BAKING MOULD EASTER EGG MILK CHOC,2585.92,337.80000000000007,2248.1200000000003,940,156,122,0.0001259351564038685,0.878963830463784,1490
21818,GLITTER HEART DECORATION,2584.69,0.0,2584.69,4238,0,285,0.00012587525499842023,0.8790897057187824,1491
21589,SWALLOW GIANT TUBE MATCHES,2583.4500000000003,30.599999999999998,2552.85,1119,12,88,0.00012581486658967564,0.8792155205853721,1492
21171,BATHROOM METAL SIGN ,2581.17,0.0,2581.17,1847,0,260,0.000125703829838113,0.8793412244152102,1493
21642,ASSORTED TUTTI FRUTTI PEN,2578.87,172.33999999999997,2406.5299999999997,4418,266,251,0.00012559181907995773,0.8794668162342902,1494
21653,GLASS ETCHED T-LIGHT HOLDER LARGE,2576.17,14.700000000000001,2561.4700000000003,1251,7,111,0.00012546032818994937,0.8795922765624802,1495
22471,TV DINNER TRAY AIR HOSTESS ,2573.71,11.85,2561.86,628,3,176,0.00012534052537905286,0.8797176170878592,1496
22937,BAKING MOULD CHOCOLATE CUPCAKES,2568.3399999999997,33.15,2535.19,974,13,160,0.00012507900460892508,0.8798426960924681,1497
21288,STRIPEY CHOCOLATE NESTING BOXES,2566.32,64.15,2502.17,985,25,224,0.000124980629943067,0.8799676767224112,1498
22735,RIBBON REEL SOCKS AND MITTENS,2566.13,0.0,2566.13,1449,0,231,0.00012497137688043675,0.8800926480992916,1499
22828,REGENCY MIRROR WITH SHUTTERS,2565.0,290.0,2275.0,17,2,11,0.00012491634550795177,0.8802175644447995,1500
22342,HOME GARLAND PAINTED ZINC ,2562.4999999999995,96.29999999999998,2466.2,1842,70,230,0.00012479459468386992,0.8803423590394833,1501
85035B,check,2552.04,0.0,2552.04,989,0,131,0.0001242851892359116,0.8804666442287192,1502
20960,WATERMELON BATH SPONGE,2550.84,0.0,2550.84,1900,0,215,0.00012422674884035232,0.8805908709775596,1503
21898,POTTING SHED ROSE CANDLE,2544.71,0.0,2544.71,829,0,113,0.0001239282158197037,0.8807147991933794,1504
21792,CLASSIC FRENCH STYLE BASKET GREEN ,2538.13,84.95,2453.18,497,13,141,0.00012360776765072033,0.8808384069610301,1505
21215,IVORY PAPER CUP CAKE CASES ,2537.73,17.64,2520.09,4356,42,291,0.00012358828751886725,0.880961995248549,1506
20787,damaged,2535.1,0.0,2535.1,69,0,30,0.00012346020565193316,0.8810854554542009,1507
21203,BUTTERFLIES  HONEYCOMB GARLAND,2530.2999999999997,71.25,2459.0499999999997,1541,49,145,0.00012322644406969604,0.8812086818982706,1508
23424,GINGHAM RECIPE BOOK BOX,2529.42,4.95,2524.47,466,1,135,0.00012318358777961926,0.8813318654860502,1509
23681,LUNCH BAG RED VINTAGE DOILY,2526.69,0.0,2526.69,1577,0,132,0.0001230506358797219,0.8814549161219299,1510
21323,HANGING MEDINA LANTERN LARGE,2523.89,12.75,2511.14,744,3,80,0.00012291427495675025,0.8815778303968866,1511
22415,WHITE TISSUE REAM,2520.15,0.0,2520.15,317,0,204,0.00012273213572392384,0.8817005625326105,1512
21431,GREEN GINGHAM FLOWER JEWELLERY BOX,2519.6099999999997,3.3,2516.31,1488,2,278,0.00012270583754592215,0.8818232683701565,1513
22153,ANGEL DECORATION STARS ON DRESS,2516.62,69.72,2446.9,5818,166,283,0.0001225602235603203,0.8819458285937167,1514
23316,RED REFECTORY CLOCK ,2511.59,9.95,2501.64,251,1,110,0.00012231526090226768,0.882068143854619,1515
85054,FRENCH ENAMEL POT W LID,2506.82,20.200000000000003,2486.6200000000003,920,8,204,0.00012208296032991956,0.8821902268149489,1516
82567,"AIRLINE LOUNGE,METAL SIGN",2505.28,2.1,2503.1800000000003,1210,1,489,0.00012200796182228516,0.8823122347767711,1517
85041,SET/4 PINK ORCHID CANDLES IN BOWL,2498.12,23.099999999999998,2475.02,1858,14,92,0.0001216592674621148,0.8824338940442332,1518
23367,SET 12 COLOUR PENCILS SPACEBOY ,2495.75,10.4,2485.35,3285,16,282,0.00012154384768088524,0.8825554378919142,1519
21680,WOODLAND  STICKERS,2493.8799999999997,25.5,2468.3799999999997,2870,30,268,0.00012145277806447201,0.8826768906699787,1520
22091,EMPIRE TISSUE BOX,2492.73,68.75,2423.98,3190,55,324,0.00012139677268539439,0.8827982874426641,1521
22829,SWEETHEART WIRE WALL TIDY,2488.47,87.9,2400.5699999999997,243,10,118,0.00012118930928115896,0.8829194767519453,1522
21924,BLUE/CREAM STRIPE FRINGE HAMMOCK,2486.6600000000003,79.5,2407.1600000000003,315,10,123,0.00012110116168452374,0.8830405779136298,1523
85206B,PINK FELT EASTER EGG BASKET,2485.5499999999997,23.099999999999998,2462.45,1543,14,183,0.00012104710431863138,0.8831616250179484,1524
22742,MAKE YOUR OWN PLAYTIME CARD KIT,2484.94,5.9,2479.0400000000004,1006,2,180,0.00012101739711755543,0.8832826424150659,1525
20668,DISCO BALL CHRISTMAS DECORATION,2475.04,0.36,2474.68,21119,3,367,0.00012053526385419141,0.8834031776789201,1526
22676,FRENCH BLUE METAL DOOR SIGN 1,2467.48,13.75,2453.73,1832,11,305,0.00012016708936216796,0.8835233447682822,1527
22852,DOG BOWL VINTAGE CREAM,2467.11,21.25,2445.86,565,5,160,0.00012014907024020386,0.8836434938385224,1528
22789,T-LIGHT HOLDER SWEETHEART HANGING,2466.34,1.95,2464.39,1262,1,196,0.00012011157098638666,0.8837636054095087,1529
22911,PAPER CHAIN KIT LONDON,2463.2000000000003,35.400000000000006,2427.8,856,12,164,0.0001199586519513399,0.8838835640614601,1530
23352,ROLL WRAP 50'S RED CHRISTMAS ,2462.95,15.0,2447.95,1803,12,212,0.00011994647686893169,0.884003510538329,1531
21616,4 PEAR BOTANICAL DINNER CANDLES,2462.33,0.0,2462.33,1153,0,191,0.00011991628266455941,0.8841234268209937,1532
21330,WOODLAND ANIMAL  WRITING SET ,2460.6699999999996,14.85,2445.8199999999997,1456,9,201,0.00011983544011736906,0.884243262261111,1533
21686,MEDINA STAMPED METAL STOOL,2460.1400000000003,249.65000000000003,2210.4900000000002,65,7,33,0.00011980962894266374,0.8843630718900537,1534
21462,"NURSERY A,B,C PAINTED LETTERS",2459.16,40.5,2418.66,418,6,171,0.00011976190261962365,0.8844828337926733,1535
84509F,SET OF 4 NEW ENGLAND PLACEMATS,2456.1,0.0,2456.1,2781,0,46,0.0001196128796109475,0.8846024466722843,1536
21823,damaged,2453.91,34.8,2419.1099999999997,2473,24,212,0.00011950622588905181,0.8847219528981733,1537
21747,SMALL SKULL WINDMILL,2453.6,136.98000000000002,2316.62,2050,126,153,0.00011949112878686568,0.8848414440269602,1538
84509B,SET OF 4 FAIRY CAKE PLACEMATS,2452.67,15.0,2437.67,649,4,196,0.00011944583748030725,0.8849608898644405,1539
85036A,GARDENIA 1 WICK MORRIS BOXED CANDLE,2451.21,5.5,2445.71,635,2,165,0.00011937473499904345,0.8850802645994396,1540
84840,SWEETHEART CARRY-ALL BASKET,2447.82,25.5,2422.32,284,3,140,0.00011920964088158851,0.8851994742403212,1541
21274,EMBOSSED HEART 3 DRAWER SHELF,2446.19,12.75,2433.44,177,1,105,0.00011913025934428715,0.8853186044996655,1542
21789,KIDS RAIN MAC PINK,2439.62,78.19999999999999,2361.42,2923,92,218,0.0001188102981786001,0.8854374147978441,1543
22021,BLUE FELT EASTER EGG BASKET,2433.6099999999997,19.799999999999997,2413.81,1415,12,233,0.0001185176091975074,0.8855559324070416,1544
21809,CHRISTMAS HANGING TREE WITH BELL,2432.03,0.0,2432.03,3019,0,207,0.0001184406626766877,0.8856743730697182,1545
23406,HOME SWEET HOME KEY HOLDER,2428.9100000000003,18.75,2410.1600000000003,457,3,111,0.0001182887176482336,0.8857926617873664,1546
22609,PENS ASSORTED SPACEBALL,2428.22,98.63999999999999,2329.58,7159,144,201,0.00011825511442078698,0.8859109169017871,1547
22448,PIN CUSHION BABUSHKA RED,2426.73,20.1,2406.63,753,6,121,0.00011818255092963423,0.8860290994527168,1548
23265,SET OF 3 WOODEN TREE DECORATIONS,2423.54,18.75,2404.79,1784,15,293,0.00011802719687810582,0.8861471266495949,1549
22613,PACK OF 20 SPACEBOY NAPKINS,2423.16,8.5,2414.66,3055,10,273,0.00011800869075284538,0.8862651353403478,1550
22537,MAGIC DRAWING SLATE DINOSAUR,2423.01,20.16,2402.85,5866,48,350,0.00011800138570340049,0.8863831367260512,1551
22362,GLASS JAR PEACOCK BATH SALTS,2422.33,144.55,2277.78,751,49,253,0.00011796826947925021,0.8865011049955305,1552
21973,SET OF 36 MUSHROOM PAPER DOILIES,2420.0299999999997,18.849999999999998,2401.18,1670,13,210,0.00011785625872109493,0.8866189612542515,1553
21106,CREAM SLICE FLANNEL CHOCOLATE SPOT ,2419.6800000000003,0.0,2419.6800000000003,790,0,169,0.0001178392136057235,0.8867368004678573,1554
22540,MINI JIGSAW CIRCUS PARADE ,2410.29,1.26,2409.0299999999997,6162,3,189,0.00011738191751047215,0.8868541823853677,1555
23400,SHELF WITH 4 HOOKS HOME SWEET HOME,2409.34,12.5,2396.84,461,2,107,0.00011733565219732107,0.886971518037565,1556
21540,damages,2403.45,81.5,2321.95,1325,20,87,0.00011704880725578427,0.8870885668448208,1557
85059,FRENCH ENAMEL WATER BASIN,2399.89,30.0,2369.89,701,10,211,0.00011687543408229175,0.8872054422789032,1558
22986,WRAP GINGHAM ROSE ,2389.9,10.5,2379.4,5795,25,204,0.0001163889177892608,0.8873218311966925,1559
23028,DRAWER KNOB CRACKLE GLAZE BLUE,2387.0299999999997,11.55,2375.4799999999996,1375,7,137,0.00011624914784321485,0.8874380803445358,1560
23048,SET OF 10 LANTERNS FAIRY LIGHT STAR,2384.9700000000003,136.95000000000002,2248.02,581,33,99,0.00011614882516417145,0.8875542291697,1561
84818,damages,2383.04,132.05,2250.99,1789,107,214,0.00011605483352798026,0.8876702840032279,1562
84795B,SUNSET CHECK HAMMOCK,2379.09,0.0,2379.09,298,0,96,0.000115862467225931,0.8877861464704538,1563
22566,FELTCRAFT HAIRBAND PINK AND PURPLE,2378.9199999999996,0.0,2378.9199999999996,2842,0,297,0.00011585418816989341,0.8879020006586237,1564
23498,CLASSIC BICYCLE CLIPS ,2378.4799999999996,0.0,2378.4799999999996,1644,0,99,0.00011583276002485499,0.8880178334186485,1565
10133,damaged,2377.88,12.7,2365.18,3848,20,289,0.00011580353982707539,0.8881336369584756,1566
21873,IF YOU CAN'T STAND THE HEAT MUG,2377.5099999999998,100.07000000000001,2277.44,2024,91,199,0.00011578552070511126,0.8882494224791807,1567
21262,WHITE GOOSE FEATHER CHRISTMAS TREE ,2374.8700000000003,88.45,2286.42,609,11,132,0.00011565695183488088,0.8883650794310156,1568
23437, 50'S CHRISTMAS GIFT BAG LARGE,2373.63,2.5,2371.13,1939,2,131,0.00011559656342613628,0.8884806759944418,1569
47570,ENGLISH ROSE TABLE CLOTH,2373.01,0.0,2373.01,220,0,78,0.000115566369221764,0.8885962423636635,1570
85034A,check,2368.57,37.75,2330.82,849,11,135,0.00011535013975819468,0.8887115925034217,1571
23436,VINTAGE CHRISTMAS GIFT BAG LARGE ,2367.39,18.75,2348.64,1979,15,114,0.00011529267336922805,0.8888268851767909,1572
21468,BUTTERFLY CROCHET FOOD COVER,2365.14,7.5,2357.64,670,2,142,0.0001151830976275544,0.8889420682744185,1573
85035A,CHECK,2361.9,133.94,2227.96,650,34,178,0.00011502530855954436,0.889057093582978,1574
22321,BIRD DECORATION RED RETROSPOT,2360.35,0.85,2359.5,2552,1,305,0.00011494982304861362,0.8891720434060266,1575
22642,SET OF 4 NAPKIN CHARMS STARS   ,2358.67,0.0,2358.67,993,0,141,0.00011486800649483065,0.8892869114125215,1576
21615,4 LAVENDER BOTANICAL DINNER CANDLES,2354.92,0.0,2354.92,1181,0,169,0.00011468538025870791,0.8894015967927802,1577
23401,RUSTIC MIRROR WITH LACE HEART,2354.87,18.75,2336.12,459,3,83,0.00011468294524222627,0.8895162797380224,1578
23412,HEART MIRROR ANTIQUE WHITE,2354.8,15.0,2339.8,358,2,76,0.00011467953621915198,0.8896309592742415,1579
21824,PAINTED METAL STAR WITH HOLLY BELLS,2354.75,34.8,2319.95,2785,24,211,0.00011467710120267035,0.8897456363754442,1580
21437,24 HANGING EASTER EGGS FLORAL TUB,2354.67,18.75,2335.92,678,5,109,0.00011467320517629973,0.8898603095806206,1581
21126,SET OF 6 GIRLS CELEBRATION CANDLES,2354.22,17.5,2336.72,2329,14,285,0.00011465129002796499,0.8899749608706485,1582
22421,LIPSTICK PEN FUSCHIA,2352.7,18.6,2334.1,4723,45,406,0.00011457726552692324,0.8900895381361754,1583
84459B,YELLOW METAL CHICKEN HEART ,2341.77,35.76,2306.0099999999998,1475,24,213,0.0001140449709240375,0.8902035831070995,1584
21708,FOLDING UMBRELLA CREAM POLKADOT,2341.43,19.8,2321.63,612,4,129,0.00011402841281196238,0.8903176115199114,1585
22306,SILVER MUG BONE CHINA TREE OF LIFE,2340.62,28.7,2311.92,1639,17,163,0.00011398896554495987,0.8904316004854563,1586
21826,EIGHT PIECE DINOSAUR SET,2336.87,71.25,2265.62,1808,57,240,0.00011380633930883713,0.8905454068247651,1587
21947,SET OF 6 HEART CHOPSTICKS,2327.81,0.0,2327.81,1695,0,298,0.0001133651143223646,0.8906587719390875,1588
22973,CHILDREN'S CIRCUS PARADE MUG,2324.2299999999996,39.199999999999996,2285.0299999999997,1367,24,155,0.00011319076714227941,0.8907719627062298,1589
23197,SKETCHBOOK MAGNETIC SHOPPING LIST,2323.7999999999997,36.25,2287.5499999999997,1492,25,249,0.00011316982600053735,0.8908851325322303,1590
22251,BIRDHOUSE DECORATION MAGIC GARDEN,2322.64,23.75,2298.89,1875,19,298,0.00011311333361816338,0.8909982458658485,1591
21696,SMALL SILVER TRELLIS CANDLEPOT,2321.9400000000005,88.50000000000001,2233.4400000000005,773,30,107,0.00011307924338742051,0.891111325109236,1592
85107,CUT GLASS T-LIGHT HOLDER OCTAGON,2315.59,0.0,2315.59,1219,0,70,0.00011276999629425265,0.8912240951055302,1593
23371,SET 36 COLOUR PENCILS SPACEBOY ,2313.53,0.0,2313.53,1712,0,185,0.00011266967361520923,0.8913367647791455,1594
21741,COSY SLIPPER SHOES LARGE GREEN,2311.4500000000003,2.55,2308.9,707,1,190,0.00011256837692957316,0.891449333156075,1595
21482,MUSHROOM BLUE HOT WATER BOTTLE,2308.56,17.700000000000003,2290.86,744,6,184,0.00011242763297693455,0.8915617607890519,1596
22363,GLASS JAR MARMALADE ,2306.34,400.40000000000003,1905.94,782,152,169,0.0001123195182451499,0.8916740803072971,1597
23029,DRAWER KNOB CRACKLE GLAZE GREEN,2303.9199999999996,46.199999999999996,2257.72,1352,28,156,0.00011220166344743868,0.8917862819707445,1598
22409,MONEY BOX BISCUITS DESIGN,2300.46,17.5,2282.96,1694,14,164,0.00011203316030690945,0.8918983151310514,1599
23330,DECORATIVE WICKER HEART MEDIUM,2299.47,7.5,2291.97,1804,6,216,0.00011198494698057304,0.8920103000780321,1600
23360,SET 8 CANDLES VINTAGE DOILY,2296.15,0.0,2296.15,1187,0,114,0.00011182326188619238,0.8921221233399182,1601
84536A,ENGLISH ROSE NOTEBOOK A7 SIZE,2293.09,15.959999999999999,2277.13,5085,38,613,0.00011167423887751624,0.8922337975787957,1602
85176,SEWING SUSAN 21 NEEDLE SET,2293.0,13.18,2279.8199999999997,2748,16,306,0.00011166985584784929,0.8923454674346436,1603
22831,WHITE BROCANTE SOAP DISH,2292.1800000000003,0.0,2292.1800000000003,778,0,138,0.00011162992157755046,0.8924570973562211,1604
21464,DISCO BALL ROTATOR BATTERY OPERATED,2291.0,89.25,2201.75,540,21,217,0.00011157245518858383,0.8925686698114097,1605
22246,MAGIC GARDEN FELT GARLAND ,2289.9,23.4,2266.5,1082,12,188,0.00011151888482598783,0.8926801886962357,1606
85172,HYACINTH BULB T-LIGHT CANDLES,2288.0,64.25999999999999,2223.74,4303,153,150,0.00011142635419968564,0.8927916150504354,1607
21655,HANGING RIDGE GLASS T-LIGHT HOLDER,2287.64,201.92,2085.72,1402,128,89,0.00011140882208101784,0.8929030238725164,1608
85199L,LARGE HANGING IVORY & RED WOOD BIRD,2285.02,17.55,2267.4700000000003,3455,27,272,0.0001112812272173801,0.8930143050997338,1609
23128,FELTCRAFT BOY JEAN-PAUL KIT,2283.41,34.650000000000006,2248.76,453,7,139,0.0001112028196866714,0.8931255079194205,1610
21819,GLITTER CHRISTMAS STAR ,2281.46,0.0,2281.46,3889,0,248,0.00011110785404388758,0.8932366157734644,1611
85106,CUT GLASS HEXAGON T-LIGHT HOLDER,2281.44,0.0,2281.44,1194,0,59,0.00011110688003729493,0.8933477226535017,1612
23252,VINTAGE RED ENAMEL TRIM JUG ,2276.61,123.75,2152.86,607,33,138,0.00011087165744516885,0.8934585943109469,1613
85183A,CHARLIE & LOLA WASTEPAPER BIN BLUE,2275.75,18.75,2257.0,1512,9,141,0.0001108297751616847,0.8935694240861085,1614
21804,dotcom,2270.9900000000002,7.5,2263.4900000000002,605,2,137,0.00011059796159263291,0.8936800220477011,1615
85014C,BLUE/BROWN DOTS RUFFLED UMBRELLA,2270.73,576.0,1694.73,547,192,72,0.0001105852995069284,0.893790607347208,1616
22539,MINI JIGSAW DOLLY GIRL,2269.39,0.42,2268.97,5657,1,247,0.00011052004106522053,0.8939011273882733,1617
35001G,HAND OPEN SHAPE GOLD,2267.97,37.29,2230.68,717,11,103,0.00011045088659714204,0.8940115782748704,1618
22024,RAINY LADIES BIRTHDAY CARD,2267.08,15.120000000000001,2251.96,5415,36,439,0.00011040754330376892,0.8941219858181741,1619
20658,RED RETROSPOT LUGGAGE TAG,2263.86,45.0,2218.86,1594,36,353,0.00011025072824235155,0.8942322365464165,1620
85114C,RED ENCHANTED FOREST PLACEMAT,2263.06,0.0,2263.06,1179,0,161,0.00011021176797864535,0.8943424483143951,1621
22133,PINK LOVE HEART SHAPE CUP,2258.61,10.2,2248.41,2464,12,327,0.00010999505151177971,0.8944524433659069,1622
21681,GIANT MEDINA STAMPED METAL BOWL ,2254.71,29.849999999999998,2224.8599999999997,235,3,79,0.00010980512022621207,0.8945622484861331,1623
21651,HANGING GLASS ETCHED TEALIGHT,2251.5099999999998,0.0,2251.5099999999998,1392,0,124,0.00010964927917138731,0.8946718977653044,1624
21187,WHITE BELL HONEYCOMB PAPER GARLAND ,2250.3799999999997,0.0,2250.3799999999997,1348,0,144,0.00010959424779890232,0.8947814920131033,1625
21476,STEEL SWEETHEART ROUND TABLE CREAM,2249.41,29.9,2219.5099999999998,144,2,85,0.00010954700847915859,0.8948910390215825,1626
84469,ROSE DES PADDED FLOOR CUSHION,2249.41,0.0,2249.41,664,0,44,0.00010954700847915859,0.8950005860300617,1627
22286,DECORATION WOBBLY RABBIT METAL ,2245.2999999999997,0.0,2245.2999999999997,1964,0,195,0.00010934685012436806,0.895109932880186,1628
23093,SMALL PARISIENNE HEART PHOTO FRAME ,2244.2200000000003,7.470000000000001,2236.75,941,3,142,0.00010929425376836473,0.8952192271339544,1629
23079,TOADSTOOL BEDSIDE LIGHT ,2243.35,125.3,2118.0499999999997,253,14,106,0.00010925188448158425,0.895328479018436,1630
51014L,"FEATHER PEN,LIGHT PINK",2242.75,167.88,2074.87,3469,204,226,0.00010922266428380462,0.8954377016827199,1631
21710,FOLDING UMBRELLA PINKWHITE POLKADOT,2239.96,54.45,2185.5099999999998,727,11,110,0.0001090867903641293,0.895546788473084,1632
21638,ASSORTED TUTTI FRUTTI NOTEBOOK,2239.84,16.8,2223.0400000000004,1029,8,142,0.00010908094632457338,0.8956558694194086,1633
85045,GREEN CHRISTMAS TREE STRING 20LIGHT,2239.34,54.5,2184.84,471,12,83,0.00010905659615975701,0.8957649260155683,1634
22163,HEART STRING MEMO HOLDER HANGING,2238.07,179.05000000000004,2059.02,1270,79,197,0.00010899474674112345,0.8958739207623094,1635
20931,BLUE POT PLANT CANDLE ,2238.07,87.55000000000001,2150.52,673,27,157,0.00010899474674112345,0.8959829155090505,1636
22803,IVORY EMBROIDERED QUILT ,2237.84,0.0,2237.84,59,0,36,0.00010898354566530792,0.8960918990547159,1637
23326,HANGING MINI COLOURED BOTTLES,2237.71,0.0,2237.71,3443,0,76,0.00010897721462245566,0.8962008762693383,1638
22336,damaged,2235.34,14.950000000000001,2220.3900000000003,4663,23,214,0.0001088617948412261,0.8963097380641796,1639
16237,SLEEPING CAT ERASERS,2233.7799999999997,19.11,2214.67,10388,91,580,0.00010878582232699901,0.8964185238865066,1640
21620,SET OF 4 ROSE BOTANICAL CANDLES,2232.98,22.5,2210.48,1104,6,222,0.00010874686206329284,0.8965272707485699,1641
21398,damages,2231.9,4.2,2227.7,2295,2,126,0.0001086942657072895,0.8966359650142771,1642
84691,PACK 20 DOLLY PEGS,2231.45,56.10000000000001,2175.35,2754,82,235,0.00010867235055895475,0.8967446373648361,1643
23438, RED SPOT GIFT BAG LARGE,2227.42,0.0,2227.42,1823,0,109,0.00010847608823053487,0.8968531134530666,1644
22074,6 RIBBONS SHIMMERING PINKS ,2222.94,19.799999999999997,2203.14,2160,12,287,0.00010825791075378024,0.8969613713638204,1645
21125,SET 6 FOOTBALL CELEBRATION CANDLES,2221.38,18.75,2202.63,2131,15,246,0.00010818193823955319,0.89706955330206,1646
22711,WRAP CIRCUS PARADE,2220.84,21.0,2199.84,5402,50,181,0.00010815564006155151,0.8971777089421215,1647
23501,KEY RING BASEBALL BOOT UNION JACK,2220.37,0.0,2220.37,1823,0,112,0.00010813275090662411,0.897285841693028,1648
22453,MEASURING TAPE BABUSHKA BLUE,2218.82,23.6,2195.2200000000003,803,8,144,0.0001080572653956934,0.8973938989584237,1649
22716,CARD CIRCUS PARADE,2216.45,5.04,2211.41,5230,12,447,0.00010794184561446382,0.8975018408040382,1650
84913A,SOFT PINK ROSE TOWEL ,2211.54,0.0,2211.54,608,0,266,0.00010770272699596712,0.8976095435310342,1651
23403,LETTER HOLDER HOME SWEET HOME,2207.86,11.25,2196.61,626,3,134,0.00010752350978291869,0.8977170670408171,1652
22514,CHILDS GARDEN SPADE BLUE,2207.1200000000003,4.2,2202.92,1084,2,233,0.00010748747153899047,0.8978245545123561,1653
22785,SQUARECUSHION COVER PINK UNION JACK,2207.11,0.0,2207.11,412,0,122,0.00010748698453569413,0.8979320414968918,1654
85116,BLACK CANDELABRA T-LIGHT HOLDER,2206.2400000000002,63.00000000000001,2143.2400000000002,1817,30,181,0.00010744461524891366,0.8980394861121407,1655
22853,CAT BOWL VINTAGE CREAM,2205.57,19.5,2186.07,645,6,146,0.00010741198602805973,0.8981468980981687,1656
17091J,VANILLA INCENSE IN TIN,2204.35,0.0,2204.35,3964,0,178,0.0001073525716259078,0.8982542506697946,1657
22920,HERB MARKER BASIL,2201.79,841.0500000000001,1360.74,3482,1527,252,0.00010722789878204801,0.8983614785685766,1658
23302,KNEELING MAT HOUSEWORK  DESIGN,2194.62,54.239999999999995,2140.3799999999997,1544,36,230,0.00010687871741858133,0.8984683572859952,1659
21611,SET OF 12 LILY BOTANICAL T-LIGHTS,2193.9900000000002,17.700000000000003,2176.2900000000004,754,6,148,0.00010684803621091272,0.898575205322206,1660
20770,ABSTRACT CIRCLE JOURNAL ,2193.14,20.099999999999998,2173.04,1046,10,201,0.00010680664093072488,0.8986820119631368,1661
23020,GLASS  SONGBIRD STORAGE JAR,2191.84,73.65,2118.19,180,6,76,0.00010674333050220235,0.898788755293639,1662
23031,DRAWER KNOB CRACKLE GLAZE PINK,2181.9999999999995,33.0,2149.0,1296,20,155,0.00010626411925861626,0.8988950194128976,1663
85039B,S/4 IVORY MINI ROSE CANDLE IN BOWL,2178.52,19.799999999999997,2158.72,1653,12,266,0.00010609464211149438,0.8990011140550092,1664
23445,ICE CREAM BUBBLES,2177.8399999999997,16.599999999999998,2161.24,2688,20,101,0.00010606152588734412,0.8991071755808965,1665
15056n,EDWARDIAN PARASOL NATURAL,2170.4,0.0,2170.4,173,0,116,0.00010569919543487662,0.8992128747763314,1666
22069,BROWN  PIRATE TREASURE CHEST ,2167.93,0.0,2167.93,970,0,267,0.00010557890562068376,0.8993184536819521,1667
85103,stock creditted wrongly,2166.93,280.1,1886.83,319,46,87,0.00010553020529105103,0.8994239838872431,1668
22948,METAL DECORATION NAUGHTY CHILDREN ,2166.39,10.2,2156.19,2157,12,180,0.00010550390711304937,0.8995294877943562,1669
22182,CAKE STAND VICTORIAN FILIGREE SMALL,2166.35,19.8,2146.55,563,4,172,0.00010550195909986405,0.899634989753456,1670
85216,ASSORTED CAKES FRIDGE MAGNETS,2158.1200000000003,31.85,2126.27,2855,49,187,0.00010510115538698671,0.899740090908843,1671
22714,CARD BIRTHDAY COWBOY,2157.91,41.04,2116.87,5277,108,359,0.00010509092831776382,0.8998451818371608,1672
23370,SET 36 COLOURING PENCILS DOILY,2157.85,1.25,2156.6,1555,1,151,0.00010508800629798585,0.8999502698434587,1673
22824,3 TIER SWEETHEART GARDEN SHELF,2153.9500000000003,35.95,2118.0,61,1,48,0.00010489807501241823,0.9000551679184712,1674
22338,STAR DECORATION PAINTED ZINC ,2152.75,60.370000000000005,2092.38,6091,95,264,0.00010483963461685893,0.900160007553088,1675
21359,RELAX LARGE WOOD LETTERS,2148.38,39.8,2108.58,210,4,73,0.00010462681417636391,0.9002646343672643,1676
23005,TRAVEL CARD WALLET I LOVE LONDON,2147.55,0.42,2147.13,4783,1,241,0.00010458639290276876,0.9003692207601671,1677
23161,REGENCY CAKE FORK,2145.3,15.0,2130.3,1715,12,98,0.0001044768171610951,0.9004736975773282,1678
21421,damaged,2144.48,7.5,2136.98,1792,6,105,0.00010443688289079627,0.900578134460219,1679
21905,MORE BUTTER METAL SIGN ,2143.17,4.2,2138.9700000000003,1616,2,263,0.00010437308545897739,0.9006825075456779,1680
22677,FRENCH BLUE METAL DOOR SIGN 2,2143.03,13.75,2129.28,1583,11,280,0.00010436626741282882,0.9007868738130907,1681
21617,4 LILY  BOTANICAL DINNER CANDLES,2142.51,0.0,2142.51,838,0,169,0.00010434094324141979,0.9008912147563322,1682
20764,ABSTRACT CIRCLES SKETCHBOOK ,2142.26,15.0,2127.26,687,4,193,0.00010432876815901161,0.9009955435244912,1683
22708,WRAP DOLLY GIRL,2140.5,10.5,2130.0,5325,25,159,0.000104243055578858,0.9010997865800701,1684
84670,JAPANESE CROCHETED ANIMAL,2140.06,63.0,2077.06,5223,150,182,0.0001042216274338196,0.9012040082075039,1685
23213,STAR WREATH DECORATION WITH BELL,2139.67,15.0,2124.67,1683,12,152,0.00010420263430526283,0.9013082108418091,1686
23066,SMALL DECO JEWELLERY STAND,2137.81,8.25,2129.56,259,1,85,0.00010411205169214595,0.9014123228935013,1687
21774,DECORATIVE CATS BATHROOM BOTTLE,2134.81,1.25,2133.56,1715,1,368,0.00010396595070324776,0.9015162888442045,1688
22515,CHILDS GARDEN SPADE PINK,2131.84,8.4,2123.44,1047,4,208,0.00010382131072423857,0.9016201101549288,1689
21643,damaged,2127.94,17.5,2110.44,1521,14,204,0.00010363137943867091,0.9017237415343675,1690
21195,PINK  HONEYCOMB PAPER BALL ,2122.66,0.0,2122.66,997,0,150,0.00010337424169821009,0.9018271157760658,1691
22023,EMPIRE BIRTHDAY CARD,2112.05,5.04,2107.01,5059,12,430,0.00010285753120080685,0.9019299733072665,1692
85099b,JUMBO BAG RED RETROSPOT,2111.64,0.0,2111.64,419,0,25,0.00010283756406565741,0.9020328108713322,1693
23046,PAPER LANTERN 9 POINT DELUXE STAR,2111.4900000000002,0.0,2111.4900000000002,349,0,36,0.00010283025901621252,0.9021356411303485,1694
85114A,BLACK ENCHANTED FOREST PLACEMAT,2110.9,0.0,2110.9,1270,0,103,0.0001028015258217292,0.9022384426561703,1695
22279,POCKET BAG BLUE PAISLEY RED SPOT,2110.87,46.25,2064.62,1445,37,214,0.00010280006481184021,0.9023412427209822,1696
22913,RED COAT RACK PARIS FASHION,2107.85,19.8,2088.05,450,4,122,0.00010265298981634937,0.9024438957107985,1697
23251,VINTAGE RED ENAMEL TRIM MUG ,2107.0,72.5,2034.5,1713,58,120,0.00010261159453616155,0.9025465073053347,1698
23233,WRAP POPPIES  DESIGN,2105.5,10.5,2095.0,5175,25,158,0.00010253854404171246,0.9026490458493764,1699
84676,BATH DUCK WATERING CAN,2102.46,132.55,1969.91,848,49,110,0.00010239049503962896,0.9027514363444161,1700
40018F,CHERRY DESIGN PAPERLANTERNS,2102.28,23.4,2078.88,1093,12,117,0.00010238172898029508,0.9028538180733964,1701
21291,SMALL POLKADOT CHOCOLATE GIFT BAG ,2101.73,56.95,2044.78,2439,67,153,0.00010235494379899706,0.9029561730171953,1702
22996,TRAVEL CARD WALLET VINTAGE TICKET,2099.97,10.92,2089.05,4813,26,408,0.00010226923121884345,0.9030584422484141,1703
21070,VINTAGE BILLBOARD MUG ,2099.71,33.32,2066.39,2047,30,229,0.00010225656913313895,0.9031606988175472,1704
21865,PINK UNION JACK  PASSPORT COVER ,2098.2400000000002,12.600000000000001,2085.6400000000003,902,6,297,0.00010218497964857885,0.9032628837971958,1705
23152,IVORY SWEETHEART WIRE LETTER RACK ,2095.65,26.25,2069.4,558,7,159,0.00010205884579483008,0.9033649426429906,1706
22859,EASTER TIN BUNNY BOUQUET,2095.6499999999996,52.8,2042.85,1256,32,165,0.00010205884579483005,0.9034670014887854,1707
23315,IVORY REFECTORY CLOCK,2094.24,97.80000000000001,1996.44,213,12,86,0.0001019901783300479,0.9035689916671155,1708
72799F,IVORY PILLAR CANDLE GOLD FLOCK,2085.69,0.0,2085.69,1126,0,102,0.00010157379051168809,0.9036705654576271,1709
21619,4 VANILLA BOTANICAL CANDLES,2085.27,0.0,2085.27,1138,0,212,0.00010155333637324234,0.9037721187940004,1710
22308,TEA COSY BLUE STRIPE,2085.0499999999997,66.3,2018.75,677,26,214,0.00010154262230072312,0.9038736614163012,1711
84854,GIRLY PINK TOOL SET,2084.42,4.25,2080.17,382,1,110,0.00010151194109305452,0.9039751733573943,1712
79323S,"Unsaleable, destroyed.",2084.32,997.0500000000001,1087.27,334,161,56,0.00010150707106009124,0.9040766804284543,1713
21640,ASSORTED TUTTI FRUTTI  FOB NOTEBOOK,2084.25,0.0,2084.25,2266,0,205,0.00010150366203701696,0.9041781840904913,1714
84990,60 GOLD AND SILVER FAIRY CAKE CASES,2077.59,13.200000000000001,2064.39,4276,24,193,0.00010117931784166298,0.904279363408333,1715
84796A,PINK HAWAIIAN PICNIC HAMPER FOR 2,2072.9500000000003,0.0,2072.9500000000003,284,0,111,0.00010095334831216712,0.9043803167566452,1716
22695,WICKER WREATH SMALL,2071.6,0.0,2071.6,1458,0,225,0.00010088760286716291,0.9044812043595124,1717
23227,FILIGREE HEART BUTTERFLY WHITE ,2070.06,7.5,2062.56,1642,6,117,0.00010081260435952851,0.904582016963872,1718
85049H,URBAN BLACK RIBBONS ,2068.43,0.0,2068.43,2067,0,334,0.00010073322282222715,0.9046827501866942,1719
22935,BAKING MOULD ROSE MILK CHOCOLATE,2066.82,198.0,1868.82,690,72,65,0.00010065481529151848,0.9047834050019857,1720
21200,MULTICOLOUR HONEYCOMB PAPER GARLAND,2066.81,40.6,2026.2099999999998,1422,28,126,0.00010065432828822214,0.9048840593302739,1721
21058,PARTY INVITES WOODLAND,2063.24,10.2,2053.04,2405,12,275,0.00010048046811143328,0.9049845397983853,1722
21077,SET/20 WOODLAND PAPER NAPKINS ,2060.65,0.0,2060.65,2793,0,192,0.00010035433425768453,0.905084894132643,1723
23291,DOLLY GIRL CHILDRENS CUP,2060.28,12.5,2047.78,1635,10,195,0.00010033631513572043,0.9051852304477788,1724
22400,MAGNETS PACK OF 4 HOME SWEET HOME,2057.29,30.39,2026.8999999999999,2461,25,234,0.00010019070115011856,0.9052854211489288,1725
23490,T-LIGHT HOLDER HANGING LOVE BIRD,2055.27,11.25,2044.02,548,3,101,0.00010009232648426045,0.9053855134754131,1726
22903,CALENDAR FAMILY FAVOURITES,2053.96,880.0,1173.96,745,320,82,0.00010002852905244157,0.9054855420044655,1727
84459A,PINK METAL CHICKEN HEART ,2046.1599999999999,143.04,1903.12,1266,96,201,9.964866648130627e-05,0.9055851906709468,1728
84509G,SET OF 4 FAIRY CAKE PLACEMATS ,2045.45,0.0,2045.45,802,0,159,9.961408924726705e-05,0.9056848047601941,1729
23500,KEY RING BASEBALL BOOT ASSORTED ,2044.58,0.0,2044.58,1631,0,98,9.957171996048656e-05,0.9057843764801545,1730
22928,YELLOW GIANT GARDEN THERMOMETER,2041.3500000000001,35.7,2005.65,296,6,118,9.941441789577286e-05,0.9058837908980503,1731
21348,PINK SPOTS CHOCOLATE NESTING BOXES ,2039.69,54.25000000000001,1985.44,845,31,133,9.933357534858252e-05,0.9059831244733989,1732
22201,FRYING PAN BLUE POLKADOT,2038.65,8.5,2030.15,510,2,166,9.928292700576448e-05,0.9060824074004047,1733
85016,SET OF 6 VINTAGE NOTELETS KIT,2033.33,17.849999999999998,2015.48,1679,7,167,9.902384125211834e-05,0.9061814312416568,1734
22832,BROCANTE SHELF WITH HOOKS,2033.15,75.25,1957.9,185,7,85,9.901507519278447e-05,0.9062804463168497,1735
22261,FELT EGG COSY WHITE RABBIT ,2030.3,3.4,2026.8999999999999,2112,4,243,9.887627925333117e-05,0.906379322596103,1736
22799,SWEETHEART WIRE FRUIT BOWL,2029.34,8.5,2020.84,254,1,108,9.882952693688376e-05,0.9064781521230398,1737
21612,SET 12 WILDFLOWER BOTANICAL T-LIGHT,2025.7700000000002,17.700000000000003,2008.0700000000002,698,6,113,9.865566676009493e-05,0.9065768077898,1738
22211,WOOD STAMP SET FLOWERS,2025.6499999999999,71.25,1954.3999999999999,1533,49,291,9.864982272053898e-05,0.9066754576125206,1739
21504,SKULLS GREETING CARD,2025.18,5.04,2020.14,4961,12,329,9.86269335656116e-05,0.9067740845460862,1740
35953,FOLKART STAR CHRISTMAS DECORATIONS,2022.22,30.0,1992.22,3880,24,155,9.848278058989873e-05,0.9068725673266761,1741
23268,SET OF 2 CERAMIC CHRISTMAS REINDEER,2019.59,17.4,2002.1899999999998,1448,12,89,9.835469872296465e-05,0.9069709220253991,1742
21397,damaged,2017.74,15.0,2002.74,2157,12,180,9.82646031131441e-05,0.9070691866285122,1743
21356,TOAST ITS - FAIRY FLOWER,2015.4099999999999,1.25,2014.1599999999999,1593,1,349,9.815113134509982e-05,0.9071673377598574,1744
23289,DOLLY GIRL CHILDRENS BOWL,2013.7,15.0,1998.7,1622,12,191,9.806785378142788e-05,0.9072654056136388,1745
20686,DOLLY MIXTURE CHILDREN'S UMBRELLA,2012.59,25.0,1987.59,593,8,186,9.801379641553553e-05,0.9073634194100543,1746
47591C,BLUE FAIRY CAKE CHILDRENS APRON,2012.43,0.0,2012.43,1051,0,159,9.80060043627943e-05,0.9074614254144171,1747
23358,HOT STUFF HOT WATER BOTTLE,2012.13,125.94,1886.19,595,38,89,9.799139426390449e-05,0.907559416808681,1748
22520,CHILDS GARDEN TROWEL BLUE ,2012.1299999999999,1.7,2010.4299999999998,2295,2,369,9.799139426390447e-05,0.9076574082029449,1749
23529,WALL ART DOLLY GIRL ,2011.9900000000002,0.0,2011.9900000000002,637,0,37,9.798457621775591e-05,0.9077553927791627,1750
21389,IVORY HANGING DECORATION  BIRD,2010.6399999999999,25.5,1985.1399999999999,2302,30,261,9.79188307727517e-05,0.9078533116099354,1751
37476,CONDIMENT TRAY 4 BOWLS AND 4 SPOONS,2010.6000000000001,0.0,2010.6000000000001,209,0,77,9.791688275956642e-05,0.907951228492695,1752
20703,BLUE PADDED SOFT MOBILE,2010.47,123.25,1887.22,475,29,169,9.791055171671415e-05,0.9080491390444118,1753
23274,STAR T-LIGHT HOLDER WILLIE WINKIE,2009.9499999999998,4.949999999999999,2004.9999999999998,1183,3,119,9.788522754530512e-05,0.908147024271957,1754
22496,SET OF 2 ROUND TINS DUTCH CHEESE,2007.89,17.700000000000003,1990.1900000000003,735,6,193,9.778490486626171e-05,0.9082448091768233,1755
79323G,"Unsaleable, destroyed.",2007.88,1118.45,889.4300000000001,314,187,61,9.778441786296539e-05,0.9083425935946863,1756
22068,BLACK PIRATE TREASURE CHEST,2003.31,23.099999999999998,1980.2099999999998,1127,14,276,9.75618573565438e-05,0.9084401554520428,1757
22932,BAKING MOULD TOFFEE CUP CHOCOLATE,2000.88,262.8,1738.0800000000002,884,120,72,9.744351555553627e-05,0.9085375989675983,1758
22521,CHILDS GARDEN TROWEL PINK,1998.1299999999999,1.7,1996.4299999999998,2300,2,370,9.730958964904626e-05,0.9086349085572474,1759
22405,MONEY BOX POCKET MONEY DESIGN,1995.88,16.06,1979.82,1644,13,217,9.720001390737263e-05,0.9087321085711547,1760
23357,HOT WATER BOTTLE SEX BOMB,1993.6000000000001,0.0,1993.6000000000001,453,0,102,9.708897715581e-05,0.9088291975483105,1761
22719,GUMBALL MONOCHROME COAT RACK,1987.83,30.44,1957.39,1467,28,235,9.680797625382914e-05,0.9089260055245643,1762
79160,HEART SHAPE WIRELESS DOORBELL,1987.77,44.1,1943.67,951,21,210,9.680505423405119e-05,0.9090228105787983,1763
21695,SMALL SILVER FLOWER CANDLE POT,1987.5800000000002,2.95,1984.63,642,1,102,9.679580117142098e-05,0.9091196063799697,1764
22559,SEASIDE FLYING DISC,1986.8700000000001,5.0,1981.8700000000001,1583,4,202,9.676122393738173e-05,0.9092163676039071,1765
22343,PARTY PIZZA DISH RED RETROSPOT,1986.31,35.699999999999996,1950.61,3300,42,188,9.673395175278739e-05,0.9093131015556599,1766
85217,ASSORTED ICE CREAM FRIDGE MAGNETS,1985.7500000000002,62.400000000000006,1923.3500000000001,2875,96,164,9.670667956819308e-05,0.9094098082352281,1767
20871,OPULENT VELVET SET/3 CANDLES,1984.3500000000001,4.2,1980.15,1276,2,127,9.663849910670726e-05,0.9095064467343348,1768
17084R,ASSORTED INCENSE PACK,1983.57,0.0,1983.57,10697,0,66,9.660051284959371e-05,0.9096030472471843,1769
84872A,TEATIME FUNKY FLOWER BACKPACK FOR 2,1983.54,0.0,1983.54,177,0,102,9.659905183970473e-05,0.909699646299024,1770
21657,MILK BOTTLE WITH GLASS STOPPER ,1981.28,34.75,1946.53,259,5,118,9.648898909473477e-05,0.9097961352881188,1771
23075,PARLOUR CERAMIC WALL HOOK,1981.0500000000002,141.10000000000002,1839.95,477,34,80,9.647778801891925e-05,0.9098926130761377,1772
23145,ZINC T-LIGHT HOLDER STAR LARGE,1979.4799999999998,10.45,1969.0299999999997,2084,11,169,9.640132850139585e-05,0.9099890144046391,1773
22204,MILK PAN BLUE POLKADOT,1978.04,52.5,1925.54,538,14,169,9.633120002672473e-05,0.9100853456046658,1774
21629,SQUARE FLOOR CUSHION VINTAGE RED,1977.27,7.95,1969.32,179,1,105,9.629370077290752e-05,0.9101816393054387,1775
23068,ALUMINIUM STAMPED HEART,1976.89,0.0,1976.89,813,0,136,9.627519464764709e-05,0.9102779145000863,1776
22599,CHRISTMAS MUSICAL ZINC STAR,1976.8799999999999,20.4,1956.4799999999998,3119,24,189,9.627470764435076e-05,0.9103741892077307,1777
21630,FLOOR CUSHION ELEPHANT CARNIVAL,1973.3899999999999,44.75,1928.6399999999999,162,5,95,9.610474349393253e-05,0.9104702939512247,1778
21803,CHRISTMAS TREE STAR DECORATION,1969.62,0.0,1969.62,4536,0,322,9.592114325121714e-05,0.9105662150944759,1779
22931,BAKING MOULD HEART WHITE CHOCOLATE,1968.4,0.0,1968.4,815,0,129,9.586172884906522e-05,0.9106620768233249,1780
21082,SET/20 FRUIT SALAD PAPER NAPKINS ,1963.85,523.94,1439.91,7187,3074,163,9.564014234923629e-05,0.9107577169656741,1781
23374,RED SPOT PAPER GIFT BAG,1962.83,13.12,1949.7099999999998,2456,16,131,9.55904680130109e-05,0.9108533074336871,1782
21647,ASSORTED TUTTI FRUTTI LARGE PURSE,1960.18,8.4,1951.7800000000002,877,4,144,9.546141213948417e-05,0.9109487688458265,1783
23228,FILIGREE HEART BIRD WHITE ,1960.0,149.76,1810.24,1492,144,125,9.545264608015028e-05,0.9110442214919067,1784
22262,FELT EGG COSY CHICKEN,1958.87,14.45,1944.4199999999998,2039,17,306,9.539761470766528e-05,0.9111396191066143,1785
22098,BOUDOIR SQUARE TISSUE BOX,1958.68,35.11,1923.57,2871,79,309,9.538836164503509e-05,0.9112350074682594,1786
22438,BALLOON ART MAKE YOUR OWN FLOWERS,1958.46,0.0,1958.46,1483,0,170,9.537764757251588e-05,0.9113303851158319,1787
20846,ZINC HEART LATTICE T-LIGHT HOLDER,1958.06,0.0,1958.06,1454,0,169,9.535816744066278e-05,0.9114257432832725,1788
23235,STORAGE TIN VINTAGE LEAF,1957.69,40.46,1917.23,739,14,105,9.534014831869868e-05,0.9115210834315912,1789
22614,PACK OF 12 SPACEBOY TISSUES,1955.85,42.269999999999996,1913.58,5731,133,368,9.525053971217445e-05,0.9116163339713034,1790
35971,ROSE FOLKART HEART DECORATIONS,1955.24,21.25,1933.99,1969,17,217,9.522083251109848e-05,0.9117115548038145,1791
22802,FAUX FUR CHOCOLATE THROW,1953.54,0.0,1953.54,111,0,62,9.513804195072284e-05,0.9118066928457652,1792
20984,damaged,1953.04,44.760000000000005,1908.28,5899,216,245,9.511369178590648e-05,0.9119018065375512,1793
21692,SILVER LATTICE VANILLA CANDLE POT,1940.37,15.0,1925.37,511,4,111,9.449665860945979e-05,0.9119963031961607,1794
46775D,SUNSET COLOUR CHUNKY KNITTED THROW,1938.1899999999998,59.3,1878.8899999999999,153,4,95,9.439049189086044e-05,0.9120906936880515,1795
22753,SMALL YELLOW BABUSHKA NOTEBOOK ,1929.6599999999999,10.2,1919.4599999999998,2349,12,404,9.397507807909326e-05,0.9121846687661306,1796
21538,DAIRY MAID  PUDDING BOWL,1928.26,7.5,1920.76,1309,2,51,9.390689761760745e-05,0.9122785756637481,1797
21991,BOHEMIAN COLLAGE STATIONERY SET,1927.54,15.0,1912.54,1103,12,289,9.387183338027187e-05,0.9123724474971284,1798
84581,DOG TOY WITH PINK CROCHET SKIRT,1927.52,0.0,1927.52,508,0,234,9.387085937367921e-05,0.912466318356502,1799
20716,PARTY FOOD SHOPPER BAG,1926.29,13.75,1912.54,1534,11,246,9.381095796823096e-05,0.9125601293144703,1800
21043,APRON MODERN VINTAGE COTTON,1924.93,17.85,1907.08,679,3,141,9.374472551993046e-05,0.9126538740399902,1801
23094,LE GRAND TRAY CHIC SET,1924.92,25.0,1899.92,152,2,79,9.374423851663413e-05,0.9127476182785068,1802
21802,CHRISTMAS TREE HEART DECORATION,1918.8799999999999,0.42,1918.46,4381,1,323,9.345008852565243e-05,0.9128410683670325,1803
23155,KNICKERBOCKERGLORY MAGNET ASSORTED ,1914.7299999999998,129.71,1785.02,2233,169,135,9.32479821576766e-05,0.9129343163491902,1804
20684,STRAWBERRY DREAM CHILDS UMBRELLA,1913.31,36.5,1876.81,581,12,176,9.317882768959813e-05,0.9130274951768798,1805
22522,CHILDS GARDEN FORK BLUE ,1911.76,12.75,1899.01,2246,15,334,9.310334217866739e-05,0.9131205985190585,1806
40001,WHITE BAMBOO RIBS LAMPSHADE,1911.6499999999999,28.8,1882.85,2484,45,121,9.309798514240779e-05,0.9132136965042009,1807
21659,GLASS CAKE STAND,1906.6499999999999,59.8,1846.85,121,4,66,9.285448349424414e-05,0.9133065509876952,1808
22513,DOORSTOP FOOTBALL DESIGN,1905.95,0.0,1905.95,588,0,170,9.282039326350124e-05,0.9133993713809587,1809
22565,FELTCRAFT HAIRBANDS PINK AND WHITE ,1905.59,0.85,1904.7399999999998,2090,1,278,9.280286114483346e-05,0.9134921742421036,1810
85162B,BLACK RETRODISC LAMPSHADE,1905.15,0.0,1905.15,977,0,13,9.278143299979505e-05,0.9135849556751034,1811
84763,ZINC FINISH 15CM PLANTER POTS,1903.0,0.0,1903.0,1517,0,170,9.267672729108469e-05,0.9136776324023945,1812
21773,DECORATIVE ROSE BATHROOM BOTTLE,1901.9,31.25,1870.65,1644,25,308,9.262315692848869e-05,0.913770255559323,1813
22210,WOOD STAMP SET BEST WISHES,1901.7299999999998,24.749999999999996,1876.9799999999998,1589,15,287,9.261487787245112e-05,0.9138628704371955,1814
84519B,CARROT CHARLIE+LOLA COASTER SET,1899.5700000000002,2.95,1896.6200000000001,869,1,214,9.250968516044443e-05,0.9139553801223559,1815
23491,VINTAGE JINGLE BELLS HEART,1897.76,8.25,1889.51,228,1,78,9.242153756380918e-05,0.9140478016599197,1816
22985,WRAP BILLBOARD FONTS DESIGN,1895.24,0.0,1895.24,4722,0,136,9.22988127331347e-05,0.9141401004726528,1817
85232A,SET/3 POLKADOT STACKING TINS,1894.8300000000002,158.4,1736.43,376,32,138,9.22788455979853e-05,0.9142323793182509,1818
16169E,WRAP 50'S  CHRISTMAS,1892.46,52.5,1839.96,4563,125,149,9.216342581675572e-05,0.9143245427440676,1819
21445,12 PINK ROSE PEG PLACE SETTINGS,1892.23,15.0,1877.23,1523,12,146,9.21522247409402e-05,0.9144166949688085,1820
23434,3 RAFFIA RIBBONS 50'S CHRISTMAS ,1892.07,7.9,1884.17,2105,10,199,9.214443268819894e-05,0.9145088394014967,1821
21581,SKULLS  DESIGN  COTTON TOTE BAG,1890.74,45.0,1845.74,1172,20,203,9.207966124978743e-05,0.9146009190627465,1822
22523,CHILDS GARDEN FORK PINK,1889.09,12.75,1876.34,2191,15,352,9.199930570589342e-05,0.9146929183684525,1823
23394,POSTE FRANCE CUSHION COVER,1888.9,0.0,1888.9,438,0,150,9.199005264326321e-05,0.9147849084210957,1824
85185B,PINK HORSE SOCK PUPPET KIT,1887.7100000000003,2.95,1884.7600000000002,608,1,182,9.193209925100027e-05,0.9148768405203467,1825
21687,SILVER PLATE CANDLE BOWL LARGE,1886.23,3.75,1882.48,481,1,101,9.18600227631438e-05,0.9149687005431099,1826
22858,EASTER TIN KEEPSAKE,1882.29,16.5,1865.79,1138,10,139,9.166814346439086e-05,0.9150603686865743,1827
85231B,CINAMMON SET OF 9 T-LIGHTS,1880.3899999999999,9.35,1871.04,2057,11,384,9.157561283808866e-05,0.9151519442994124,1828
84856S,SMALL TAHITI BEACH BAG,1877.21,3.81,1873.4,467,1,33,9.142074578985659e-05,0.9152433650452022,1829
22678,FRENCH BLUE METAL DOOR SIGN 3,1876.78,13.75,1863.03,1401,11,248,9.13998046481145e-05,0.9153347648498503,1830
21983,PACK OF 12 BLUE PAISLEY TISSUES ,1875.8899999999999,13.919999999999998,1861.9699999999998,6121,48,325,9.135646135474138e-05,0.915426121311205,1831
21841,BABY MOUSE RED GINGHAM DRESS,1874.47,12.75,1861.72,441,3,132,9.128730688666291e-05,0.9155174086180917,1832
21085,SET/6 WOODLAND PAPER CUPS,1873.3300000000002,0.0,1873.3300000000002,13732,0,66,9.12317885108816e-05,0.9156086404066026,1833
23359,SET OF 12 T-LIGHTS VINTAGE DOILY,1872.31,0.0,1872.31,993,0,79,9.11821141746562e-05,0.9156998225207773,1834
21241,GREEN POLKADOT CUP,1871.62,0.85,1870.77,2216,1,260,9.114851094720962e-05,0.9157909710317245,1835
23090,missing,1870.86,7.47,1863.3899999999999,2238,9,149,9.111149869668875e-05,0.9158820825304211,1836
16016,LARGE CHINESE STYLE SCISSOR,1870.7,0.0,1870.7,2314,0,106,9.110370664394752e-05,0.9159731862370651,1837
21091,SET/6 WOODLAND PAPER PLATES,1868.7,0.0,1868.7,13700,0,47,9.100630598468205e-05,0.9160641925430498,1838
23525,WALL ART BUFFALO BILL ,1867.5700000000002,22.5,1845.0700000000002,583,6,53,9.095127461219708e-05,0.916155143817662,1839
22535,MAGIC DRAWING SLATE BUNNIES ,1865.85,50.4,1815.45,4462,120,298,9.086751004522877e-05,0.9162460113277073,1840
21394,RED POLKADOT BEAKER ,1864.6299999999999,8.58,1856.05,4005,22,150,9.080809564307683e-05,0.9163368194233504,1841
21613,S/12 VANILLA  BOTANICAL T-LIGHTS,1861.4500000000003,0.0,1861.4500000000003,632,0,145,9.065322859484478e-05,0.9164274726519452,1842
21287,SCENTED VELVET LOUNGE CANDLE ,1860.0,0.0,1860.0,4107,0,93,9.05826131168773e-05,0.9165180552650621,1843
21677,HEARTS  STICKERS,1859.3799999999999,30.599999999999998,1828.78,2125,36,279,9.055241891250501e-05,0.9166086076839747,1844
22686,FRENCH BLUE METAL DOOR SIGN No,1857.39,30.0,1827.39,1406,24,221,9.045550525653588e-05,0.9166990631892312,1845
20772,GARDEN PATH JOURNAL,1851.28,320.25000000000006,1531.03,971,151,161,9.01579462424799e-05,0.9167892211354737,1846
22587,FELTCRAFT HAIRBAND RED AND BLUE,1850.54,0.0,1850.54,2123,0,308,9.012190799855169e-05,0.9168793430434722,1847
21547,CERAMIC BIRDHOUSE CRESTED TIT SMALL,1848.4700000000003,5.9,1842.5700000000002,719,2,119,9.002109831621194e-05,0.9169693641417884,1848
84797B,Donated to The Food Chain charity,1845.2,33.9,1811.3000000000002,323,2,33,8.986184823831291e-05,0.9170592259900268,1849
21894,POTTING SHED SEED ENVELOPES,1844.89,0.0,1844.89,1327,0,247,8.984675113612676e-05,0.9171490727411629,1850
23378,PACK OF 12 50'S CHRISTMAS TISSUES,1842.42,0.0,1842.42,4003,0,176,8.972646132193393e-05,0.9172387992024847,1851
85162C,WHITE RETRODISC LAMPSHADE,1841.7,0.0,1841.7,904,0,46,8.969139708459835e-05,0.9173284905995693,1852
21391,FRENCH LAVENDER SCENT HEART,1839.64,6.300000000000001,1833.3400000000001,1436,3,175,8.959107440555494e-05,0.9174180816739749,1853
21357,TOAST ITS - DINOSAUR,1836.51,60.0,1776.51,1395,48,211,8.943864237380449e-05,0.9175075203163486,1854
22317,FIVE CATS HANGING DECORATION,1836.4900000000002,0.0,1836.4900000000002,590,0,167,8.943766836721184e-05,0.9175969579847159,1855
21618,4 WILDFLOWER BOTANICAL CANDLES,1826.24,0.0,1826.24,700,0,139,8.893848998847636e-05,0.9176858964747043,1856
85173,SET/6 FROG PRINCE T-LIGHT CANDLES,1826.07,12.75,1813.32,1018,5,150,8.893021093243878e-05,0.9177748266856368,1857
85164B,BLACK BAROQUE CUCKOO CLOCK,1825.1799999999998,12.75,1812.4299999999998,140,1,65,8.888686763906564e-05,0.9178637135532759,1858
21529,RED RETROSPOT TOASTRACK,1824.9400000000003,27.6,1797.3400000000001,513,8,152,8.887517955995381e-05,0.9179525887328358,1859
84327A,PINK JUMPER LARRY THE LAMB,1824.47,6.76,1817.71,961,4,123,8.885229040502642e-05,0.9180414410232408,1860
22680,FRENCH BLUE METAL DOOR SIGN 5,1824.2,37.5,1786.7,1359,30,230,8.883914131602558e-05,0.9181302801645569,1861
23148,MINIATURE ANTIQUE ROSE HOOK IVORY,1820.4599999999998,10.79,1809.6699999999998,2144,13,247,8.865700208319916e-05,0.91821893716664,1862
22586,FELTCRAFT HAIRBAND PINK AND BLUE,1818.54,40.8,1777.7399999999998,2091,48,295,8.856349745030434e-05,0.9183075006640904,1863
21088,SET/6 FRUIT SALAD PAPER CUPS,1816.73,572.52,1244.21,16615,7140,136,8.847534985366909e-05,0.9183959760139441,1864
22307,GOLD MUG BONE CHINA TREE OF LIFE,1815.81,49.8,1766.01,1205,41,118,8.843054555040698e-05,0.9184844065594945,1865
21384,IVORY HANGING DECORATION  BUTTERFLY,1815.29,0.0,1815.29,1923,0,150,8.840522137899796e-05,0.9185728117808735,1866
21761,WOOD AND GLASS MEDICINE CABINET,1814.75,29.95,1784.8,65,1,24,8.837892320099628e-05,0.9186611907040745,1867
23160,REGENCY TEA SPOON,1809.48,7.5,1801.98,1462,6,76,8.81222724638318e-05,0.9187493129765383,1868
21161,KEEP OUT BOYS DOOR HANGER ,1808.95,47.66,1761.29,2362,86,206,8.809646128912646e-05,0.9188374094378274,1869
21548,CERAMIC BIRDHOUSE FINCH BLUE ROOF,1802.67,44.25,1758.42,691,15,107,8.779062321903291e-05,0.9189252000610465,1870
90167,BEADED LOVE HEART JEWELLERY SET,1801.1699999999998,217.55999999999997,1583.61,2197,300,111,8.771757272458381e-05,0.9190129176337711,1871
21280,VINTAGE KITCHEN PRINT VEGETABLES,1800.44,312.0,1488.44,3333,1248,70,8.768202148395192e-05,0.919100599655255,1872
22770,MIRROR CORNICE,1799.62,104.64999999999999,1694.97,112,7,71,8.764208721365309e-05,0.9191882417424687,1873
21158,MOODY GIRL DOOR HANGER ,1797.51,38.17,1759.34,2594,97,310,8.753932951812802e-05,0.9192757810719868,1874
22324,BLUE POLKADOT KIDS BAG,1797.06,15.6,1781.46,664,8,152,8.75174143697933e-05,0.9193632984863566,1875
84748,FOLK FELT HANGING MULTICOL GARLAND,1796.12,0.0,1796.12,1174,0,93,8.747163605993853e-05,0.9194507701224165,1876
22254,FELT TOADSTOOL LARGE,1793.46,90.0,1703.46,1399,72,148,8.734209318311547e-05,0.9195381122155996,1877
22103,MIRROR MOSAIC T-LIGHT HOLDER ROUND,1790.34,203.31,1587.03,1764,483,71,8.719014815466135e-05,0.9196253023637542,1878
22922,FRIDGE MAGNETS US DINER ASSORTED,1789.1999999999998,183.29999999999998,1605.8999999999999,2073,234,113,8.713462977888003e-05,0.919712436993533,1879
22533,MAGIC DRAWING SLATE BAKE A CAKE ,1787.56,30.240000000000002,1757.32,4529,72,231,8.705476123828237e-05,0.9197994917547713,1880
23317,BLUE REFECTORY CLOCK ,1787.4099999999999,0.0,1787.4099999999999,174,0,82,8.704745618883745e-05,0.9198865392109601,1881
23057,rusty throw away,1783.52,636.15,1147.3700000000001,776,433,45,8.685801190656613e-05,0.9199733972228666,1882
20729,RED SPOTTY CANDY BAG,1778.12,27.5,1750.62,5262,22,121,8.659503012654939e-05,0.9200599922529932,1883
79302M,"ART LIGHTS,FUNK MONKEY",1774.18,2.95,1771.23,624,1,107,8.640315082779644e-05,0.9201463954038209,1884
21163,DO NOT TOUCH MY STUFF DOOR HANGER ,1769.24,46.01,1723.23,2810,85,253,8.616257119941076e-05,0.9202325579750203,1885
37343,damaged,1768.9399999999998,0.0,1768.9399999999998,1116,0,104,8.614796110052093e-05,0.9203187059361209,1886
84507B,STRIPES DESIGN MONKEY DOLL,1764.03,11.049999999999999,1752.9799999999998,1349,7,115,8.590884248202424e-05,0.9204046147786029,1887
21205,MULTICOLOUR 3D BALLS GARLAND,1762.27,53.55,1708.72,675,21,144,8.582312990187063e-05,0.9204904379085048,1888
22422,TOOTHPASTE TUBE PEN,1762.24,15.600000000000001,1746.64,2745,24,354,8.582166889198164e-05,0.9205762595773967,1889
22546,MINI JIGSAW PURDEY,1762.06,0.42,1761.6399999999999,4378,1,181,8.581290283264775e-05,0.9206620724802294,1890
21652,damages,1761.59,40.949999999999996,1720.6399999999999,903,21,78,8.579001367772036e-05,0.920747862493907,1891
47566b,TEA TIME PARTY BUNTING,1761.2599999999998,0.0,1761.2599999999998,212,0,113,8.577394256894157e-05,0.920833636436476,1892
23096,PETIT TRAY CHIC,1759.7899999999997,0.0,1759.7899999999997,1047,0,146,8.570235308438145e-05,0.9209193387895603,1893
22209,WOOD STAMP SET HAPPY BIRTHDAY,1759.7399999999998,36.36,1723.3799999999999,1421,28,257,8.569991806789981e-05,0.9210050387076283,1894
22446,PIN CUSHION BABUSHKA PINK,1755.28,20.1,1735.18,619,6,186,8.548271459773785e-05,0.921090521422226,1895
20767,BLUE PAISLEY JOURNAL ,1754.36,17.849999999999998,1736.51,817,7,179,8.543791029447573e-05,0.9211759593325205,1896
23372,SET 36 COLOUR PENCILS DOLLY GIRL,1752.79,20.0,1732.79,1391,16,147,8.536145077695236e-05,0.9212613207832975,1897
23399,HOME SWEET HOME HANGING HEART,1752.35,0.0,1752.35,1922,0,225,8.534002263191394e-05,0.9213466608059294,1898
21000,ROSE DU SUD COSMETICS BAG,1749.23,0.0,1749.23,691,0,94,8.518807760345983e-05,0.9214318488835329,1899
84535B,FAIRY CAKES NOTEBOOK A6 SIZE,1748.41,61.75,1686.66,2687,95,327,8.5148143333161e-05,0.9215169970268661,1900
21780,MA CAMPAGNE 4 DRAWER WALL SHELF,1745.85,0.0,1745.85,203,0,32,8.502347048930121e-05,0.9216020204973554,1901
85060,WOOD FAN WITH FLOWER DESIGN,1745.62,47.5,1698.12,1448,38,87,8.501226941348568e-05,0.9216870327667689,1902
23101,SILVER STARS TABLE DECORATION,1744.61,0.0,1744.61,2037,0,213,8.496308208055662e-05,0.9217719958488494,1903
21637,ASSORTED SANSKRIT MINI NOTEBOOK,1741.72,22.5,1719.22,1358,18,93,8.482233812791803e-05,0.9218568181869773,1904
21662,VINTAGE GLASS COFFEE CADDY,1741.0,23.8,1717.2,270,4,106,8.478727389058247e-05,0.9219416054608679,1905
21760,used for show display,1740.0,250.0,1490.0,15,2,12,8.473857356094974e-05,0.9220263440344288,1906
84006,MAGIC TREE -PAPER FLOWERS,1739.77,4.25,1735.52,1858,5,212,8.472737248513421e-05,0.922111071406914,1907
84843,WHITE SOAP RACK WITH 2 BOTTLES,1737.01,11.9,1725.1100000000001,281,2,110,8.459295957534787e-05,0.9221956643664893,1908
22035,VINTAGE CARAVAN GREETING CARD ,1736.28,20.580000000000002,1715.7,4095,49,360,8.455740833471599e-05,0.9222802217748239,1909
23244,ROUND STORAGE TIN VINTAGE LEAF,1733.9799999999998,16.95,1717.03,936,9,112,8.44453975765607e-05,0.9223646671724005,1910
23181,BULL DOG BOTTLE TOP WALL CLOCK,1733.57,33.0,1700.57,201,4,82,8.442543044141128e-05,0.9224490926028419,1911
21090,SET/6 COLLAGE PAPER PLATES,1733.1299999999999,14.04,1719.09,3115,36,278,8.440400229637288e-05,0.9225334966051383,1912
21275,ZINC TOP  2 DOOR WOODEN SHELF ,1731.43,138.45,1592.98,250,11,55,8.432121173599725e-05,0.9226178178168742,1913
37342,POLKADOT COFFEE CUP & SAUCER PINK,1731.4,45.68,1685.72,1629,56,131,8.431975072610826e-05,0.9227021375676003,1914
21927,BLUE/CREAM STRIPE CUSHION COVER ,1728.24,81.25,1646.99,1260,65,192,8.416585768446883e-05,0.9227863034252848,1915
23122,PARTY CHARMS 50 PIECES,1727.75,2.49,1725.26,2253,3,133,8.41419945229488e-05,0.9228704454198078,1916
22516,CHILDS GARDEN RAKE BLUE,1725.8000000000002,6.300000000000001,1719.5000000000002,851,3,162,8.404702888016499e-05,0.922954492448688,1917
85127,SMALL SQUARE CUT GLASS CANDLESTICK,1725.52,24.75,1700.77,279,5,81,8.403339278786781e-05,0.9230385258414758,1918
22026,BANQUET BIRTHDAY  CARD  ,1722.51,5.04,1717.47,4041,12,366,8.388680479567329e-05,0.9231224126462715,1919
22319,HAIRCLIPS FORTIES FABRIC ASSORTED,1721.44,50.050000000000004,1671.39,3023,77,174,8.383469544296627e-05,0.9232062473417144,1920
23073,GEORGIAN TRINKET BOX,1719.0,12.5,1706.5,144,1,61,8.371586663866241e-05,0.9232899632083531,1921
21895,POTTING SHED SOW 'N' GROW SET,1718.63,17.0,1701.63,555,4,85,8.369784751669831e-05,0.9233736610558698,1922
10125,MINI FUNKY DESIGN TAPES,1718.33,0.0,1718.33,2106,0,167,8.368323741780848e-05,0.9234573442932876,1923
21281,VINTAGE KITCHEN PRINT SEAFOOD,1716.8,384.0,1332.8,3680,1536,67,8.360872591347041e-05,0.9235409530192011,1924
21283,NATURAL BARK CANDLE SMALL,1710.45,39.0,1671.45,537,12,81,8.329947882030258e-05,0.9236242524980215,1925
22934,BAKING MOULD EASTER EGG WHITE CHOC,1707.47,8.850000000000001,1698.6200000000001,589,3,78,8.315435183799705e-05,0.9237074068498595,1926
20990,SPRING FLOWER CHOPSTICKS SET/5,1706.1399999999999,1.95,1704.19,895,1,103,8.30895803995855e-05,0.9237904964302591,1927
23214,JINGLE BELL HEART ANTIQUE GOLD,1705.44,0.0,1705.44,794,0,103,8.30554901688426e-05,0.923873551920428,1928
22679,FRENCH BLUE METAL DOOR SIGN 4,1704.43,12.5,1691.93,1270,10,230,8.300630283591354e-05,0.9239565582232638,1929
47591B,SCOTTIES CHILDRENS APRON,1704.3,0.0,1704.3,1059,0,281,8.299997179306129e-05,0.9240395581950569,1930
84795A,PASTEL STRIPE HAMMOCK ,1703.97,0.0,1703.97,209,0,70,8.298390068428249e-05,0.9241225420957412,1931
22123,PING MICROWAVE APRON,1700.93,142.8,1558.1299999999999,656,24,166,8.2835851682199e-05,0.9242053779474234,1932
21189,WHITE HONEYCOMB PAPER GARLAND ,1700.53,0.0,1700.53,798,0,123,8.28163715503459e-05,0.9242881943189738,1933
22706,WRAP COWBOYS  ,1693.24,21.0,1672.24,4222,50,125,8.24613461473233e-05,0.9243706556651211,1934
21645,ASSORTED TUTTI FRUTTI ROUND BOX,1692.1499999999999,49.49999999999999,1642.6499999999999,999,30,133,8.240826278802362e-05,0.9244530639279092,1935
70007,HI TEC ALPINE HAND WARMER,1691.1799999999998,19.799999999999997,1671.3799999999999,1310,12,205,8.236102346827987e-05,0.9245354249513774,1936
20996,JAZZ HEARTS ADDRESS BOOK,1688.6200000000001,5.88,1682.74,6317,14,335,8.223635062442009e-05,0.9246176613020018,1937
21576,LETS GO SHOPPING COTTON TOTE BAG,1688.44,20.25,1668.19,733,9,205,8.22275845650862e-05,0.924699888886567,1938
22323,PINK POLKADOT KIDS BAG,1687.21,23.4,1663.81,637,12,116,8.216768315963794e-05,0.9247820565697266,1939
21251,DINOSAUR HEIGHT CHART STICKER SET,1686.88,0.0,1686.88,596,0,132,8.215161205085914e-05,0.9248642081817774,1940
85221,ASSORTED COLOUR SILK COIN PURSE,1685.46,155.92000000000002,1529.54,3558,131,47,8.208245758278066e-05,0.9249462906393602,1941
21278,VINTAGE KITCHEN PRINT PUDDINGS,1685.05,320.4,1364.6499999999999,2770,1208,118,8.206249044763124e-05,0.9250283531298078,1942
17129F,BLUE GLASS GEMS IN BAG,1684.58,11.659999999999998,1672.9199999999998,1580,8,145,8.203960129270385e-05,0.9251103927311005,1943
21446,12 RED ROSE PEG PLACE SETTINGS,1683.58,0.0,1683.58,1269,0,232,8.199090096307112e-05,0.9251923836320636,1944
23368,SET 12 COLOUR PENCILS DOLLY GIRL ,1681.5,3.9000000000000004,1677.6000000000001,2382,6,232,8.188960427743504e-05,0.925274273236341,1945
21382,SET/4 SPRING FLOWER DECORATION,1681.16,6.0,1675.16,1244,8,152,8.187304616535993e-05,0.9253561462825064,1946
22975,SPACEBOY CHILDRENS EGG CUP,1679.66,1.25,1678.41,1245,1,193,8.179999567091083e-05,0.9254379462781773,1947
21633,SUNFLOWER DECORATIVE PARASOL,1675.86,25.5,1650.36,176,2,72,8.161493441830645e-05,0.9255195612125956,1948
46776F,WOVEN ROSE GARDEN CUSHION COVER ,1675.73,0.0,1675.73,487,0,157,8.16086033754542e-05,0.9256011698159711,1949
72816,SET/3 CHRISTMAS DECOUPAGE CANDLES,1673.72,30.0,1643.72,1346,24,136,8.151071571289242e-05,0.925682680531684,1950
72817,SET OF 2 CHRISTMAS DECOUPAGE CANDLE,1671.28,30.0,1641.28,1553,24,214,8.139188690858856e-05,0.9257640724185926,1951
85036C,ROSE 1 WICK MORRIS BOXED CANDLE,1671.27,232.25,1439.02,895,193,128,8.139139990529222e-05,0.9258454638184979,1952
22673,FRENCH GARDEN SIGN BLUE METAL,1671.25,118.01,1553.24,1323,109,195,8.139042589869957e-05,0.9259268542443966,1953
22410,MONEY BOX HOUSEKEEPING DESIGN,1671.21,15.0,1656.21,1366,12,198,8.138847788551426e-05,0.9260082427222821,1954
23366,SET 12 COLOURING PENCILS DOILY,1670.55,0.0,1670.55,2253,0,195,8.135633566795666e-05,0.9260895990579501,1955
21284,RETROSPOT CANDLE  SMALL,1670.41,50.64,1619.77,1548,48,140,8.134951762180808e-05,0.9261709485755719,1956
35809A,ENAMEL PINK TEA CONTAINER,1667.6100000000001,0.0,1667.6100000000001,1138,0,177,8.121315669883644e-05,0.9262521617322708,1957
85039A,SET/4 RED MINI ROSE CANDLE IN BOWL,1664.6699999999998,4.949999999999999,1659.7199999999998,1450,3,251,8.10699777297162e-05,0.9263332317100005,1958
23505,PLAYING CARDS I LOVE LONDON ,1660.04,0.0,1660.04,1207,0,115,8.084449520351666e-05,0.926414076205204,1959
23270,SET OF 2 CERAMIC PAINTED HEARTS ,1659.37,8.7,1650.6699999999998,1183,6,125,8.081186598266273e-05,0.9264948880711866,1960
21294,ETCHED GLASS COASTER,1658.75,0.0,1658.75,2250,0,139,8.078167177829045e-05,0.9265756697429649,1961
21162,TOXIC AREA  DOOR HANGER ,1657.05,44.76,1612.29,2405,84,285,8.06988812179148e-05,0.9266563686241828,1962
37441,ASSORTED WHITE EMBOSSED CHINA MUGS,1652.4,2.1,1650.3000000000002,706,1,54,8.047242468512262e-05,0.9267368410488679,1963
22025,RING OF ROSES BIRTHDAY CARD,1651.72,5.04,1646.68,3994,12,288,8.043930846097236e-05,0.9268172803573289,1964
23483,HANGING  BUTTERFLY T-LIGHT HOLDER,1651.36,26.240000000000002,1625.12,1340,22,73,8.042177634230456e-05,0.9268977021336712,1965
21448,12 DAISY PEGS IN WOOD BOX,1650.0699999999997,0.0,1650.0699999999997,961,0,211,8.035895291707834e-05,0.9269780610865882,1966
23273,HEART T-LIGHT HOLDER WILLIE WINKIE,1649.0499999999997,6.6,1642.4499999999998,969,4,112,8.030927858085296e-05,0.927058370365169,1967
21426,WOODLAND STORAGE BOX SMALL,1647.0700000000002,161.40000000000003,1485.67,1028,104,99,8.021285192818018e-05,0.9271385832170972,1968
21332,MOROCCAN BEATEN METAL MIRROR,1644.17,109.75,1534.42,270,21,50,8.007162097224525e-05,0.9272186548380694,1969
21545,CERAMIC BIRDHOUSE BUTTERFLY SMALL,1643.0700000000002,5.9,1637.17,698,2,82,8.001805060964925e-05,0.9272986728886791,1970
48195,DOORMAT GREEN PAISLEY ,1642.97,27.0,1615.97,271,4,87,8.001318057668598e-05,0.9273786860692558,1971
23348,CHILDRENS TOY COOKING UTENSIL SET,1642.13,47.260000000000005,1594.8700000000001,750,23,168,7.997227229979449e-05,0.9274586583415556,1972
85180A,RED HEARTS LIGHT CHAIN ,1636.42,69.75,1566.67,629,15,99,7.96941934175916e-05,0.9275383525349732,1973
21541,DINOSAURS WATER TRANSFER TATTOOS ,1636.24,16.15,1620.09,1907,19,201,7.96854273582577e-05,0.9276180379623314,1974
23391, I LOVE LONDON MINI BACKPACK,1632.3200000000002,0.0,1632.3200000000002,390,0,87,7.94945220660974e-05,0.9276975324843976,1975
35241,ENAMEL BLUE RIM BISCUIT BIN,1631.42,59.400000000000006,1572.02,309,12,130,7.945069176942795e-05,0.927776983176167,1976
21593,SWALLOW CIGAR BOX MATCHES ,1630.56,30.0,1600.56,1392,24,94,7.94088094859438e-05,0.927856391985653,1977
21837,CROSS STITCH ALPHABET CUSHION COVER,1628.5900000000001,11.9,1616.69,245,2,91,7.931286983656733e-05,0.9279357048554895,1978
21793,CLASSIC FRENCH STYLE BASKET BROWN,1627.3600000000001,0.0,1627.3600000000001,353,0,102,7.925296843111906e-05,0.9280149578239206,1979
21656,samples,1623.24,2.9,1620.34,991,2,140,7.905232307303222e-05,0.9280940101469937,1980
21286,RETROSPOT CANDLE  LARGE,1623.01,30.599999999999998,1592.4099999999999,1006,12,101,7.904112199721668e-05,0.9281730512689909,1981
84619,BLUE GINGHAM ROSE QUILT ,1622.96,0.0,1622.96,72,0,29,7.903868698073506e-05,0.9282520899559716,1982
21279,VINTAGE KITCHEN PRINT FRUITS,1621.83,425.84999999999997,1195.98,3527,1639,101,7.898365560825006e-05,0.9283310736115798,1983
85131A,BEADED PEARL HEART WHITE ON STICK,1620.48,12.52,1607.96,2026,14,199,7.891791016324588e-05,0.9284099915217431,1984
84919,BLUE CUSHION COVER WITH FLOWER,1619.84,723.4,896.44,291,172,43,7.888674195228093e-05,0.9284888782636954,1985
21157,RED RETROSPOT WASHBAG,1619.0500000000002,12.600000000000001,1606.45,690,6,176,7.884826869187108e-05,0.9285677265323873,1986
23280,FOLDING BUTTERFLY MIRROR HOT PINK ,1614.99,1.66,1613.33,2024,2,157,7.86505453535622e-05,0.9286463770777409,1987
23217,LAUREL HEART ANTIQUE SILVER,1613.82,0.0,1613.82,1309,0,97,7.85935659678919e-05,0.9287249706437087,1988
23287,RED VINTAGE SPOT BEAKER,1613.59,43.349999999999994,1570.24,1891,51,198,7.858236489207637e-05,0.9288035530086008,1989
35471D,SET OF 3 BIRD LIGHT PINK FEATHER ,1613.57,2.5,1611.07,2268,2,348,7.858139088548372e-05,0.9288821343994863,1990
23462,ROCOCO WALL MIRROR WHITE,1607.04,350.09999999999997,1256.94,80,18,46,7.8263377732982e-05,0.9289603977772193,1991
82615,PINK MARSHMALLOW SCARF KNITTING KIT,1606.92,11.0,1595.92,583,4,90,7.825753369342607e-05,0.9290386553109127,1992
35810A,ENAMEL PINK COFFEE CONTAINER,1605.57,2.1,1603.47,1206,1,171,7.819178824842188e-05,0.9291168470991611,1993
21542,WOODLAND WATER TRANSFER TATTOOS ,1605.0,59.5,1545.5,1882,70,190,7.816402906053122e-05,0.9291950111282217,1994
22517,CHILDS GARDEN RAKE PINK,1604.1100000000001,0.0,1604.1100000000001,813,0,152,7.81206857671581e-05,0.9292731318139889,1995
21550,CERAMIC BIRDHOUSE CRESTED TIT LARGE,1601.21,5.95,1595.26,301,1,64,7.797945481122318e-05,0.9293511112688001,1996
22260,FELT EGG COSY BLUE RABBIT ,1599.02,13.6,1585.4199999999998,1562,16,241,7.78728010893275e-05,0.9294289840698894,1997
21383,PACK OF 12 STICKY BUNNIES,1598.88,40.300000000000004,1558.5800000000002,2217,62,323,7.786598304317892e-05,0.9295068500529325,1998
20802,SMALL GLASS SUNDAE DISH CLEAR,1596.81,34.92,1561.8899999999999,1051,48,116,7.776517336083916e-05,0.9295846152262934,1999
23226,FILIGREE HEART DAISY WHITE,1596.67,60.0,1536.67,1247,48,98,7.775835531469059e-05,0.9296623735816081,2000
84913B,MINT GREEN ROSE TOWEL,1593.29,4.65,1588.64,420,1,200,7.759374820053195e-05,0.9297399673298086,2001
21694,SMALL REGAL  SILVER CANDLEPOT ,1593.16,0.0,1593.16,556,0,70,7.758741715767971e-05,0.9298175547469663,2002
22099,CARAVAN SQUARE TISSUE BOX,1592.02,30.0,1562.02,2131,24,291,7.75318987818984e-05,0.9298950866457482,2003
35160,BUDDHA INCENSE HOLDER ASSORTED,1590.6399999999999,0.0,1590.6399999999999,2180,0,56,7.746469232700522e-05,0.9299725513380752,2004
22106,MIRROR MOSAIC HURRICANE LAMP ,1589.98,156.75,1433.23,509,121,79,7.743255010944763e-05,0.9300499838881847,2005
21675,BUTTERFLIES STICKERS,1587.04,10.2,1576.84,1794,12,268,7.72893711403274e-05,0.9301272732593251,2006
85170A,SET/6 IVORY BIRD T-LIGHT CANDLES,1585.06,51.519999999999996,1533.54,848,32,84,7.719294448765459e-05,0.9302044662038127,2007
21867,PINK UNION JACK  LUGGAGE TAG,1582.87,0.0,1582.87,1160,0,288,7.708629076575891e-05,0.9302815524945784,2008
85222,ASSORTED COLOUR SILK COSMETIC PURSE,1581.7800000000002,2.75,1579.0300000000002,1407,2,50,7.703320740645925e-05,0.9303585857019849,2009
23369,SET 36 COLOUR PENCILS LOVE LONDON,1581.06,0.0,1581.06,1105,0,126,7.699814316912368e-05,0.930435583845154,2010
22608,PENS ASSORTED FUNKY JEWELED ,1580.6499999999999,31.93,1548.72,5771,43,170,7.697817603397424e-05,0.930512562021188,2011
21099,SET/6 STRAWBERRY PAPER CUPS,1580.3400000000001,78.0,1502.3400000000001,13388,120,33,7.696307893178812e-05,0.9305895251001198,2012
22705,WRAP GREEN PEARS ,1578.36,10.5,1567.86,3758,25,151,7.68666522791153e-05,0.930666391752399,2013
21282,NATURAL BARK CANDLE LARGE,1577.53,51.0,1526.53,369,12,69,7.682623100552013e-05,0.9307432179834044,2014
79323B,"Unsaleable, destroyed.",1572.45,1557.2,15.250000000000028,243,248,58,7.657883333098588e-05,0.9308197968167354,2015
21631,HIPPY CHIC DECORATIVE PARASOL,1571.75,0.0,1571.75,221,0,54,7.654474310024296e-05,0.9308963415598357,2016
21092,phil said so,1571.5,20.4,1551.1,12846,24,28,7.653256801783479e-05,0.9309728741278536,2017
21289,LARGE STRIPES CHOCOLATE GIFT BAG,1570.56,25.0,1545.56,1430,20,102,7.648678970798001e-05,0.9310493609175615,2018
72803A,ROSE SCENT CANDLE JEWELLED DRAWER,1570.5,17.0,1553.5,728,4,97,7.648386768820204e-05,0.9311258447852497,2019
21579,LOLITA  DESIGN  COTTON TOTE BAG,1569.85,38.25,1531.6,1033,17,136,7.645221247394076e-05,0.9312022969977237,2020
21925,UNION STRIPE CUSHION COVER ,1567.33,22.5,1544.83,1205,18,167,7.63294876432663e-05,0.931278626485367,2021
15059A,ENGLISH ROSE EDWARDIAN PARASOL,1567.0,0.0,1567.0,509,0,4,7.63134165344875e-05,0.9313549399019014,2022
84789,ENCHANTED BIRD PLANT CAGE,1565.89,30.0,1535.89,447,8,124,7.625935916859516e-05,0.93143119926107,2023
21610,SET 12 PEAR BOTANICAL T-LIGHTS,1564.3200000000002,0.0,1564.3200000000002,549,0,97,7.618289965107179e-05,0.931507382160721,2024
85194L,HANGING SPRING FLOWER EGG LARGE,1562.33,28.049999999999997,1534.28,1820,33,147,7.608598599510265e-05,0.9315834681467161,2025
21972,SET OF 36 DINOSAUR PAPER DOILIES,1562.27,2.9,1559.37,1056,2,171,7.608306397532468e-05,0.9316595512106914,2026
22681,FRENCH BLUE METAL DOOR SIGN 6,1562.02,14.81,1547.21,1169,12,189,7.60708888929165e-05,0.9317356220995844,2027
84536B,FAIRY CAKES NOTEBOOK A7 SIZE,1561.49,21.84,1539.65,3504,52,399,7.604507771821116e-05,0.9318116671773026,2028
21711,FOLDING UMBRELLA WHITE/RED POLKADOT,1560.6100000000001,0.0,1560.6100000000001,383,0,71,7.600222142813435e-05,0.9318876693987307,2029
21276,TWO EMBOSSED HEART MINI DRAWERS,1558.94,76.2,1482.74,677,16,29,7.59208918776477e-05,0.9319635902906084,2030
85036B,CHOCOLATE 1 WICK MORRIS BOX CANDLE,1558.1599999999999,25.5,1532.6599999999999,606,6,87,7.588290562053416e-05,0.9320394731962289,2031
23524,WALL ART HORSE & PONY ,1557.63,22.5,1535.13,481,6,63,7.585709444582882e-05,0.9321153302906747,2032
20766,GARDEN PATH SKETCHBOOK,1555.97,15.0,1540.97,520,4,155,7.577625189863849e-05,0.9321911065425733,2033
21399,BLUE POLKADOT COFFEE MUG,1555.12,45.39,1509.73,2390,112,118,7.573485661845066e-05,0.9322668413991918,2034
22786,CUSHION COVER PINK UNION JACK,1555.05,0.0,1555.05,249,0,92,7.573144759537637e-05,0.9323425728467872,2035
22982,PANTRY PASTRY BRUSH,1545.02,30.0,1515.02,1155,24,212,7.524298328916009e-05,0.9324178158300764,2036
16033,MINI HIGHLIGHTER PENS,1544.52,57.599999999999994,1486.9199999999998,15121,480,50,7.521863312434373e-05,0.9324930344632008,2037
75131,METAL TUBE CHIME ON BAMBOO,1543.03,0.0,1543.03,1217,0,68,7.514606963319097e-05,0.932568180532834,2038
20735,BLACK MINI TAPE MEASURE ,1540.29,0.0,1540.29,1515,0,202,7.501263072999728e-05,0.9326431931635639,2039
84795D,SEASIDE STRIPE HAMMOCK,1538.79,6.95,1531.8400000000001,189,1,83,7.493958023554819e-05,0.9327181327437994,2040
22322,BIRD DECORATION GREEN POLKADOT,1538.4099999999999,12.75,1525.6599999999999,1629,15,272,7.492107411028774e-05,0.9327930538179098,2041
21146,ANTIQUE GLASS RIDGED HANGING BALL,1537.07,3.9,1533.1699999999998,801,2,58,7.48558156685799e-05,0.9328679096335784,2042
20768,GREEN FERN JOURNAL ,1536.74,0.0,1536.74,768,0,149,7.48397445598011e-05,0.9329427493781381,2043
22340,NOEL GARLAND PAINTED ZINC ,1535.9199999999998,19.049999999999997,1516.87,1824,13,184,7.479981028950224e-05,0.9330175491884276,2044
20986,BLUE CALCULATOR RULER,1534.7,0.0,1534.7,1220,0,204,7.474039588735033e-05,0.933092289584315,2045
23267,SET OF 4 SANTA PLACE SETTINGS,1531.95,60.0,1471.95,1202,48,108,7.460646998086032e-05,0.9331668960542958,2046
72008,FROSTED BOX 9 WHITE T-LIGHT CANDLES,1531.82,10.5,1521.32,3820,25,215,7.460013893800805e-05,0.9332414961932338,2047
23250,VINTAGE RED TRIM ENAMEL BOWL ,1531.03,141.8,1389.23,1179,121,110,7.45616656775982e-05,0.9333160578589115,2048
22288,HANGING METAL RABBIT DECORATION,1528.49,0.0,1528.49,1312,0,119,7.443796684033107e-05,0.9333904958257518,2049
20902,check,1525.22,0.0,1525.22,206,0,116,7.427871676243205e-05,0.9334647745425143,2050
22337,ANGEL DECORATION PAINTED ZINC ,1522.52,0.0,1522.52,2473,0,146,7.414722587242368e-05,0.9335389217683867,2051
22682,FRENCH BLUE METAL DOOR SIGN 7,1521.86,13.75,1508.11,1166,11,182,7.411508365486607e-05,0.9336130368520416,2052
21785,RAIN PONCHO ,1520.58,0.0,1520.58,2012,0,100,7.405274723293617e-05,0.9336870895992745,2053
21661,VINTAGE GLASS TEA CADDY,1517.26,35.2,1482.0600000000002,240,6,98,7.389106213855552e-05,0.933760980661413,2054
85177,BASKET OF FLOWERS SEWING KIT,1515.6299999999999,0.85,1514.78,1821,1,143,7.381168060125416e-05,0.9338347923420143,2055
21009,ETCHED GLASS STAR TREE DECORATION,1509.99,18.75,1491.24,1059,15,102,7.353701074212557e-05,0.9339083293527564,2056
22137,BATHROOM SET LOVE HEART DESIGN,1508.28,8.850000000000001,1499.43,606,3,43,7.345373317845361e-05,0.9339817830859348,2057
21634,ASSORTED MINI MADRAS NOTEBOOK,1507.74,151.25,1356.49,1771,121,69,7.342743500045193e-05,0.9340552105209353,2058
21002,ROSE DU SUD DRAWSTRING BAG,1507.22,0.0,1507.22,417,0,184,7.340211082904291e-05,0.9341286126317644,2059
23528,WALL ART SPACEBOY,1504.49,0.0,1504.49,479,0,50,7.326915892914557e-05,0.9342018817906935,2060
84526,GIANT BLACK SUNGLASSES,1503.6399999999999,0.0,1503.6399999999999,538,0,34,7.322776364895773e-05,0.9342751095543425,2061
85159B,"WHITE TEA,COFFEE,SUGAR JARS",1503.5,92.89,1410.61,659,39,88,7.322094560280916e-05,0.9343483304999453,2062
21066,VINTAGE RED MUG,1503.42,15.0,1488.42,2291,12,131,7.321704957643854e-05,0.9344215475495217,2063
22683,FRENCH BLUE METAL DOOR SIGN 8,1501.66,15.0,1486.66,1131,12,190,7.313133699628494e-05,0.9344946788865179,2064
84510B,SET OF 4 FAIRY CAKES COASTERS ,1501.05,2.5,1498.55,1187,2,147,7.310162979520896e-05,0.9345677805163132,2065
23271,CHRISTMAS TABLE SILVER CANDLE SPIKE,1499.3799999999999,0.0,1499.3799999999999,1734,0,104,7.30203002447223e-05,0.9346408008165579,2066
85125,SMALL ROUND CUT GLASS CANDLESTICK,1499.3100000000002,19.8,1479.51,313,4,62,7.301689122164803e-05,0.9347138177077795,2067
22976,CIRCUS PARADE CHILDRENS EGG CUP ,1496.51,46.25,1450.26,1152,37,149,7.288053029867637e-05,0.9347866982380781,2068
21199,PINK  HEART CONFETTI IN TUBE,1495.6999999999998,20.16,1475.54,1305,48,149,7.284108303167385e-05,0.9348595393211098,2069
22157,ANGEL DECORATION WITH LACE PADDED,1493.8999999999999,81.6,1412.3,1748,96,124,7.275342243833495e-05,0.934932292743548,2070
85160A,WHITE BIRD GARDEN DESIGN MUG,1493.75,561.6,932.1500000000001,8816,4320,32,7.274611738889004e-05,0.935005038860937,2071
21849,SILVER DIAMANTE PEN IN GIFT BOX,1493.41,120.0,1373.41,635,96,134,7.272955927681492e-05,0.9350777684202138,2072
84856L,LARGE TAHITI BEACH BAG,1492.28,0.0,1492.28,238,0,81,7.267452790432993e-05,0.9351504429481182,2073
23334,IVORY WICKER HEART SMALL,1491.75,0.0,1491.75,2271,0,130,7.264871672962458e-05,0.9352230916648478,2074
21051,RIBBONS PURSE ,1490.3600000000001,12.600000000000001,1477.76,756,6,127,7.25810232714351e-05,0.9352956726881193,2075
23559,WOODLAND BUNNIES LOLLY MAKERS,1488.65,0.0,1488.65,652,0,124,7.249774570776312e-05,0.935368170433827,2076
23392,SPACEBOY ROCKET LOLLY MAKERS,1485.43,49.92,1435.51,667,24,113,7.234093064634573e-05,0.9354405113644734,2077
21801,CHRISTMAS TREE DECORATION WITH BELL,1482.78,15.12,1467.6599999999999,3434,36,258,7.221187477281899e-05,0.9355127232392462,2078
21644,ASSORTED TUTTI FRUTTI HEART BOX,1482.72,35.0,1447.72,1104,28,137,7.220895275304104e-05,0.9355849321919992,2079
84997a,CHILDRENS CUTLERY POLKADOT GREEN ,1481.78,0.0,1481.78,178,0,81,7.216317444318626e-05,0.9356570953664424,2080
85198,ASSORTED FARMYARD ANIMALS IN BUCKET,1479.6999999999998,0.0,1479.6999999999998,3871,0,51,7.206187775755018e-05,0.9357291572441999,2081
18098c,PORCELAIN BUTTERFLY OIL BURNER,1479.61,0.0,1479.61,292,0,135,7.205749472788324e-05,0.9358012147389277,2082
22815,CARD PSYCHEDELIC APPLES,1478.61,0.0,1478.61,3457,0,340,7.200879439825052e-05,0.935873223533326,2083
21851,LILAC DIAMANTE PEN IN GIFT BOX,1478.51,0.0,1478.51,629,0,149,7.200392436528724e-05,0.9359452274576913,2084
21392,RED POLKADOT PUDDING BOWL,1478.13,478.44,999.69,7545,3650,48,7.198541824002681e-05,0.9360172128759313,2085
79030G,TUMBLER NEW ENGLAND,1475.1899999999998,0.0,1475.1899999999998,1763,0,121,7.184223927090658e-05,0.9360890551152022,2086
84659A,WHITE TRAVEL ALARM CLOCK,1474.61,7.6499999999999995,1466.9599999999998,590,3,224,7.181399307971958e-05,0.936160869108282,2087
22915,ASSORTED BOTTLE TOP  MAGNETS ,1474.52,37.8,1436.72,3281,90,194,7.180961005005265e-05,0.936232678718332,2088
21198,WHITE HEART CONFETTI IN TUBE,1473.9499999999998,64.71,1409.2399999999998,1283,75,118,7.178185086216199e-05,0.9363044605691943,2089
21869,POTTING SHED COFFEE MUG,1473.3300000000002,21.25,1452.0800000000002,1267,17,111,7.17516566577897e-05,0.936376212225852,2090
21065,BOOM BOX SPEAKER GIRLS,1473.21,39.910000000000004,1433.3,611,7,118,7.174581261823377e-05,0.9364479580384703,2091
84616,SILVER ROCCOCO CHANDELIER,1472.62,119.8,1352.82,72,4,25,7.171707942375046e-05,0.936519675117894,2092
22912,YELLOW COAT RACK PARIS FASHION,1471.0900000000001,29.700000000000003,1441.39,313,6,108,7.164256791941239e-05,0.9365913176858134,2093
20734,SILVER MINI TAPE MEASURE ,1470.62,0.85,1469.77,1592,1,117,7.1619678764485e-05,0.9366629373645778,2094
21410,COUNTRY COTTAGE  DOORSTOP GREEN,1466.78,4.25,1462.53,314,1,150,7.143266949869532e-05,0.9367343700340766,2095
23034,DRAWER KNOB CERAMIC BLACK,1466.07,8.7,1457.37,991,6,88,7.139809226465608e-05,0.9368057681263412,2096
22393,PAPERWEIGHT VINTAGE COLLAGE,1464.47,111.00000000000001,1353.4699999999998,836,52,120,7.132017173724372e-05,0.9368770882980785,2097
23365,SET 12 COLOUR PENCILS LOVE LONDON,1464.38,0.0,1464.38,1859,0,169,7.131578870757678e-05,0.936948404086786,2098
21317,GLASS SPHERE CANDLE STAND MEDIUM,1464.3,15.850000000000001,1448.45,359,3,74,7.131189268120614e-05,0.9370197159794672,2099
22052,VINTAGE CARAVAN GIFT WRAP,1460.5,21.0,1439.5,3525,50,128,7.112683142860178e-05,0.9370908428108958,2100
23470,CARD HOLDER LOVE BIRD LARGE ,1460.5,70.7,1389.8,232,12,84,7.112683142860178e-05,0.9371619696423245,2101
22929,SCHOOL DESK AND CHAIR ,1459.75,195.0,1264.75,23,3,17,7.109030618137723e-05,0.9372330599485058,2102
85136C,RED SHARK HELICOPTER,1459.64,119.77000000000001,1339.8700000000001,180,15,122,7.108494914511763e-05,0.9373041448976509,2103
22228,BUNNY WOODEN PAINTED WITH BIRD ,1458.3,29.749999999999996,1428.55,1729,35,275,7.101969070340977e-05,0.9373751645883543,2104
21739,COSY SLIPPER SHOES SMALL GREEN,1457.7500000000002,2.95,1454.8000000000002,496,1,177,7.099290552211179e-05,0.9374461574938765,2105
85098B,BLUE FLYING SINGING CANARY,1456.94,154.15,1302.79,366,49,114,7.095345825510926e-05,0.9375171109521316,2106
15056bl,EDWARDIAN PARASOL BLACK,1456.3200000000002,0.0,1456.3200000000002,116,0,87,7.092326405073698e-05,0.9375880342161824,2107
23086,ZINC  STAR T-LIGHT HOLDER ,1455.18,20.0,1435.18,1228,16,47,7.086774567495566e-05,0.9376589019618574,2108
20733,GOLD MINI TAPE MEASURE ,1454.75,216.0,1238.75,1930,300,294,7.084680453321359e-05,0.9377297487663906,2109
84637,KITCHEN FLOWER POTS WALL PLAQUE,1454.49,0.0,1454.49,585,0,114,7.083414244750908e-05,0.937800582908838,2110
21822,GLITTER CHRISTMAS TREE WITH BELLS,1454.04,16.39,1437.6499999999999,1088,9,142,7.081222729917434e-05,0.9378713951361373,2111
22390,PAPERWEIGHT CHILDHOOD MEMORIES,1453.62,0.0,1453.62,815,0,83,7.079177316072859e-05,0.937942186909298,2112
85049a,TRADITIONAL CHRISTMAS RIBBONS,1451.24,0.0,1451.24,434,0,51,7.06758663762027e-05,0.9380128627756742,2113
85055,FRENCH ENAMEL UTENSIL HOLDER,1450.44,0.0,1450.44,361,0,107,7.063690611249652e-05,0.9380834996817867,2114
22249,DECORATION WHITE CHICK MAGIC GARDEN,1449.96,3.4,1446.56,1654,4,243,7.06135299542728e-05,0.938154113211741,2115
22287,DECORATION WOBBLY CHICKEN,1447.3,4.68,1442.62,1347,12,121,7.048398707744975e-05,0.9382245971988185,2116
23249,VINTAGE RED ENAMEL TRIM PLATE,1445.8999999999999,87.71,1358.1899999999998,854,55,81,7.041580661596392e-05,0.9382950130054344,2117
21159,MOODY BOY  DOOR HANGER ,1445.76,34.61,1411.1499999999999,2106,77,250,7.040898856981534e-05,0.9383654219940042,2118
35637A,IVORY STRING CURTAIN WITH POLE ,1445.05,5.95,1439.1,551,1,53,7.03744113357761e-05,0.9384357964053399,2119
84313C,damaged,1442.3899999999999,0.0,1442.3899999999999,548,0,73,7.024486845895304e-05,0.9385060412737989,2120
84596G,SMALL CHOCOLATES PINK BOWL,1441.6,0.0,1441.6,2228,0,348,7.020639519854319e-05,0.9385762476689974,2121
22817,CARD SUKI BIRTHDAY,1439.94,0.0,1439.94,3404,0,355,7.012555265135286e-05,0.9386463732216488,2122
21807,WHITE CHRISTMAS STAR DECORATION,1438.4099999999999,0.84,1437.57,3263,2,172,7.005104114701477e-05,0.9387164242627958,2123
20761,BLUE PAISLEY SKETCHBOOK,1437.46,15.0,1422.46,462,4,146,7.000477583386368e-05,0.9387864290386296,2124
22093,MOTORING TISSUE BOX,1436.82,53.160000000000004,1383.66,2355,48,275,6.997360762289874e-05,0.9388564026462526,2125
22316,200 BENDY SKULL STRAWS,1435.32,1.25,1434.07,1259,1,119,6.990055712844963e-05,0.938926303203381,2126
22396,MAGNETS PACK OF 4 RETRO PHOTO,1432.39,15.0,1417.39,1902,12,184,6.975786516262575e-05,0.9389960610685436,2127
23527,WALL ART ANIMALS AND NATURE ,1432.31,26.25,1406.06,421,7,48,6.975396913625513e-05,0.9390658150376798,2128
35965,FOLKART HEART NAPKIN RINGS,1429.53,18.96,1410.5700000000002,631,24,174,6.961858221987613e-05,0.9391354336198997,2129
15034,PAPER POCKET TRAVELING FAN ,1428.0200000000002,116.06000000000002,1311.96,10237,1448,255,6.954504472213073e-05,0.9392049786646218,2130
21292,SMALL STRIPES CHOCOLATE GIFT BAG ,1427.11,13.6,1413.51,2449,16,91,6.950072742216492e-05,0.939274479392044,2131
20801,LARGE PINK GLASS SUNDAE DISH,1427.1,24.0,1403.1,1094,32,111,6.95002404188686e-05,0.9393439796324629,2132
85167B,DAMAGED,1426.34,0.0,1426.34,692,0,59,6.946322816834772e-05,0.9394134428606312,2133
21532,DAIRY MAID SUGAR JAM BOWL,1423.91,33.6,1390.3100000000002,1389,16,90,6.934488636734021e-05,0.9394827877469986,2134
22545,MINI JIGSAW BUNNIES,1422.74,20.580000000000002,1402.16,3455,49,184,6.92879069816699e-05,0.9395520756539802,2135
35004G,SET OF 3 GOLD FLYING DUCKS,1419.51,22.59,1396.9199999999998,359,8,76,6.913060491695619e-05,0.9396212062588972,2136
20840,FRENCH FLORAL CUSHION COVER ,1419.09,365.85,1053.2399999999998,885,219,93,6.911015077851044e-05,0.9396903164096757,2137
85071A,BLUE CHARLIE+LOLA PERSONAL DOORSIGN,1418.64,448.4,970.24,1908,152,147,6.908823563017572e-05,0.9397594046453058,2138
22819,"BIRTHDAY CARD, RETRO SPOT",1418.12,0.0,1418.12,3351,0,331,6.906291145876668e-05,0.9398284675567646,2139
47503A,ASS FLORAL PRINT MULTI SCREWDRIVER,1416.84,25.08,1391.76,2878,36,195,6.900057503683679e-05,0.9398974681318014,2140
21395,BLUE POLKADOT BEAKER ,1415.6399999999999,23.4,1392.24,2980,20,115,6.894213464127752e-05,0.9399664102664427,2141
23104,IVORY CAFE HANGING LAMP ,1405.42,0.0,1405.42,118,0,46,6.844441727243103e-05,0.9400348546837151,2142
21828,EIGHT PIECE SNAKE  SET,1402.8700000000001,0.0,1402.8700000000001,1110,0,180,6.832023143186756e-05,0.9401031749151469,2143
23119,PACK OF 6 LARGE FRUIT STRAWS ,1402.32,22.32,1380.0,2283,36,151,6.829344625056956e-05,0.9401714683613975,2144
23055,rusty thrown away,1401.43,690.72,710.71,658,432,38,6.825010295719643e-05,0.9402397184643547,2145
21358,TOAST ITS - HAPPY BIRTHDAY,1399.96,1.25,1398.71,1130,1,222,6.817851347263633e-05,0.9403078969778274,2146
21910,WAY OUT METAL SIGN ,1398.1799999999998,0.0,1398.1799999999998,1066,0,111,6.809182688589005e-05,0.9403759888047133,2147
22756,LARGE YELLOW BABUSHKA NOTEBOOK ,1395.95,15.0,1380.95,1206,12,215,6.798322515080908e-05,0.9404439720298641,2148
22685,FRENCH BLUE METAL DOOR SIGN 0,1395.84,12.5,1383.34,1082,10,160,6.797786811454947e-05,0.9405119498979786,2149
23040,PAPER LANTERN 9 POINT SNOW STAR ,1394.03,0.0,1394.03,253,0,41,6.788972051791423e-05,0.9405798396184966,2150
47503K,ASSORTED FLORAL SECATEURS,1393.34,4.75,1388.59,3179,3,42,6.785611729046764e-05,0.940647695735787,2151
85087,CANDY SPOT CUSHION COVER,1392.64,5.9,1386.74,420,2,146,6.782202705972474e-05,0.9407155177628467,2152
22917,HERB MARKER ROSEMARY,1391.2,7.800000000000001,1383.4,2003,12,252,6.775189858505361e-05,0.9407832696614318,2153
85017B,ENVELOPE 50 BLOSSOM IMAGES,1390.3899999999999,10.2,1380.1899999999998,2231,12,317,6.771245131805109e-05,0.9408509821127499,2154
21011,GLITTER SNOW PEAR TREE DECORATION,1389.75,4.35,1385.3999999999999,1851,3,118,6.768128310708615e-05,0.940918663395857,2155
23376,PACK OF 12 VINTAGE CHRISTMAS TISSUE,1389.59,9.36,1380.23,3051,24,155,6.76734910543449e-05,0.9409863368869112,2156
85169A,IVORY LOVE BIRD CANDLE,1389.57,15.0,1374.57,1255,12,151,6.767251704775225e-05,0.941054009403959,2157
22250,DECORATION  BUTTERFLY  MAGIC GARDEN,1387.21,3.4,1383.81,1526,4,257,6.755758426981901e-05,0.9411215669882288,2158
84562A,PINK/WHITE RIBBED MELAMINE JUG,1386.21,7.95,1378.26,170,1,78,6.750888394018628e-05,0.9411890758721689,2159
22339,CHRISTMAS TREE PAINTED ZINC ,1386.1100000000001,81.93,1304.18,3522,131,145,6.750401390722303e-05,0.9412565798860761,2160
22984,CARD GINGHAM ROSE ,1385.85,0.0,1385.85,3385,0,214,6.74913518215185e-05,0.9413240712378976,2161
90200D,PINK SWEETHEART BRACELET,1385.01,12.75,1372.26,330,3,150,6.745044354462701e-05,0.9413915216814422,2162
84396,6 HOOK JEWELLERY STAND BLACK DRESS,1380.52,0.0,1380.52,552,0,49,6.723177906457606e-05,0.9414587534605068,2163
23414,ZINC BOX SIGN HOME,1378.75,39.8,1338.9499999999998,141,4,64,6.714557948112612e-05,0.941525899039988,2164
35962,SET/12 ZINC CHRISTMAS DECORATIONS,1376.98,2.1,1374.88,593,1,92,6.705937989767619e-05,0.9415929584198857,2165
23546,WRAP PAISLEY PARK ,1375.5,0.0,1375.5,3275,0,120,6.698730340981976e-05,0.9416599457232955,2166
21277,FRENCH STYLE EMBOSSED HEART CABINET,1375.24,87.8,1287.44,57,4,48,6.697464132411525e-05,0.9417269203646196,2167
20866,BLUE ROSE FABRIC MIRROR,1372.66,127.2,1245.46,1283,120,191,6.68489944736628e-05,0.9417937693590932,2168
84819,DANISH ROSE ROUND SEWING BOX,1372.51,17.0,1355.51,909,4,95,6.684168942421789e-05,0.9418606110485174,2169
20704,MR ROBOT SOFT TOY,1371.42,27.8,1343.6200000000001,361,4,80,6.678860606491822e-05,0.9419273996545823,2170
21530,DAIRY MAID TOASTRACK,1370.41,57.040000000000006,1313.3700000000001,962,64,162,6.673941873198916e-05,0.9419941390733143,2171
84685,BEACH HUT KEY CABINET,1369.92,8.75,1361.17,436,3,125,6.671555557046912e-05,0.9420608546288848,2172
46776B,WOVEN BERRIES CUSHION COVER ,1369.23,0.0,1369.23,428,0,153,6.668195234302254e-05,0.9421275365812278,2173
23000,TRAVEL CARD WALLET TRANSPORT,1369.12,16.38,1352.74,3171,39,278,6.667659530676293e-05,0.9421942131765346,2174
21209,MULTICOLOUR HONEYCOMB FAN,1368.04,38.029999999999994,1330.01,1476,37,137,6.662399895075958e-05,0.9422608371754854,2175
21684,SMALL MEDINA STAMPED METAL BOWL ,1367.81,11.049999999999999,1356.76,1708,13,104,6.661279787494406e-05,0.9423274499733603,2176
35599D,PINK AND WHITE CHRISTMAS TREE 120CM,1366.48,17.700000000000003,1348.78,406,6,103,6.654802643653253e-05,0.9423939979997968,2177
22916,HERB MARKER THYME,1365.3300000000002,7.800000000000001,1357.53,1965,12,249,6.649202105745489e-05,0.9424604900208543,2178
84665,SQUARE CHERRY BLOSSOM CABINET,1364.7,154.70000000000002,1210.0,226,26,47,6.646133984978627e-05,0.9425269513607041,2179
23221,REINDEER HEART DECORATION SILVER,1363.87,48.13999999999999,1315.7299999999998,1537,58,145,6.64209185761911e-05,0.9425933722792803,2180
35649,VINTAGE BEAD COSMETIC BAG ,1362.8999999999999,0.0,1362.8999999999999,1826,0,53,6.637367925644735e-05,0.9426597459585367,2181
21285,RETROSPOT CANDLE  MEDIUM,1362.6200000000001,66.0,1296.6200000000001,1007,48,99,6.63600431641502e-05,0.9427261060017009,2182
22269,EGG CUP NATURAL CHICKEN,1360.2,31.25,1328.95,1523,25,204,6.624218836643899e-05,0.9427923481900674,2183
84965B,BLUE KASHMIRI COFFEE TABLE ,1359.95,0.0,1359.95,27,0,4,6.623001328403081e-05,0.9428585782033514,2184
85141,JARDIN ETCHED GLASS FRUITBOWL,1355.99,62.05,1293.94,191,11,71,6.60371599786852e-05,0.94292461536333,2185
23469,CARD HOLDER LOVE BIRD SMALL,1355.24,16.6,1338.64,332,4,72,6.600063473146065e-05,0.9429906159980616,2186
23061,VINTAGE EMBOSSED HEART,1355.18,3.75,1351.43,1033,3,117,6.599771271168269e-05,0.9430566137107732,2187
22050,PINK PAISLEY ROSE GIFT WRAP,1354.0,21.0,1333.0,3300,50,115,6.594024632271606e-05,0.9431225539570959,2188
84466,TOP SECRET PEN SET,1352.11,391.85,960.26,1259,397,73,6.58482026997102e-05,0.9431884021597956,2189
17129D,CLEAR COLOUR GLASS GEMS IN BAG,1351.1799999999998,0.0,1351.1799999999998,1125,0,39,6.580291139315176e-05,0.9432542050711887,2190
21059,PARTY INVITES DINOSAURS,1349.4099999999999,20.4,1329.01,1597,24,221,6.571671180970183e-05,0.9433199217829984,2191
21738,COSY SLIPPER SHOES SMALL  RED ,1346.23,14.75,1331.48,430,5,131,6.556184476146975e-05,0.9433854836277599,2192
22684,FRENCH BLUE METAL DOOR SIGN 9,1344.94,16.25,1328.69,1014,13,162,6.549902133624353e-05,0.9434509826490961,2193
20780,BLACK EAR MUFF HEADPHONES,1344.94,5.49,1339.45,233,1,98,6.549902133624353e-05,0.9435164816704323,2194
20762,GREEN FERN SKETCHBOOK ,1343.79,15.0,1328.79,458,4,136,6.544301595716589e-05,0.9435819246863895,2195
16235,RECYCLED PENCIL WITH RABBIT ERASER,1341.72,27.93,1313.79,5864,133,310,6.534220627482614e-05,0.9436472668926643,2196
22924,FRIDGE MAGNETS LA VIE EN ROSE,1338.7199999999998,240.25,1098.47,1518,301,95,6.519610528592794e-05,0.9437124629979502,2197
21190,PINK HEARTS PAPER GARLAND,1337.59,111.65,1225.9399999999998,806,77,111,6.514107391344296e-05,0.9437776040718636,2198
23538,WALL ART VINTAGE HEART,1334.49,0.0,1334.49,332,0,32,6.49901028915815e-05,0.9438425941747552,2199
20993,JAZZ HEARTS MEMO PAD,1334.1100000000001,0.0,1334.1100000000001,10967,0,32,6.497159676632108e-05,0.9439075657715216,2200
85032D,damaged,1333.98,7.800000000000001,1326.18,1151,12,133,6.496526572346881e-05,0.943972531037245,2201
21580,RABBIT  DESIGN  COTTON TOTE BAG,1331.8799999999999,13.5,1318.3799999999999,543,6,172,6.486299503124008e-05,0.9440373940322763,2202
20933,YELLOW POT PLANT CANDLE,1329.4900000000002,0.0,1329.4900000000002,505,0,52,6.474660124341787e-05,0.9441021406335197,2203
20893,damages,1328.99,234.45000000000005,1094.54,567,111,76,6.47222510786015e-05,0.9441668628845983,2204
22051,BLUE SCANDINAVIAN PAISLEY WRAP,1328.0,0.0,1328.0,3200,0,116,6.467403775226508e-05,0.9442315369223505,2205
21926,RED/CREAM STRIPE CUSHION COVER ,1327.77,32.5,1295.27,1011,26,147,6.466283667644956e-05,0.944296199759027,2206
21775,DECORATIVE FLORE BATHROOM BOTTLE,1327.54,5.0,1322.54,875,4,277,6.465163560063403e-05,0.9443608513946277,2207
22918,HERB MARKER PARSLEY,1326.76,7.800000000000001,1318.96,1931,12,249,6.461364934352051e-05,0.9444254650439712,2208
22923,FRIDGE MAGNETS LES ENFANTS ASSORTED,1325.09,134.0,1191.09,1595,176,90,6.453231979303384e-05,0.9444899973637643,2209
85032A,ROMANTIC IMAGES GIFT WRAP SET,1324.16,0.0,1324.16,1442,0,161,6.448702848647541e-05,0.9445544843922508,2210
85071B,RED CHARLIE+LOLA PERSONAL DOORSIGN,1323.72,5.9,1317.8200000000002,2352,2,165,6.4465600341437e-05,0.9446189499925922,2211
47593B,SCOTTIE DOGS BABY BIB,1322.24,0.0,1322.24,2342,0,356,6.439352385358057e-05,0.9446833435164458,2212
85200,BUNNY EGG BOX,1321.59,15.0,1306.59,1047,12,105,6.436186863931929e-05,0.9447477053850851,2213
23405,HOME SWEET HOME 2 DRAWER CABINET,1321.38,4.95,1316.43,254,1,70,6.435164157009643e-05,0.9448120570266553,2214
22701,PINK DOG BOWL,1320.5700000000002,43.0,1277.57,675,16,158,6.431219430309391e-05,0.9448763692209584,2215
22232,JIGSAW TOADSTOOLS 3 PIECE,1318.99,71.22,1247.77,1109,74,158,6.423524778227419e-05,0.9449406044687407,2216
85135C,RED DRAGONFLY HELICOPTER,1317.92,15.9,1302.02,162,2,111,6.418313842956717e-05,0.9450047876071703,2217
21945,STRAWBERRIES  DESIGN FLANNEL ,1317.3,0.85,1316.45,1874,1,240,6.415294422519488e-05,0.9450689405513956,2218
20798,CLEAR MILKSHAKE GLASS,1316.55,140.25,1176.3,555,76,83,6.411641897797033e-05,0.9451330569703735,2219
21219,SET/4 BADGES BALLOON GIRL,1315.77,12.5,1303.27,1023,10,176,6.40784327208568e-05,0.9451971354030944,2220
22977,DOLLY GIRL CHILDRENS EGG CUP,1315.11,1.25,1313.86,1000,1,140,6.40462905032992e-05,0.9452611816935976,2221
20760,GARDEN PATH POCKET BOOK,1314.51,0.0,1314.51,5551,0,81,6.401707030551956e-05,0.9453251987639032,2222
84688,BEACH HUT DESIGN BLACKBOARD,1313.52,155.05,1158.47,422,53,81,6.396885697918315e-05,0.9453891676208824,2223
23373,VINTAGE CHRISTMAS PAPER GIFT BAG,1313.3899999999999,0.0,1313.3899999999999,1608,0,100,6.39625259363309e-05,0.9454531301468188,2224
22481,BLACK TEA TOWEL CLASSIC DESIGN,1313.09,0.0,1313.09,1276,0,219,6.394791583744108e-05,0.9455170780626562,2225
35598D,PINK/WHITE CHRISTMAS TREE 60CM,1312.2,0.65,1311.55,1727,1,103,6.390457254406796e-05,0.9455809826352002,2226
21248,DOOR HANGER  MUM + DADS ROOM,1309.7,33.160000000000004,1276.54,1050,76,158,6.378282171998614e-05,0.9456447654569202,2227
21842,PINK HEART CANDY BUTTON CALCULATOR,1308.74,0.0,1308.74,551,0,47,6.373606940353872e-05,0.9457085015263238,2228
84569D,PACK 6 HEART/ICE-CREAM PATCHES,1306.29,1.25,1305.04,1038,1,179,6.361675359593852e-05,0.9457721182799197,2229
22893,MINI CAKE STAND T-LIGHT HOLDER,1306.09,8.82,1297.27,2721,21,182,6.360701353001198e-05,0.9458357252934497,2230
72818,check,1305.23,25.919999999999998,1279.31,2420,36,127,6.356513124652784e-05,0.9458992904246962,2231
20738,GREEN MINI TAPE MEASURE ,1301.72,0.0,1301.72,1610,0,74,6.339419308951695e-05,0.9459626846177858,2232
85170D,SET/6 PINK BIRD T-LIGHT CANDLES,1296.36,12.200000000000001,1284.16,723,7,151,6.313315932268552e-05,0.9460258177771085,2233
79191C,RETRO PLASTIC ELEPHANT TRAY,1296.31,245.64999999999998,1050.6599999999999,1622,289,157,6.313072430620388e-05,0.9460889485014147,2234
22258,FELT FARM ANIMAL RABBIT,1294.8,68.75,1226.05,1345,55,131,6.305718680845846e-05,0.9461520056882231,2235
22105,MIRROR MOSAIC GOBLET CANDLE HOLDER,1294.7,232.25,1062.45,692,241,55,6.305231677549519e-05,0.9462150580049986,2236
22097,SWALLOW SQUARE TISSUE BOX,1293.93,15.15,1278.78,2082,19,242,6.301481752167799e-05,0.9462780728225203,2237
22267,EASTER DECORATION EGG BUNNY ,1292.72,3.75,1288.97,1473,3,117,6.295589012282238e-05,0.9463410287126431,2238
22181,SNOWSTORM PHOTO FRAME FRIDGE MAGNET,1291.3799999999999,35.699999999999996,1255.68,1538,42,138,6.289063168111452e-05,0.9464039193443242,2239
17091A,LAVENDER INCENSE IN TIN,1290.02,0.0,1290.02,2089,0,117,6.282439923281401e-05,0.946466743743557,2240
21880,RED RETROSPOT TAPE,1289.8300000000002,15.600000000000001,1274.23,2483,24,329,6.28151461701838e-05,0.9465295588897272,2241
85006,SET 4 NURSERY DES ROUND BOXES,1289.31,564.4,724.91,3049,1480,37,6.278982199877478e-05,0.946592348711726,2242
84609,TALL ROCOCO CANDLE HOLDER,1289.24,17.0,1272.24,143,2,38,6.278641297570049e-05,0.9466551351247018,2243
85025C,PINK HEART SHAPE PHOTO FRAME,1287.56,3.3,1284.2599999999998,721,2,125,6.27045964219175e-05,0.9467178397211237,2244
72800B, 4 PURPLE FLOCK DINNER CANDLES,1284.43,5.1,1279.33,988,2,91,6.255216439016705e-05,0.9467803918855139,2245
82613D,METAL SIGN CUPCAKE SINGLE HOOK,1284.36,8.4,1275.96,1188,20,271,6.254875536709275e-05,0.9468429406408809,2246
46776A,WOVEN BUBBLE GUM CUSHION COVER,1283.23,0.0,1283.23,406,0,121,6.249372399460778e-05,0.9469054343648755,2247
46775E,CANDY POP CHUNKY KNITTED THROW ,1282.9,0.0,1282.9,101,0,51,6.247765288582898e-05,0.9469679120177613,2248
22543,MINI JIGSAW BAKE A CAKE ,1282.33,0.0,1282.33,3249,0,118,6.244989369793832e-05,0.9470303619114593,2249
85231G,amazon,1281.31,18.7,1262.61,1474,22,253,6.240021936171293e-05,0.9470927621308209,2250
22999,TRAVEL CARD WALLET VINTAGE LEAF,1280.31,1.26,1279.05,2960,3,222,6.23515190320802e-05,0.947155113649853,2251
20765,CHRYSANTHEMUM SKETCHBOOK ,1280.06,18.75,1261.31,446,5,146,6.233934394967202e-05,0.9472174529938028,2252
22214,CANDLE PLATE LACE WHITE,1279.79,0.0,1279.79,549,0,92,6.232619486067119e-05,0.9472797791886635,2253
84816,damages,1278.3500000000001,340.6,937.7500000000001,33,9,20,6.225606638600006e-05,0.9473420352550495,2254
22268,check,1278.09,19.310000000000002,1258.78,2562,53,236,6.224340430029555e-05,0.9474042786593497,2255
16225,RATTLE SNAKE EGGS,1275.41,0.0,1275.41,1523,0,165,6.211288741687984e-05,0.9474663915467666,2256
21425,SKULLS STORAGE BOX LARGE,1274.93,91.45000000000002,1183.48,505,31,95,6.208951125865612e-05,0.9475284810580252,2257
21759,METAL WALL SHELF UNIT WITH HOOKS,1274.47,0.0,1274.47,30,0,13,6.206710910702506e-05,0.9475905481671323,2258
47591d,PINK FAIRY CAKE CHILDRENS APRON,1274.3799999999999,0.0,1274.3799999999999,253,0,72,6.206272607735811e-05,0.9476526108932096,2259
23072,damages,1273.76,384.0,889.76,334,72,30,6.203253187298583e-05,0.9477146434250826,2260
35648,VINTAGE BEAD PINK PURSE ,1272.59,20.749999999999996,1251.84,1043,25,143,6.197555248731553e-05,0.9477766189775699,2261
21689,SILVER VANILLA  FLOWER CANDLE POT,1271.87,0.0,1271.87,343,0,60,6.194048824997996e-05,0.94783855946582,2262
21549,CERAMIC BIRDHOUSE RED ROOF SMALL,1270.39,20.650000000000002,1249.74,547,7,51,6.186841176212353e-05,0.9479004278775821,2263
85163B,BLACK BAROQUE WALL CLOCK ,1268.6599999999999,12.75,1255.9099999999999,115,1,66,6.17841601918589e-05,0.947962212037774,2264
20777,CHRYSANTHEMUM NOTEBOOK,1262.7,4.949999999999999,1257.75,3660,3,169,6.149390622724784e-05,0.9480237059440012,2265
22062,CERAMIC BOWL WITH LOVE HEART DESIGN,1261.15,7.93,1253.22,769,7,126,6.14184207163171e-05,0.9480851243647175,2266
22290,STANDING METAL RABBIT WITH EGG,1260.8200000000002,2.1,1258.72,688,1,78,6.140234960753832e-05,0.948146526714325,2267
35957,SMALLFOLKART BAUBLE CHRISTMAS DEC,1259.94,19.92,1240.02,3577,100,148,6.13594933174615e-05,0.9482078862076424,2268
21752,GLASS CAKE STAND MIRRORED BASE,1259.76,104.64999999999999,1155.11,78,7,37,6.135072725812761e-05,0.9482692369349005,2269
77101A,UNION FLAG WINDSOCK,1258.47,0.0,1258.47,1084,0,88,6.12879038329014e-05,0.9483305248387334,2270
22919,HERB MARKER MINT,1258.04,7.800000000000001,1250.24,1804,12,248,6.126696269115931e-05,0.9483917918014245,2271
40003,WHITE BAMBOO RIBS LAMPSHADE,1257.02,17.099999999999998,1239.9199999999998,1150,18,60,6.121728835493393e-05,0.9484530090897795,2272
21063,PARTY INVITES JAZZ HEARTS,1256.27,3.4,1252.87,1456,4,238,6.118076310770938e-05,0.9485141898528872,2273
21145,ANTIQUE GLASS PLACE SETTING,1256.21,16.25,1239.96,869,13,49,6.117784108793143e-05,0.9485753676939751,2274
23511,EMBROIDERED RIBBON REEL EMILY ,1256.17,10.4,1245.77,573,5,98,6.117589307474611e-05,0.9486365435870499,2275
23071,damages,1255.1,434.0,821.1,319,76,19,6.112378372203908e-05,0.9486976673707719,2276
20825,GOLD WINE GLASS,1255.08,22.5,1232.58,361,6,7,6.112280971544643e-05,0.9487587901804874,2277
22280,POCKET BAG PINK PAISELY BROWN SPOT,1254.59,0.0,1254.59,881,0,158,6.109894655392639e-05,0.9488198891270413,2278
20731,POSY CANDY BAG,1252.92,58.300000000000004,1194.62,4142,55,73,6.101761700343974e-05,0.9488809067440447,2279
84967B,BLUE KASHMIRI OCCASIONAL TABLE,1249.45,139.95,1109.5,24,3,11,6.084862685961417e-05,0.9489417553709043,2280
23067,HANGING ENGRAVED METAL HEART,1249.1100000000001,0.0,1249.1100000000001,297,0,78,6.0832068747539043e-05,0.9490025874396518,2281
85159A,"BLACK TEA,COFFEE,SUGAR JARS",1248.98,101.45,1147.53,492,43,82,6.082573770468679e-05,0.9490634131773565,2282
21438,TUB 24 HANGING EASTER EGGS SPOTTY,1248.5700000000002,15.0,1233.5700000000002,378,4,36,6.0805770569537376e-05,0.9491242189479261,2283
22389,PAPERWEIGHT SAVE THE PLANET,1245.52,210.0,1035.52,647,100,92,6.065723456415754e-05,0.9491848761824903,2284
20707,CRAZY DAISY HEART DECORATION,1244.93,8.75,1236.18,1614,7,199,6.0628501369674235e-05,0.9492455046838599,2285
22808,SET OF 6 T-LIGHTS EASTER CHICKS,1243.88,53.1,1190.7800000000002,420,18,83,6.057736602355987e-05,0.9493060820498835,2286
79163,damaged,1240.83,5.16,1235.6699999999998,1833,10,64,6.042883001818003e-05,0.9493665108799018,2287
23138,SINGLE WIRE HOOK IVORY HEART,1238.76,17.4,1221.36,884,12,82,6.032802033584029e-05,0.9494268389002376,2288
85162A,?,1234.27,30.31,1203.96,607,4,20,6.010935585578933e-05,0.9494869482560934,2289
21253,SET OF PICTURE FRAME  STICKERS,1231.0700000000002,0.0,1231.0700000000002,334,0,122,5.99535148009646e-05,0.9495469017708943,2290
84910A,PINK PAISLEY CUSHION COVER ,1230.39,77.35000000000001,1153.04,432,13,53,5.9920398576814344e-05,0.9496068221694711,2291
22921,HERB MARKER CHIVES ,1229.97,7.800000000000001,1222.17,1776,12,220,5.989994443836859e-05,0.9496667221139095,2292
23539,WALL ART LOVES' SECRET ,1227.95,0.0,1227.95,247,0,41,5.980156977251048e-05,0.9497265236836819,2293
84658,WHITE STITCHED CUSHION COVER,1227.46,0.0,1227.46,218,0,64,5.9777706610990444e-05,0.949786301390293,2294
16046,TEATIME PEN CASE & PENS,1226.8999999999999,389.03999999999996,837.86,10060,4632,59,5.9750434426396104e-05,0.9498460518247194,2295
85135B,BLUE DRAGONFLY HELICOPTER,1226.51,15.9,1210.6100000000001,151,2,115,5.973144129783935e-05,0.9499057832660173,2296
20771,CHRYSANTHEMUM  JOURNAL,1222.08,15.299999999999999,1206.78,626,6,140,5.951569883756635e-05,0.9499652989648548,2297
23142,IVORY WIRE KITCHEN ORGANISER,1220.8200000000002,19.55,1201.2700000000002,121,2,40,5.945433642222912e-05,0.950024753301277,2298
23598,PAPER BUNTING VINTAGE PARTY,1218.48,0.0,1218.48,428,0,47,5.934037765088853e-05,0.9500840936789279,2299
85130A,BEADED PEARL HEART WHITE LARGE,1217.54,0.0,1217.54,710,0,86,5.929459934103376e-05,0.9501433882782689,2300
22216,T-LIGHT HOLDER WHITE LACE,1215.83,2.55,1213.28,1396,3,116,5.921132177736179e-05,0.9502025996000463,2301
21490,SET OF THREE 50'S GIFT WRAPS ,1214.5,54.599999999999994,1159.8999999999999,639,28,55,5.9146550338950267e-05,0.9502617461503852,2302
84687,BEACH HUT SHELF W 3 DRAWERS,1214.01,37.65,1176.36,315,7,73,5.912268717743023e-05,0.9503208688375626,2303
22265,EASTER DECORATION NATURAL CHICK,1211.7,0.0,1211.7,1849,0,168,5.901018941597862e-05,0.9503798790269786,2304
22233,JIGSAW RABBIT AND BIRDHOUSE,1210.6999999999998,101.24,1109.4599999999998,950,62,164,5.896148908634588e-05,0.950438840516065,2305
79066K,RETRO MOD TRAY,1210.45,10.2,1200.25,1389,12,240,5.894931400393771e-05,0.9504977898300689,2306
84823,DANISH ROSE FOLDING CHAIR,1210.0,39.95,1170.0500000000002,120,1,29,5.892739885560298e-05,0.9505567172289245,2307
22256,FELT FARM ANIMAL CHICKEN,1207.57,15.0,1192.57,939,12,119,5.880905705459544e-05,0.9506155262859791,2308
22102,MIRROR MOSAIC T-LIGHT HOLDER ,1206.54,282.45,924.0899999999999,1851,721,59,5.8758895715073736e-05,0.9506742851816942,2309
21904,HOUSE WRECKING METAL SIGN ,1205.72,179.70000000000002,1026.02,759,97,145,5.87189614447749e-05,0.950733004143139,2310
21396,RED SPOTTY EGG CUP ,1205.25,6.25,1199.0,948,5,77,5.869607228984751e-05,0.9507917002154288,2311
21130,damaged,1204.38,3.45,1200.93,722,1,49,5.8653703003067044e-05,0.9508503539184319,2312
22403,MAGNETS PACK OF 4 VINTAGE LABELS ,1202.53,15.0,1187.53,1721,12,212,5.8563607393246486e-05,0.9509089175258251,2313
23026,DRAWER KNOB VINTAGE GLASS STAR,1201.04,29.12,1171.92,557,14,62,5.849104390209372e-05,0.9509674085697272,2314
84815,SET OF 3 DANISH ROSE PLANTERS,1200.8200000000002,0.0,1200.8200000000002,930,0,53,5.848032982957453e-05,0.9510258888995567,2315
21883,STARS GIFT TAPE ,1200.13,0.19,1199.94,2349,1,226,5.844672660212794e-05,0.9510843356261589,2316
23444,Next Day Carriage,1200.0,15.0,1185.0,79,1,79,5.8440395559275686e-05,0.9511427760217182,2317
85129D,BEADED CRYSTAL HEART PINK SMALL,1197.31,1.25,1196.06,796,1,168,5.830939167256364e-05,0.9512010854133908,2318
21650,ASSORTED TUTTI FRUTTI BRACELET,1196.3,7.16,1189.14,3254,28,197,5.826020433963458e-05,0.9512593456177304,2319
20934,SET/3 POT PLANT CANDLES,1195.97,107.5,1088.47,199,20,74,5.8244133230855784e-05,0.9513175897509613,2320
72232,FENG SHUI PILLAR CANDLE,1195.48,0.0,1195.48,6292,0,118,5.8220270069335746e-05,0.9513758100210306,2321
84830,LARGE ENGLISH ARBORETUM,1195.15,50.849999999999994,1144.3,113,3,7,5.820419896055695e-05,0.9514340142199911,2322
84625A,PINK NEW BAROQUECANDLESTICK CANDLE,1193.0,64.80000000000001,1128.2,838,54,81,5.8099493251846574e-05,0.9514921137132429,2323
84559A,3D SHEET OF DOG STICKERS,1192.72,0.0,1192.72,1324,0,230,5.808585715954941e-05,0.9515501995704024,2324
22252,BIRDCAGE DECORATION TEALIGHT HOLDER,1191.81,16.25,1175.56,969,13,113,5.804153985958362e-05,0.951608241110262,2325
84750A,PINK SMALL GLASS CAKE STAND,1189.23,75.3,1113.93,544,40,105,5.7915893009131184e-05,0.9516661570032712,2326
47503E,ASS FLORAL PRINT SCISSORS,1186.9,0.0,1186.9,6842,0,25,5.780242124108693e-05,0.9517239594245123,2327
21312,LARGE CHUNKY GLASS ROMAN BOWL,1185.92,25.35,1160.5700000000002,300,13,26,5.775469491804685e-05,0.9517817141194304,2328
21806,WHITE CHRISTMAS HEART DECORATION,1183.6299999999999,0.0,1183.6299999999999,2717,0,128,5.764317116318789e-05,0.9518393572905935,2329
22761,CHEST 7 DRAWER MA CAMPAGNE,1182.78,68.85,1113.93,48,3,34,5.760177588300007e-05,0.9518969590664765,2330
84674,FLYING PIG WATERING CAN,1178.88,20.650000000000002,1158.23,461,7,106,5.7411844597432435e-05,0.9519543709110739,2331
23041,PAPER LANTERN 9 POINT SNOW STAR,1178.48,99.60000000000001,1078.88,272,24,54,5.739236446557934e-05,0.9520117632755395,2332
23225,CHERUB HEART DECORATION SILVER ,1177.0,69.72,1107.28,1356,84,88,5.73202879777229e-05,0.9520690835635172,2333
72819,CUPID DESIGN SCENTED CANDLES,1176.56,0.0,1176.56,695,0,92,5.7298859832684496e-05,0.9521263824233498,2334
23431,NATURAL HANGING QUILTED HEARTS ,1175.3799999999999,13.28,1162.1,1454,16,72,5.724139344371787e-05,0.9521836238167936,2335
23523,WALL ART TREASURE AHOY ,1173.8100000000002,22.5,1151.3100000000002,360,6,41,5.71649339261945e-05,0.9522407887507197,2336
21393,BLUE POLKADOT PUDDING BOWL,1172.8100000000002,330.78000000000003,842.0300000000001,5244,2499,43,5.711623359656177e-05,0.9522979049843163,2337
37475,SET/4 COLOURFUL MIXING BOWLS,1170.51,0.0,1170.51,117,0,72,5.7004222838406485e-05,0.9523549092071547,2338
23418,LAVENDER TOILETTE BOTTLE,1168.08,0.0,1168.08,558,0,79,5.688588103739894e-05,0.9524117950881921,2339
22048,BIRTHDAY BANQUET GIFT WRAP,1166.3,10.5,1155.8,2815,25,102,5.6799194450652685e-05,0.9524685942826427,2340
23508,MINI PLAYING CARDS DOLLY GIRL ,1165.13,0.84,1164.29,2631,2,120,5.6742215064982404e-05,0.9525253364977078,2341
23515,EMBROIDERED RIBBON REEL DAISY ,1164.98,0.0,1164.98,579,0,71,5.673491001553749e-05,0.9525820714077233,2342
22253,6 CROCHET STRAWBERRIES,1164.53,0.0,1164.53,969,0,86,5.6712994867202754e-05,0.9526387844025905,2343
84313B,Damaged,1164.04,0.0,1164.04,227,0,83,5.668913170568272e-05,0.9526954735342962,2344
23269,SET OF 2 CERAMIC CHRISTMAS TREES,1163.1299999999999,0.0,1163.1299999999999,786,0,94,5.664481440571693e-05,0.9527521183487019,2345
21649,ASSORTED TUTTI FRUTTI PHOTO FRAME,1162.89,11.8,1151.0900000000001,421,4,29,5.6633126326605086e-05,0.9528087514750285,2346
22264,FELT FARM ANIMAL WHITE BUNNY ,1159.87,0.0,1159.87,2023,0,168,5.648605133111423e-05,0.9528652375263597,2347
23566,EGG CUP MILKMAID HEIDI,1159.43,5.0,1154.43,883,4,83,5.646462318607584e-05,0.9529217021495457,2348
21763,VINTAGE WOODEN BAR STOOL,1157.8999999999999,81.85,1076.05,43,3,17,5.639011168173775e-05,0.9529780922612275,2349
84847,FLORAL BATHROOM SET,1157.23,368.28000000000003,788.95,2332,1116,49,5.6357482460883835e-05,0.9530344497436884,2350
23507,MINI PLAYING CARDS BUFFALO BILL ,1156.51,0.0,1156.51,2884,0,119,5.632241822354827e-05,0.953090772161912,2351
22814,CARD PARTY GAMES ,1152.81,0.0,1152.81,2740,0,295,5.6142227003907166e-05,0.9531469143889159,2352
22718,CARD CAT AND TREE ,1151.44,15.120000000000001,1136.32,2629,36,264,5.607550755231033e-05,0.9532029898964681,2353
23402,HOME SWEET HOME 3 PEG HANGER ,1151.03,0.0,1151.03,297,0,68,5.60555404171609e-05,0.9532590454368853,2354
21316,SMALL CHUNKY GLASS ROMAN  BOWL,1149.06,5.9,1143.16,694,2,47,5.595960076778443e-05,0.9533150050376531,2355
22806,SET OF 6 T-LIGHTS WEDDING CAKE ,1149.02,134.2,1014.82,430,52,57,5.595765275459912e-05,0.9533709626904077,2356
20932,PINK POT PLANT CANDLE,1147.72,55.75,1091.97,334,17,81,5.5894342326076574e-05,0.9534268570327338,2357
22615,PACK OF 12 CIRCUS PARADE TISSUES ,1146.75,4.68,1142.07,3721,12,188,5.584710300633282e-05,0.9534827041357401,2358
21261,GREEN GOOSE FEATHER CHRISTMAS TREE ,1146.1200000000001,0.0,1146.1200000000001,283,0,77,5.581642179866421e-05,0.9535385205575387,2359
72598,SET/12 TAPER CANDLES,1145.76,18.7,1127.06,1244,22,158,5.579888967999642e-05,0.9535943194472187,2360
22040,BOTANICAL ROSE GIFT WRAP,1144.3,0.0,1144.3,2815,0,94,5.5727787198732635e-05,0.9536500472344175,2361
85118,HEART T-LIGHT HOLDER,1143.68,98.67,1045.01,2062,207,81,5.569759299436035e-05,0.9537057448274119,2362
84750B,BLACK SMALL GLASS CAKE STAND,1142.02,8.19,1133.83,609,5,78,5.5616750447170013e-05,0.9537613615778591,2363
84596E,SMALL LICORICE DES PINK BOWL,1142.01,40.0,1102.01,1131,32,201,5.561626344387369e-05,0.9538169778413029,2364
21366,MIRRORED WALL ART PHOTO FRAMES,1140.0,0.0,1140.0,238,0,77,5.5518375781311897e-05,0.9538724962170843,2365
23506,MINI PLAYING CARDS SPACEBOY ,1139.2,0.0,1139.2,2747,0,146,5.547941551760572e-05,0.9539279756326019,2366
22715,CARD WEDDING DAY,1138.97,0.0,1138.97,2729,0,218,5.546821444179019e-05,0.9539834438470437,2367
85110,BLACK SILVER FLOWER T-LIGHT HOLDER,1138.04,387.36000000000007,750.6800000000001,11520,5040,23,5.542292313523175e-05,0.9540388667701789,2368
37424,WHITE WITH BLACK CATS MUG,1136.3799999999999,274.56,861.8199999999999,5251,2112,108,5.5342080588041414e-05,0.9540942088507669,2369
21942,SKULLS DESIGN FLANNEL,1136.28,20.4,1115.8799999999999,1672,24,221,5.533721055507814e-05,0.954149546061322,2370
20622,VIP PASSPORT COVER ,1135.99,0.0,1135.99,586,0,128,5.5323087459484654e-05,0.9542048691487814,2371
22230,JIGSAW TREE WITH WATERING CAN,1135.78,38.18,1097.6,1659,45,193,5.531286039026178e-05,0.9542601820091717,2372
21413,PERIWINKLE T-LIGHT HOLDER,1134.89,0.0,1134.89,3165,0,52,5.526951709688865e-05,0.9543154515262686,2373
22598,CHRISTMAS MUSICAL ZINC TREE,1133.01,5.1,1127.9099999999999,1794,6,144,5.517796047717912e-05,0.9543706294867458,2374
20832,RED FLOCK LOVE HEART PHOTO FRAME,1132.01,6.8,1125.21,1705,8,158,5.512926014754639e-05,0.9544257587468933,2375
21555,CERAMIC STRAWBERRY TRINKET TRAY,1131.37,2.55,1128.82,425,1,134,5.5098091936581435e-05,0.9544808568388299,2376
85224,ASSORTED COLOUR SILK GLASSES CASE,1129.3600000000001,0.0,1129.3600000000001,2008,0,61,5.500020427401966e-05,0.954535857043104,2377
85136A,YELLOW SHARK HELICOPTER,1129.23,7.95,1121.28,139,1,106,5.49938732311674e-05,0.9545908509163351,2378
22255,FELT TOADSTOOL  SMALL,1128.81,38.25,1090.56,1187,45,142,5.497341909272165e-05,0.9546458243354279,2379
85212,MINI PAINTED GARDEN DECORATION ,1128.01,0.0,1128.01,2868,0,121,5.493445882901547e-05,0.9547007587942569,2380
37482B,CUBIC MUG BLUE POLKA DOT,1127.9099999999999,0.0,1127.9099999999999,1251,0,9,5.4929588796052186e-05,0.9547556883830529,2381
21040,MODERN VINTAGE COTTON SHOPPING BAG,1125.85,0.0,1125.85,894,0,68,5.4829266117008766e-05,0.9548105176491699,2382
20700,GREEN CAT FLORAL CUSHION COVER ,1125.05,7.5,1117.55,420,2,103,5.479030585330259e-05,0.9548653079550232,2383
85124C,GREEN JUICY FRUIT PHOTO FRAME,1123.8899999999999,15.3,1108.59,426,6,121,5.473381347092862e-05,0.9549200417684941,2384
48173c,DOORMAT BLACK FLOCK ,1123.55,0.0,1123.55,70,0,37,5.471725535885349e-05,0.954974759023853,2385
21010,ETCHED GLASS BIRD TREE DECORATION,1122.26,15.0,1107.26,856,12,83,5.4654431933627275e-05,0.9550294134557866,2386
20669,RED HEART LUGGAGE TAG,1119.39,0.0,1119.39,803,0,214,5.451466198758134e-05,0.9550839281177742,2387
23510,MINI PLAYING CARDS GYMKHANA,1119.22,0.0,1119.22,2522,0,120,5.450638293154378e-05,0.9551384345007058,2388
23411, TRELLIS COAT RACK,1118.6100000000001,4.95,1113.66,227,1,56,5.4476675730467815e-05,0.9551929111764362,2389
17096,ASSORTED LAQUERED INCENSE HOLDERS,1117.51,0.0,1117.51,6242,0,76,5.442310536787181e-05,0.9552473342818041,2390
22997,TRAVEL CARD WALLET UNION JACK,1115.93,32.76,1083.17,2595,78,222,5.4346158847052094e-05,0.9553016804406511,2391
84678,CLASSICAL ROSE SMALL VASE,1115.9299999999998,22.9,1093.03,568,10,81,5.434615884705209e-05,0.9553560265994981,2392
23513,EMBROIDERED RIBBON REEL SUSIE ,1114.26,12.48,1101.78,566,6,70,5.4264829296565434e-05,0.9554102914287947,2393
84631,FRUIT TREE AND BIRDS WALL PLAQUE,1114.11,23.85,1090.26,289,3,50,5.425752424712052e-05,0.9554645489530419,2394
47504H,ENGLISH ROSE SPIRIT LEVEL ,1113.07,5.0,1108.07,1028,4,140,5.420687590430248e-05,0.9555187558289462,2395
21666,RIDGED GLASS T-LIGHT HOLDER,1109.0500000000002,1.9500000000000002,1107.1000000000001,1766,3,85,5.401110057917892e-05,0.9555727669295254,2396
23375,50'S CHRISTMAS PAPER GIFT BAG,1108.8899999999999,0.82,1108.07,1352,1,103,5.400330852643767e-05,0.9556267702380519,2397
23433,HANGING QUILTED PATCHWORK APPLES,1108.58,39.01,1069.57,1258,47,89,5.3988211424251525e-05,0.9556807584494761,2398
20892,SET/3 TALL GLASS CANDLE HOLDER PINK,1108.1,206.15,901.9499999999999,103,21,38,5.396483526602782e-05,0.9557347232847421,2399
21944,KITTENS DESIGN FLANNEL,1106.86,1.7,1105.16,1790,2,204,5.390444685728323e-05,0.9557886277315993,2400
21202,DOLLY HONEYCOMB GARLAND,1105.1299999999999,74.55,1030.58,855,51,66,5.382019528701861e-05,0.9558424479268863,2401
22116,METAL SIGN HIS DINNER IS SERVED,1103.88,27.900000000000002,1075.98,823,18,198,5.375931987497771e-05,0.9558962072467613,2402
21839,MUMMY MOUSE RED GINGHAM RIBBON,1101.94,10.9,1091.04,204,2,83,5.366484123549021e-05,0.9559498720879968,2403
84638,SMALL KITCHEN FLOWER POTS PLAQUE,1101.55,0.0,1101.55,400,0,69,5.3645848106933436e-05,0.9560035179361037,2404
22532,MAGIC DRAWING SLATE LEAP FROG ,1101.1000000000001,0.0,1101.1000000000001,2862,0,175,5.362393295859872e-05,0.9560571418690623,2405
47587A,PINK FAIRY CAKE COASTER,1099.88,864.0,235.88,2706,1200,26,5.356451855644679e-05,0.9561107063876187,2406
22709,WRAP WEDDING DAY,1099.58,10.5,1089.08,2799,25,77,5.354990845755696e-05,0.9561642562960763,2407
21131,GOLD STANDING GNOME,1098.86,0.0,1098.86,276,0,49,5.3514844220221395e-05,0.9562177711402965,2408
21779,MA CAMPAGNE MINI WOODEN CHEST,1097.8000000000002,35.05,1062.75,301,10,22,5.346322187081071e-05,0.9562712343621673,2409
84358,FLOOR LAMP SHADE WOOD BASE,1097.48,0.0,1097.48,121,0,29,5.344763776532823e-05,0.9563246819999327,2410
37479B,CUBIC MUG FLOCK BLUE ON BROWN,1095.85,0.0,1095.85,1253,0,32,5.3368256228026875e-05,0.9563780502561607,2411
84989A,75 GREEN FAIRY CAKE CASES,1095.07,2.0700000000000003,1093.0,2123,4,152,5.333026997091335e-05,0.9564313805261316,2412
84791,GINGHAM HEART DECORATION,1094.98,17.700000000000003,1077.2800000000002,337,6,106,5.332588694124641e-05,0.9564847064130729,2413
20867,PINK ROSE FABRIC MIRROR,1094.39,0.0,1094.39,1099,0,153,5.32971537467631e-05,0.9565380035668197,2414
85131D,BEADED CRYSTAL HEART PINK ON STICK,1093.96,0.0,1093.96,1444,0,267,5.327621260502102e-05,0.9565912797794247,2415
85093,CANDY SPOT EGG WARMER HARE,1092.46,3.75,1088.71,1362,3,152,5.320316211057193e-05,0.9566444829415353,2416
23087,ZINC  HEART T-LIGHT HOLDER,1090.66,18.75,1071.91,868,15,69,5.311550151723302e-05,0.9566975984430525,2417
20755,BLUE PAISLEY POCKET BOOK,1090.58,0.0,1090.58,5146,0,122,5.311160549086239e-05,0.9567507100485433,2418
23432,PRETTY HANGING QUILTED HEARTS,1090.02,0.0,1090.02,1278,0,74,5.3084333306268065e-05,0.9568037943818496,2419
84509C,SET OF 4 POLKADOT PLACEMATS ,1089.71,0.0,1089.71,278,0,96,5.3069236204081925e-05,0.9568568636180537,2420
21632,VINTAGE PINK DECORATIVE PARASOL,1088.97,12.75,1076.22,133,1,53,5.30331979601537e-05,0.9569098968160138,2421
23102,SILVER HEARTS TABLE DECORATION,1086.6499999999999,0.0,1086.6499999999999,1288,0,157,5.292021319540576e-05,0.9569628170292092,2422
21817,check,1086.01,0.0,1086.01,1699,0,130,5.288904498444082e-05,0.9570157060741936,2423
72815,3 WICK CHRISTMAS BRIAR CANDLE ,1083.36,30.0,1053.36,282,8,70,5.275998911091408e-05,0.9570684660633045,2424
84247E,PACK OF 12 CHRISTMAS FUN CARDS,1081.75,293.5,788.2500000000001,382,106,96,5.2681581580205394e-05,0.9571211476448848,2425
21815,STAR  T-LIGHT HOLDER ,1080.54,2.9,1077.6399999999999,693,2,92,5.262265418134979e-05,0.9571737702990661,2426
21850,BLUE  DIAMANTE PEN IN GIFT BOX,1077.93,153.0,924.93,448,36,106,5.249554632100837e-05,0.9572262658453872,2427
20615,BLUE POLKADOT PASSPORT COVER,1077.81,0.0,1077.81,637,0,195,5.248970228145243e-05,0.9572787555476686,2428
23347,I LOVE LONDON BEAKER,1077.3,42.5,1034.8,860,34,97,5.246486511333974e-05,0.957331220412782,2429
85126,LARGE ROUND CUTGLASS CANDLESTICK,1075.91,67.5,1008.41,157,10,34,5.239717165515025e-05,0.9573836175844371,2430
22860,EASTER TIN CHICKS PINK DAISY,1075.6999999999998,24.75,1050.9499999999998,621,15,111,5.238694458592737e-05,0.9574360045290231,2431
21827,EIGHT PIECE CREEPY CRAWLIE SET,1072.64,16.25,1056.39,838,13,134,5.2237921577251226e-05,0.9574882424506004,2432
85163A,WHITE BAROQUE WALL CLOCK ,1070.92,0.0,1070.92,104,0,57,5.215415701028293e-05,0.9575403966076107,2433
21758,VINTAGE SHELLS PRINT,1069.76,0.0,1069.76,135,0,79,5.209766462790896e-05,0.9575924942722386,2434
72800F,4 IVORY DINNER CANDLES GOLD FLOCK,1067.84,0.0,1067.84,825,0,67,5.2004159995014117e-05,0.9576444984322336,2435
23033,DRAWER KNOB CERAMIC RED,1067.6,0.0,1067.6,720,0,74,5.1992471915902263e-05,0.9576964909041495,2436
22856,ASSORTED EASTER DECORATIONS  BELLS,1067.3500000000001,26.25,1041.1000000000001,883,21,32,5.198029683349409e-05,0.957748471200983,2437
84559B,3D SHEET OF CAT STICKERS,1065.55,3.4,1062.1499999999999,1199,4,195,5.189263624015517e-05,0.9578003638372232,2438
85008,SET OF 3 CONEY ISLAND OVAL BOXES,1063.67,9.9,1053.77,270,2,99,5.180107962044564e-05,0.9578521649168437,2439
23516,EMBROIDERED RIBBON REEL SOPHIE  ,1062.35,0.0,1062.35,297,0,42,5.173679518533043e-05,0.957903901712029,2440
23331,DECORATIVE WICKER HEART SMALL,1062.28,0.0,1062.28,1596,0,109,5.1733386162256144e-05,0.9579556350981913,2441
22995,TRAVEL CARD WALLET SUKI,1062.0,20.580000000000002,1041.42,2389,49,266,5.171975006995898e-05,0.9580073548482613,2442
85179B,WHITE BITTY LIGHT CHAIN ,1061.25,0.0,1061.25,247,0,45,5.168322482273443e-05,0.958059038073084,2443
22857,ASSORTED EASTER GIFT TAGS,1060.1799999999998,0.0,1060.1799999999998,1244,0,66,5.16311154700274e-05,0.958110669188554,2444
21825,PAINTED METAL TREE WITH HOLLY BELLS,1058.99,4.35,1054.6399999999999,737,3,75,5.157316207776446e-05,0.9581622423506317,2445
85144,JARDIN ETCHED GLASS CHEESE DISH,1058.0,14.5,1043.5,290,2,70,5.152494875142806e-05,0.9582137672993831,2446
35651,VINTAGE BEAD PINK SCARF ,1057.62,19.799999999999997,1037.82,459,12,63,5.1506442626167616e-05,0.9582652737420093,2447
20783,HEART EAR MUFF HEADPHONES,1056.89,21.12,1035.77,166,4,55,5.147089138553574e-05,0.9583167446333949,2448
16047,POP ART PEN CASE & PENS,1056.4,414.72,641.6800000000001,10614,5184,31,5.14470282240157e-05,0.9583681916616189,2449
84707A,SILVER JEWELLED MIRROR TRINKET TRAY,1055.83,0.0,1055.83,126,0,64,5.141926903612503e-05,0.9584196109306551,2450
22821,GIFT BAG PSYCHEDELIC APPLES,1055.25,10.4,1044.8500000000001,1672,16,186,5.1391022844938055e-05,0.9584710019535,2451
22511,RETROSPOT BABUSHKA DOORSTOP,1054.16,3.75,1050.41,399,1,111,5.133793948563838e-05,0.9585223398929856,2452
21269,ANTIQUE CREAM CUTLERY SHELF ,1053.84,0.0,1053.84,116,0,65,5.13223553801559e-05,0.9585736622483658,2453
84908B,BLUE 5 PATCH FLOWER CUSHION COVER,1052.29,0.0,1052.29,435,0,35,5.124686986922517e-05,0.9586249091182351,2454
84908A,PINK 5 PATCH FLOWER CUSHION COVER ,1052.1100000000001,6.95,1045.16,433,1,36,5.1238103809891286e-05,0.958676147222045,2455
37327,adjustment,1052.08,1.56,1050.52,1740,4,88,5.1236642800002295e-05,0.958727383864845,2456
85078,SCANDINAVIAN 3 HEARTS NAPKIN RING,1052.02,0.65,1051.3700000000001,2258,1,162,5.123372078022433e-05,0.9587786175856252,2457
23327,HANGING CLEAR MINI BOTTLE,1051.14,4.720000000000001,1046.42,1734,8,41,5.119086449014754e-05,0.9588298084501153,2458
84965A,PINK KASHMIRI COFFEE TABLE ,1050.0,0.0,1050.0,20,0,3,5.113534611436622e-05,0.9588809437962297,2459
21061,PARTY INVITES FOOTBALL,1047.4099999999999,10.2,1037.21,1397,12,163,5.100921226061745e-05,0.9589319530084903,2460
72750B,FLOWER FAIRY SET 3 CANDLES LAVENDER,1047.2,43.1,1004.1,496,18,39,5.099898519139458e-05,0.9589829519936817,2461
23419,HOME SWEET HOME BOTTLE ,1045.8,2.08,1043.72,474,1,86,5.0930804729908756e-05,0.9590338827984116,2462
46775A,BUBBLE GUM CHUNKY KNITTED THROW ,1044.23,16.95,1027.28,83,1,32,5.0854345212385375e-05,0.959084737143624,2463
22134,MINI LADLE LOVE HEART RED ,1044.0,5.04,1038.96,2355,12,298,5.084314413656984e-05,0.9591355802877606,2464
35646,VINTAGE BEAD PINK EVENING BAG,1043.44,0.0,1043.44,642,0,104,5.0815871951975515e-05,0.9591863961597126,2465
18007,ESSENTIAL BALM 3.5g TIN IN ENVELOPE,1043.4,120.0,923.4,11397,2400,72,5.081392393879021e-05,0.9592372100836514,2466
22266,EASTER DECORATION HANGING BUNNY,1042.71,4.550000000000001,1038.16,2546,7,161,5.078032071134362e-05,0.9592879904043627,2467
84405A,S/3 PINK COL METAL BASKET W HANDLE,1042.16,12.75,1029.41,129,1,50,5.075353553004562e-05,0.9593387439398928,2468
72800D,4 BLUE DINNER CANDLES SILVER FLOCK,1040.61,5.1,1035.51,639,2,86,5.0678050019114886e-05,0.959389421989912,2469
20671,BLUE TEATIME PRINT BOWL ,1039.97,0.0,1039.97,787,0,143,5.0646881808149946e-05,0.9594400688717201,2470
21725,SWEETIES  STICKERS,1038.1299999999999,1.7,1036.4299999999998,1137,2,173,5.0557273201625714e-05,0.9594906261449216,2471
85124A,PINK JUICY FRUIT PHOTO FRAME,1037.1299999999999,20.4,1016.7299999999999,377,8,95,5.0508572871992985e-05,0.9595411347177937,2472
21664,RIDGED GLASS STORAGE JAR CREAM LID,1034.82,26.25,1008.5699999999999,259,7,67,5.039607511054138e-05,0.9595915307929043,2473
20652,BLUE POLKADOT LUGGAGE TAG ,1033.54,0.0,1033.54,1521,0,172,5.033373868861149e-05,0.9596418645315928,2474
23088,ZINC HEART FLOWER T-LIGHT HOLDER,1033.28,0.0,1033.28,795,0,79,5.032107660290698e-05,0.9596921856081957,2475
85160B,BLACK BIRD GARDEN DESIGN MUG,1032.7,391.40999999999997,641.29,6155,2981,36,5.029283041172e-05,0.9597424784386074,2476
82616C,MIDNIGHT GLAMOUR SCARF KNITTING KIT,1030.0,3.75,1026.25,634,3,142,5.0161339521711625e-05,0.9597926397781291,2477
22247,BUNNY DECORATION MAGIC GARDEN,1027.8899999999999,0.75,1027.1399999999999,1190,1,182,5.005858182618656e-05,0.9598426983599553,2478
84686,BEACH HUT MIRROR,1027.79,43.4,984.39,389,20,76,5.005371179322329e-05,0.9598927520717485,2479
84923,PINK BUTTERFLY HANDBAG W BOBBLES,1026.14,0.0,1026.14,235,0,150,4.9973356249329296e-05,0.9599427254279979,2480
21417,COCKLE SHELL DISH,1026.0,52.50000000000001,973.5,503,25,118,4.996653820318071e-05,0.9599926919662011,2481
23545,WRAP RED VINTAGE DOILY,1025.6,0.0,1025.6,2480,0,84,4.9947058071327615e-05,0.9600426390242724,2482
22049,damaged,1025.25,10.5,1014.75,3550,25,114,4.9930012955956164e-05,0.9600925690372284,2483
21814,HEART T-LIGHT HOLDER ,1025.23,0.0,1025.23,676,0,95,4.9929038949363506e-05,0.9601424980761778,2484
35923,CANDY HEART HANGING DECORATION,1025.02,4.14,1020.88,1546,4,112,4.991881188014063e-05,0.9601924168880579,2485
21690,SILVER  CANDLEPOT JARDIN ,1024.59,0.0,1024.59,267,0,82,4.989787073839855e-05,0.9602423147587963,2486
85104,????damages????,1024.49,23.6,1000.8900000000001,351,8,56,4.989300070543529e-05,0.9602922077595017,2487
84625C,BLUE NEW BAROQUE CANDLESTICK CANDLE,1024.15,103.60000000000001,920.55,770,70,71,4.987644259336016e-05,0.9603420842020951,2488
22717,CARD DOG AND BALL ,1023.46,5.04,1018.42,2417,12,215,4.9842839365913574e-05,0.960391927041461,2489
85180B,PINK HEARTS LIGHT CHAIN ,1022.1600000000001,0.0,1022.1600000000001,364,0,67,4.977952893739103e-05,0.9604417065703984,2490
23452,HEART MINI PORTRAIT FRAME,1021.76,1.95,1019.81,518,1,87,4.976004880553793e-05,0.9604914666192039,2491
84985A,SET OF 72 GREEN PAPER DOILIES,1021.03,7.25,1013.78,646,5,153,4.972449756490604e-05,0.9605411911167688,2492
21636,MADRAS NOTEBOOK MEDIUM,1020.84,61.199999999999996,959.64,1032,24,98,4.971524450227582e-05,0.9605909063612711,2493
84929,ASSTD FRUIT+FLOWERS FRIDGE MAGNETS,1020.72,168.49,852.23,3120,307,93,4.97094004627199e-05,0.9606406157617338,2494
23153,ZINC SWEETHEART WIRE LETTER RACK,1020.69,15.0,1005.69,263,4,90,4.9707939452830914e-05,0.9606903237011866,2495
84709B,PINK OVAL JEWELLED MIRROR,1020.4300000000001,5.95,1014.48,177,1,86,4.969527736712641e-05,0.9607400189785537,2496
22643,SET OF 4 NAPKIN CHARMS LEAVES   ,1019.78,0.0,1019.78,470,0,96,4.966362215286513e-05,0.9607896826007065,2497
47589,CONGRATULATIONS BUNTING,1019.63,59.95,959.6800000000001,185,11,76,4.9656317103420216e-05,0.9608393389178099,2498
17021,NAMASTE SWAGAT INCENSE,1018.4399999999999,23.4,995.04,3834,78,76,4.959836371115727e-05,0.9608889372815211,2499
20839,FRENCH PAISLEY CUSHION COVER ,1018.11,0.0,1018.11,633,0,118,4.958229260237847e-05,0.9609385195741235,2500
85031C,CURIOUS IMAGES SCRAP BOOK SET,1017.48,0.0,1017.48,481,0,106,4.955161139470985e-05,0.9609880711855182,2501
84596L,BISCUITS SMALL BOWL LIGHT BLUE,1016.88,0.0,1016.88,1539,0,255,4.9522391196930214e-05,0.9610375935767151,2502
20619,TROPICAL PASSPORT COVER ,1016.52,0.0,1016.52,579,0,194,4.950485907826243e-05,0.9610870984357934,2503
85099f,JUMBO BAG STRAWBERRY,1016.3599999999999,0.0,1016.3599999999999,201,0,25,4.949706702552119e-05,0.9611365955028189,2504
23544,WALL ART MID CENTURY MODERN ,1015.78,8.25,1007.53,164,1,20,4.946882083433421e-05,0.9611860643236533,2505
22420,LIPSTICK PEN BABY PINK,1015.17,0.42,1014.75,2112,1,234,4.9439113633258245e-05,0.9612355034372866,2506
20730,STRAWBERRY CANDY BAG,1011.7,13.75,997.95,2218,11,102,4.9270123489432677e-05,0.961284773560776,2507
72586,SET OF 6 HALLOWEEN GHOST T-LIGHTS,1010.9399999999999,15.12,995.82,2305,36,183,4.9233111238911794e-05,0.961334006672015,2508
23107,WHITE HEARTS WIRE PLANT POT HOLDER,1009.51,0.0,1009.51,359,0,73,4.9163469767536994e-05,0.9613831701417825,2509
21084,SET/6 COLLAGE PAPER CUPS,1008.8100000000001,4.5600000000000005,1004.25,2929,24,223,4.9129379536794086e-05,0.9614322995213194,2510
84905,PINK BUTTERFLY CUSHION COVER ,1007.91,0.0,1007.91,269,0,105,4.908554924012463e-05,0.9614813850705595,2511
21836,GINGHAM OVEN GLOVE RED HEART ,1007.64,15.0,992.64,250,4,100,4.907240015112379e-05,0.9615304574707106,2512
23460,SWEETHEART WALL TIDY ,1007.0799999999999,49.75,957.3299999999999,108,5,43,4.904512796652946e-05,0.9615795025986772,2513
20782,CAMOUFLAGE EAR MUFF HEADPHONES,1006.4599999999999,38.43,968.03,157,7,87,4.9014933762157164e-05,0.9616285175324394,2514
47310M,SMALL POP BOX FUNKY MONKEY,1004.94,0.0,1004.94,746,0,172,4.8940909261115425e-05,0.9616774584417005,2515
21127,COLOURFUL FISHING GNOME,1003.98,5.95,998.0300000000001,298,1,48,4.8894156944668e-05,0.9617263525986451,2516
23121,PACK OF 6 COCKTAIL PARASOL STRAWS,1002.54,0.0,1002.54,2506,0,111,4.8824028469996867e-05,0.9617751766271151,2517
23281,FOLDING BUTTERFLY MIRROR RED  ,1000.82,0.0,1000.82,1280,0,101,4.874026390302858e-05,0.9618239168910181,2518
84907,PINK YELLOW PATCH CUSHION COVER,999.17,45.900000000000006,953.27,391,6,36,4.865990835913457e-05,0.9618725767993772,2519
21427,SKULLS STORAGE BOX SMALL,999.0600000000001,33.6,965.46,507,16,119,4.865455132287497e-05,0.9619212313507001,2520
23533,WALL ART GARDEN HAVEN ,998.64,0.0,998.64,215,0,36,4.863409718442922e-05,0.9619698654478845,2521
21250,SET OF SKULL WALL STICKERS,997.5500000000001,0.0,997.5500000000001,402,0,60,4.858101382512955e-05,0.9620184464617096,2522
23517,EMBROIDERED RIBBON REEL REBECCA ,996.38,0.0,996.38,334,0,63,4.852403443945925e-05,0.9620669704961491,2523
20705,MRS ROBOT SOFT TOY,996.19,1.95,994.24,273,1,53,4.851478137682904e-05,0.9621154852775259,2524
84918,CREAM CUSHION COVER WITH FLOWERS,995.12,13.9,981.22,208,2,63,4.846267202412202e-05,0.96216394794955,2525
85170C,SET/6 EAU DE NIL BIRD T-LIGHTS,993.03,2.1,990.9300000000001,543,1,107,4.8360888335189606e-05,0.9622123088378851,2526
20617,FIRST CLASS PASSPORT COVER ,992.99,0.0,992.99,498,0,105,4.83589403220043e-05,0.9622606677782071,2527
85025B,EAU DE NILE HEART SHAPE PHOTO FRAME,991.9999999999999,6.6,985.3999999999999,574,4,95,4.831072699566789e-05,0.9623089785052027,2528
72484,ROSES IN WHITE HEART CANDLE ,991.3800000000001,0.0,991.3800000000001,1818,0,64,4.828053279129561e-05,0.962357259037994,2529
21721,CANDY SHOP  STICKER SHEET,991.3499999999999,1.7,989.65,1091,2,144,4.827907178140662e-05,0.9624055381097754,2530
84964B,BLUE PAINTED KASHMIRI TABLE ,990.0,0.0,990.0,17,0,2,4.821332633640244e-05,0.9624537514361118,2531
21335,LIBRARY LAMP,989.62,84.8,904.8199999999999,42,4,28,4.8194820211142e-05,0.9625019462563229,2532
84660C,PINK STITCHED WALL CLOCK,987.98,0.0,987.98,725,0,85,4.8114951670544324e-05,0.9625500612079935,2533
82613B,"METAL SIGN,CUPCAKE SINGLE HOOK",986.8199999999999,9.65,977.17,897,21,223,4.8058459288170355e-05,0.9625981196672816,2534
35958,FOLKART ZINC STAR CHRISTMAS DEC,986.3299999999999,0.0,986.3299999999999,1133,0,82,4.8034596126650316e-05,0.9626461542634083,2535
21303,FILIGREE WALL MIRROR  ANTIQUE WHITE,985.54,76.44999999999999,909.09,96,11,30,4.799612286624046e-05,0.9626941503862745,2536
22529,MAGIC DRAWING SLATE GO TO THE FAIR ,984.87,0.0,984.87,2439,0,155,4.796349364538653e-05,0.9627421138799198,2537
71279,damages,983.9100000000001,35.400000000000006,948.5100000000001,297,12,78,4.791674132893912e-05,0.9627900306212488,2538
23380,PACK OF 12 VINTAGE DOILY TISSUES,983.5,14.04,969.46,2344,36,121,4.7896774193789694e-05,0.9628379273954426,2539
82616B,FRAPPUCINO SCARF KNITTING KIT,983.45,14.2,969.25,608,10,126,4.789433917730806e-05,0.9628858217346199,2540
23518,EMBROIDERED RIBBON REEL RACHEL ,983.3000000000001,17.34,965.96,362,6,44,4.788703412786315e-05,0.9629337087687477,2541
20661,BLUE POLKADOT PURSE ,983.0100000000001,210.3,772.71,899,354,123,4.787291103226966e-05,0.96298158167978,2542
35653,VINTAGE BEAD NOTEBOOK,982.5300000000001,0.0,982.5300000000001,311,0,113,4.784953487404595e-05,0.963029431214654,2543
85019B,BLOSSOM  IMAGES NOTEBOOK SET,982.47,30.0,952.47,718,24,47,4.784661285426799e-05,0.9630772778275083,2544
21691,SILVER VANILLA FLOWER CANDLE POT,979.74,0.0,979.74,254,0,72,4.771366095437063e-05,0.9631249914884626,2545
84030e,ENGLISH ROSE HOT WATER BOTTLE,979.4000000000001,0.0,979.4000000000001,120,0,46,4.7697102842295505e-05,0.9631726885913049,2546
72814,SET OF 3 CHRISTMAS BRIAR CANDLES,979.1700000000001,7.5,971.6700000000001,269,2,54,4.768590176647998e-05,0.9632203744930714,2547
22108,PING! MICROWAVE PLATE,978.74,15.0,963.74,313,4,128,4.76649606247379e-05,0.9632680394536961,2548
85018D,YULETIDE IMAGES S/6 PAPER BOXES,977.55,38.25,939.3,790,21,80,4.760700723247495e-05,0.9633156464609286,2549
23514,EMBROIDERED RIBBON REEL SALLY ,977.39,12.48,964.9100000000001,478,6,74,4.7599215179733714e-05,0.9633632456761083,2550
23512,EMBROIDERED RIBBON REEL ROSIE,977.3199999999999,0.0,977.3199999999999,501,0,57,4.759580615665942e-05,0.963410841482265,2551
20830,SILVER PHOTO FRAME,977.21,27.32,949.89,413,11,82,4.759044912039983e-05,0.9634584319313854,2552
21208,PASTEL COLOUR HONEYCOMB FAN,976.91,17.64,959.27,1078,42,120,4.757583902151e-05,0.9635060077704068,2553
35599B,BLACK CHRISTMAS TREE 120CM,974.81,0.0,974.81,268,0,51,4.747356832928127e-05,0.9635534813387361,2554
84873a,FUNKY FLOWER PICNIC BAG FOR 4,973.36,0.0,973.36,88,0,59,4.740295285131381e-05,0.9636008842915874,2555
85189,HANGING BUTTERFLY  EGG,971.3499999999999,30.599999999999998,940.75,1180,36,68,4.730506518875202e-05,0.9636481893567762,2556
22512,DOORSTOP RACING CAR DESIGN,971.17,0.0,971.17,388,0,71,4.729629912941814e-05,0.9636954856559057,2557
78124,MAGAZINE RACK GEBRA ASSORTED ,970.86,0.0,970.86,731,0,31,4.728120202723199e-05,0.9637427668579329,2558
84800L,LARGE WHITE/PINK ROSE ART FLOWER,970.7900000000001,40.56,930.23,650,24,38,4.72777930041577e-05,0.9637900446509371,2559
21129,SILVER FISHING GNOME ,970.2900000000001,20.85,949.44,127,3,60,4.725344283934134e-05,0.9638372980937764,2560
21562,HAWAIIAN GRASS SKIRT ,970.2800000000001,0.0,970.2800000000001,678,0,73,4.725295583604501e-05,0.9638845510496125,2561
22104,MIRROR MOSAIC CANDLE PLATE,968.0799999999999,0.0,968.0799999999999,1187,0,99,4.7145815110853e-05,0.9639316968647234,2562
85197,SET OF 12 MINI BUNNIES IN A BUCKET,967.86,0.0,967.86,1673,0,74,4.71351010383338e-05,0.9639788319657617,2563
23183,MOTHER'S KITCHEN SPOON REST ,967.17,30.0,937.17,226,8,84,4.7101497810887214e-05,0.9640259334635726,2564
21299,EDWARDIAN TOILET ROLL UNIT ,966.35,33.4,932.95,166,4,34,4.706156354058838e-05,0.9640729950271132,2565
20773,BLUE PAISLEY NOTEBOOK,965.63,1.65,963.9799999999999,3340,1,117,4.7026499303252816e-05,0.9641200215264164,2566
90175A,WHITE GLASS CHUNKY CHARM BRACELET,964.4499999999999,71.6,892.8499999999999,107,8,62,4.696903291428619e-05,0.9641669905593306,2567
20774,GREEN FERN NOTEBOOK,964.13,1.65,962.48,3485,1,119,4.695344880880372e-05,0.9642139440081394,2568
85130D,BEADED CRYSTAL HEART PINK LARGE,962.15,0.0,962.15,790,0,107,4.6857022156130916e-05,0.9642608010302955,2569
85032B,BLOSSOM IMAGES GIFT WRAP SET,961.1400000000001,0.0,961.1400000000001,994,0,152,4.680783482320186e-05,0.9643076088651188,2570
22994,TRAVEL CARD WALLET RETROSPOT,958.2,12.6,945.6,2197,30,218,4.6664655854081634e-05,0.9643542735209729,2571
72753B,S/3 FLWR FAIRY LAVENDER CANDLES,957.73,0.0,957.73,445,0,14,4.664176669915425e-05,0.964400915287672,2572
21805,WHITE CHRISTMAS TREE DECORATION ,957.63,0.0,957.63,2221,0,103,4.6636896666190976e-05,0.9644475521843382,2573
85111,SILVER GLITTER FLOWER VOTIVE HOLDER,957.63,41.76,915.87,2919,144,77,4.6636896666190976e-05,0.9644941890810044,2574
90147,CHUNKY SILVER NECKLACE PASTEL FLOWE,957.3499999999999,39.8,917.55,95,4,58,4.6623260573893806e-05,0.9645408123415783,2575
84360,TABLE LAMP WHITE SHADE WOOD BASE,956.8900000000001,0.0,956.8900000000001,179,0,40,4.660085842226276e-05,0.9645874132000005,2576
20758,ABSTRACT CIRCLES POCKET BOOK,955.9699999999999,0.85,955.1199999999999,5428,1,95,4.655605411900064e-05,0.9646339692541195,2577
84664,CHERRY BLOSSOM BATHROOM CABINET,955.35,24.75,930.6,193,5,51,4.6525859914628354e-05,0.9646804951140341,2578
20878,SET/9 CHRISTMAS T-LIGHTS SCENTED ,955.01,0.0,955.01,739,0,85,4.650930180255322e-05,0.9647270044158366,2579
17012C,ORIGAMI LAVENDER INCENSE/CANDL SET ,952.9499999999999,0.0,952.9499999999999,857,0,113,4.6408979123509796e-05,0.9647734133949601,2580
21060,PARTY INVITES BALLOON GIRL,952.55,0.0,952.55,1276,0,151,4.638949899165671e-05,0.9648198028939518,2581
22953,BIRTHDAY PARTY CORDON BARRIER TAPE,949.8,0.0,949.8,761,0,119,4.62555730851667e-05,0.9648660584670369,2582
85032C,CURIOUS IMAGES GIFT WRAP SET,947.8900000000001,7.800000000000001,940.09,888,12,161,4.6162555455568195e-05,0.9649122210224924,2583
22143,CHRISTMAS CRAFT HEART DECORATIONS,947.0800000000002,25.200000000000003,921.8800000000001,448,12,70,4.612310818856568e-05,0.9649583441306809,2584
23540,WALL ART THE MAGIC FOREST ,947.0600000000001,0.0,947.0600000000001,150,0,14,4.6122134181973024e-05,0.9650044662648629,2585
37492B,BLUE YELLOW FLOWER PIGGY BANK,946.7199999999999,47.699999999999996,899.0199999999999,489,18,44,4.610557606989789e-05,0.9650505718409328,2586
21331,MOROCCAN BEATEN METAL DISH LARGE,946.6800000000001,38.25,908.4300000000001,110,3,30,4.610362805671259e-05,0.9650966754689895,2587
21641,ASSORTED TUTTI FRUTTI KEYRING BALL,946.31,0.0,946.31,1666,0,111,4.6085608934748474e-05,0.9651427610779242,2588
20778,GARDEN PATH NOTEBOOK ,946.01,4.949999999999999,941.06,3612,3,90,4.607099883585866e-05,0.9651888320767601,2589
22096,PINK PAISLEY SQUARE TISSUE BOX ,944.09,17.34,926.75,1676,18,180,4.5977494202963814e-05,0.9652348095709631,2590
23178,JAM CLOCK MAGNET,943.9200000000001,14.450000000000001,929.47,330,5,68,4.5969215146926255e-05,0.96528077878611,2591
85031A,ROMANTIC IMAGES SCRAP BOOK SET,943.44,0.0,943.44,477,0,102,4.594583898870254e-05,0.9653267246250986,2592
20998,ROSE DU SUD OVEN GLOVE,942.2600000000001,0.0,942.2600000000001,324,0,127,4.588837259973593e-05,0.9653726129976984,2593
20831,GOLD PHOTO FRAME,940.5600000000001,12.600000000000001,927.96,480,6,79,4.5805582039360284e-05,0.9654184185797378,2594
21726,MULTI HEARTS  STICKERS,938.64,1.7,936.9399999999999,1086,2,155,4.571207740646544e-05,0.9654641306571442,2595
85124B,BLUE JUICY FRUIT PHOTO FRAME,938.4699999999999,15.299999999999999,923.17,353,6,102,4.570379835042787e-05,0.9655098344554947,2596
84817,DANISH ROSE DECORATIVE PLATE,937.44,87.84,849.6,1059,43,79,4.5653637010906166e-05,0.9655554880925056,2597
85121B,RETRO LAUNDRY TUB PINK,936.74,93.5,843.24,86,11,48,4.561954678016325e-05,0.9656011076392857,2598
20775,DAISY NOTEBOOK ,934.79,0.0,934.79,3609,0,112,4.552458113737943e-05,0.9656466322204231,2599
85226A,WHITE/BLUE PULL BACK RACING CAR,934.72,24.750000000000004,909.97,1717,45,144,4.552117211430514e-05,0.9656921533925374,2600
82001s,SILVER RECORD COVER FRAME,932.98,0.0,932.98,125,0,29,4.543643354074419e-05,0.9657375898260782,2601
82607A,GLASS BONBON JAR PARFUME AUX FLEURE,932.47,22.5,909.97,670,18,159,4.54115963726315e-05,0.9657830014224508,2602
47504E,ENGLISH ROSE SCISSORS,931.86,0.0,931.86,4387,0,48,4.538188917155553e-05,0.9658283833116224,2603
22647,CERAMIC LOVE HEART MONEY BANK,931.23,34.8,896.43,1066,24,82,4.5351207963886915e-05,0.9658737345195862,2604
21720,CAKE SHOP  STICKER SHEET,930.66,10.2,920.4599999999999,1069,12,112,4.5323448775996256e-05,0.9659190579683622,2605
23179,CLOCK MAGNET MUM'S KITCHEN,930.48,0.0,930.48,324,0,53,4.5314682716662365e-05,0.9659643726510788,2606
72800C,4 PINK DINNER CANDLE SILVER FLOCK,929.9399999999999,0.0,929.9399999999999,662,0,78,4.528838453866069e-05,0.9660096610356175,2607
21014,SWISS CHALET TREE DECORATION ,929.79,0.72,929.0699999999999,1852,1,189,4.5281079489215776e-05,0.9660549421151067,2608
23413,DECORATIVE VINTAGE COFFEE  BOX,929.11,49.800000000000004,879.3100000000001,177,12,58,4.524796326506553e-05,0.9661001900783718,2609
37330,BIG POLKADOT MUG,927.4599999999999,23.099999999999998,904.3599999999999,517,12,28,4.516760772117152e-05,0.966145357686093,2610
84341B,SMALL PINK MAGIC CHRISTMAS TREE,926.43,0.0,926.43,1762,0,121,4.5117446381649805e-05,0.9661904751324747,2611
23099,FRENCH CARRIAGE LANTERN,925.35,53.2,872.1500000000001,137,8,58,4.506485002564646e-05,0.9662355399825003,2612
23002,TRAVEL CARD WALLET SKULLS,925.29,53.76,871.53,2145,128,192,4.5061928005868495e-05,0.9662806019105062,2613
22703,PINK CAT BOWL,923.91,0.0,923.91,514,0,165,4.499472155097533e-05,0.9663255966320572,2614
21264,WHITE GOOSE FEATHER TREE 60CM ,921.75,15.6,906.15,393,8,68,4.488952883896863e-05,0.9663704861608962,2615
20903,VINTAGE KEEPSAKE BOX TRAVELOGUE,919.8,6.35,913.45,187,1,86,4.479456319618481e-05,0.9664152807240923,2616
85121C,RETRO LAUNDRY TUB PISTACHIO,918.91,17.0,901.91,98,2,53,4.475121990281168e-05,0.9664600319439951,2617
72529W,WHITE ADVENT CANDLE,918.75,125.05999999999999,793.6899999999999,464,74,47,4.4743427850070444e-05,0.9665047753718452,2618
21702,No Stock,918.6800000000001,0.0,918.6800000000001,2636,0,8,4.474001882699616e-05,0.9665495153906722,2619
72045D,ROSES ON BLUE TEACUP CANDLE ,918.65,851.76,66.89,539,504,6,4.473855781710717e-05,0.9665942539484893,2620
85130B,BEADED CRYSTAL HEART GREEN LARGE,918.33,0.0,918.33,911,0,83,4.47229737116247e-05,0.9666389769222009,2621
84600,NEW BAROQUE JEWELLERY BOX ,918.27,22.85,895.4200000000001,108,3,52,4.472005169184673e-05,0.9666836969738928,2622
23338,EGG FRYING PAN RED ,915.4000000000001,12.48,902.9200000000001,431,6,109,4.4580281745800806e-05,0.9667282772556386,2623
85019A,ROMANTIC IMAGES NOTEBOOK SET,915.04,30.0,885.04,647,24,49,4.4562749627133016e-05,0.9667728400052658,2624
21220,SET/4 BADGES DOGS,914.93,0.0,914.93,680,0,159,4.455739259087341e-05,0.9668173973978567,2625
21007,ETCHED GLASS DROPLET DECORATION,914.6700000000001,0.0,914.6700000000001,1927,0,48,4.454473050516891e-05,0.9668619421283619,2626
21320,GLASS CHALICE GREEN  LARGE ,913.34,52.5,860.84,398,22,56,4.447995906675738e-05,0.9669064220874286,2627
37482P,Damaged,910.99,0.0,910.99,679,0,83,4.4365513292120464e-05,0.9669507876007207,2628
84974,S/2 ZINC HEART DESIGN PLANTERS,909.4,9.95,899.4499999999999,92,1,57,4.428807976800442e-05,0.9669950756804887,2629
23472, NINE DRAWER OFFICE TIDY,909.37,0.0,909.37,59,0,33,4.428661875811544e-05,0.9670393622992468,2630
23004,TRAVEL CARD WALLET PANTRY,906.9399999999999,77.28,829.66,2011,184,221,4.4168276957107904e-05,0.9670835305762039,2631
22707,WRAP MONSTER FUN ,905.94,0.0,905.94,2157,0,83,4.411957662747518e-05,0.9671276501528313,2632
46000P,POLYESTER FILLER PAD 65CMx65CM,905.25,12.75,892.5,213,3,49,4.408597340002859e-05,0.9671717361262313,2633
46776C,WOVEN FROST CUSHION COVER,905.1,0.0,905.1,258,0,96,4.4078668350583685e-05,0.9672158147945819,2634
21318,GLASS CHALICE BLUE SMALL ,903.7199999999999,40.059999999999995,863.66,974,32,93,4.4011461895690515e-05,0.9672598262564776,2635
22248,DECORATION  PINK CHICK MAGIC GARDEN,903.1999999999999,17.85,885.35,1015,21,173,4.398613772428149e-05,0.9673038123942018,2636
21480,PINK STRIPE HOT WATER BOTTLE,902.47,17.700000000000003,884.7700000000001,286,6,57,4.3950586483649607e-05,0.9673477629806855,2637
21444,BLUE CHALET BIRDFEEDER,902.0300000000001,3.75,898.2800000000001,291,1,36,4.392915833861121e-05,0.9673916921390241,2638
23532,WALL ART WORK REST AND PLAY  ,901.58,0.0,901.58,210,0,31,4.3907243190276475e-05,0.9674355993822144,2639
84660B,BLACK STITCHED WALL CLOCK,901.0600000000001,0.0,901.0600000000001,747,0,61,4.388191901886746e-05,0.9674794813012332,2640
85031B,BLOSSOM IMAGES SCRAP BOOK SET,901.04,0.0,901.04,497,0,85,4.38809450122748e-05,0.9675233622462455,2641
84820,DANISH ROSE TRINKET TRAYS,900.95,35.7,865.25,325,6,54,4.3876561982607854e-05,0.967567238808228,2642
21270,ANTIQUE CREAM CUTLERY CUPBOARD,899.93,0.0,899.93,78,0,51,4.382688764638247e-05,0.9676110656958744,2643
20913,SET/5 BLUE SPOTTY LID GLASS BOWLS,898.7199999999999,0.0,898.7199999999999,314,0,43,4.376796024752686e-05,0.9676548336561219,2644
20757,RED DAISY POCKET BOOK ,898.35,0.0,898.35,5356,0,78,4.374994112556276e-05,0.9676985835972475,2645
84086C,PINK/PURPLE RETRO RADIO,896.5500000000001,0.0,896.5500000000001,301,0,88,4.3662280532223844e-05,0.9677422458777797,2646
23502,PLAYING CARDS VINTAGE DOILY ,896.41,0.0,896.41,714,0,94,4.365546248607526e-05,0.9677859013402658,2647
17109B,FLOWER FAIRY INCENSE LAVENDER,896.3399999999999,0.0,896.3399999999999,4542,0,17,4.365205346300097e-05,0.9678295533937288,2648
20941,FROG CANDLE,896.28,41.35,854.93,998,47,124,4.364913144322301e-05,0.967873202525172,2649
84760L,LARGE HANGING GLASS+ZINC LANTERN,896.0,0.0,896.0,560,0,1,4.3635495350925844e-05,0.9679168380205229,2650
22936,BAKING MOULD ROSE WHITE CHOCOLATE,895.97,198.0,697.97,279,72,50,4.363403434103686e-05,0.9679604720548639,2651
21676,FLOWERS  STICKERS,893.7199999999999,0.0,893.7199999999999,1193,0,159,4.3524458599363215e-05,0.9680039965134632,2652
85049e,SCANDINAVIAN REDS RIBBONS,893.25,0.0,893.25,268,0,61,4.3501569444435835e-05,0.9680474980829077,2653
84666,SQUARE CHERRY BLOSSOM CABINET,892.7,0.0,892.7,226,0,33,4.3474784263137835e-05,0.9680909728671708,2654
20759,CHRYSANTHEMUM POCKET BOOK ,891.13,0.0,891.13,5777,0,63,4.3398324745614446e-05,0.9681343711919165,2655
85214,TUB 24 PINK FLOWER PEGS,889.5299999999999,0.0,889.5299999999999,516,0,169,4.3320404218202074e-05,0.9681776915961346,2656
85194S,HANGING SPRING FLOWER EGG SMALL,889.46,18.39,871.07,1760,29,131,4.3316995195127794e-05,0.9682210085913298,2657
21724,PANDA AND BUNNIES STICKER SHEET,888.3399999999999,1.7,886.64,996,2,178,4.326245082593913e-05,0.9682642710421557,2658
20803,damages,886.6999999999999,38.459999999999994,848.24,1161,74,84,4.318258228534145e-05,0.968307453624441,2659
20991,JAZZ HEARTS MAGNETIC MEMO PAD,884.5600000000002,0.0,884.5600000000002,7084,0,32,4.3078363579927426e-05,0.968350531988021,2660
35598B,BLACK CHRISTMAS TREE 60CM,883.5,0.0,883.5,934,0,57,4.302674123051672e-05,0.9683935587292515,2661
22164,STRING OF STARS CARD HOLDER,883.2200000000001,2.95,880.2700000000001,315,1,49,4.3013105138219565e-05,0.9684365718343897,2662
21147,JINGLE BELLS TREE DECORATION,883.08,4.2,878.88,483,2,118,4.300628709207098e-05,0.9684795781214818,2663
23479,WIRE EGG BASKET ,880.23,0.0,880.23,114,0,44,4.2867491152617696e-05,0.9685224456126343,2664
84826,ASSTD DESIGN 3D PAPER STICKERS,878.43,102.0,776.43,1745,120,51,4.277983055927878e-05,0.9685652254431936,2665
90200E,GREEN SWEETHEART BRACELET,878.22,68.0,810.22,210,16,91,4.276960349005591e-05,0.9686079950466836,2666
72799A,BLACK PILLAR CANDLE SILVER FLOCK,877.8000000000001,0.0,877.8000000000001,612,0,18,4.274914935161017e-05,0.9686507441960353,2667
23423,PANTRY 3 HOOK ROLLING PIN HANGER,876.9,18.75,858.15,219,5,66,4.27053190549407e-05,0.9686934495150902,2668
21062,PARTY INVITES SPACEMAN,876.7199999999999,0.0,876.7199999999999,1054,0,136,4.269655299560681e-05,0.9687361460680858,2669
21185,HOME SWEET HOME  BLACKBOARD,876.29,44.449999999999996,831.8399999999999,132,7,44,4.267561185386474e-05,0.9687788216799397,2670
84925F,PSYCHEDELIC WALL THERMOMETER,875.66,0.0,875.66,715,0,34,4.264493064619612e-05,0.9688214666105859,2671
90200C,BLUE SWEETHEART BRACELET,874.63,17.0,857.63,206,4,98,4.259476930667441e-05,0.9688640613798926,2672
21338,MARAKESH LANTERN SMALL ,873.25,0.0,873.25,199,0,13,4.252756285178124e-05,0.9689065889427444,2673
85165,damages,872.76,0.0,872.76,90,0,58,4.2503699690261204e-05,0.9689490926424347,2674
21293,MIRRORED DOVE WALL DECORATION,872.34,4.2,868.1400000000001,343,2,85,4.248324555181546e-05,0.9689915758879865,2675
21414,SCALLOP SHELL SOAP DISH,870.89,2.1,868.79,1637,1,36,4.2412630073848e-05,0.9690339885180603,2676
23220,REINDEER HEART DECORATION GOLD,869.9799999999999,9.959999999999999,860.02,994,12,103,4.236831277388221e-05,0.9690763568308343,2677
17033,"BROCADE PURSE,SMALL ARCH BUTTON",867.8399999999999,10.44,857.4,3280,36,69,4.226409406846817e-05,0.9691186209249028,2678
17012B,ORIGAMI JASMINE INCENSE/CANDLE SET,867.4499999999999,0.0,867.4499999999999,721,0,126,4.2245100939911404e-05,0.9691608660258426,2679
35954,check,865.49,0.0,865.49,2243,0,111,4.214964829383126e-05,0.9692030156741365,2680
21478,SILVER SKULL HOT WATER BOTTLE ,865.48,3.75,861.73,207,1,92,4.214916129053493e-05,0.969245164835427,2681
85166B,BLACK METAL BAROQUE PHOTO FRAME,864.1,0.0,864.1,510,0,38,4.2081954835641766e-05,0.9692872467902627,2682
85161,ACRYLIC GEOMETRIC LAMP,863.85,37.9,825.95,51,2,32,4.206977975323358e-05,0.9693293165700159,2683
21255,"FRENCH BOTTLE , LAVENDER",860.0799999999999,21.449999999999996,838.6299999999999,476,13,96,4.188617951051819e-05,0.9693712027495264,2684
20894,HANGING BAUBLE T-LIGHT HOLDER LARGE,859.7500000000001,16.9,842.85,278,6,79,4.18701084017394e-05,0.9694130728579281,2685
84632,DECORATIVE HANGING SHELVING UNIT,859.25,59.95,799.3000000000001,15,1,11,4.184575823692303e-05,0.9694549186161651,2686
84578,damages,858.66,0.0,858.66,223,0,112,4.181702504243971e-05,0.9694967356412075,2687
20756,GREEN FERN POCKET BOOK,856.66,0.0,856.66,5734,0,64,4.171962438317425e-05,0.9695384552655907,2688
22486,PLASMATRONIC LAMP,856.4,178.5,677.9,104,14,40,4.1706962297469746e-05,0.9695801622278881,2689
84660A,WHITE STITCHED WALL CLOCK,855.26,4.54,850.72,860,2,51,4.1651443921688436e-05,0.9696218136718098,2690
21635,MADRAS NOTEBOOK LARGE ,855.24,45.0,810.24,398,12,42,4.165046991509578e-05,0.9696634641417249,2691
21376,LARGE  TALL CAMPHOR WOOD TOADSTOOL ,854.91,0.0,854.91,187,0,46,4.163439880631698e-05,0.9697050985405312,2692
84951A,SET OF 4 PISTACHIO LOVEBIRD COASTER,852.1,18.96,833.14,624,24,135,4.149755088004901e-05,0.9697465960914112,2693
22547,MINI JIGSAW DINOSAUR ,850.6,0.84,849.76,1989,2,189,4.1424500385599914e-05,0.9697880205917968,2694
20936,FORKED CACTUS CANDLE,849.2900000000001,25.750000000000004,823.5400000000001,335,9,76,4.136070295378104e-05,0.9698293812947506,2695
21458,2 PICTURE BOOK EGGS EASTER BUNNY,849.24,0.0,849.24,768,0,88,4.13582679372994e-05,0.9698707395626879,2696
20897,VINTAGE NOTEBOOK PARIS DAYS,848.7,35.400000000000006,813.3000000000001,351,12,75,4.133196975929773e-05,0.9699120715324472,2697
72349b,SET/6 PURPLE BUTTERFLY T-LIGHTS,848.41,0.0,848.41,204,0,112,4.131784666370423e-05,0.9699533893791109,2698
85208,SET/12 FUNKY FELT FLOWER PEG IN BAG,845.34,0.0,845.34,424,0,87,4.1168336651731756e-05,0.9699945577157626,2699
22229,BUNNY WOODEN PAINTED WITH FLOWER ,845.3,44.199999999999996,801.0999999999999,1007,52,185,4.1166388638546446e-05,0.9700357241044011,2700
22820,GIFT BAG BIRTHDAY,845.1300000000001,1.3,843.83,1353,2,110,4.115810958250889e-05,0.9700768822139836,2701
84509a,SET OF 4 ENGLISH ROSE PLACEMATS,844.74,0.0,844.74,113,0,75,4.113911645395212e-05,0.9701180213304376,2702
90161C,ANT COPPER LIME BOUDICCA BRACELET,843.9100000000001,0.0,843.9100000000001,169,0,100,4.1098695180356957e-05,0.9701591200256179,2703
37423,WHITE WITH BLACK CATS PLATE,843.88,295.2,548.68,6168,2952,70,4.1097234170467966e-05,0.9702002172597883,2704
21552,CERAMIC BIRDHOUSE BLACK ROSE  LARGE,843.5500000000001,17.85,825.7,166,3,35,4.1081163061689173e-05,0.97024129842285,2705
85231L,LAVENDER SCENTED SET/9 T-LIGHTS,841.75,0.0,841.75,1043,0,116,4.099350246835025e-05,0.9702822919253183,2706
21300,ANTIQUE EDWARDIAN DRESSER,841.7,127.5,714.2,53,10,12,4.099106745186862e-05,0.9703232829927703,2707
21128,GOLD FISHING GNOME,841.63,0.0,841.63,126,0,57,4.098765842879433e-05,0.970364270651199,2708
23564,EGG CUP MILKMAID INGRID,841.31,0.0,841.31,644,0,76,4.097207432331185e-05,0.9704052427255223,2709
23551,PACK OF 12 PAISLEY PARK TISSUES ,841.01,0.0,841.01,1843,0,136,4.0957464224422034e-05,0.9704462001897467,2710
40018E,TEA TIME PAPER LANTERNS,840.92,0.0,840.92,386,0,81,4.095308119475509e-05,0.9704871532709415,2711
84782A,PINK 3 TIER GLASS PLATE STAND,840.45,76.5,763.95,119,6,26,4.093019203982771e-05,0.9705280834629814,2712
17039,INLAID WOOD INCENSE HOLDER,837.88,0.0,837.88,3707,0,43,4.080503219267159e-05,0.9705688884951741,2713
47563A,RETRO LONGBOARD IRONING BOARD COVER,837.87,5.0,832.87,344,4,151,4.0804545189375264e-05,0.9706096930403635,2714
84762B,PINK PICNIC BARBECUE BUCKET,837.77,0.0,837.77,113,0,48,4.079967515641199e-05,0.97065049271552,2715
85071C,"CHARLIE+LOLA""EXTREMELY BUSY"" SIGN",837.23,0.0,837.23,1285,0,141,4.077337697841032e-05,0.9706912660924983,2716
84849A,HELLO SAILOR BLUE SOAP HOLDER,835.26,38.87,796.39,471,23,103,4.067743732903384e-05,0.9707319435298274,2717
47367B,PAIR PADDED HANGERS PINK CHECK,834.95,3.75,831.2,242,1,95,4.0662340226847696e-05,0.9707726058700542,2718
20776,ABSTRACT CIRCLES NOTEBOOK,834.31,0.0,834.31,3259,0,84,4.0631172015882744e-05,0.9708132370420701,2719
85213,MINI  ZINC GARDEN DECORATIONS ,832.4799999999999,0.85,831.6299999999999,1390,1,80,4.0542050412654844e-05,0.9708537790924828,2720
85196,EASTER BUNNIES ON A STICK,831.0400000000001,6.6000000000000005,824.44,1564,12,71,4.0471921937983725e-05,0.9708942510144208,2721
23017,APOTHECARY MEASURING JAR,826.28,12.5,813.78,67,1,22,4.0240108368931925e-05,0.9709344911227897,2722
85188A,GREEN METAL SWINGING BUNNY,825.8199999999999,22.95,802.87,945,27,105,4.0217706217300864e-05,0.970974708829007,2723
22510,GINGHAM BABUSHKA DOORSTOP,825.32,0.0,825.32,317,0,90,4.0193356052484506e-05,0.9710149021850595,2724
79342B,"Unsaleable, destroyed.",824.95,96.05,728.9,119,15,34,4.01753369305204e-05,0.97105507752199,2725
21551,CERAMIC BIRDHOUSE BUTTERFLY LARGE,824.95,0.0,824.95,169,0,22,4.01753369305204e-05,0.9710952528589206,2726
21654,Damaged,824.89,0.0,824.89,1195,0,82,4.017241491074243e-05,0.9711354252738313,2727
22289,HANGING METAL CHICKEN DECORATION,822.48,0.0,822.48,768,0,76,4.005504711632755e-05,0.9711754803209477,2728
82613C,"METAL SIGN,CUPCAKE SINGLE HOOK",821.26,10.9,810.36,771,22,187,3.999563271417562e-05,0.9712154759536619,2729
21375,LARGE CAMPHOR WOOD FIELD MUSHROOM ,820.1,0.0,820.1,136,0,61,3.993914033180166e-05,0.9712554150939937,2730
23186,FRENCH STYLE STORAGE JAR CAFE ,819.4599999999999,9.24,810.2199999999999,1982,12,70,3.9907972120836705e-05,0.9712953230661145,2731
17107D,FLOWER FAIRY 5 DRAWER LINERS,818.55,5.1,813.4499999999999,321,2,86,3.986365482087092e-05,0.9713351867209354,2732
85187,S/12 MINI RABBIT EASTER,818.1299999999999,0.0,818.1299999999999,480,0,109,3.984320068242517e-05,0.9713750299216178,2733
21719,LOVELY BONBON STICKER SHEET,816.54,0.0,816.54,910,0,141,3.976576715830914e-05,0.9714147956887762,2734
23324,RUSTIC STRAWBERRY JAM POT LARGE ,816.0400000000001,67.51,748.5300000000001,399,35,44,3.974141699349278e-05,0.9714545371057697,2735
23106,ZINC HEARTS PLANT POT HOLDER,815.59,34.68,780.9100000000001,291,12,53,3.9719501845158044e-05,0.9714942566076148,2736
85145,JARDIN ETCHED GLASS LARGE BELL JAR,813.0,38.25,774.75,92,3,30,3.9593367991409275e-05,0.9715338499756062,2737
20901,VINTAGE KEEPSAKE BOX PINK FLOWER,812.93,12.7,800.23,92,2,67,3.958995896833498e-05,0.9715734399345746,2738
84920,PINK FLOWER FABRIC PONY,812.88,0.0,812.88,203,0,88,3.9587523951853345e-05,0.9716130274585264,2739
47594B,SCOTTIES DESIGN WASHBAG,812.29,44.85,767.4399999999999,410,23,122,3.9558790757370035e-05,0.9716525862492837,2740
21222,SET/4 BADGES BEETLES,812.15,0.0,812.15,627,0,133,3.955197271122145e-05,0.971692138221995,2741
20833,SHAKER THROW  QUILTED,811.8,49.95,761.85,52,1,5,3.9534927595849996e-05,0.9717316731495909,2742
72801G,4 BURGUNDY WINE DINNER CANDLES,811.12,0.0,811.12,1335,0,64,3.950181137169974e-05,0.9717711749609625,2743
37333,"RETRO ""TEA FOR ONE"" ",810.05,0.0,810.05,146,0,58,3.944970201899272e-05,0.9718106246629815,2744
21374,MIRRORED WALL ART SKULLS,809.67,0.0,809.67,470,0,71,3.943119589373228e-05,0.9718500558588753,2745
16011,ANIMAL STICKERS,809.4,5.04,804.36,3860,24,112,3.9418046804731444e-05,0.97188947390568,2746
21454,PAINTED PINK RABBIT ,809.3,10.2,799.0999999999999,939,12,194,3.941317677176817e-05,0.9719288870824518,2747
20769,DAISY JOURNAL ,808.81,0.0,808.81,438,0,79,3.9389313610248134e-05,0.9719682763960621,2748
84922,PINK BUTTERFLY WASHBAG,808.22,0.0,808.22,342,0,17,3.936058041576483e-05,0.9720076369764779,2749
23022,SMALL BONNE JAM JAR  T-LIGHT HOLDER,808.16,62.400000000000006,745.76,422,30,22,3.935765839598686e-05,0.9720469946348739,2750
22344,PARTY PIZZA DISH PINK POLKADOT,807.89,0.0,807.89,1583,0,133,3.9344509306986025e-05,0.9720863391441809,2751
22058,CERAMIC LOVE HEARTS DESIGN MUG,807.64,11.92,795.72,528,8,103,3.9332334224577846e-05,0.9721256714784055,2752
22135,MINI LADLE LOVE HEART PINK,806.5699999999999,10.08,796.49,1625,24,317,3.928022487187082e-05,0.9721649517032773,2753
85044,RED REINDEER STRING OF 20 LIGHTS,806.35,23.35,783.0,150,5,40,3.926951079935162e-05,0.9722042212140767,2754
84767,ZINC POLICE BOX LANTERN,806.22,0.0,806.22,195,0,6,3.9263179756499365e-05,0.9722434843938332,2755
17012A,ORIGAMI VANILLA INCENSE/CANDLE SET ,806.16,0.0,806.16,726,0,95,3.9260257736721404e-05,0.9722827446515699,2756
84951B,SET OF 4 BLACK LOVEBIRD COASTERS,802.73,0.0,802.73,565,0,120,3.909321560608114e-05,0.9723218378671761,2757
23409,PHOTO FRAME LINEN AND LACE LARGE,801.6800000000001,26.25,775.4300000000001,215,7,43,3.904208025996678e-05,0.972360879947436,2758
22408,MONEY BOX CONFECTIONERY DESIGN,801.17,39.410000000000004,761.76,652,37,95,3.901724309185408e-05,0.9723998971905279,2759
20699,MOUSEY LONG LEGS SOFT TOY,800.51,0.0,800.51,295,0,88,3.898510087429648e-05,0.9724388822914022,2760
22825,DECORATIVE PLANT POT WITH FRIEZE,799.02,53.25,745.77,100,7,38,3.891253738314371e-05,0.9724777948287854,2761
47574A,check,797.73,1.5,796.23,575,2,129,3.884971395791749e-05,0.9725166445427433,2762
21455,PAINTED YELLOW WOODEN DAISY,797.27,14.45,782.8199999999999,901,17,167,3.882731180628644e-05,0.9725554718545496,2763
20997,ROSE DU SUD CUSHION COVER ,796.74,0.0,796.74,170,0,83,3.880150063158109e-05,0.9725942733551812,2764
37494A,FAIRY CAKE CERAMIC BUTTER DISH,796.39,14.75,781.64,238,5,51,3.878445551620963e-05,0.9726330578106974,2765
22447,PIN CUSHION BABUSHKA BLUE,796.34,20.1,776.24,248,6,82,3.8782020499727996e-05,0.9726718398311971,2766
84625D,WHITE NEWBAROQUE CANDLESTICK CANDLE,796.29,57.85000000000001,738.4399999999999,651,31,51,3.877958548324636e-05,0.9727106194166804,2767
23487,SWEET HEART CAKE CARRIER,795.5799999999999,89.55,706.03,80,9,44,3.874500824920712e-05,0.9727493644249295,2768
23521,WALL ART CAT AND BIRD ,793.37,0.0,793.37,413,0,44,3.863738052071879e-05,0.9727880018054502,2769
35915C,PEACH KNITTED HEN ,793.3199999999999,0.0,793.3199999999999,662,0,82,3.863494550423715e-05,0.9728266367509545,2770
85017A,ENVELOPE 50 ROMANTIC IMAGES,793.0,0.0,793.0,1158,0,174,3.861936139875468e-05,0.9728652561123532,2771
23335,EGG FRYING PAN IVORY ,792.86,24.96,767.9000000000001,378,12,96,3.86125433526061e-05,0.9729038686557058,2772
23519,EMBROIDERED RIBBON REEL CLAIRE,792.31,0.0,792.31,224,0,24,3.8585758171308095e-05,0.9729424544138771,2773
45008C,"dirty, torn, thrown away.",792.0699999999999,0.0,792.0699999999999,83,0,34,3.857407009219624e-05,0.9729810284839693,2774
23568,EGG CUP HENRIETTA HEN CREAM ,787.52,1.25,786.27,630,1,48,3.835248359236732e-05,0.9730193809675617,2775
23115,RED APPLES CHOPPING BOARD   ,785.1700000000001,0.0,785.1700000000001,155,0,45,3.823803781773041e-05,0.9730576190053795,2776
84970s,HANGING HEART ZINC T-LIGHT HOLDER,784.04,0.0,784.04,373,0,98,3.8183006445245417e-05,0.9730958020118247,2777
72799C,PINK PILLAR CANDLE SILVER FLOCK,783.1,0.0,783.1,471,0,48,3.8137228135390656e-05,0.97313393923996,2778
20989,URBAN CHIC CHOPSTICKS SET/5,782.18,3.9,778.28,407,2,57,3.809242383212854e-05,0.9731720316637922,2779
20910,VINTAGE PHOTO ALBUM PARIS DAYS,781.8199999999999,0.0,781.8199999999999,108,0,47,3.8074891713460756e-05,0.9732101065555057,2780
90200B,BLACK SWEETHEART BRACELET,779.7,17.0,762.7,184,4,84,3.7971647014639375e-05,0.9732480782025204,2781
85130C,BEADED CRYSTAL HEART BLUE  LARGE,779.14,0.0,779.14,684,0,68,3.794437483004505e-05,0.9732860225773504,2782
37461,FUNKY MONKEY MUG,778.64,1.25,777.39,742,1,95,3.792002466522868e-05,0.9733239426020156,2783
84761,IVORY HANGING BIRD PLANTER ,776.5,20.4,756.0999999999999,279,8,61,3.781580595981464e-05,0.9733617584079755,2784
21456,2 PICTURE BOOK EGGS EASTER CHICKS,776.05,1.25,774.8,738,1,65,3.779389081147991e-05,0.9733995522987869,2785
84534B,FAIRY CAKE NOTEBOOK A5 SIZE,775.56,23.799999999999997,751.76,819,28,187,3.777002764995987e-05,0.9734373223264369,2786
21554,CERAMIC BIRDHOUSE RED ROOF LARGE,773.7,17.85,755.85,168,3,22,3.7679445036843e-05,0.9734750017714737,2787
21723,ALPHABET HEARTS STICKER SHEET,772.53,0.0,772.53,870,0,135,3.7622465651172704e-05,0.9735126242371249,2788
21015,DARK BIRD HOUSE TREE DECORATION,772.31,1.16,771.15,1702,4,186,3.7611751578653496e-05,0.9735502359887036,2789
85135A,YELLOW DRAGONFLY HELICOPTER,770.49,31.8,738.69,96,4,63,3.7523116978721936e-05,0.9735877591056823,2790
35095B,RED VICTORIAN FABRIC OVAL BOX,769.5799999999999,0.0,769.5799999999999,1959,0,177,3.7478799678756146e-05,0.973625237905361,2791
22640,SET OF 4 NAPKIN CHARMS 3 KEYS ,767.9399999999999,0.0,767.9399999999999,358,0,87,3.739893113815847e-05,0.9736626368364992,2792
84712B,PINK JEWELLED PHOTO FRAME,767.1600000000001,0.0,767.1600000000001,98,0,60,3.736094488104495e-05,0.9736999977813803,2793
72755C,FLOWER FAIRY OIL BURNER SET ROSE,767.0,13.75,753.25,592,11,14,3.735315282830371e-05,0.9737373509342085,2794
72750A,FLOWER FAIRY SET OF 3 LILY CANDLES,766.85,3.9,762.95,383,2,16,3.73458477788588e-05,0.9737746967819874,2795
47581B,FAIRY CAKE WICKER PICNIC BASKET ,766.52,12.75,753.77,47,1,36,3.7329776670079996e-05,0.9738120265586574,2796
84029C,BROWN FURRY HOT WATER BOTTLE,766.19,0.0,766.19,204,0,48,3.73137055613012e-05,0.9738493402642187,2797
23140,TRIPLE WIRE HOOK IVORY HEART,766.1,49.800000000000004,716.3000000000001,182,12,52,3.730932253163425e-05,0.9738866495867503,2798
16259,PIECE OF CAMO STATIONERY SET,766.09,14.100000000000001,751.99,5473,134,55,3.7308835528337926e-05,0.9739239584222786,2799
23006,TRAVEL CARD WALLET FLOWER MEADOW,765.27,32.76,732.51,1764,78,173,3.726890125803908e-05,0.9739612273235366,2800
16244B,MAXWELL 2 TONE BLUE 60 PAGE PHOTO A,765.02,0.0,765.02,345,0,28,3.72567261756309e-05,0.9739984840497122,2801
84963A,PINK PAINTED KASHMIRI CHAIR,763.35,0.0,763.35,23,0,9,3.717539662514424e-05,0.9740356594463374,2802
23550,WRAP ALPHABET POSTER  ,763.1,0.0,763.1,1855,0,64,3.7163221542736064e-05,0.9740728226678802,2803
35811A,ENAMEL PINK SUGAR CONTAINER,762.97,4.2,758.77,434,2,84,3.715689049988381e-05,0.9741099795583801,2804
23458,DOLLY CABINET 3 DRAWERS ,762.4499999999999,74.75,687.6999999999999,51,5,30,3.7131566328474785e-05,0.9741471111247085,2805
90200A,PURPLE SWEETHEART BRACELET,762.44,17.0,745.44,180,4,99,3.713107932517846e-05,0.9741842422040337,2806
84762C,GREEN PICNIC BARBECUE BUCKET,761.25,0.0,761.25,105,0,43,3.707312593291551e-05,0.9742213153299666,2807
23025,DRAWER KNOB VINTAGE GLASS BALL,760.8000000000001,12.48,748.32,350,6,54,3.7051210784580784e-05,0.9742583665407512,2808
23123,COCKTAIL SWORDS 50 PIECES,760.4,4.9799999999999995,755.42,936,6,95,3.703173065272769e-05,0.9742953982714039,2809
84620,BLUE GINGHAM ROSE CUSHION COVER,758.51,0.0,758.51,123,0,50,3.693968702972183e-05,0.9743323379584335,2810
84663A,GRASS HOPPER WOODEN WALL CLOCK ,758.29,15.06,743.23,375,6,64,3.692897295720263e-05,0.9743692669313907,2811
23282,FOLDING BUTTERFLY MIRROR IVORY ,757.86,0.0,757.86,812,0,135,3.690803181546056e-05,0.9744061749632061,2812
21194,PINK  HONEYCOMB PAPER FAN,757.8000000000001,6.5,751.3000000000001,581,10,95,3.6905109795682596e-05,0.9744430800730018,2813
21298,EDWARDIAN 2 DRAWER WALL CABINET ,755.8,99.7,656.1,52,6,14,3.680770913641713e-05,0.9744798877821382,2814
22124,SET OF 2 TEA TOWELS PING MICROWAVE,754.88,0.0,754.88,299,0,132,3.676290483315502e-05,0.9745166506869714,2815
17165B,ASS COL LARGE SAND GECKO P'WEIGHT,754.83,4.2,750.63,813,4,57,3.6760469816673386e-05,0.9745534111567881,2816
90209C,PINK ENAMEL+GLASS HAIR COMB,754.46,12.600000000000001,741.86,399,6,66,3.674245069470928e-05,0.9745901536074828,2817
23454,THREE MINI HANGING FRAMES,753.95,8.3,745.6500000000001,179,2,52,3.6717613526596586e-05,0.9746268712210094,2818
84821,DANISH ROSE DELUXE COASTER,752.6999999999999,10.2,742.5,1330,12,74,3.665673811455567e-05,0.974663527959124,2819
23223,CHRISTMAS TREE HANGING SILVER ,751.8499999999999,9.959999999999999,741.89,803,12,88,3.661534283436785e-05,0.9747001433019584,2820
23124,18PC WOODEN CUTLERY SET DISPOSABLE,751.38,0.0,751.38,567,0,43,3.659245367944047e-05,0.9747367357556379,2821
72800A,S/4 BLACK DINNER CANDLE SILVER FLOC,750.91,0.0,750.91,677,0,46,3.656956452451308e-05,0.9747733053201624,2822
84653,GREEN ROSE QUILT ,750.48,0.0,750.48,14,0,12,3.654862338277101e-05,0.9748098539435451,2823
21344,MOROCCAN BEATEN METAL DISH,749.82,37.75,712.07,166,5,26,3.6516481165213414e-05,0.9748463704247103,2824
84615,PINK ROUND BUTTERFLY MIRROR ,748.48,241.68,506.79999999999995,240,38,21,3.645122272350555e-05,0.9748828216474339,2825
35647,VINTAGE BEAD PINK SHADE ,748.24,0.0,748.24,563,0,74,3.64395346443937e-05,0.9749192611820783,2826
84842,HELLO SAILOR BATHROOM SET,747.9000000000001,237.60000000000002,510.3,1506,720,35,3.6422976532318575e-05,0.9749556841586106,2827
90161B,ANT COPPER TURQ BOUDICCA BRACELET,744.0600000000001,0.0,744.0600000000001,149,0,76,3.623596726652889e-05,0.9749919201258771,2828
21319,adjustment,743.6099999999999,56.949999999999996,686.66,508,39,65,3.6214052118194156e-05,0.9750281341779953,2829
84689,S/2 BEACH HUT TREASURE CHESTS,742.9,49.55,693.35,312,17,40,3.617947488415492e-05,0.9750643136528794,2830
21377,SMALL CAMPHOR WOOD FIELD  MUSHROOM,742.56,19.200000000000003,723.36,518,24,98,3.616291677207979e-05,0.9751004765696515,2831
23325,RUSTIC STRAWBERRY JAM POT SMALL,740.9399999999999,29.699999999999996,711.2399999999999,462,18,35,3.608402223807477e-05,0.9751365605918896,2832
21503,TOYBOX  WRAP ,740.42,0.42,740.0,1801,1,64,3.605869806666575e-05,0.9751726192899562,2833
21415,CLAM SHELL SMALL ,738.7600000000001,0.0,738.7600000000001,354,0,82,3.5977855519475423e-05,0.9752085971454757,2834
23114,VINTAGE LEAF CHOPPING BOARD  ,737.95,14.850000000000001,723.1,149,3,45,3.593840825247291e-05,0.9752445355537281,2835
22638,SET OF 4 NAPKIN CHARMS CROWNS ,737.78,2.55,735.23,406,1,74,3.5930129196435346e-05,0.9752804656829246,2836
84033,FLAG OF ST GEORGE ,737.03,21.45,715.58,393,13,49,3.5893603949210796e-05,0.9753163592868738,2837
21133,PAINTED BIRD ASSORTED CHRISTMAS,736.57,0.0,736.57,424,0,42,3.587120179757974e-05,0.9753522304886714,2838
47503F,ASS FLORAL PRINT TORCH,736.55,1.65,734.9,2571,1,11,3.587022779098708e-05,0.9753881007164623,2839
84715,SET OF 6 ICE CREAM SKITTLES,734.8900000000001,0.0,734.8900000000001,241,0,47,3.578938524379676e-05,0.9754238901017062,2840
23435,3 RAFFIA RIBBONS VINTAGE CHRISTMAS,734.7900000000001,0.0,734.7900000000001,827,0,99,3.5784515210833484e-05,0.975459674616917,2841
84708B,PINK JEWELLED PHOTO FRAME ,732.7900000000001,0.0,732.7900000000001,142,0,53,3.5687114551568025e-05,0.9754953617314686,2842
90209B,GREEN ENAMEL+GLASS HAIR COMB,732.76,0.0,732.76,381,0,97,3.568565354167904e-05,0.9755310473850103,2843
85131B,BEADED CRYSTAL HEART GREEN ON STICK,731.99,0.0,731.99,949,0,216,3.564815428786184e-05,0.9755666955392982,2844
21443,OLIVE CHALET BIRDFEEDER,731.6800000000001,22.5,709.1800000000001,258,6,26,3.56330571856757e-05,0.9756023285964839,2845
ADJUST2,Adjustment by Peter on Jun 25 2010 ,731.0500000000001,0.0,731.0500000000001,3,0,3,3.560237597800708e-05,0.9756379309724619,2846
21378,SMALL TALL CAMPHOR WOOD TOADSTOOL,730.62,0.0,730.62,561,0,88,3.5581434836265e-05,0.9756735124072982,2847
23562,SET OF 6 RIBBONS PERFECTLY PRETTY  ,730.37,0.0,730.37,253,0,43,3.5569259753856815e-05,0.9757090816670521,2848
20657,TROPICAL LUGGAGE TAG,727.72,0.0,727.72,1878,0,118,3.5440203880330085e-05,0.9757445218709324,2849
23522,WALL ART DOG AND BALL ,727.4399999999999,0.0,727.4399999999999,354,0,32,3.5426567788032915e-05,0.9757799484387204,2850
84971L,LARGE HEART FLOWERS HOOK   ,727.26,31.25,696.01,588,25,58,3.5417801728699024e-05,0.9758153662404491,2851
85230F,JASMINE VOTIVE CANDLE,725.6999999999999,0.0,725.6999999999999,2946,0,62,3.534182921447197e-05,0.9758507080696636,2852
35095A,BLUE VICTORIAN FABRIC OVAL BOX,725.56,0.0,725.56,1809,0,166,3.5335011168323387e-05,0.9758860430808319,2853
85017C,adjustment,723.92,120.96,602.9599999999999,1092,288,119,3.525514262772571e-05,0.9759212982234596,2854
85088,CANDY SPOT HAND BAG,723.85,8.4,715.45,347,4,78,3.525173360465142e-05,0.9759565499570643,2855
21001,ROSE DU SUD WASHBAG ,723.75,0.0,723.75,142,0,90,3.5246863571688145e-05,0.975991796820636,2856
10134,COLOURING PENCILS BROWN TUBE,723.63,12.5,711.13,627,10,52,3.5241019532132215e-05,0.9760270378401681,2857
84595E,LARGE TORTILLA DESIGN RED BOWL,723.5699999999999,3.29,720.28,367,1,43,3.5238097512354254e-05,0.9760622759376805,2858
84976,RECTANGULAR SHAPED MIRROR,722.76,11.06,711.7,674,14,56,3.519865024535174e-05,0.9760974745879258,2859
21221,SET/4 BADGES CUTE CREATURES,722.16,0.0,722.16,545,0,107,3.5169430047572106e-05,0.9761326440179734,2860
21026,SPACE OWL,721.73,0.0,721.73,553,0,124,3.5148488905830035e-05,0.9761677925068792,2861
20701,PINK CAT FLORAL CUSHION COVER ,721.49,0.0,721.49,353,0,50,3.5136800826718175e-05,0.9762029293077059,2862
84684,BEACH HUT PHOTO FRAME,720.6999999999999,51.0,669.6999999999999,609,52,40,3.5098327566308315e-05,0.9762380276352722,2863
82613A,Amazon,718.72,2.5,716.22,533,2,116,3.5001900913635515e-05,0.9762730295361859,2864
23222,CHRISTMAS TREE HANGING GOLD,718.53,19.919999999999998,698.61,799,24,75,3.49926478510053e-05,0.9763080221840369,2865
35951,FOLKART BAUBLE CHRISTMAS DECORATION,717.99,0.0,717.99,1352,0,46,3.496634967300362e-05,0.9763429885337099,2866
21457,2 PICTURE BOOK EGGS EASTER DUCKS,717.25,0.0,717.25,686,0,65,3.4930311429075405e-05,0.976377918845139,2867
35915B,BLUE KNITTED HEN ,717.03,0.0,717.03,565,0,67,3.4919597356556204e-05,0.9764128384424956,2868
20854,BLUE PATCH PURSE PINK HEART,716.3199999999999,24.749999999999996,691.5699999999999,444,15,107,3.488502012251696e-05,0.9764477234626181,2869
85186A,EASTER BUNNY GARLAND OF FLOWERS,716.11,5.04,711.07,1545,12,159,3.4874793053294094e-05,0.9764825982556714,2870
21076,SET/20 COLLAGE PAPER NAPKIN ,715.4,0.85,714.55,844,1,92,3.4840215819254854e-05,0.9765174384714906,2871
79030D,TUMBLER BAROQUE,713.98,0.39,713.59,1015,1,61,3.477106135117638e-05,0.9765522095328418,2872
20850,ZINC HEART LATTICE PLANTER BOWL,713.8000000000001,0.0,713.8000000000001,820,0,23,3.476229529184249e-05,0.9765869718281337,2873
22100,SKULLS SQUARE TISSUE BOX,713.64,0.0,713.64,1009,0,127,3.475450323910125e-05,0.9766217263313728,2874
21379,CAMPHOR WOOD PORTOBELLO MUSHROOM,712.96,0.0,712.96,647,0,125,3.472138701495099e-05,0.9766564477183878,2875
23042,PAPER LANTERN 7 POINT SNOW STAR,711.51,66.5,645.01,103,10,28,3.4650771536983534e-05,0.9766910984899247,2876
16015,MEDIUM CHINESE STYLE SCISSOR,711.38,0.0,711.38,1572,0,65,3.464444049413128e-05,0.9767257429304189,2877
22345,PARTY PIZZA DISH BLUE POLKADOT,711.17,15.299999999999999,695.87,1469,18,128,3.46342134249084e-05,0.9767603771438438,2878
23070,EDWARDIAN HEART PHOTO FRAME,709.5400000000001,0.0,709.5400000000001,160,0,44,3.455483188760706e-05,0.9767949319757314,2879
21442,GREEN BIRDHOUSE DECORATION,708.37,0.0,708.37,977,0,136,3.4497852501936765e-05,0.9768294298282334,2880
21365,MIRRORED WALL ART STARS,707.9200000000001,0.0,707.9200000000001,469,0,77,3.4475937353602036e-05,0.976863905765587,2881
21740,COSY SLIPPER SHOES LARGE RED,706.86,0.0,706.86,204,0,66,3.442431500419134e-05,0.9768983300805912,2882
21308,LOUVRE VANITY MIRROR,705.9,15.9,690.0,132,2,6,3.437756268774392e-05,0.976932707643279,2883
21386,IVORY HANGING DECORATION  EGG,705.74,0.0,705.74,1196,0,105,3.4369770635002686e-05,0.976967077413914,2884
21265,PINK GOOSE FEATHER TREE 60CM,705.59,55.0,650.59,321,20,34,3.436246558555777e-05,0.9770014398794995,2885
22981,PANTRY APPLE CORER,705.5799999999999,8.7,696.88,472,6,105,3.4361978582261446e-05,0.9770358018580818,2886
22036,DINOSAUR BIRTHDAY CARD,705.19,27.3,677.89,1673,65,135,3.4342985453704686e-05,0.9770701448435355,2887
84952C,MIRROR LOVE BIRD T-LIGHT HOLDER,705.01,0.0,705.01,374,0,42,3.433421939437079e-05,0.9771044790629299,2888
22641,SET OF 4 NAPKIN CHARMS INSTRUMENT,704.9,0.0,704.9,300,0,69,3.432886235811119e-05,0.977138807925288,2889
84869,damages,703.54,0.0,703.54,302,0,26,3.426262990981068e-05,0.9771730705551978,2890
20763,DAISY SKETCHBOOK ,702.86,15.0,687.86,267,4,74,3.422951368566042e-05,0.9772073000688835,2891
84569A,PACK 3 IRON ON DOG PATCHES,702.42,1.25,701.17,562,1,112,3.420808554062202e-05,0.9772415081544241,2892
84931B,BLUE SCOTTIE DOG W FLOWER PATTERN,701.48,7.6499999999999995,693.8299999999999,279,3,83,3.416230723076726e-05,0.9772756704616549,2893
21674,RIDGED GLASS PENDANT LAMPSHADE,697.8,0.0,697.8,44,0,9,3.398309001771881e-05,0.9773096535516725,2894
84584,PINK GINGHAM CAT WITH SCARF,696.75,0.0,696.75,282,0,75,3.393195467160444e-05,0.9773435855063441,2895
72131,COLUMBIAN CANDLE RECTANGLE,696.18,31.2,664.98,750,16,56,3.390419548371378e-05,0.9773774897018278,2896
85231E,STRAWBERRY SCENTED SET/9 T-LIGHTS,696.0799999999999,10.2,685.88,836,12,106,3.389932545075051e-05,0.9774113890272785,2897
23120,PACK OF 6 SMALL FRUIT STRAWS,695.41,30.24,665.17,1716,72,100,3.386669622989658e-05,0.9774452557235084,2898
23187,check,695.06,16.49,678.5699999999999,2338,37,74,3.3849651114525124e-05,0.9774791053746229,2899
20898,check,693.9200000000001,17.700000000000003,676.22,327,6,53,3.379413273874382e-05,0.9775128995073616,2900
72755D,FLOWER FAIRY OIL BURNER SET SUMMER,693.25,0.0,693.25,533,0,13,3.376150351788989e-05,0.9775466610108795,2901
20862,PINK PATCH PENCIL CASE BLUE HEART,691.1400000000001,2.1,689.0400000000001,325,1,37,3.3658745822364834e-05,0.9775803197567019,2902
35964,FOLKART CLIP ON STARS,690.93,0.0,690.93,1190,0,132,3.364851875314195e-05,0.977613968275455,2903
72753A,S/3 FLWR FAIRY LILLY CANDLES,690.24,0.0,690.24,315,0,14,3.3614915525695376e-05,0.9776475831909807,2904
17165D,ASS COL LARGE SAND FROG P'WEIGHT,689.6700000000001,6.300000000000001,683.37,723,6,89,3.358715633780472e-05,0.9776811703473185,2905
22034,ROBIN CHRISTMAS CARD,688.61,10.08,678.53,1653,24,94,3.3535533988394026e-05,0.9777147058813069,2906
90161D,ANT COPPER PINK BOUDICCA BRACELET,687.52,0.0,687.52,138,0,75,3.3482450629094345e-05,0.977748188331936,2907
22033,BOTANICAL ROSE GREETING CARD,686.97,0.0,686.97,1615,0,128,3.3455665447796344e-05,0.9777816439973838,2908
84917,WHITE HAND TOWEL WITH BUTTERFLY,686.03,0.0,686.03,229,0,53,3.3409887137941577e-05,0.9778150538845217,2909
84986B,SET OF 36 SILVER PAPER DOILIES,685.4599999999999,0.0,685.4599999999999,464,0,75,3.338212795005092e-05,0.9778484360124717,2910
84563A,damaged,685.15,0.0,685.15,139,0,62,3.336703084786478e-05,0.9778818030433196,2911
23597,PAPER BUNTING PAISLEY PARK,684.97,17.700000000000003,667.27,251,6,31,3.3358264788530886e-05,0.9779151613081082,2912
85084,HOLLY TOP CHRISTMAS STOCKING,683.0999999999999,0.0,683.0999999999999,684,0,84,3.3267195172117676e-05,0.9779484285032803,2913
37492D,PURPLE GREEN FLOWER PIGGY BANK,682.9899999999999,13.2,669.79,361,8,26,3.326183813585808e-05,0.9779816903414162,2914
85023B,EAU DE NILE JEWELLED PHOTOFRAME,682.35,156.3,526.05,293,74,38,3.323066992489313e-05,0.9780149210113411,2915
85096,HILDA CANDY SPOT RABBIT,680.67,3.75,676.92,165,1,66,3.314885337111015e-05,0.9780480698647123,2916
17012F,ORIGAMI SANDLEWOOD INCENSE/CAND SET,680.65,0.0,680.65,586,0,107,3.3147879364517496e-05,0.9780812177440767,2917
47594A,CAROUSEL DESIGN WASHBAG,678.3,44.85,633.4499999999999,344,23,105,3.303343358988058e-05,0.9781142511776666,2918
62094B,TURQ ICE CREAM BUM BAG ,677.99,0.0,677.99,305,0,67,3.301833648769443e-05,0.9781472695141543,2919
84925D,LA PALMIERA WALL THERMOMETER,677.45,93.0,584.4499999999999,452,372,26,3.2992038309692765e-05,0.978180261552464,2920
90082D,DIAMANTE BOW BROOCH BLACK COLOUR,677.05,12.7,664.3499999999999,105,2,51,3.2972558177839665e-05,0.9782132341106418,2921
90160C,TURQ+RED BOUDICCA LARGE BRACELET,677.0,0.0,677.0,97,0,45,3.297012316135803e-05,0.9782462042338032,2922
84824,DANISH ROSE UMBRELLA STAND,676.4499999999999,15.95,660.5,38,1,32,3.294333798006003e-05,0.9782791475717832,2923
23428,IVORY RETRO KITCHEN WALL CLOCK,675.91,16.3,659.61,77,2,33,3.2917039802058354e-05,0.9783120646115853,2924
21847,GREEN  DIAMANTE PEN IN GIFT BOX,675.37,0.0,675.37,347,0,71,3.289074162405668e-05,0.9783449553532093,2925
37444C,PINK BREAKFAST CUP AND SAUCER ,674.5,99.84,574.66,1656,768,54,3.2848372337276206e-05,0.9783778037255466,2926
20856,??,674.0899999999999,18.15,655.9399999999999,408,11,122,3.282840520212678e-05,0.9784106321307487,2927
90184C,BLACK CHUNKY BEAD BRACELET W STRAP,669.79,0.0,669.79,74,0,49,3.261899378470605e-05,0.9784432511245335,2928
72023F,RED ORGANIC CANDLE IN GLASS,669.62,0.0,669.62,640,0,49,3.261071472866848e-05,0.9784758618392622,2929
75013B,"STRING OF 8 BUTTERFLIES,PINK",669.6199999999999,2.7,666.92,390,1,76,3.261071472866848e-05,0.9785084725539909,2930
85205B,PINK FELT EASTER RABBIT GARLAND,669.38,0.0,669.38,241,0,61,3.259902664955663e-05,0.9785410715806404,2931
23024,LARGE BONNE JAM JAR  T-LIGHT HOLDER,667.8500000000001,4.98,662.8700000000001,255,2,11,3.252451514521856e-05,0.9785735960957856,2932
21879,HEARTS GIFT TAPE,666.7900000000001,0.0,666.7900000000001,1570,0,152,3.247289279580786e-05,0.9786060689885815,2933
85203,HANGING WOOD AND FELT BUTTERFLY ,666.75,0.0,666.75,1465,0,224,3.247094478262255e-05,0.9786385399333641,2934
21247,SET OF RED SALAD SERVERS ,666.2199999999999,0.0,666.2199999999999,423,0,81,3.24451336079172e-05,0.978670985066972,2935
21263,GREEN GOOSE FEATHER TREE 60CM,666.09,3.9,662.19,303,2,56,3.243880256506495e-05,0.9787034238695371,2936
21750,LARGE SKULL WINDMILL,665.95,2.1,663.85,310,1,62,3.243198451891637e-05,0.9787358558540561,2937
21884,CAKES AND BOWS GIFT  TAPE,664.26,0.0,664.26,1449,0,161,3.2349680961837054e-05,0.978768205535018,2938
22056,CERAMIC PLATE LOVE HEART DESIGN,662.8299999999999,1.49,661.34,611,1,34,3.228003949046225e-05,0.9788004855745085,2939
85168B,BLACK BAROQUE CARRIAGE CLOCK,662.12,0.0,662.12,73,0,52,3.2245462256423013e-05,0.9788327310367649,2940
17012D,ORIGAMI ROSE INCENSE/CANDLE SET ,662.12,0.0,662.12,522,0,116,3.2245462256423013e-05,0.9788649764990214,2941
46776E,WOVEN CANDY CUSHION COVER ,662.1,0.0,662.1,205,0,77,3.224448824983036e-05,0.9788972209872712,2942
21197,MULTICOLOUR  CONFETTI IN TUBE,661.81,34.65,627.16,453,21,45,3.2230365154236866e-05,0.9789294513524254,2943
85188B,PINK METAL SWINGING BUNNY,661.7299999999999,20.4,641.3299999999999,749,24,74,3.2226469127866246e-05,0.9789616778215532,2944
23547,WRAP FLOWER SHOP  ,661.5,0.0,661.5,1575,0,62,3.221526805205072e-05,0.9789938930896053,2945
17109C,FLOWER FAIRY INCENSE ROSE,661.23,1.69,659.54,3124,1,15,3.220211896304988e-05,0.9790260952085683,2946
23482,PEARLISED IVORY HEART LARGE ,661.02,0.0,661.02,418,0,39,3.2191891893827006e-05,0.9790582871004622,2947
37474,SET/4 2 TONE EGG SHAPE MIXING BOWLS,661.0,0.0,661.0,64,0,44,3.2190917887234354e-05,0.9790904780183494,2948
21764,display stands,659.1500000000001,39.95,619.2,17,1,11,3.210082227741381e-05,0.9791225788406268,2949
71403,"PINK/WHITE ""KEEP CLEAN"" BULLET BIN",659.0000000000001,5.9,653.1,177,2,69,3.20935172279689e-05,0.9791546723578548,2950
16169K,WRAP FOLK ART,658.75,0.0,658.75,2075,0,60,3.208134214556071e-05,0.9791867537000004,2951
22054,MINI CAKE STAND HANGING HEARTS,658.31,23.099999999999998,635.2099999999999,363,14,74,3.205991400052231e-05,0.979218813614001,2952
85186C,BUNNY EGG GARLAND,658.19,18.48,639.71,1400,44,152,3.2054069960966384e-05,0.979250867683962,2953
46776D,WOVEN SUNSET CUSHION COVER ,658.07,11.93,646.14,153,1,76,3.204822592141046e-05,0.9792829159098834,2954
85028S,FRENCH CHATEAU SMALL FRUITBOWL,656.82,54.9,601.92,430,38,33,3.1987350509369546e-05,0.9793149032603927,2955
21441,BLUE BIRDHOUSE DECORATION,655.4599999999999,0.0,655.4599999999999,928,0,133,3.192111806106903e-05,0.9793468243784538,2956
21307,SET/4 BUTTERFLY MIRROR MAGNETS,654.2700000000001,2.1,652.1700000000001,751,1,72,3.186316466880609e-05,0.9793786875431226,2957
85028L,FRENCH CHATEAU LARGE FRUIT BOWL ,654.01,45.9,608.11,271,26,27,3.1850502583101575e-05,0.9794105380457058,2958
21350,GINGHAM HEART WREATH,653.6500000000001,5.9,647.7500000000001,227,2,42,3.18329704644338e-05,0.9794423710161702,2959
85215,Damaged,651.69,0.0,651.69,843,0,66,3.1737517818353644e-05,0.9794741085339885,2960
85019C,Damaged,651.19,81.0,570.19,423,36,25,3.171316765353728e-05,0.979505821701642,2961
17164B,ASS COL SMALL SAND GECKO P'WEIGHT,650.76,0.84,649.92,1630,2,81,3.16922265117952e-05,0.9795375139281538,2962
20618,QUEEN OF THE SKIES PASSPORT COVER ,650.64,0.0,650.64,298,0,137,3.168638247223927e-05,0.979569200310626,2963
20714,POSY SHOPPER BAG,649.8199999999999,0.0,649.8199999999999,1580,0,28,3.1646448201940434e-05,0.979600846758828,2964
21134,VICTORIAN METAL POSTCARD CHRISTMAS,649.74,0.0,649.74,379,0,46,3.164255217556982e-05,0.9796324893110036,2965
23224,CHERUB HEART DECORATION GOLD,649.02,11.62,637.4,738,14,71,3.1607487938234255e-05,0.9796640967989417,2966
84993A,75 GREEN PETIT FOUR CASES,648.61,0.0,648.61,1471,0,177,3.1587520803084836e-05,0.9796956843197449,2967
21003,ROSE DU SUD CUSHION COVER,647.75,0.0,647.75,109,0,64,3.154563851960069e-05,0.9797272299582644,2968
84916,HAND TOWEL PALE BLUE W FLOWERS,646.4300000000001,0.0,646.4300000000001,261,0,58,3.1481354084485486e-05,0.9797587113123489,2969
22391,PAPERWEIGHT HOME SWEET HOME,645.39,0.0,645.39,327,0,66,3.143070574166744e-05,0.9797901420180906,2970
84865,damaged,645.32,0.0,645.32,79,0,48,3.142729671859315e-05,0.9798215693148091,2971
17181,CIRCLE OF FRIENDS CANDLE HOLDER,645.2099999999999,0.0,645.2099999999999,354,0,65,3.142193968233355e-05,0.9798529912544914,2972
47597,NEW ENGLAND TEATOWELS,644.88,0.0,644.88,322,0,124,3.140586857355475e-05,0.979884397123065,2973
23408,PHOTO FRAME LINEN AND LACE SMALL,644.8000000000001,29.12,615.6800000000001,310,14,59,3.1401972547184136e-05,0.9799157990956121,2974
84766,SILVER ROCOCO CANDLE STICK,643.95,43.199999999999996,600.75,201,16,27,3.1360577266996314e-05,0.9799471596728792,2975
22042,CHRISTMAS CARD SINGING ANGEL,642.3100000000001,10.08,632.23,1774,24,128,3.128070872639864e-05,0.9799784403816055,2976
85185D,FROG SOCK PUPPET,642.01,0.0,642.01,197,0,66,3.126609862750882e-05,0.980009706480233,2977
84520D,PACK OF 20 FAIRY CAKE PAPER NAPKINS,641.17,10.2,630.9699999999999,701,12,94,3.122519035061732e-05,0.9800409316705836,2978
16169M,WRAP DAISY CARPET ,640.95,0.0,640.95,2060,0,59,3.121447627809813e-05,0.9800721461468617,2979
17084N,FAIRY DREAMS INCENSE ,640.26,0.0,640.26,2768,0,187,3.118087305065154e-05,0.9801033270199123,2980
21816,CHRISTMAS TREE T-LIGHT HOLDER,640.24,1.45,638.79,424,1,50,3.1179899044058886e-05,0.9801345069189564,2981
35004P,SET OF 3 PINK FLYING DUCKS,638.97,0.0,638.97,120,0,43,3.111804962542532e-05,0.9801656249685818,2982
21665,TRIANGULAR RIDGED GLASS POSY HOLDER,638.8000000000001,0.0,638.8000000000001,879,0,75,3.110977056938776e-05,0.9801967347391513,2983
84601A,NEW BAROQUE IVORY CUSHION COVER ,638.34,187.5,450.84000000000003,260,150,15,3.10873684177567e-05,0.980227822107569,2984
47592A,CAROUSEL CHILDRENS OVERALL,637.37,0.0,637.37,331,0,101,3.1040129098012954e-05,0.980258862236667,2985
84872a,TEATIME FUNKY FLOWER BACKPACK FOR 2,636.47,0.0,636.47,58,0,45,3.09962988013435e-05,0.9802898585354684,2986
23492,VINTAGE JINGLE BELLS WREATH,635.38,0.0,635.38,76,0,28,3.094321544204382e-05,0.9803208017509104,2987
84507C,adjustment,634.64,20.4,614.24,433,10,70,3.09071771981156e-05,0.9803517089281085,2988
23456,MEDIUM PARLOUR PICTURE FRAME ,634.1,8.3,625.8000000000001,158,2,36,3.088087902011393e-05,0.9803825898071287,2989
22263,FELT EGG COSY LADYBIRD ,632.48,32.34,600.14,842,49,105,3.0801984486108905e-05,0.9804133917916148,2990
23453,OVAL  MINI PORTRAIT FRAME,631.5799999999999,0.0,631.5799999999999,324,0,47,3.075815418943944e-05,0.9804441499458042,2991
20819,SILVER TEDDY BEAR,631.49,0.0,631.49,228,0,65,3.07537711597725e-05,0.980474903716964,2992
23216,LAUREL HEART ANTIQUE GOLD,630.73,0.0,630.73,525,0,44,3.0716758909251626e-05,0.9805056204758732,2993
84964A,PINK PAINTED KASHMIRI TABLE,630.0,0.0,630.0,11,0,2,3.0681207668619734e-05,0.9805363016835418,2994
23019,SMALL APOTHECARY MEASURING JAR ,629.0500000000001,0.0,629.0500000000001,81,0,28,3.063494235546864e-05,0.9805669366258972,2995
85230E,Damaged,628.41,0.0,628.41,2445,0,66,3.0603774144503694e-05,0.9805975404000418,2996
23027,DRAWER KNOB VINTAGE GLASS HEXAGON,627.95,0.0,627.95,295,0,30,3.058137199287264e-05,0.9806281217720346,2997
71101E,STANDING FAIRY POLE SUPPORT ,627.83,2.55,625.28,779,3,47,3.057552795331671e-05,0.9806586972999879,2998
23471,SIX DRAWER OFFICE TIDY,626.74,0.0,626.74,66,0,27,3.0522444594017035e-05,0.9806892197445819,2999
16169N,WRAP BLUE RUSSIAN FOLKART,626.25,0.0,626.25,2025,0,56,3.0498581432496996e-05,0.9807197183260143,3000
20694,FLORAL PINK MONSTER,626.08,15.0,611.08,167,4,54,3.0490302376459433e-05,0.9807502086283908,3001
90184B,AMETHYST CHUNKY BEAD BRACELET W STR,625.48,26.849999999999998,598.63,69,3,47,3.0461082178679797e-05,0.9807806697105694,3002
85218,No Stock,625.1999999999999,4.35,620.85,1992,3,2,3.0447446086382627e-05,0.9808111171566558,3003
21004,ROSE DU SUD CHILDRENS APRON,625.07,0.0,625.07,137,0,70,3.044111504353038e-05,0.9808415582716994,3004
22043,dotcom,624.29,5.04,619.25,2209,12,125,3.0403128786416844e-05,0.9808719614004858,3005
82616A,BUBBLE GUM SCARF KNITTING KIT,624.21,0.0,624.21,316,0,52,3.039923276004623e-05,0.9809023606332459,3006
84596J,MIXED NUTS LIGHT GREEN BOWL,622.99,7.5,615.49,811,6,138,3.0339818357894297e-05,0.9809327004516037,3007
85092,CANDY SPOT TEA COSY,622.57,30.0,592.57,391,24,24,3.0319364219448555e-05,0.9809630198158232,3008
23425,STORAGE TIN HOME SWEET HOME,621.44,17.43,604.01,275,7,56,3.026433284696357e-05,0.9809932841486702,3009
23180,MUM'S KITCHEN CLOCK,621.09,4.95,616.14,122,1,49,3.0247287731592113e-05,0.9810235314364018,3010
20689,RETRO SISTERS EXPRESSO CUPS,620.0500000000001,23.4,596.65,430,12,41,3.0196639388774077e-05,0.9810537280757905,3011
16156N,"WRAP, FRIENDSHIP ON GREEN",619.5,0.0,619.5,1475,0,56,3.016985420747607e-05,0.981083897929998,3012
84707B,PINK JEWELLED MIRROR TRINKET TRAY,618.52,39.8,578.72,79,4,51,3.0122127884435996e-05,0.9811140200578824,3013
16012,FOOD/DRINK SPONGE STICKERS,618.09,0.0,618.09,2949,0,83,3.0101186742693925e-05,0.9811441212446251,3014
20696,FLORAL SOFT CAR TOY,617.9399999999999,0.0,617.9399999999999,151,0,60,3.009388169324901e-05,0.9811742151263184,3015
84051,ASS COLOUR GLOWING TIARAS,617.3299999999999,0.0,617.3299999999999,757,0,60,3.0064174492173042e-05,0.9812042793008106,3016
82095,HEART BUTTONS JEWELLERY BOX,616.21,0.0,616.21,102,0,48,3.0009630122984393e-05,0.9812342889309336,3017
72772,SET/4 SCENTED CANDLES IN RAMEKINS,615.84,0.0,615.84,457,0,9,2.999161100102028e-05,0.9812642805419346,3018
84952B,BLACK LOVE BIRD T-LIGHT HOLDER,615.49,11.25,604.24,364,3,44,2.9974565885648824e-05,0.9812942551078202,3019
84932C,SMALL ORIENTAL BLUE FOLDING STOOL,615.4,8.5,606.9,282,1,34,2.9970182855981878e-05,0.9813242252906762,3020
90143,SILVER BRACELET W PASTEL FLOWER,614.13,60.0,554.13,81,8,41,2.990833343734831e-05,0.9813541336241135,3021
22346,PARTY PIZZA DISH GREEN POLKADOT,614.03,0.0,614.03,1304,0,103,2.9903463404385036e-05,0.9813840370875179,3022
90198A,VINTAGE ROSE BEAD BRACELET RASPBERR,613.6800000000001,0.0,613.6800000000001,145,0,84,2.9886418289013586e-05,0.9814139235058069,3023
84859A,SILVER DISCO HANDBAG,613.53,0.0,613.53,293,0,58,2.9879113239568672e-05,0.9814438026190465,3024
47583A,SET OF 3 WICKER BASKET ROSE,612.8199999999999,49.9,562.9200000000001,71,2,6,2.9844536005529435e-05,0.981473647155052,3025
84247G,"DECOUPAGE,GREETING CARD,",612.75,0.0,612.75,1438,0,107,2.9841126982455144e-05,0.9815034882820345,3026
85114c,RED ENCHANTED FOREST PLACEMAT,612.64,0.0,612.64,185,0,42,2.9835769946195543e-05,0.9815333240519807,3027
37351,ORANGE FLOWER MUG ,612.5099999999999,0.0,612.5099999999999,5404,0,11,2.9829438903343284e-05,0.9815631534908841,3028
23018,LARGE APOTHECARY MEASURING JAR ,612.1600000000001,0.0,612.1600000000001,51,0,21,2.9812393787971837e-05,0.981592965884672,3029
79315W,FLYING SAUCER TABLE LIGHT IN WHITE,611.5100000000001,0.0,611.5100000000001,199,0,13,2.9780738573710565e-05,0.9816227466232458,3030
35972,check,611.38,0.0,611.38,440,0,87,2.9774407530858306e-05,0.9816525210307766,3031
21173,LOO ROLL  METAL SIGN ,611.26,19.799999999999997,591.4599999999999,342,12,77,2.9768563491302376e-05,0.981682289594268,3032
84858C,PINK RIVIERA HANDBAG,611.0699999999999,0.0,611.0699999999999,347,0,30,2.9759310428672155e-05,0.9817120489046967,3033
22538,MINI JIGSAW GO TO THE FAIR,610.85,0.0,610.85,1444,0,86,2.974859635615296e-05,0.9817417975010528,3034
gift_0001_30,Dotcomgiftshop Gift Voucher £30.00,610.09,0.0,610.09,24,0,24,2.9711584105632084e-05,0.9817715090851584,3035
20655,QUEEN OF SKIES LUGGAGE TAG,609.73,0.0,609.73,415,0,189,2.96940519869643e-05,0.9818012031371454,3036
21440,12 MINI TOADSTOOL PEGS,608.81,2.5,606.31,481,2,95,2.964924768370219e-05,0.981830852384829,3037
21416,CLAM SHELL LARGE,606.8100000000001,0.0,606.8100000000001,752,0,22,2.9551847024436734e-05,0.9818604042318535,3038
20863,BLUE PATCH PENCIL CASE PINK HEART,605.73,2.1,603.63,295,1,50,2.9499250668433384e-05,0.9818899034825219,3039
20695,FLORAL BLUE MONSTER,604.58,17.0,587.58,142,4,61,2.9443245289355744e-05,0.9819193467278112,3040
23520,EMBROIDERED RIBBON REEL RUBY ,604.3,0.0,604.3,168,0,32,2.9429609197058578e-05,0.9819487763370083,3041
84876D,damaged,604.27,47.5,556.77,332,14,35,2.9428148187169597e-05,0.9819782044851955,3042
85169D,PINK LOVE BIRD CANDLE,603.98,1.25,602.73,521,1,88,2.9414025091576105e-05,0.9820076185102871,3043
79190B,RETRO PLASTIC POLKA TRAY,603.08,6.72,596.36,1485,16,136,2.937019479490665e-05,0.9820369887050819,3044
84932A,SMALL GREEN PEONY FOLDING STOOL,602.6,0.0,602.6,262,0,24,2.934681863668294e-05,0.9820663355237186,3045
84563B,damaged,601.84,0.0,601.84,132,0,59,2.9309806386162065e-05,0.9820956453301047,3046
85117,NIGHTINGALE COATHOOK WHITE,600.92,0.0,600.92,351,0,61,2.9265002082899952e-05,0.9821249103321876,3047
18094C,WHITE AND BLUE CERAMIC OIL BURNER,600.66,1.25,599.41,433,1,98,2.925233999719544e-05,0.9821541626721848,3048
17109D,Adjustment,600.0,1.69,598.3100000000001,1258,1,38,2.9220197779637843e-05,0.9821833828699644,3049
85146,JARDIN ETCHED GLASS SMALL BELL JAR,599.38,0.0,599.38,118,0,29,2.9190003575265548e-05,0.9822125728735397,3050
82605,OLD DOC RUSSEL METAL SIGN,599.27,0.0,599.27,270,0,125,2.9184646539005947e-05,0.9822417575200787,3051
47469,ASSORTED SHAPES PHOTO CLIP SILVER ,597.53,15.600000000000001,581.93,1225,24,29,2.9099907965444997e-05,0.9822708574280441,3052
22092,BLUE PAISLEY TISSUE BOX,597.44,0.0,597.44,938,0,140,2.9095524935778055e-05,0.9822999529529799,3053
84682,CLASSICAL ROSE DISH,596.94,17.700000000000003,579.24,295,6,49,2.907117477096169e-05,0.9823290241277508,3054
82011C,BATHROOM SCALES FOOTPRINTS IN SAND,595.1800000000001,0.0,595.1800000000001,131,0,71,2.8985462190808088e-05,0.9823580095899416,3055
20781,GOLD EAR MUFF HEADPHONES,594.8100000000001,32.94,561.87,107,6,61,2.8967443068843976e-05,0.9823869770330104,3056
72122,COFFEE SCENT PILLAR CANDLE,594.28,0.0,594.28,587,0,120,2.8941631894138627e-05,0.9824159186649045,3057
23377,PACK OF 12 DOLLY GIRL TISSUES,593.62,3.12,590.5,1354,8,133,2.8909489676581026e-05,0.9824448281545811,3058
16236,KITTY PENCIL ERASERS,593.29,5.88,587.41,2652,28,260,2.8893418567802224e-05,0.9824737215731489,3059
21553,CERAMIC BIRDHOUSE FINCH BLUE  LARGE,593.17,5.95,587.22,92,1,39,2.8887574528246294e-05,0.9825026091476772,3060
20849,ZINC HEART LATTICE DOUBLE PLANTER,593.03,0.0,593.03,674,0,24,2.8880756482097712e-05,0.9825314899041593,3061
62096A,PINK/YELLOW FLOWERS HANDBAG,592.79,0.0,592.79,383,0,89,2.886906840298586e-05,0.9825603589725622,3062
20804,GLASS CHICKEN BUTTER DISH,592.51,69.6,522.91,333,48,61,2.8855432310688696e-05,0.9825892144048729,3063
21223,SET/4 BADGES WOODLAND ANIMAL,592.08,0.0,592.08,496,0,43,2.8834491168946625e-05,0.9826180488960419,3064
85113,POLKA DOT PISTACHIO PAIL,591.6600000000001,0.0,591.6600000000001,285,0,48,2.881403703050088e-05,0.9826468629330724,3065
90199C,5 STRAND GLASS NECKLACE CRYSTAL,591.64,12.7,578.9399999999999,100,2,31,2.881306302390822e-05,0.9826756759960963,3066
21304,ARCHED GREY MIRROR,591.58,0.0,591.58,86,0,18,2.8810141004130257e-05,0.9827044861371004,3067
84963B,BLUE PAINTED KASHMIRI CHAIR,591.5,0.0,591.5,18,0,6,2.8806244977759637e-05,0.9827332923820782,3068
20794,BLUE  TILE HOOK,591.02,45.9,545.12,212,18,48,2.8782868819535928e-05,0.9827620752508978,3069
21322,GLASS SPHERE CANDLE STAND LARGE ,590.45,0.0,590.45,301,0,14,2.8755109631645276e-05,0.9827908303605294,3070
21256,"FRENCH BOTTLE, BRASSERIE DES ARTIST",588.64,0.0,588.64,326,0,65,2.866696203501003e-05,0.9828194973225644,3071
21893,POTTING SHED SEED TIN,587.8,0.0,587.8,172,0,20,2.8626053758118535e-05,0.9828481233763224,3072
21167,WHITE SAGE INCENSE,587.52,10.5,577.02,2440,50,114,2.8612417665821372e-05,0.9828767357939883,3073
23499,SET 12 VINTAGE DOILY CHALK ,587.49,0.0,587.49,1315,0,110,2.861095665593239e-05,0.9829053467506442,3074
84934,ASSTD DESIGN POP ART SLIM PEN,586.5,0.85,585.65,687,1,13,2.856274332959599e-05,0.9829339094939739,3075
23565,EGG CUP MILKMAID HELGA ,586.31,6.25,580.06,410,5,63,2.8553490266965767e-05,0.9829624629842408,3076
90195A,PURPLE GEMSTONE BRACELET,585.1999999999999,44.75,540.4499999999999,70,5,44,2.8499432901073437e-05,0.9829909624171419,3077
84569C,PACK 4 FLOWER/BUTTERFLY PATCHES,584.93,16.25,568.68,415,13,89,2.8486283812072603e-05,0.9830194487009539,3078
21016,LIGHT BIRD HOUSE TREE DECORATION,584.55,1.68,582.87,836,4,82,2.8467777686812165e-05,0.9830479164786408,3079
23537,WALL ART I LOVE LONDON ,581.13,0.0,581.13,111,0,34,2.830122255946823e-05,0.9830762177012002,3080
20935,ROUND CACTUS CANDLE,580.38,17.700000000000003,562.6800000000001,302,6,46,2.8264697312243682e-05,0.9831044823985124,3081
90010B,BLACK/WHITE GLASS/SILVER BRACELET,578.02,8.95,569.0699999999999,63,1,34,2.814976453431044e-05,0.9831326321630468,3082
15056p,EDWARDIAN PARASOL PINK,577.84,0.0,577.84,46,0,38,2.8140998474976553e-05,0.9831607731615217,3083
21419,CONCH SHELL,577.6899999999999,0.0,577.6899999999999,1259,0,19,2.813369342553164e-05,0.9831889068549473,3084
47421,ASSORTED COLOUR LIZARD SUCTION HOOK,576.9,6.72,570.18,1473,16,74,2.8095220165121785e-05,0.9832170020751124,3085
35922,EASTER BUNNY WREATH,575.99,19.8,556.19,97,4,36,2.8050902865156e-05,0.9832450529779776,3086
23016,GLASS TWIST BON BON JAR,575.25,19.950000000000003,555.3,74,3,24,2.801486462122778e-05,0.9832730678425988,3087
23125,6PC WOOD PLATE SET DISPOSABLE,574.88,0.0,574.88,459,0,38,2.799684549926367e-05,0.9833010646880981,3088
84932D,damages,574.71,0.0,574.71,239,0,21,2.798856644322611e-05,0.9833290532545413,3089
85202,HANGING WOOD AND FELT HEART,573.45,10.08,563.37,1216,24,208,2.7927204027888868e-05,0.9833569804585692,3090
17013D,ORIGAMI ROSE INCENSE IN TUBE,572.4,1.57,570.8299999999999,1068,1,31,2.78760686817745e-05,0.983384856527251,3091
84846A,SCENTED CANDLE IN DIGITALIS TIN,571.75,0.0,571.75,253,0,54,2.7844413467513224e-05,0.9834127009407185,3092
84675,FROG KING WATERING CAN,571.71,23.6,548.11,206,8,62,2.7842465454327918e-05,0.9834405434061728,3093
84924A,WAKE UP COCKEREL CALENDAR SIGN ,571.0,0.0,571.0,133,0,62,2.7807888220288678e-05,0.9834683512943931,3094
16162L,THE KING GIFT BAG,570.4300000000001,187.20000000000002,383.23,8101,3744,30,2.7780129032398026e-05,0.9834961314234255,3095
85129A,"WHITE PEARL BEADED HEART, SMALL",570.41,15.0,555.41,445,12,75,2.7779155025805367e-05,0.9835239105784513,3096
23455,SMALL PARLOUR PICTURE FRAME,569.4300000000001,0.0,569.4300000000001,207,0,35,2.7731428702765296e-05,0.9835516420071541,3097
85086A,CANDY SPOT HEART DECORATION,568.73,0.0,568.73,587,0,152,2.7697338472022382e-05,0.9835793393456261,3098
23069,EDWARDIAN PHOTO FRAME,568.71,0.0,568.71,90,0,32,2.769636446542973e-05,0.9836070357100916,3099
23219,LAUREL STAR ANTIQUE SILVER ,568.6,0.0,568.6,430,0,61,2.769100742917013e-05,0.9836347267175207,3100
84806B,WHITE CANDYSTUFT ARTIFICIAL FLOWER,568.02,0.0,568.02,450,0,32,2.7662761237983145e-05,0.9836623894787587,3101
85230B,CINNAMON SCENTED VOTIVE CANDLE,568.0,0.0,568.0,2144,0,68,2.766178723139049e-05,0.9836900512659901,3102
23381,PACK OF 12 VINTAGE LEAF TISSUES ,567.9499999999999,0.0,567.9499999999999,1509,0,80,2.765935221490885e-05,0.983717710618205,3103
85119,WATERING CAN SINGLE HOOK PISTACHIO,567.48,27.04,540.44,413,16,39,2.763646305998147e-05,0.983745347081265,3104
16169C,damages,567.0,0.0,567.0,1350,0,43,2.761308690175776e-05,0.9837729601681668,3105
85169C,EAU DE NIL LOVE BIRD CANDLE,566.82,15.0,551.82,505,12,71,2.7604320842423872e-05,0.9838005644890093,3106
20838,FRENCH LATTICE CUSHION COVER ,565.8,10.2,555.6,446,12,63,2.755464650619848e-05,0.9838281191355155,3107
37444A,YELLOW BREAKFAST CUP AND SAUCER,564.21,172.98999999999998,391.22,2711,1309,43,2.7477212982082445e-05,0.9838555963484976,3108
23272,TREE T-LIGHT HOLDER WILLIE WINKIE,562.2199999999999,0.0,562.2199999999999,364,0,44,2.738029932611331e-05,0.9838829766478238,3109
84569B,PACK 3 FIRE ENGINE/CAR PATCHES,562.18,1.25,560.93,437,1,76,2.7378351312928e-05,0.9839103549991367,3110
37345,ASSTD HEARTS DESIGN MUGS,561.05,0.0,561.05,321,0,9,2.7323319940443017e-05,0.9839376783190772,3111
84773,RED ROSE AND LACE C/COVER,560.5,5.9,554.6,190,2,48,2.7296534759145017e-05,0.9839649748538364,3112
16049,TEATIME GEL PENS ASST,560.48,0.0,560.48,3169,0,32,2.7295560752552362e-05,0.9839922704145889,3113
16238,PARTY TIME PENCIL ERASERS,559.96,0.0,559.96,2449,0,236,2.7270236581143346e-05,0.98401954065117,3114
85090,CANDY SPOT APRON,559.2800000000001,37.2,522.08,106,8,53,2.723712035699309e-05,0.984046777771527,3115
21160,KEEP OUT GIRLS DOOR HANGER ,558.9399999999999,30.259999999999998,528.68,795,74,58,2.7220562244917955e-05,0.984073998333772,3116
23451,SQUARE MINI PORTRAIT FRAME,558.12,0.0,558.12,278,0,52,2.718062797461912e-05,0.9841011789617465,3117
84306,S/3 PINK SQUARE PLANTERS ROSES,557.4799999999999,0.0,557.4799999999999,48,0,31,2.7149459763654167e-05,0.9841283284215102,3118
21371,MIRRORED WALL ART POPPIES,556.01,0.0,556.01,404,0,64,2.707787027909406e-05,0.9841554062917893,3119
23074,EMBOSSED HEART TRINKET BOX,555.59,12.48,543.11,250,6,48,2.7057416140648316e-05,0.9841824637079299,3120
20823,GOLD WINE GOBLET,555.47,18.6,536.87,261,4,19,2.7051572101092387e-05,0.9842095152800311,3121
21881,CUTE CATS TAPE,554.95,0.0,554.95,1332,0,118,2.702624792968337e-05,0.9842365415279608,3122
23457,LARGE PARLOUR PICTURE FRAME,554.83,0.0,554.83,113,0,31,2.702040389012744e-05,0.9842635619318509,3123
90120D,WHITE MURANO TWIST BRACELET,554.13,0.0,554.13,134,0,40,2.698631365938453e-05,0.9842905482455103,3124
23473,WOODLAND SMALL RED FELT HEART,552.85,0.0,552.85,679,0,51,2.6923977237454637e-05,0.9843174722227478,3125
84859C,PINK DISCO HANDBAG,552.72,0.0,552.72,304,0,39,2.691764619460238e-05,0.9843443898689423,3126
84805B,BLUE CLIMBING HYDRANGA ART FLOWER,551.4000000000001,0.0,551.4000000000001,340,0,9,2.6853361759487182e-05,0.9843712432307018,3127
22044,CHRISTMAS CARD STACK OF PRESENTS,550.28,5.46,544.82,1940,13,89,2.6798817390298516e-05,0.9843980420480921,3128
22394,PAPERWEIGHT KINGS CHOICE ,549.39,15.299999999999999,534.0899999999999,348,6,55,2.6755474096925388e-05,0.984424797522189,3129
90203,SILVER CHARM NECKLACE 70CM,549.27,7.5,541.77,73,1,34,2.674963005736946e-05,0.9844515471522464,3130
21373,MIRRORED WALL ART SNOWFLAKES,548.89,9.0,539.89,636,12,61,2.6731123932109023e-05,0.9844782782761785,3131
85071D,CHARLIE+LOLA MY ROOM DOOR SIGN,548.86,0.0,548.86,884,0,112,2.6729662922220042e-05,0.9845050079391007,3132
85091,CANDY SPOT BREAD BASKETS,548.81,69.69999999999999,479.11,343,17,20,2.6727227905738403e-05,0.9845317351670064,3133
23549,WRAP BIRD GARDEN ,548.1,0.0,548.1,1305,0,52,2.669265067169917e-05,0.9845584278176781,3134
20888,SET 3 JARDIN DE FEMME SCENT CANDLES,547.74,0.0,547.74,367,0,19,2.6675118553031386e-05,0.9845851029362311,3135
23484,HEART TRELLIS TRIPLE T-LIGHT HOLDER,547.35,0.0,547.35,185,0,35,2.6656125424474623e-05,0.9846117590616557,3136
85030,FRENCH CHATEAU OVAL PLATTER,547.35,70.64999999999999,476.7,213,27,29,2.6656125424474623e-05,0.9846384151870802,3137
90058B,CRYSTAL STUD EARRINGS ASSORTED COL ,547.24,13.68,533.5600000000001,1118,36,29,2.6650768388215022e-05,0.9846650659554684,3138
21311,SET/4 BIRD MIRROR MAGNETS ,547.21,7.83,539.38,727,27,94,2.664930737832604e-05,0.9846917152628467,3139
72267,PREMIUM CHURCH CANDLE,546.96,0.0,546.96,273,0,45,2.663713229591786e-05,0.9847183523951426,3140
35969,FOLKART CROWN TABLE DECORATIONS,545.77,0.0,545.77,525,0,76,2.6579178903654905e-05,0.9847449315740463,3141
21339,MARAKESH LANTERN LARGE,544.5,0.0,544.5,30,0,12,2.6517329485021342e-05,0.9847714489035313,3142
20943,SET/6 GINGERBREAD STAR T-LIGHTS,543.96,1.25,542.71,384,1,71,2.6491031307019668e-05,0.9847979399348383,3143
23043,PAPER LANTERN 9 POINT HOLLY STAR L,543.51,0.0,543.51,81,0,23,2.646911615868494e-05,0.984824409050997,3144
84596K,JELLY BABIES YELLOW SMALL BOWL,543.41,1.25,542.16,428,1,93,2.6464246125721664e-05,0.9848508732971227,3145
84592,CROCHET ROSE PURSE WITH SUEDE BACK,542.3000000000001,0.0,542.3000000000001,175,0,47,2.6410188759829337e-05,0.9848772834858825,3146
47021G,SET/6 BEAD COASTERS GAUZE BAG GOLD,541.96,0.0,541.96,713,0,70,2.639363064775421e-05,0.9849036771165303,3147
84984B,RED PEONY CUSHION COVER ,541.3,9.3,532.0,322,2,16,2.6361488430196604e-05,0.9849300386049604,3148
23398,HANGING HEART BONHEUR,538.75,0.85,537.9,610,1,69,2.6237302589633146e-05,0.9849562759075501,3149
20659,ECONOMY LUGGAGE TAG,538.51,0.0,538.51,373,0,138,2.622561451052129e-05,0.9849825015220606,3150
85027L,FRENCH CHATEAU LARGE PLATTER ,538.5,66.3,472.2,190,34,40,2.6225127507224963e-05,0.9850087266495678,3151
21017,RED BIRD HOUSE TREE DECORATION,538.4399999999999,0.0,538.4399999999999,662,0,87,2.6222205487446995e-05,0.9850349488550553,3152
84804B,BLUE DELPHINIUM ARTIFICIAL FLOWER,537.3700000000001,2.95,534.4200000000001,367,1,19,2.6170096134739985e-05,0.98506111895119,3153
16048,TEATIME ROUND PENCIL SHARPENER ,537.18,0.0,537.18,3462,0,105,2.6160843072109758e-05,0.9850872797942621,3154
21418,STARFISH SOAP DISH,536.39,7.6499999999999995,528.74,195,3,66,2.61223698116999e-05,0.9851134021640738,3155
84414B,damaged,536.24,0.0,536.24,78,0,9,2.6115064762254993e-05,0.9851395172288361,3156
23660,HENRIETTA HEN MUG ,534.66,26.4,508.25999999999993,306,16,42,2.603811824143528e-05,0.9851655553470775,3157
85142,JARDIN ETCHED GLASS GINGER JAR,534.38,7.95,526.4300000000001,61,1,34,2.6024482149138116e-05,0.9851915798292267,3158
16169P,WRAP GREEN RUSSIAN FOLKART ,533.75,10.5,523.25,1750,25,48,2.5993800941469496e-05,0.9852175736301682,3159
85020,ROUND PINK HEART MIRROR,533.48,0.0,533.48,240,0,58,2.598065185246866e-05,0.9852435542820206,3160
21734,SMALL MARAKESH LANTERN ON STICK,533.24,22.5,510.74,98,6,29,2.5968963773356806e-05,0.985269523245794,3161
90195B,BLACK GEMSTONE BRACELET,532.29,35.8,496.48999999999995,60,4,26,2.592269846020571e-05,0.9852954459442542,3162
72801C,4 ROSE PINK DINNER CANDLES,531.36,15.0,516.36,708,12,56,2.5877407153647274e-05,0.9853213233514079,3163
84661B,BLACK SQUARE TABLE CLOCK,530.22,0.0,530.22,243,0,51,2.5821888777865963e-05,0.9853471452401857,3164
23139,SINGLE WIRE HOOK PINK HEART,530.15,17.4,512.75,415,12,27,2.581847975479167e-05,0.9853729637199405,3165
84799,SPRIG LAVENDER ARTIFICIAL FLOWER,530.03,35.16,494.87,679,60,31,2.581263571523574e-05,0.9853987763556558,3166
90160D,PINK BOUDICCA LARGE BRACELET,529.22,6.95,522.27,76,1,25,2.5773188448233234e-05,0.985424549544104,3167
21943,CAKES AND RABBITS DESIGN FLANNEL ,529.16,0.0,529.16,591,0,149,2.5770266428455265e-05,0.9854503198105324,3168
71270,PHOTO CLIP LINE,529.15,0.0,529.15,373,0,81,2.576977942515894e-05,0.9854760895899576,3169
20653,CHERRY BLOSSOM LUGGAGE TAG,528.77,0.0,528.77,2004,0,81,2.57512732998985e-05,0.9855018408632574,3170
16202B,PASTEL BLUE PHOTO ALBUM ,528.56,144.48000000000002,384.08,1039,472,22,2.5741046230675626e-05,0.9855275819094881,3171
23060,HEART BEADED TRELLIS DECORATION,528.1700000000001,0.0,528.1700000000001,249,0,42,2.572205310211887e-05,0.9855533039625902,3172
90175D,TIGRIS EYE CHUNKY CHARM BRACELET,527.8199999999999,0.0,527.8199999999999,58,0,41,2.5705007986747404e-05,0.9855790089705769,3173
21336,GOLD WASHBAG,527.5600000000001,115.27000000000001,412.29,1823,865,43,2.5692345901042903e-05,0.9856047013164779,3174
84931A,PINK SCOTTIE DOG W FLOWER PATTERN,526.4399999999999,0.0,526.4399999999999,209,0,82,2.563780153185424e-05,0.9856303391180098,3175
84657,GREEN ROSE CUSHION COVER,523.43,0.0,523.43,247,0,20,2.5491213539659724e-05,0.9856558303315495,3176
85226C,BLUE PULL BACK RACING CAR,523.41,0.0,523.41,991,0,83,2.549023953306707e-05,0.9856813205710825,3177
72728,ROSE SCENT CANDLES IN GLASS,523.15,0.0,523.15,643,0,54,2.547757744736256e-05,0.9857067981485298,3178
21403,BLUE EGG  SPOON,523.0699999999999,0.0,523.0699999999999,2319,0,157,2.547368142099194e-05,0.9857322718299508,3179
22861,EASTER TIN CHICKS IN GARDEN,522.93,0.0,522.93,305,0,50,2.546686337484336e-05,0.9857577386933256,3180
22407,MONEY BOX FIRST AID DESIGN,522.37,38.160000000000004,484.21,439,36,75,2.5439591190249033e-05,0.9857831782845159,3181
23336,EGG FRYING PAN PINK ,521.33,0.0,521.33,226,0,85,2.5388942847430993e-05,0.9858085672273633,3182
21459,YELLOW EASTER EGG HUNT START POST,520.55,35.1,485.45,263,18,44,2.5350956590317462e-05,0.9858339181839536,3183
84683,CLASSICAL ROSE CANDLESTAND,519.35,1.25,518.1,539,1,46,2.529251619475819e-05,0.9858592107001484,3184
BANK CHARGES,Bank Charges,519.241,36001.49,-35482.248999999996,34,76,33,2.528720785882822e-05,0.9858844979080073,3185
20793,BLUE TILED TRAY,518.5,33.75,484.75,281,5,22,2.5251120914570368e-05,0.9859097490289218,3186
20868,SILVER FABRIC MIRROR,518.07,0.0,518.07,882,0,71,2.5230179772828298e-05,0.9859349792086947,3187
85039C,S/4 BLACK MINI ROSE CANDLE IN BOWL,517.9599999999999,3.3,514.66,537,2,114,2.522482273656869e-05,0.9859602040314313,3188
35810B,ENAMEL BLUE RIM COFFEE CONTAINER,517.71,10.79,506.92,325,13,68,2.5212647654160515e-05,0.9859854166790855,3189
84762A,WHITE PICNIC BARBECUE BUCKET,517.4300000000001,94.45,422.98,59,11,29,2.519901156186335e-05,0.9860106156906473,3190
85179A,GREEN BITTY LIGHT CHAIN,515.72,13.950000000000001,501.77,218,3,70,2.5115733998191382e-05,0.9860357314246455,3191
71143,ANTIQUE SILVER BOOK MARK WITH BEADS,514.4499999999999,0.85,513.5999999999999,349,1,99,2.505388457955781e-05,0.986060785309225,3192
90114,SUMMER DAISIES BAG CHARM,514.18,0.0,514.18,205,0,111,2.504073549055697e-05,0.9860858260447156,3193
85129C,BEADED CRYSTAL HEART BLUE SMALL,513.98,0.0,513.98,393,0,65,2.503099542463043e-05,0.9861108570401402,3194
46118,FUNKY MONKEY CUSHION COVER,513.58,0.0,513.58,373,0,72,2.501151529277734e-05,0.986135868555433,3195
16168M,FUNKY MONKEY GIFT BAG MEDIUM,512.38,0.0,512.38,1686,0,101,2.4953074897218063e-05,0.9861608216303303,3196
72807c,SET/3 VANILLA SCENTED CANDLE IN BOX,511.98,0.0,511.98,60,0,44,2.493359476536497e-05,0.9861857552250957,3197
23136,IVORY WIRE SWEETHEART LETTER TRAY,511.89,0.0,511.89,135,0,49,2.4929211735698024e-05,0.9862106844368314,3198
47559b,TEA TIME OVEN GLOVE,511.46,0.0,511.46,154,0,44,2.490827059395595e-05,0.9862355927074253,3199
84875B,GREEN SQUARE COMPACT MIRROR,511.01,0.0,511.01,373,0,40,2.488635544562122e-05,0.986260479062871,3200
84989B,75 BLACK FAIRY CAKE CASES,510.7,0.0,510.7,1010,0,57,2.4871258343435074e-05,0.9862853503212143,3201
84782C,GREEN 3 TIER GLASS PLATE STAND,509.9,50.1,459.8,74,6,18,2.483229807972889e-05,0.986310182619294,3202
21117,BLOND DOLL DOORSTOP,509.58,0.0,509.58,334,0,26,2.4816713974246418e-05,0.9863349993332683,3203
20753,RETRO PINK SPOT WASHING UP GLOVES,509.00000000000006,4.2,504.8,218,2,56,2.4788467783059437e-05,0.9863597878010514,3204
84247L,FAWN AND MUSHROOM GREETING CARD,508.29,5.04,503.25,1161,12,110,2.47538905490202e-05,0.9863845416916004,3205
20654,FIRST CLASS LUGGAGE TAG ,507.91,0.0,507.91,400,0,120,2.4735384423759762e-05,0.9864092770760241,3206
84218,BOX/12 CHICK & EGG IN BASKET,507.40999999999997,1.95,505.46,263,1,96,2.4711034258943394e-05,0.986433988110283,3207
85169B,BLACK LOVE BIRD CANDLE,505.40999999999997,0.0,505.40999999999997,430,0,93,2.4613633599677935e-05,0.9864586017438827,3208
35004S,SET OF 3 SILVER FLYING DUCKS,505.4,56.519999999999996,448.88,145,10,24,2.4613146596381606e-05,0.9864832148904791,3209
84509c,SET OF 4 POLKADOT PLACEMATS ,505.26,0.0,505.26,67,0,44,2.4606328550233024e-05,0.9865078212190294,3210
23021,GLASS BONNE JAM JAR,504.97,0.0,504.97,121,0,27,2.4592205454639536e-05,0.986532413424484,3211
37352,BIRD IN TREE MUG ,504.55,0.0,504.55,4643,0,8,2.4571751316193788e-05,0.9865569851758001,3212
84877B,GREEN ROUND COMPACT MIRROR,504.43,2.5,501.93,291,2,43,2.456590727663786e-05,0.9865815510830768,3213
22541,MINI JIGSAW LEAP FROG,504.34,0.0,504.34,1246,0,66,2.4561524246970912e-05,0.9866061126073238,3214
20845,ZINC HEART LATTICE 2 WALL PLANTER,502.27,0.0,502.27,76,0,24,2.4460714564631163e-05,0.9866305733218884,3215
23560,SET OF 6 RIBBONS COUNTRY STYLE,502.07000000000005,0.0,502.07000000000005,173,0,26,2.445097449870462e-05,0.9866550242963871,3216
79337,BLUE FLOCK GLASS CANDLEHOLDER,502.03000000000003,2.2800000000000002,499.75,1194,6,21,2.444902648551931e-05,0.9866794733228726,3217
90014A,SILVER M.O.P. ORBIT NECKLACE,502.01,0.0,502.01,55,0,40,2.4448052478926654e-05,0.9867039213753516,3218
90010E,AMBER GLASS/SILVER BRACELET,501.65,35.8,465.84999999999997,56,4,35,2.443052036025887e-05,0.9867283518957118,3219
23117,POPPY FIELDS CHOPPING BOARD,501.23,4.95,496.28000000000003,93,1,45,2.4410066221813127e-05,0.9867527619619336,3220
21882,SKULLS TAPE,500.74,0.0,500.74,1054,0,119,2.4386203060293088e-05,0.986777148164994,3221
20865,PATCHWORK PENCIL CASE BUTTERFLY ,500.49,145.47,355.02,251,82,33,2.4374027977884906e-05,0.9868015221929718,3222
84706D,CHERRY BLOSSOM TABLE CLOCK ,500.19,1.95,498.23999999999995,219,1,16,2.4359417878995087e-05,0.9868258816108508,3223
16219,HOUSE SHAPE PENCIL SHARPENER,499.55,2.88,496.67,3357,48,128,2.432824966803014e-05,0.9868502098605189,3224
35471A,SET OF 3 BIRD L.BLUE FEATHER,499.31,31.25,468.06,421,25,83,2.4316561588918285e-05,0.9868745264221078,3225
20864,DENIM PATCH PENCIL CASE BUTTERFLY,498.14000000000004,2.1,496.04,252,1,29,2.4259582203247993e-05,0.986898786004311,3226
23466,TUSCAN VILLA DOVECOTE BIRD FEEDER,498.03,8.25,489.78,55,1,27,2.425422516698839e-05,0.986923040229478,3227
23045,PAPER LANTERN 5 POINT STAR MOON ,497.9800000000001,83.0,414.9800000000001,118,20,25,2.4251790150506757e-05,0.9869472920196285,3228
35600D,PINK AND WHITE CHRISTMAS TREE 180CM,497.70000000000005,0.0,497.70000000000005,141,0,13,2.423815405820959e-05,0.9869715301736867,3229
85230A,OPIUM SCENTED VOTIVE CANDLE,497.03999999999996,0.0,497.03999999999996,1992,0,48,2.4206011840651986e-05,0.9869957361855273,3230
22031,BOTANICAL LAVENDER BIRTHDAY CARD,493.99,5.04,488.95,1125,12,142,2.4057475835272162e-05,0.9870197936613625,3231
84798B,PURPLE FOXGLOVE ARTIIFCIAL FLOWER,492.90000000000003,10.2,482.70000000000005,326,4,10,2.4004392475972487e-05,0.9870437980538385,3232
16239,BALLERINA HEART DECORATION.,492.17,0.0,492.17,347,0,21,2.3968841235340595e-05,0.9870677668950738,3233
85014b,RED RETROSPOT UMBRELLA,491.42,0.0,491.42,39,0,35,2.3932315988116048e-05,0.9870916992110619,3234
84827,ASS DES PHONE SPONGE CRAFT STICKER,491.09,0.0,491.09,1029,0,29,2.3916244879337246e-05,0.9871156154559412,3235
90160B,RED BOUDICCA LARGE BRACELET,490.92,0.0,490.92,71,0,29,2.3907965823299683e-05,0.9871395234217645,3236
84876B,found,490.81,0.0,490.81,346,0,40,2.3902608787040083e-05,0.9871634260305515,3237
35967,FOLK ART METAL STAR T-LIGHT HOLDER,488.51,0.38,488.13,936,1,112,2.3790598028884803e-05,0.9871872166285804,3238
21663,VINTAGE GLASS SUGAR CADDY,488.16,41.65,446.51000000000005,76,7,32,2.377355291351335e-05,0.9872109901814939,3239
51020B,adjust,488.11999999999995,0.58,487.53999999999996,1084,2,60,2.3771604900328035e-05,0.9872347617863942,3240
84970l,SINGLE HEART ZINC T-LIGHT HOLDER,487.14,0.0,487.14,233,0,65,2.372387857728796e-05,0.9872584856649715,3241
22259,FELT FARM ANIMAL HEN,485.45,3.75,481.7,592,3,72,2.364157502020865e-05,0.9872821272399918,3242
84875D,BLUE SQUARE COMPACT MIRROR,483.75,0.0,483.75,371,0,37,2.355878445983301e-05,0.9873056860244516,3243
23218,LAUREL STAR ANTIQUE GOLD,483.03,0.0,483.03,379,0,40,2.3523720222497443e-05,0.9873292097446741,3244
84901,BLACK FACE LAMB WITH PANTS,482.38,0.0,482.38,126,0,74,2.3492065008236168e-05,0.9873527018096824,3245
84926E,FLOWERS TILE COASTER,482.28,0.0,482.28,1108,0,52,2.3487194975272897e-05,0.9873761890046576,3246
23691,WRAP KEEP CALM BIRTHDAY,481.5,0.0,481.5,1175,0,38,2.344920871815937e-05,0.9873996382133757,3247
22038,BOTANICAL LAVENDER GIFT WRAP ,481.0,0.0,481.0,1150,0,45,2.3424858553343004e-05,0.9874230630719291,3248
21132,SILVER STANDING GNOME   ,480.86,0.0,480.86,94,0,47,2.3418040507194423e-05,0.9874464811124363,3249
16244A,MAXWELL 2 TONE PINK 60 PAGE PHOTO A,479.40999999999997,0.0,479.40999999999997,186,0,28,2.334742502922696e-05,0.9874698285374655,3250
21536,DAIRY MAID  SMALL  MILK JUG,478.94000000000005,14.700000000000001,464.24,223,7,61,2.332453587429958e-05,0.9874931530733397,3251
23422,PANTRY HOOK BALLOON WHISK ,477.89,0.0,477.89,213,0,47,2.3273400528185212e-05,0.987516426473868,3252
37492C,GREEN BLUE FLOWER PIGGY BANK,477.29999999999995,4.65,472.65,242,1,24,2.3244667333701902e-05,0.9875396711412017,3253
72750C,"F.FAIRY S/3 CANDLE/GLASS, ROSE",476.4,0.0,476.4,232,0,15,2.3200837037032444e-05,0.9875628719782387,3254
23561,SET OF 6 RIBBONS PARTY,476.0,0.0,476.0,170,0,16,2.3181356905179355e-05,0.9875860533351438,3255
85170B,SET/6 BLACK BIRD T-LIGHT CANDLES,475.91,16.8,459.11,283,8,58,2.317697387551241e-05,0.9876092303090194,3256
85109,PINK BOUDOIR T-LIGHT HOLDER,475.43,131.04000000000002,344.39,4211,1872,20,2.31535977172887e-05,0.9876323839067367,3257
47422,ASSORTED MONKEY SUCTION CUP HOOK,475.14,20.580000000000002,454.56,1217,49,66,2.3139474621695207e-05,0.9876555233813584,3258
84809A,WHITE CHRYSANTHEMUMS ART FLOWER,474.84000000000003,4.2,470.64000000000004,276,2,21,2.312486452280539e-05,0.9876786482458813,3259
21518,BANK ACCOUNT  GREETING  CARD ,474.32,0.0,474.32,1119,0,109,2.309954035139637e-05,0.9877017477862327,3260
85136B,BLUE SHARK HELICOPTER,473.77000000000004,7.95,465.82,59,1,47,2.307275517009837e-05,0.9877248205414028,3261
40046A,RED DAISY PAPER LAMPSHADE,472.07,0.0,472.07,355,0,62,2.2989964609722725e-05,0.9877478105060125,3262
20662,FIRST CLASS HOLIDAY PURSE ,471.33000000000004,51.00000000000001,420.33000000000004,728,300,49,2.2953926365794507e-05,0.9877707644323782,3263
gift_0001_20,Dotcomgiftshop Gift Voucher £20.00,471.06,0.0,471.06,28,0,26,2.294077727679367e-05,0.987793705209655,3264
90192,JADE DROP EARRINGS W FILIGREE,469.18,9.9,459.28000000000003,94,2,53,2.2849220657084138e-05,0.9878165544303121,3265
84948,SILVER HANGING T-LIGHT HOLDER DOME,469.10999999999996,6.6,462.50999999999993,279,4,36,2.2845811634009844e-05,0.9878394002419462,3266
79071B,ENGLISH ROSE METAL WASTE BIN,469.1,0.0,469.1,154,0,66,2.284532463071352e-05,0.9878622455665769,3267
85211,S/4 GROOVY CAT MAGNETS,469.04999999999995,6.529999999999999,462.52,307,5,75,2.284288961423188e-05,0.987885088456191,3268
35911A,MULTICOLOUR RABBIT EGG WARMER,468.79,0.0,468.79,389,0,96,2.2830227528527374e-05,0.9879079186837196,3269
72799B,PURPLE PILLAR CANDLE BLACK FLOCK,467.71000000000004,0.0,467.71000000000004,322,0,16,2.2777631172524025e-05,0.9879306963148922,3270
72225C,LAVENDER SCENT CAKE CANDLE,466.38,13.919999999999998,452.46,1926,48,38,2.2712859734112493e-05,0.9879534091746263,3271
23379,PACK OF 12 RED APPLE TISSUES,465.36,0.0,465.36,1220,0,76,2.266318539788711e-05,0.9879760723600242,3272
51020A,adjustment,464.55999999999995,0.58,463.97999999999996,1304,2,50,2.2624225134180923e-05,0.9879986965851584,3273
72132,COLUMBIAN CUBE CANDLE,464.09999999999997,0.0,464.09999999999997,550,0,28,2.2601822982549868e-05,0.9880212984081409,3274
90120C,GREEN MURANO TWIST BRACELET,462.32,0.0,462.32,109,0,58,2.251513639580361e-05,0.9880438135445367,3275
84972L,GIANT PINK HEART MEMO HOLDER,462.15000000000003,0.0,462.15000000000003,117,0,46,2.250685733976605e-05,0.9880663204018765,3276
84984A,GREEN PEONY CUSHION COVER,462.12,9.3,452.82,266,2,17,2.2505396329877065e-05,0.9880888257982063,3277
85204,HANGING WOOD AND FELT FLOWER,461.92,0.12,461.8,2359,1,154,2.249565626395052e-05,0.9881113214544703,3278
72789,BASKET/8 SCENTED LOVE TOKEN CANDLES,461.53,37.5,424.03,122,10,45,2.2476663135393754e-05,0.9881337981176057,3279
84915,HAND TOWEL PINK FLOWER AND DAISY,459.56,0.0,459.56,234,0,37,2.2380723486017277e-05,0.9881561788410917,3280
16207B,PINK HEART RED HANDBAG,457.65000000000003,0.0,457.65000000000003,265,0,46,2.2287705856418764e-05,0.9881784665469482,3281
23023,RIDGED BONNE JAM JAR T-LIGHT HOLDER,457.61999999999995,3.3,454.31999999999994,286,2,25,2.228624484652978e-05,0.9882007527917948,3282
84508B,STRIPES DESIGN TEDDY,456.30999999999995,15.299999999999999,441.01,170,6,74,2.2222447414710903e-05,0.9882229752392094,3283
90145,SILVER HOOP EARRINGS WITH FLOWER,455.86,0.0,455.86,75,0,45,2.2200532266376178e-05,0.9882451757714759,3284
90201B,BLACK ENAMEL FLOWER RING,454.31000000000006,38.35000000000001,415.96000000000004,154,13,54,2.2125046755445448e-05,0.9882673008182313,3285
21757,LIGHTHOUSE PRINTED METAL SIGN,454.3,0.0,454.3,80,0,42,2.212455975214912e-05,0.9882894253779835,3286
20621,ECONOMY PASSPORT COVER ,453.77000000000004,0.0,453.77000000000004,208,0,33,2.2098748577443773e-05,0.9883115241265609,3287
23509,MINI PLAYING CARDS FUN FAIR ,452.72,0.0,452.72,1065,0,65,2.204761323132941e-05,0.9883335717397922,3288
23548,WRAP MAGIC FOREST ,451.5,0.0,451.5,1075,0,43,2.1988198829177474e-05,0.9883555599386213,3289
90120B,BLUE MURANO TWIST BRACELET,451.44,0.0,451.44,107,0,42,2.1985276809399513e-05,0.9883775452154308,3290
82081,PINK HEARTS PHOTO ALBUM,451.35,0.0,451.35,174,0,23,2.1980893779732567e-05,0.9883995261092104,3291
84597C,RETRO PINK BALL ASHTRAY ,450.98,5.0,445.98,364,4,44,2.1962874657768458e-05,0.9884214889838682,3292
17164D,ASS COL SMALL SAND FROG P'WEIGHT,450.78000000000003,0.0,450.78000000000003,1159,0,28,2.195313459184191e-05,0.98844344211846,3293
72127,COLUMBIAN CANDLE ROUND ,449.69,1.25,448.44,369,1,65,2.1900051232542233e-05,0.9884653421696926,3294
20616,CHERRY BLOSSOM PASSPORT COVER,449.26,0.0,449.26,283,0,121,2.187911009080016e-05,0.9884872212797834,3295
16218,CARTOON  PENCIL SHARPENERS,448.13,0.0,448.13,4629,0,98,2.1824078718315178e-05,0.9885090453585017,3296
72801D,4 SKY BLUE DINNER CANDLES,447.42,0.0,447.42,554,0,61,2.1789501484275937e-05,0.9885308348599859,3297
72128,COLUMBIAN CANDLE ROUND,447.34,0.0,447.34,720,0,88,2.1785605457905317e-05,0.9885526204654439,3298
90198B,VINTAGE ROSE BEAD BRACELET BLACK,446.15,0.0,446.15,105,0,49,2.172765206564237e-05,0.9885743481175095,3299
84857C,PINK MONTE CARLO HANDBAG,445.03,1.95,443.08,197,1,17,2.167310769645371e-05,0.988596021225206,3300
90010A,MIDNIGHT BLUE GLASS/SILVER BRACELET,443.84999999999997,53.699999999999996,390.15,49,6,30,2.161564130748709e-05,0.9886176368665135,3301
62096B,PURPLE/TURQ FLOWERS HANDBAG,441.99,0.0,441.99,257,0,82,2.1525058694370217e-05,0.9886391619252078,3302
16243B,BROWN COZY SQUARE PHOTO ALBUM,441.77,0.0,441.77,212,0,8,2.1514344621851016e-05,0.9886606762698297,3303
21027,NINJA RABBIT PINK,441.11,0.0,441.11,361,0,77,2.1482202404293414e-05,0.988682158472234,3304
90154,LAZER CUT NECKLACE W PASTEL BEADS,439.65,0.0,439.65,59,0,7,2.1411099923029627e-05,0.988703569572157,3305
16161M,WRAP  PINK FLOCK,439.0,10.5,428.5,1050,25,39,2.1379444708768355e-05,0.9887249490168658,3306
79030A,"TUMBLER, ENGLISH ROSE",438.25,0.0,438.25,171,0,33,2.1342919461543805e-05,0.9887462919363273,3307
23044,PAPER LANTERN 9 POINT HOLLY STAR S,435.74000000000007,0.0,435.74000000000007,104,0,25,2.122068163416566e-05,0.9887675126179615,3308
84859B,BLUE DISCO HANDBAG,435.40999999999997,0.0,435.40999999999997,283,0,18,2.1204610525386854e-05,0.9887887172284868,3309
84510F,SET OF 4 NEW ENGLAND COASTERS ,435.25,2.5,432.75,1101,2,38,2.1196818472645617e-05,0.9888099140469595,3310
90013A,MIDNIGHT BLUE VINTAGE EARRINGS,434.27,30.0,404.27,115,8,77,2.1149092149605543e-05,0.9888310631391091,3311
84798A,PINK FOXGLOVE ARTIIFCIAL FLOWER,432.45000000000005,30.599999999999998,401.85,195,12,10,2.1060457549673976e-05,0.9888521235966587,3312
37464,ROBOT MUG IN DISPLAY BOX,431.18,0.0,431.18,316,0,82,2.0998608131040406e-05,0.9888731222047898,3313
84858B,BLUE RIVIERA HANDBAG,431.0,0.0,431.0,326,0,9,2.0989842071706514e-05,0.9888941120468615,3314
23058,CHRISTMAS HANGING SNOWFLAKE,430.86,0.0,430.86,490,0,48,2.0983024025557933e-05,0.988915095070887,3315
84802B,PURPLE ANEMONE ARTIFICIAL FLOWER,430.35,0.0,430.35,435,0,17,2.0958186857445242e-05,0.9889360532577445,3316
20851,ZINC HEART LATTICE TRAY OVAL ,429.57,11.9,417.67,335,2,28,2.092020060033171e-05,0.9889569734583448,3317
16045,POPART WOODEN PENCILS ASST,429.44,0.0,429.44,9312,0,74,2.091386955747946e-05,0.9889778873279023,3318
90013B,BLACK VINTAGE EARRINGS,428.92,0.0,428.92,104,0,79,2.088854538607044e-05,0.9889987758732883,3319
84966B,BLUE KASHMIRI BOXED MIRROR,428.0,0.0,428.0,33,0,4,2.0843741082808327e-05,0.9890196196143711,3320
84422,Dagamed,427.95,19.57,408.38,782,49,38,2.084130606632669e-05,0.9890404609204374,3321
84801A,check,427.44000000000005,0.0,427.44000000000005,272,0,15,2.0816468898214e-05,0.9890612773893356,3322
85230G,ORANGE VOTIVE CANDLE,425.75999999999993,13.919999999999998,411.84,1680,48,46,2.0734652344431008e-05,0.98908201204168,3323
21678,PAISLEY PATTERN  STICKERS,424.7,0.0,424.7,574,0,80,2.0683029995020317e-05,0.989102695071675,3324
20715,LITTLE FLOWER SHOPPER BAG,424.0,424.0,0.0,400,400,1,2.0648939764277406e-05,0.9891233440114393,3325
21028,NINJA RABBIT BLACK,423.9,0.0,423.9,323,0,92,2.0644069731314135e-05,0.9891439880811707,3326
45016,DECORATIVE NET CANOPY LEOPARD,423.73,22.5,401.23,101,6,25,2.0635790675276572e-05,0.9891646238718459,3327
16207A,PINK STRAWBERRY HANDBAG ,423.53000000000003,0.0,423.53000000000003,143,0,76,2.0626050609350026e-05,0.9891852499224553,3328
16008,SMALL FOLDING SCISSOR(POINTED EDGE),422.96,0.0,422.96,3141,0,85,2.0598291421459367e-05,0.9892058482138767,3329
21729,SMALL MARAKESH METAL  LANTERN ,422.9,0.0,422.9,124,0,30,2.0595369401681405e-05,0.9892264435832784,3330
85097B,BLUE ROCKING SINGING CANARY,420.92,38.6,382.32,107,12,40,2.0498942749008602e-05,0.9892469425260274,3331
47579,TEA TIME BREAKFAST BASKET,420.87,2.1,418.77000000000004,185,1,55,2.0496507732526963e-05,0.9892674390337599,3332
46126A,ELVIS WALLHANGING / CURTAIN,419.99,0.0,419.99,317,0,48,2.0453651442450163e-05,0.9892878926852023,3333
84967C,GREEN KASHMIRI OCCASIONAL TABLE,419.85,0.0,419.85,9,0,4,2.0446833396301582e-05,0.9893083395185986,3334
84770,ROUND GEORGIAN SILVER MIRROR,419.25000000000006,135.70000000000002,283.55000000000007,135,46,16,2.0417613198521946e-05,0.9893287571317971,3335
21736,GOLD SCROLL GLASS T-LIGHT HOLDER,418.89000000000004,1.17,417.72,205,3,27,2.040008107985416e-05,0.989349157212877,3336
84007,MAGIC GARDEN MOUNT FUJI,418.21999999999997,0.0,418.21999999999997,159,0,39,2.036745185900023e-05,0.9893695246647359,3337
72780,BLACK SILOUETTE CANDLE PLATE,418.18,10.2,407.98,514,12,44,2.0365503845814922e-05,0.9893898901685817,3338
22032,BOTANICAL LILY GREETING CARD,418.12,0.0,418.12,980,0,111,2.0362581826036957e-05,0.9894102527504077,3339
84532B,FAIRY CAKES RECTANGLUAR BOXES,417.58,0.0,417.58,54,0,31,2.0336283648035283e-05,0.9894305890340558,3340
72803B,OCEAN SCENT CANDLE JEWELLED DRAWER,416.38,8.5,407.88,94,2,36,2.0277843252476007e-05,0.9894508668773082,3341
85014a,BLACK/BLUE POLKADOT UMBRELLA,416.12,0.0,416.12,33,0,28,2.02651811667715e-05,0.989471132058475,3342
35240,ENAMEL BLUE RIM OVAL TRAY SET/2,416.01,0.0,416.01,49,0,39,2.0259824130511898e-05,0.9894913918826056,3343
20857,BLUE ROSE PATCH PURSE PINK BUTTERFL,415.79999999999995,26.4,389.4,252,16,73,2.0249597061289022e-05,0.9895116414796669,3344
84529C,YELLOW KNITTED KIDS RUCKSACK,414.74,0.0,414.74,78,0,37,2.019797471187833e-05,0.9895318394543787,3345
84804A,CREAM DELPHINIUM ARTIFICIAL FLOWER,414.08000000000004,0.0,414.08000000000004,224,0,18,2.016583249432073e-05,0.989552005286873,3346
85112,S/3 TEAR DROP CUT GLASS DECORATION,414.02,0.0,414.02,466,0,34,2.0162910474542765e-05,0.9895721681973476,3347
22395,PAPERWEIGHT VINTAGE PAISLEY,413.76,0.0,413.76,234,0,53,2.0150248388838254e-05,0.9895923184457365,3348
23459,DOLLY CABINET 2 DRAWERS ,412.5,37.5,375.0,33,3,19,2.0088885973501016e-05,0.98961240733171,3349
20666,ECONOMY HOLIDAY PURSE,412.45000000000005,68.0,344.45000000000005,911,400,46,2.008645095701938e-05,0.9896324937826669,3350
23415,HOME SWEET HOME HOOK,412.17999999999995,8.25,403.92999999999995,328,5,47,2.007330186801854e-05,0.989652567084535,3351
21520,BOOZE & WOMEN GREETING CARD ,411.63,0.84,410.79,957,2,108,2.004651668672054e-05,0.9896726136012217,3352
84873A,FUNKY FLOWER PICNIC BAG FOR 4,411.09999999999997,0.0,411.09999999999997,33,0,16,2.0020705512015194e-05,0.9896926343067337,3353
84884a,ANT WHITE WIRE HEART SPIRAL,410.89,0.0,410.89,49,0,35,2.0010478442792322e-05,0.9897126447851765,3354
21341,KASBAH LANTERN WITH GLASS ,410.64000000000004,0.0,410.64000000000004,72,0,29,1.999830336038414e-05,0.9897326430885369,3355
90149,SILVER FLOWR PINK SHELL NECKLACE,410.26000000000005,0.0,410.26000000000005,62,0,9,1.9979797235123705e-05,0.989752622885772,3356
37444B,BLUE BREAKFAST CUP AND SAUCER ,409.6,127.92,281.68,2010,984,28,1.99476550175661e-05,0.9897725705407896,3357
16169F,WRAP BLIZZARD,409.5,0.0,409.5,975,0,34,1.9942784984602825e-05,0.9897925133257742,3358
84595B,LARGE TRIFLE DESIGN L BLUE BOWL,408.9,0.0,408.9,230,0,16,1.991356478682319e-05,0.989812426890561,3359
21252,SET OF MEADOW  FLOWER STICKERS,408.66,0.0,408.66,168,0,22,1.9901876707711336e-05,0.9898323287672688,3360
90206C,CRYSTAL DIAMANTE STAR BROOCH,407.56,0.0,407.56,81,0,57,1.9848306345115332e-05,0.989852177073614,3361
23339,EGG FRYING PAN BLUE ,405.0,0.0,405.0,175,0,76,1.9723633501255544e-05,0.9898719007071152,3362
84984D,ORIENTAL RED CUSHION COVER ,404.91,0.0,404.91,159,0,21,1.9719250471588598e-05,0.9898916199575868,3363
72801E,4 FESTIVE GREEN DINNER CANDLES,404.75,0.0,404.75,769,0,24,1.971145841884736e-05,0.9899113314160056,3364
84968e,SET OF 16 VINTAGE BLACK CUTLERY,404.13,0.0,404.13,16,0,13,1.9681264214475067e-05,0.9899310126802201,3365
84510C,SET OF 4 POLKADOT COASTERS,404.09,0.0,404.09,276,0,101,1.9679316201289757e-05,0.9899506919964214,3366
82076,BEECH WOOD PHOTO FRAME ,403.64,0.0,403.64,290,0,19,1.9657401052955028e-05,0.9899703493974743,3367
21698,MOCK LOBSTER FRIDGE MAGNET,401.56,0.0,401.56,533,0,112,1.9556104367318953e-05,0.9899899055018416,3368
84932B,SMALL PINK PEONY FOLDING STOOL,401.3,0.0,401.3,189,0,17,1.9543442281614445e-05,0.9900094489441232,3369
84984C,ORIENTAL BLUE CUSHION COVER ,401.16,0.0,401.16,232,0,16,1.9536624235465863e-05,0.9900289855683587,3370
23576,SNACK TRAY RED VINTAGE DOILY,400.03999999999996,0.0,400.03999999999996,198,0,37,1.94820798662772e-05,0.990048467648225,3371
23429,RED RETRO KITCHEN WALL CLOCK,400.01,0.0,400.01,47,0,23,1.948061885638822e-05,0.9900679482670813,3372
23039,T-LIGHT HOLDER SILVER HEART HANDLE,399.71,11.7,388.01,199,6,28,1.9466008757498402e-05,0.9900874142758388,3373
85007,SET OF 3 VINTAGE TEA TIME BOXES,399.62,13.950000000000001,385.67,143,3,21,1.9461625727831456e-05,0.9901068759015667,3374
16156L,WRAP CAROUSEL,399.0,0.0,399.0,950,0,36,1.9431431523459165e-05,0.9901263073330901,3375
20889,JARDIN DE FEMME SCENTED CANDLE,398.03999999999996,0.0,398.03999999999996,657,0,13,1.9384679207011742e-05,0.9901456920122972,3376
D,Discount,397.89,13277.52,-12879.63,196,3064,5,1.9377374157566835e-05,0.9901650693864548,3377
21025,SPACE FROG,397.37,0.0,397.37,301,0,81,1.9352049986157815e-05,0.9901844214364409,3378
79191B,RETRO PLASTIC POLKA TRAY,397.37,27.199999999999996,370.16999999999996,479,32,70,1.9352049986157815e-05,0.9902037734864271,3379
85167A,WHITE GRAND BAROQUE PHOTO FRAME,396.8,81.0,315.8,176,27,14,1.932429079826716e-05,0.9902230977772254,3380
90180A,BLACK+WHITE NECKLACE W TASSEL,396.64,9.95,386.69,44,1,28,1.9316498745525923e-05,0.9902424142759709,3381
90120A,PINK MURANO TWIST BRACELET,395.68,0.0,395.68,93,0,41,1.92697464290785e-05,0.9902616840224,3382
84726,LILLIES CANVAS PICTURE,394.84999999999997,0.0,394.84999999999997,233,0,5,1.9229325155483334e-05,0.9902809133475555,3383
22869,NUMBER TILE COTTAGE GARDEN 1,393.63,1.95,391.68,167,1,57,1.9169910753331406e-05,0.9903000832583089,3384
23661,MILK MAIDS MUG ,393.59,33.0,360.59,219,20,33,1.9167962740146096e-05,0.990319251221049,3385
84673B,BLUE FLY SWAT,393.26000000000005,0.65,392.61,506,1,133,1.9151891631367297e-05,0.9903384031126804,3386
84952A,CLEAR LOVE BIRD T-LIGHT HOLDER,392.53,0.0,392.53,148,0,39,1.9116340390735402e-05,0.9903575194530712,3387
23116,VEGETABLE GARDEN CHOPPING BOARD,392.34000000000003,0.0,392.34000000000003,78,0,22,1.9107087328105185e-05,0.9903766265403993,3388
90201D,GREEN ENAMEL FLOWER RING,391.37,0.0,391.37,133,0,57,1.9059848008361436e-05,0.9903956863884076,3389
90124B,BLUE MURANO TWIST NECKLACE,391.18,0.0,391.18,39,0,30,1.905059494573122e-05,0.9904147369833534,3390
84711A,SILVER OVAL SHAPE TRINKET BOX,390.95,0.0,390.95,42,0,24,1.9039393869915688e-05,0.9904337763772233,3391
23150,IVORY SWEETHEART SOAP DISH,390.75000000000006,2.49,388.26000000000005,148,1,49,1.902965380398915e-05,0.9904528060310273,3392
47562,ENGLISH ROSE IRONING BOARD COVER,390.0,14.2,375.8,104,4,41,1.8993128556764598e-05,0.990471799159584,3393
84081,WHITE CERAMIC PARTY SET (5PCS),389.3,4.25,385.05,100,1,20,1.8959038326021687e-05,0.9904907581979101,3394
16044,POP-ART FLUORESCENT PENS,389.22,0.0,389.22,6193,0,3,1.895514229965107e-05,0.9905097133402098,3395
23337,EGG FRYING PAN MINT ,388.75,0.0,388.75,180,0,69,1.8932253144723683e-05,0.9905286455933545,3396
84497,BUTTONS AND STRIPES NOTEBOOK ,387.13,0.0,387.13,97,0,37,1.8853358610718663e-05,0.9905474989519653,3397
90208,PAIR OF PINK FLOWER CLUSTER SLIDE,386.83,15.299999999999999,371.53,159,6,68,1.883874851182884e-05,0.9905663377004771,3398
90158,ST TROPEZ NECKLACE,386.32,0.0,386.32,77,0,63,1.881391134371615e-05,0.9905851516118208,3399
84292,ROSE PINK METAL FOLDING CHAIR,385.98,7.95,378.03000000000003,44,1,14,1.8797353231641023e-05,0.9906039489650524,3400
90070,RUBY GLASS CLUSTER BRACELET,385.15000000000003,53.550000000000004,331.6,63,9,35,1.875693195804586e-05,0.9906227058970105,3401
79051A,SMOKEY GREY COLOUR GLASS,384.09999999999997,0.0,384.09999999999997,946,0,54,1.870579661193149e-05,0.9906414116936224,3402
90201A,PURPLE ENAMEL FLOWER RING,382.84000000000003,11.8,371.04,130,4,54,1.8644434196594253e-05,0.990660056127819,3403
90082B,DIAMANTE BOW BROOCH RED COLOUR,380.99999999999994,0.0,380.99999999999994,60,0,25,1.8554825590070025e-05,0.9906786109534091,3404
16258A,SWIRLY CIRCULAR RUBBERS IN BAG,380.96999999999997,0.42,380.55,1075,1,101,1.8553364580181047e-05,0.9906971643179894,3405
90035B,"PEARL & SHELL 42""NECKL. PINK",380.89,0.0,380.89,43,0,4,1.8549468553810427e-05,0.9907157137865432,3406
90184A,AMBER CHUNKY BEAD BRACELET W STRAP,380.82,0.0,380.82,42,0,25,1.8546059530736137e-05,0.990734259846074,3407
20670,VIP HOLIDAY PURSE,378.85,86.4,292.45000000000005,694,312,48,1.8450119881359662e-05,0.9907527099659553,3408
84533B,FAIRY CAKES ROUND NESTING BOXES,377.93,0.0,377.93,59,0,24,1.840531557809755e-05,0.9907711152815334,3409
20976,12 PENCILS SMALL TUBE POSY,376.99,0.0,376.99,550,0,76,1.8359537268242782e-05,0.9907894748188016,3410
85033G,SET/6 GOLD REINDEER T-LIGHT CANDLES,376.05,1.95,374.1,236,3,32,1.8313758958388018e-05,0.99080778857776,3411
84429A,MEDIUM PINK BUDDHA HEAD ,374.73,0.0,374.73,110,0,42,1.8249474523272815e-05,0.9908260380522832,3412
84741C,CITRUS GARLAND FELT FLOWERS ,374.09,0.0,374.09,186,0,51,1.8218306312307866e-05,0.9908442563585955,3413
84877D,BLUE ROUND COMPACT MIRROR,373.09999999999997,0.0,373.09999999999997,161,0,43,1.8170092985971462e-05,0.9908624264515815,3414
84680,CLASSICAL ROSE URN,372.3,15.9,356.40000000000003,94,2,17,1.813113272226528e-05,0.9908805575843038,3415
16216,LETTER SHAPE PENCIL SHARPENER,371.64,17.6,354.04,4158,110,88,1.809899050470768e-05,0.9908986565748086,3416
20906,VINTAGE NOTEBOOK BEAUTY GIRL,371.19,0.0,371.19,102,0,47,1.807707535637295e-05,0.990916733650165,3417
90134,OLD ROSE COMBO BEAD NECKLACE,370.92,0.0,370.92,126,0,96,1.8063926267372116e-05,0.9909347975764323,3418
78033,FLAG OF ST GEORGE CHAIR,370.6,17.85,352.75,76,3,16,1.8048342161889643e-05,0.9909528459185942,3419
85026B,EAU DE NILE JEWELLED T-LIGHT HOLDER,370.09999999999997,8.5,361.59999999999997,303,10,29,1.8023991997073275e-05,0.9909708699105912,3420
22870,NUMBER TILE COTTAGE GARDEN 2,369.91999999999996,0.0,369.91999999999996,156,0,46,1.8015225937739383e-05,0.9909888851365289,3421
79336,LIGHT PINK FLOCK GLASS CANDLEHOLDER,369.78000000000003,0.0,369.78000000000003,840,0,21,1.80084078915908e-05,0.9910068935444205,3422
20663,QUEEN OF THE SKIES HOLIDAY PURSE ,369.41,93.85,275.56,1074,503,44,1.7990388769626693e-05,0.9910248839331901,3423
84760S,SMALL HANGING GLASS+ZINC LANTERN,368.90999999999997,0.0,368.90999999999997,228,0,36,1.7966038604810325e-05,0.9910428499717949,3424
47504G,ENGLISH ROSE TAPE MEASURE,368.06,1.25,366.81,267,1,57,1.7924643324622506e-05,0.9910607746151195,3425
47503G,ASS FLORAL PRINT TAPE MEASURE,367.36,0.0,367.36,284,0,35,1.7890553093879595e-05,0.9910786651682134,3426
23575,SNACK TRAY PAISLEY PARK,367.34999999999997,0.0,367.34999999999997,179,0,32,1.7890066090583266e-05,0.991096555234304,3427
35915A,CREAM KNITTED HEN,365.76,0.0,365.76,288,0,1,1.7812632566467226e-05,0.9911143678668705,3428
90002D,FLOWER BURST SILVER RING CRYSTAL,365.74,7.5,358.24,104,2,34,1.7811658559874574e-05,0.9911321795254303,3429
84926D,LA PALMIERA TILE COASTER,365.34999999999997,0.0,365.34999999999997,773,0,47,1.7792665431317807e-05,0.9911499721908617,3430
79190A,RETRO PLASTIC 70'S TRAY,364.25,14.67,349.58,790,34,119,1.7739095068721806e-05,0.9911677112859304,3431
35968,check,363.34000000000003,9.5,353.84000000000003,761,25,75,1.7694777768756023e-05,0.9911854060636992,3432
90164B,WHITE  ROSEBUD PEARL BRACELET,362.94,0.0,362.94,67,0,35,1.767529763690293e-05,0.9912030813613361,3433
23579,SNACK TRAY I LOVE LONDON,362.65,0.0,362.65,171,0,35,1.7661174541309438e-05,0.9912207425358773,3434
90160A,PURPLE BOUDICCA LARGE BRACELET,362.51,48.65,313.86,52,7,25,1.7654356495160856e-05,0.9912383968923725,3435
85094,CANDY SPOT EGG WARMER RABBIT,362.43,1.25,361.18,762,1,108,1.765046046879024e-05,0.9912560473528412,3436
21946,PARTY TIME DESIGN FLANNEL,358.96999999999997,0.0,358.96999999999997,625,0,67,1.748195732826099e-05,0.9912735293101695,3437
84402D,PINK DRESS JEWELLERY STAND ,358.92999999999995,0.0,358.92999999999995,373,0,13,1.748000931507568e-05,0.9912910093194847,3438
90036E,"FLOWER GLASS GARLD NECKL36""AMETHYST",358.87,0.0,358.87,45,0,28,1.747708729529772e-05,0.9913084864067799,3439
35912B,WHITE/PINK CHICK DECORATION,358.08000000000004,0.0,358.08000000000004,290,0,30,1.7438614034887865e-05,0.9913259250208148,3440
84711B,PINK OVAL SHAPE TRINKET BOX,357.71,0.0,357.71,39,0,30,1.7420594912923753e-05,0.9913433456157278,3441
84800M,MEDIUM WHITE/PINK ROSE ART FLOWER,357.22,5.07,352.15000000000003,250,3,27,1.7396731751403717e-05,0.9913607423474792,3442
90148,LONG SILVER NECKLACE PASTEL FLOWER,356.73,25.5,331.23,28,2,18,1.737286858988368e-05,0.9913781152160691,3443
21038,SET/4 MODERN VINTAGE COTTON NAPKINS,355.48,5.9,349.58000000000004,166,2,52,1.7311993177842767e-05,0.991395427209247,3444
20799,damaged,355.33,29.459999999999997,325.87,200,8,26,1.7304688128397856e-05,0.9914127318973754,3445
72487,ROSES WHITE ROUND CANDLE,355.05,0.0,355.05,827,0,14,1.7291052036100693e-05,0.9914300229494115,3446
90019A,SILVER M.O.P ORBIT BRACELET,354.59000000000003,0.0,354.59000000000003,68,0,51,1.726864988446964e-05,0.991447291599296,3447
90082A,DIAMANTE BOW BROOCH GREEN COLOUR,353.71,0.0,353.71,55,0,32,1.7225793594392832e-05,0.9914645173928904,3448
90013C,GREEN VINTAGE EARRINGS ,353.55,3.75,349.8,88,1,56,1.72180015416516e-05,0.9914817353944321,3449
23420,PANTRY HOOK TEA STRAINER ,353.45,0.0,353.45,165,0,32,1.7213131508688324e-05,0.9914989485259408,3450
20950,SET/6  ANGEL T-LIGHTS WHITE/GOLD,353.39,0.0,353.39,687,0,83,1.721020948891036e-05,0.9915161587354296,3451
23421,PANTRY HOOK SPATULA,353.36,0.0,353.36,162,0,33,1.720874847902138e-05,0.9915333674839086,3452
84802A,WHITE ANEMONE ARTIFICIAL FLOWER,353.21000000000004,0.0,353.21000000000004,209,0,24,1.720144342957647e-05,0.9915505689273382,3453
22039,BOTANICAL LILY GIFT WRAP,353.0,10.5,342.5,850,25,30,1.7191216360353595e-05,0.9915677601436985,3454
84898F,YELLOW FLOWERS FELT HANDBAG KIT,352.75,0.0,352.75,165,0,52,1.7179041277945413e-05,0.9915849391849765,3455
46000R,POLYESTER FILLER PAD 45x30cm,352.34999999999997,0.0,352.34999999999997,243,0,61,1.715956114609232e-05,0.9916020987461226,3456
84249D,FAIRY CAKE GREETINGS CARD,352.34,10.08,342.26,835,24,64,1.7159074142795994e-05,0.9916192578202654,3457
84809B,damaged,351.6,0.0,351.6,296,0,8,1.7123035898867777e-05,0.9916363808561642,3458
90201C,RED ENAMEL FLOWER RING,350.94000000000005,17.700000000000003,333.24,119,6,46,1.7090893681310175e-05,0.9916534717498455,3459
90161A,ANT COPPER RED BOUDICCA BRACELET,349.96000000000004,0.0,349.96000000000004,70,0,43,1.70431673582701e-05,0.9916705149172038,3460
82011B,BATHROOM SCALES RUBBER DUCKS,348.8,0.0,348.8,93,0,48,1.6986674975896132e-05,0.9916875015921797,3461
84535A,ENGLISH ROSE NOTEBOOK A6 SIZE,346.93,0.0,346.93,607,0,64,1.6895605359482926e-05,0.9917043971975391,3462
22257,FELT FARM ANIMAL SHEEP,346.72999999999996,15.0,331.72999999999996,420,12,57,1.688586529355638e-05,0.9917212830628327,3463
23015,CORDIAL GLASS JUG,346.63,57.75,288.88,41,7,18,1.6880995260593108e-05,0.9917381640580933,3464
84801B,WHITE HYDRANGEA ART FLOWER,345.00000000000006,0.0,345.00000000000006,214,0,18,1.680161372329176e-05,0.9917549656718166,3465
35004c,SET OF 3 COLOURED  FLYING DUCKS,343.72,0.0,343.72,27,0,25,1.6739277301361866e-05,0.991771704949118,3466
90014B,GOLD M.O.P. ORBIT NECKLACE,343.65999999999997,0.0,343.65999999999997,35,0,28,1.67363552815839e-05,0.9917884413043996,3467
35833P,check,343.42,0.0,343.42,186,0,64,1.6724667202472048e-05,0.9918051659716021,3468
21306,SET/4 DAISY MIRROR MAGNETS,343.09,7.319999999999999,335.77,682,19,68,1.6708596093693245e-05,0.9918218745676958,3469
84881,BLUE WIRE SPIRAL CANDLE HOLDER,342.94,6.35,336.59,52,1,24,1.6701291044248335e-05,0.99183857585874,3470
20940,SET/6 GARDEN GNOME T-LIGHT CANDLES,342.75,106.2,236.55,118,36,22,1.6692037981618117e-05,0.9918552678967216,3471
90191,SILVER LARIAT 40CM,342.6,0.0,342.6,40,0,21,1.668473293217321e-05,0.9918719526296538,3472
72811,SMALL ZINC/GLASS CANDLEHOLDER,340.45,0.0,340.45,445,0,22,1.6580027223462837e-05,0.9918885326568773,3473
75149N,STRING CRYSTALS NATURAL,340.0,0.0,340.0,272,0,25,1.655811207512811e-05,0.9919050907689524,3474
79303B,BLUE STAR BLOCK TABLE LAMP,339.57,0.0,339.57,109,0,10,1.6537170933386035e-05,0.9919216279398858,3475
84925A,WAKE UP COCKEREL WALL THERMOMETER,339.28999999999996,0.0,339.28999999999996,179,0,17,1.652353484108887e-05,0.9919381514747269,3476
21420,OYSTER TRINKET BOX,338.66,0.0,338.66,122,0,31,1.6492853633420254e-05,0.9919546443283602,3477
35914,PINK CHICK EGG WARMER + EGG CUP,337.43,0.0,337.43,244,0,56,1.6432952227971995e-05,0.9919710772805882,3478
84576,damaged,337.04,0.0,337.04,96,0,32,1.641395909941523e-05,0.9919874912396877,3479
17011F,ORIGAMI SANDLEWOOD INCENSE+FLOWER,336.20000000000005,0.0,336.20000000000005,385,0,20,1.6373050822523738e-05,0.9920038642905101,3480
22889,NUMBER TILE VINTAGE FONT No ,335.52,27.3,308.21999999999997,200,13,39,1.633993459837348e-05,0.9920202042251085,3481
90178A,AMBER CHUNKY GLASS+BEAD NECKLACE,334.36,0.0,334.36,28,0,21,1.6283442215999516e-05,0.9920364876673246,3482
20847,ZINC HEART LATTICE CHARGER LARGE,334.35,7.62,326.73,80,1,27,1.6282955212703187e-05,0.9920527706225373,3483
17109A,FLOWER FAIRY INCENSE LILY,333.61,0.0,333.61,709,0,13,1.624691696877497e-05,0.992069017539506,3484
23047,PAPER LANTERN 5 POINT SEQUIN STAR,333.5,0.0,333.5,58,0,25,1.6241559932515368e-05,0.9920852590994386,3485
21402,RED  EGG  SPOON,333.42,0.42,333.0,1698,1,151,1.623766390614475e-05,0.9921014967633447,3486
90175C,BLUE GLASS CHUNKY CHARM BRACELET,332.95,0.0,332.95,37,0,20,1.6214774751217364e-05,0.9921177115380959,3487
20688,BEAUTY SPEED EXPRESSO CUPS,332.9,0.0,332.9,464,0,11,1.621233973473573e-05,0.9921339238778306,3488
47583B,SET OF 3 WICKER BASKET TEA AND CAKE,332.6,0.0,332.6,27,0,6,1.619772963584591e-05,0.9921501216074664,3489
85089,CANDY SPOT BUNNY,332.29,0.0,332.29,104,0,29,1.6182632533659763e-05,0.9921663042400001,3490
35637C,PINK STRING CURTAIN WITH POLE,331.14,0.0,331.14,100,0,19,1.6126627154582123e-05,0.9921824308671546,3491
85024B,EAU DE NILE JEWELLED PHOTOFRAME,330.9,0.0,330.9,218,0,20,1.6114939075470267e-05,0.9921985458062301,3492
84870C,GREEN GEISHA GIRL ,330.36,0.0,330.36,93,0,41,1.6088640897468596e-05,0.9922146344471275,3493
35921,EASTER BUNNY HANGING GARLAND,330.32,1.25,329.07,183,1,49,1.6086692884283286e-05,0.9922307211400119,3494
22878,NUMBER TILE COTTAGE GARDEN No,330.26000000000005,2.1,328.16,128,1,45,1.6083770864505324e-05,0.9922468049108764,3495
90129B,TURQUOISE GLASS TASSLE BAG CHARM ,329.95,0.0,329.95,146,0,62,1.6068673762319177e-05,0.9922628735846387,3496
37467,PIG MUG IN TWO COLOUR DESIGNS,328.51,0.0,328.51,273,0,64,1.5998545287648044e-05,0.9922788721299264,3497
72739B,WHITE CHOCOLATE SCENT CANDLE,328.39000000000004,0.0,328.39000000000004,394,0,28,1.599270124809212e-05,0.9922948648311745,3498
21722,SWEET PUDDING STICKER SHEET,327.75,2.55,325.2,347,3,79,1.5961533037127172e-05,0.9923108263642116,3499
84902,PINK KNITTED COW STUFFED TOY,326.33,0.0,326.33,84,0,53,1.5892378569048694e-05,0.9923267187427807,3500
84706A,ENGLISH ROSE TABLE CLOCK,325.88,0.0,325.88,137,0,7,1.5870463420713966e-05,0.9923425892062013,3501
21309,LOUVRE CHALKBOARD,325.6,9.95,315.65,49,1,5,1.5856827328416802e-05,0.9923584460335297,3502
90209A,PURPLE ENAMEL+GLASS HAIR COMB,325.5,18.900000000000002,306.6,173,9,10,1.5851957295453527e-05,0.9923742979908252,3503
90018A,SILVER M.O.P ORBIT DROP EARRINGS,325.49,4.25,321.24,77,1,56,1.58514702921572e-05,0.9923901494611174,3504
23037,CANDLE HOLDER SILVER MADELINE,325.15999999999997,0.0,325.15999999999997,196,0,20,1.58353991833784e-05,0.9924059848603007,3505
17091B,JASMINE TEA INCENSE IN TIN,324.48,0.0,324.48,282,0,51,1.5802282959228147e-05,0.99242178714326,3506
23478,WOODLAND LARGE PINK FELT HEART,324.40000000000003,0.0,324.40000000000003,285,0,13,1.5798386932857527e-05,0.9924375855301929,3507
84509E,SET OF 4 CAROUSEL PLACEMATS ,323.36,0.0,323.36,161,0,32,1.5747738590039487e-05,0.9924533332687829,3508
23695,DOILY THANK YOU CARD,323.32,0.0,323.32,765,0,57,1.5745790576854177e-05,0.9924690790593598,3509
90175B,PINK GLASS CHUNKY CHARM BRACELET,322.84999999999997,17.9,304.95,36,2,27,1.5722901421926794e-05,0.9924848019607817,3510
84870B,BLUE GEISHA GIRL ,322.61,3.75,318.86,90,1,40,1.571121334281494e-05,0.9925005131741245,3511
90197B,BLACK GLASS BRACELET W HEART CHARMS,322.52000000000004,0.0,322.52000000000004,64,0,51,1.5706830313147995e-05,0.9925162200044376,3512
85131C,BEADED CRYSTAL HEART BLUE ON STICK,321.4,0.0,321.4,440,0,72,1.5652285943959336e-05,0.9925318722903815,3513
85070,for show,320.0,125.0,195.0,3,1,3,1.5584105482473517e-05,0.9925474563958641,3514
85033S,SET/6 SILVER REINDEER T-LIGHTS,319.95,0.65,319.3,260,1,49,1.5581670465991877e-05,0.9925630380663301,3515
84795b,SUNSET CHECK HAMMOCK,317.71999999999997,0.0,317.71999999999997,19,0,17,1.547306873091089e-05,0.992578511135061,3516
84933C,LARGE BLUE ORIENTAL FOLDING STOOL,317.0,0.0,317.0,136,0,6,1.5438004493575325e-05,0.9925939491395546,3517
84673A,PINK FLY SWAT,316.14000000000004,0.65,315.49,502,1,99,1.539612221009118e-05,0.9926093452617647,3518
21401,BLUE PUDDING SPOON,315.7,0.0,315.7,1437,0,121,1.5374694065052778e-05,0.9926247199558298,3519
85129B,BEADED CRYSTAL HEART GREEN SMALL,315.11,0.0,315.11,233,0,56,1.5345960870569468e-05,0.9926400659167004,3520
84933A,LARGE GREEN PEONY FOLDING STOOL,314.35,0.0,314.35,131,0,6,1.5308948620048595e-05,0.9926553748653204,3521
18096C,WHITE ROUND PORCELAIN TLIGHT HOLDER,314.0,30.599999999999998,283.4,123,12,20,1.5291903504677138e-05,0.9926706667688251,3522
46000U,POLYESTER FILLER PAD 30CMx30CM,313.75,0.0,313.75,251,0,51,1.5279728422268955e-05,0.9926859464972474,3523
90000D,COPPER/OLIVE GREEN FLOWER NECKLACE,313.75,0.0,313.75,51,0,34,1.5279728422268955e-05,0.9927012262256697,3524
35638B,PINK/BLUE STRING CURTAIN ,313.28999999999996,0.0,313.28999999999996,118,0,11,1.5257326270637897e-05,0.9927164835519403,3525
84838,ANT WHITE HIGH RISE BIRD BOX,312.5,0.0,312.5,50,0,4,1.5218853010228042e-05,0.9927317024049506,3526
90016B,GOLD/M.O.P PENDANT ORBIT NECKLACE,312.14,0.0,312.14,37,0,30,1.5201320891560259e-05,0.9927469037258422,3527
84671B,CROCHET BEAR WITH BLUE STRIPES,311.87,0.0,311.87,111,0,32,1.5188171802559423e-05,0.9927620918976447,3528
84522,PINK PARTY SUNGLASSES,311.86,0.0,311.86,186,0,26,1.5187684799263096e-05,0.992777279582444,3529
84219,BOX/12 MOTHER & CHICK IN BASKET/BOW,311.51,0.0,311.51,140,0,28,1.5170639683891639e-05,0.9927924502221279,3530
90098,NECKLACE+BRACELET PINK BUTTERFLY,311.47999999999996,15.299999999999999,296.18,141,6,55,1.5169178674002656e-05,0.992807619400802,3531
22872,NUMBER TILE COTTAGE GARDEN 4,311.3,0.0,311.3,136,0,39,1.5160412614668766e-05,0.9928227798134166,3532
35979,SIX STRING SCANDINAVIAN HEART DECS,311.03000000000003,35.400000000000006,275.63000000000005,94,12,27,1.514726352566793e-05,0.9928379270769423,3533
62095B,TURQOISE ICE CREAM SUNHAT,310.83,0.0,310.83,292,0,21,1.5137523459741383e-05,0.992853064600402,3534
84623,PINK GINGHAM ROSE FLOOR CUSHION,310.44,0.0,310.44,56,0,14,1.5118530331184619e-05,0.9928681831307332,3535
84933B,LARGE PINK PEONY FOLDING STOOL,309.15000000000003,0.0,309.15000000000003,136,0,6,1.5055706905958399e-05,0.9928832388376392,3536
84661A,WHITE SQUARE TABLE CLOCK,308.99,0.0,308.99,222,0,43,1.504791485321716e-05,0.9928982867524924,3537
17012E,ORIGAMI OPIUM INCENSE/CANDLE SET ,308.78999999999996,0.0,308.78999999999996,287,0,29,1.5038174787290614e-05,0.9929133249272797,3538
20795,LARGE BLUE PROVENCAL CERAMIC BALL,308.7,14.7,294.0,135,7,29,1.5033791757623668e-05,0.9929283587190373,3539
21196,ROUND WHITE CONFETTI IN TUBE,308.53999999999996,0.0,308.53999999999996,179,0,22,1.502599970488243e-05,0.9929433847187422,3540
77081,FLOWER WINDMILL,308.38,1.25,307.13,242,1,33,1.5018207652141195e-05,0.9929584029263944,3541
84906,PINK BUTTERFLY CUSHION COVER,307.47,1.95,305.52000000000004,66,1,21,1.4973890352175413e-05,0.9929733768167466,3542
47593A,CAROUSEL PONIES BABY BIB,306.67,0.0,306.67,303,0,97,1.4934930088469229e-05,0.992988311746835,3543
23495,SET OF 3 PANTRY WOODEN SPOONS,306.66,0.0,306.66,225,0,41,1.4934443085172901e-05,0.9930032461899202,3544
90173,PAIR BUTTERFLY HAIR CLIPS,306.64,3.75,302.89,81,1,51,1.4933469078580245e-05,0.9930181796589987,3545
72130,COLUMBIAN CANDLE ROUND,306.35,0.0,306.35,753,0,57,1.4919345982986756e-05,0.9930330990049817,3546
16254,TRANSPARENT ACRYLIC TAPE DISPENSER,305.66,0.0,305.66,941,0,40,1.4885742755540172e-05,0.9930479847477373,3547
44235,ASSORTED COLOURED CIRCLE MOBILE ,305.1,0.0,305.1,819,0,22,1.4858470570945843e-05,0.9930628432183082,3548
20800,LARGE GLASS SUNDAE DISH CLEAR,303.96,0.0,303.96,1005,0,5,1.480295219516453e-05,0.9930776461705033,3549
84627,CANDY STRIPE ROSE C/COVER ,303.45,47.6,255.85,51,8,19,1.4778115027051838e-05,0.9930924242855304,3550
21030,SPACE CADET RED,303.4,0.0,303.4,249,0,51,1.47756800105702e-05,0.9931071999655409,3551
72753D,S/3 FLWR FAIRY SUMMER CANDLES,302.40000000000003,33.6,268.8,144,16,9,1.4726979680937473e-05,0.9931219269452218,3552
90036D,"FLOWER GLASS GARLAND NECKL.36""BLACK",302.29,0.0,302.29,38,0,16,1.4721622644677872e-05,0.9931366485678665,3553
85147,JARDIN ETCHED GLASS CANDLEHLDR LONG,301.95,9.9,292.05,61,2,16,1.4705064532602742e-05,0.9931513536323991,3554
23430,BLUE RETRO KITCHEN WALL CLOCK,301.88,0.0,301.88,36,0,18,1.4701655509528452e-05,0.9931660552879087,3555
35645,VINTAGE BEAD PINK JEWEL BOX,301.81,0.0,301.81,61,0,34,1.4698246486454161e-05,0.9931807535343952,3556
21321,GLASS CHALICE BLUE  LARGE ,301.8,34.2,267.59999999999997,122,15,18,1.4697759483157835e-05,0.9931954512938783,3557
90035C,"PEARL & SHELL 42""NECKL. IVORY",301.0,0.0,301.0,28,0,5,1.465879921945165e-05,0.9932101100930978,3558
22954,HEN PARTY CORDON BARRIER TAPE,300.14,1.25,298.89,243,1,50,1.4616916935967501e-05,0.9932247270100337,3559
84800S,SMALL WHITE/PINK ROSE ART FLOWER,299.54,2.5,297.04,394,2,19,1.4587696738187867e-05,0.993239314706772,3560
23440,PAINT YOUR OWN EGGS IN CRATE,299.36,0.0,299.36,164,0,5,1.4578930678853974e-05,0.9932538936374508,3561
17001,HEAVENS SCENT FRAGRANCE OILS ASSTD,299.34999999999997,1.7399999999999998,297.61,1211,6,23,1.4578443675557644e-05,0.9932684720811263,3562
90124A,PINK MURANO TWIST NECKLACE,299.28,0.0,299.28,30,0,20,1.4575034652483354e-05,0.9932830471157789,3563
35981C,WHITE SNOW SCANDINAVIAN STOCKING ,298.0,0.0,298.0,590,0,67,1.4512698230553461e-05,0.9932975598140095,3564
47471,RAINBOW PEGS PHOTO CLIP STRING,297.67,0.0,297.67,431,0,63,1.449662712177466e-05,0.9933120564411313,3565
84247N,PACK/12 BLUE FOLKART CARDS,297.48,97.35000000000001,200.13000000000002,113,33,53,1.4487374059144443e-05,0.9933265438151905,3566
84882,GREEN WIRE STANDING CANDLE HOLDER,296.93,0.0,296.93,68,0,36,1.4460588877846441e-05,0.9933410044040684,3567
84482,BUTTONS DESIGN JEWELLERY BOX,296.77,37.5,259.27,76,10,32,1.4452796825105203e-05,0.9933554572008935,3568
79190D,RETRO PLASTIC DAISY TRAY,296.58,2.1,294.48,641,5,112,1.4443543762474984e-05,0.9933699007446559,3569
20869,GOLD FABRIC MIRROR,296.37,0.0,296.37,530,0,53,1.4433316693252112e-05,0.9933843340613492,3570
35920,FOUR RABBIT EASTER DECORATIONS,296.34,0.0,296.34,1070,0,24,1.4431855683363129e-05,0.9933987659170326,3571
16202A,PASTEL PINK PHOTO ALBUM ,296.0,97.80000000000001,198.20000000000002,663,324,21,1.4415297571288001e-05,0.9934131812146039,3572
DCGSSGIRL,GIRLS PARTY BAG,295.63,0.0,295.63,92,0,23,1.4397278449323892e-05,0.9934275784930532,3573
90129A,PINK GLASS TASSLE BAG CHARM ,295.38,0.0,295.38,151,0,73,1.438510336691571e-05,0.9934419635964201,3574
21697,SET 5 MINI DOUGHNUT FRIDGE MAGNET ,295.08000000000004,0.0,295.08000000000004,372,0,7,1.4370493268025892e-05,0.9934563340896881,3575
21388,IVORY HANGING DECORATION  CHICKEN,293.57,0.0,293.57,315,0,29,1.4296955770280469e-05,0.9934706310454584,3576
90185D,CRYSTAL DIAMANTE EXPANDABLE RING,293.33,12.75,280.58,69,3,35,1.4285267691168612e-05,0.9934849163131496,3577
84926A,WAKE UP COCKEREL TILE COASTER,293.08,0.0,293.08,664,0,51,1.427309260876043e-05,0.9934991894057583,3578
16212,FUNKY GIRLZ ASST MAGNETIC MEMO PAD,292.86,0.0,292.86,375,0,37,1.4262378536241232e-05,0.9935134517842945,3579
72801F,S/4 FESTIVE RED DINNER CANDLES,292.5,0.0,292.5,234,0,25,1.4244846417573447e-05,0.993527696630712,3580
90030B,RED KUKUI COCONUT SEED NECKLACE,292.08000000000004,0.0,292.08000000000004,139,0,36,1.4224392279127702e-05,0.9935419210229912,3581
37422,WHITE WITH BLACK CATS BOWL,292.08,0.0,292.08,434,0,73,1.42243922791277e-05,0.9935561454152704,3582
23567,EGG CUP HENRIETTA HEN PINK,291.58,1.25,290.33,211,1,37,1.4200042114311336e-05,0.9935703454573847,3583
84529A,PINK KNITTED KIDS RUCKSACK,290.78,0.0,290.78,50,0,19,1.4161081850605152e-05,0.9935845065392352,3584
20826,SILVER APERITIF GLASS,290.72,0.0,290.72,355,0,14,1.415815983082719e-05,0.9935986646990661,3585
23410,CURIO CABINET LINEN AND LACE ,290.1,8.15,281.95,36,1,18,1.4127965626454897e-05,0.9936127926646926,3586
22871,NUMBER TILE COTTAGE GARDEN 3 ,289.39,0.0,289.39,127,0,30,1.4093388392415657e-05,0.993626886053085,3587
72812,LARGE ZINC GLASS CANDLEHOLDER,288.46000000000004,0.0,288.46000000000004,105,0,31,1.4048097085857222e-05,0.9936409341501709,3588
20987,GEISHA GIRL CHOPSTICKS SET/5,288.35,0.0,288.35,131,0,22,1.4042740049597621e-05,0.9936549768902204,3589
47578A,ENGLISH ROSE SMALL SCENTED FLOWER,287.53,0.0,287.53,316,0,69,1.400280577929878e-05,0.9936689796959998,3590
21144,PINK POODLE HANGING DECORATION ,287.47,4.5600000000000005,282.91,543,12,60,1.3999883759520818e-05,0.9936829795797593,3591
20821,GOLDIE LOOKING MIRROR,286.42,69.30000000000001,217.12,42,14,25,1.3948748413406451e-05,0.9936969283281727,3592
90014C,SILVER AND BLACK ORBIT NECKLACE,284.67999999999995,0.0,284.67999999999995,29,0,20,1.38640098398455e-05,0.9937107923380125,3593
37413,ICON MUG REVOLUTIONARY,284.49,0.0,284.49,703,0,81,1.3854756777215282e-05,0.9937246470947897,3594
90185B,AMETHYST DIAMANTE EXPANDABLE RING,284.43,80.75,203.68,67,19,34,1.3851834757437319e-05,0.9937384989295471,3595
82093,HEART SHAPE BUTTON FRAME ,283.49,0.0,283.49,139,0,28,1.3806056447582553e-05,0.9937523049859948,3596
84977,WIRE FLOWER T-LIGHT HOLDER,282.58,0.0,282.58,224,0,44,1.3761739147616768e-05,0.9937660667251423,3597
84508C,check,282.37,2.55,279.82,104,1,43,1.3751512078393895e-05,0.9937798182372207,3598
20980,36 PENCILS TUBE POSY,282.31,11.25,271.06,233,9,58,1.3748590058615932e-05,0.9937935668272794,3599
85049g,CHOCOLATE BOX RIBBONS ,281.44,0.0,281.44,115,0,52,1.3706220771835457e-05,0.9938072730480512,3600
16052,TEATIME PUSH DOWN RUBBER,281.32,10.08,271.24,848,24,35,1.3700376732279529e-05,0.9938209734247835,3601
23481,PEARLISED IVORY HEART SMALL ,281.17,0.0,281.17,228,0,29,1.3693071682834621e-05,0.9938346664964663,3602
90163A,PINK ROSEBUD & PEARL NECKLACE,280.71,0.0,280.71,37,0,24,1.3670669531203563e-05,0.9938483371659975,3603
84457,SET/3 RABBITS FLOWER SKIPPPING ROPE,280.43,0.0,280.43,293,0,64,1.36570334389064e-05,0.9938619941994364,3604
84192,ASSORTED COLOUR METAL CAT ,279.85,0.0,279.85,233,0,38,1.3628787247719417e-05,0.9938756229866842,3605
21412,VINTAGE GOLD TINSEL REEL,279.84,3.78,276.06,277,9,67,1.3628300244423088e-05,0.9938892512869286,3606
84926F,PSYCHEDELIC TILE COASTER,279.15,6.959999999999999,272.19,485,24,42,1.3594697016976504e-05,0.9939028459839456,3607
72739C,DARK CHOCOLATE SCENTCANDLE,279.08,31.25,247.82999999999998,326,25,23,1.3591287993902214e-05,0.9939164372719396,3608
84625B,Damaged,279.0,10.2,268.8,180,12,17,1.3587391967531597e-05,0.9939300246639071,3609
90115,SUMMER BUTTERFLIES BAG CHARM,278.96,0.0,278.96,108,0,60,1.3585443954346285e-05,0.9939436101078615,3610
90122A,PINK CRYSTAL+GLASS BRACELET,278.84000000000003,0.0,278.84000000000003,56,0,31,1.357959991479036e-05,0.9939571897077762,3611
21367,MIRRORED WALL ART GENTS,278.47999999999996,0.0,278.47999999999996,211,0,60,1.3562067796122576e-05,0.9939707517755724,3612
35096A,BLUE VICTORIAN FABRIC HEART BOX,277.49,0.0,277.49,777,0,50,1.3513854469786174e-05,0.9939842656300422,3613
90146,FINE SILVER NECKLACE W PASTEL FLOWE,276.49,15.0,261.49,41,2,19,1.3465154140153445e-05,0.9939977307841823,3614
75178,ASSTD COL BUTTERFLY/CRYSTAL W/CHIME,276.43,0.0,276.43,499,0,25,1.3462232120375481e-05,0.9940111930163027,3615
84966C,GREEN KASHMIRI BOXED MIRROR,276.0,0.0,276.0,23,0,2,1.3441290978633407e-05,0.9940246343072814,3616
DCGS0076,SUNJAR LED NIGHT NIGHT LIGHT,275.96,0.0,275.96,17,0,14,1.3439342965448097e-05,0.9940380736502469,3617
23137,ZINC WIRE SWEETHEART LETTER TRAY,275.62,0.0,275.62,83,0,23,1.342278485337297e-05,0.9940514964351003,3618
47586A,PINK FAIRY CAKE CUSHION COVER,275.53,0.0,275.53,202,0,29,1.3418401823706022e-05,0.9940649148369239,3619
90085,CRYSTAL STILETTO PHONE CHARM,275.53,76.5,199.03,311,90,29,1.3418401823706022e-05,0.9940783332387476,3620
21095,SET/6 POSIES PAPER PLATES,274.57,0.0,274.57,295,0,40,1.3371649507258603e-05,0.9940917048882548,3621
84924F,PSYCHEDELIC METAL SIGN CALENDAR,274.55,120.0,154.55,975,480,10,1.337067550066595e-05,0.9941050755637555,3622
21193,WHITE HONEYCOMB PAPER FAN ,274.37,0.0,274.37,111,0,22,1.3361909441332058e-05,0.9941184374731968,3623
84927F,PSYCHEDELIC TILE HOOK,273.32,4.050000000000001,269.27,335,6,62,1.3310774095217691e-05,0.994131748247292,3624
23141,TRIPLE WIRE HOOK PINK HEART,272.91,0.0,272.91,79,0,25,1.3290806960068274e-05,0.9941450390542521,3625
84924D,LA PALMIERA METAL SIGN CALENDAR,272.61,0.0,272.61,764,0,15,1.3276196861178454e-05,0.9941583152511133,3626
79303D,LILAC FLOWER BLOCK TABLE LAMP,272.45,5.9,266.55,78,2,19,1.3268404808437216e-05,0.9941715836559217,3627
22868,NUMBER TILE COTTAGE GARDEN 0 ,272.33,0.0,272.33,125,0,27,1.3262560768881288e-05,0.9941848462166906,3628
84499,BLACK FLOWER CANDLE PLATE,272.16999999999996,0.0,272.16999999999996,326,0,41,1.325476871614005e-05,0.9941981009854067,3629
22874,NUMBER TILE COTTAGE GARDEN 6,272.02,0.0,272.02,126,0,28,1.3247463666695142e-05,0.9942113484490734,3630
90185C,BLACK DIAMANTE EXPANDABLE RING,271.96,123.25,148.71,64,29,32,1.3244541646917177e-05,0.9942245929907203,3631
90032,IVORY SHELL HEART NECKLACE,271.88,0.0,271.88,48,0,24,1.324064562054656e-05,0.9942378336363409,3632
22877,NUMBER TILE COTTAGE GARDEN 9,271.64,3.9,267.74,128,2,28,1.3228957541434704e-05,0.9942510625938823,3633
23474,WOODLAND SMALL BLUE FELT HEART,270.96,0.0,270.96,312,0,37,1.3195841317284448e-05,0.9942642584351996,3634
47351B,BLUE  VOILE LAMPSHADE,269.90000000000003,122.39999999999999,147.50000000000003,98,48,14,1.3144218967873757e-05,0.9942774026541675,3635
47591A,CAROUSEL CHILDRENS APRON,269.53999999999996,11.549999999999999,257.99,163,7,70,1.312668684920597e-05,0.9942905293410167,3636
85195,HANGING HEART BASKET,269.44000000000005,2.1,267.34000000000003,146,1,17,1.3121816816242702e-05,0.9943036511578329,3637
90122C,TURQUOISE CRYSTAL+GLASS BRACELET,269.1,0.0,269.1,54,0,30,1.3105258704167573e-05,0.994316756416537,3638
72793,BLACK BOX MIRROR LANTERN,268.75,5.95,262.8,55,1,10,1.3088213588796117e-05,0.9943298446301259,3639
20818,GOLD TEDDY BEAR,268.5,0.0,268.5,87,0,30,1.3076038506387935e-05,0.9943429206686323,3640
22875,NUMBER TILE COTTAGE GARDEN 7,268.34999999999997,0.0,268.34999999999997,123,0,30,1.3068733456943022e-05,0.9943559894020892,3641
90157,RIVIERA NECKLACE,268.23,0.0,268.23,54,0,24,1.3062889417387097e-05,0.9943690522915066,3642
21372,MIRRORED WALL ART TABLE LAMP,267.01,0.0,267.01,156,0,50,1.3003475015235167e-05,0.9943820557665218,3643
47481,50CM METAL STRING WITH  7 CLIPS,266.25,0.0,266.25,327,0,44,1.2966462764714292e-05,0.9943950222292866,3644
21032,SPACE CADET WHITE,265.91,3.75,262.16,214,3,50,1.2949904652639166e-05,0.9944079721339392,3645
44234,ASSORTED CIRCULAR MOBILE,265.84999999999997,0.42,265.43,1239,2,56,1.2946982632861199e-05,0.994420919116572,3646
23476,WOODLAND LARGE RED FELT HEART,264.72,0.0,264.72,205,0,22,1.2891951260376218e-05,0.9944338110678325,3647
21950,SET OF 6 DOTS CHOPSTICKS,263.63,192.05,71.57999999999998,211,181,18,1.2838867901076539e-05,0.9944466499357335,3648
90129E,PURPLE GLASS TASSLE BAG CHARM,263.14,0.0,263.14,129,0,59,1.2815004739556502e-05,0.9944594649404731,3649
22873,NUMBER TILE COTTAGE GARDEN 5,262.5,0.0,262.5,120,0,31,1.2783836528591556e-05,0.9944722487770017,3650
84806A,PINK CANDYSTUFT ARTIFICIAL FLOWER,261.90999999999997,0.0,261.90999999999997,319,0,20,1.2755103334108244e-05,0.9944850038803358,3651
21268,VINTAGE BLUE TINSEL REEL,261.66,0.0,261.66,397,0,49,1.2742928251700063e-05,0.9944977468085875,3652
79328,BLUE FLOCK GLASS CANDLEHOLDER,260.76,1.52,259.24,594,4,17,1.2699097955030605e-05,0.9945104459065425,3653
72799D,BLUE PILLAR CANDLE SILVER FLOCK,260.67,0.0,260.67,78,0,18,1.2694714925363661e-05,0.9945231406214678,3654
84597B,damages,259.37,3.75,255.62,205,3,27,1.2631404496841112e-05,0.9945357720259647,3655
85095,THREE CANVAS LUGGAGE TAGS,259.09,0.0,259.09,174,0,49,1.2617768404543946e-05,0.9945483897943692,3656
84613C,BLUE NEW BAROQUE FLOCK CANDLESTICK,258.06,0.0,258.06,62,0,12,1.2567607065022236e-05,0.9945609574014342,3657
90035A,"PEARL & SHELL 42""NECKL. GREEN",257.55,0.0,257.55,24,0,16,1.2542769896909544e-05,0.9945735001713312,3658
84520b,PACK 20 ENGLISH ROSE PAPER NAPKINS,257.4,0.0,257.4,110,0,10,1.2535464847464633e-05,0.9945860356361786,3659
85179C,PINK BITTY LIGHT CHAIN,257.15,0.0,257.15,116,0,40,1.252328976505645e-05,0.9945985589259437,3660
84371,BIG PINK POODLE,257.1,0.0,257.1,30,0,6,1.2520854748574816e-05,0.9946110797806923,3661
10123C,HEARTS WRAPPING TAPE ,256.36,12.540000000000001,243.82000000000002,653,150,63,1.2484816504646595e-05,0.9946235645971969,3662
90040B,MURANO STYLE GLASS BRACELET BLACK,255.97,0.0,255.97,71,0,36,1.246582337608983e-05,0.994636030420573,3663
22882,NUMBER TILE VINTAGE FONT 3,255.07999999999998,1.95,253.13,126,1,50,1.24224800827167e-05,0.9946484529006557,3664
72801d,4 SKY BLUE DINNER CANDLES,254.98,0.0,254.98,103,0,61,1.2417610049753428e-05,0.9946608705107055,3665
17038,PORCELAIN BUDAH INCENSE HOLDER,254.51000000000002,0.0,254.51000000000002,2559,0,55,1.2394720894826046e-05,0.9946732652316004,3666
85232b,SET OF 3 BABUSHKA STACKING TINS,254.47,0.0,254.47,25,0,22,1.2392772881640736e-05,0.994685658004482,3667
84461,12 PINK HEN+CHICKS IN BASKET,253.79,28.049999999999997,225.73999999999998,99,11,40,1.235965665749048e-05,0.9946980176611395,3668
gift_0001_50,Dotcomgiftshop Gift Voucher £50.00,253.59,0.0,253.59,6,0,6,1.2349916591563933e-05,0.9947103675777311,3669
90028,NEW BAROQUE LARGE NECKLACE BLK/WHIT,253.29,0.0,253.29,30,0,24,1.2335306492674115e-05,0.9947227028842238,3670
21493,VINTAGE DESIGN GIFT TAGS,252.45,0.0,252.45,272,0,29,1.229439821578262e-05,0.9947349972824396,3671
79338,DARK PINK FLOCK GLASS CANDLEHOLDER,252.29000000000002,0.0,252.29000000000002,553,0,13,1.2286606163041386e-05,0.9947472838886027,3672
22876,NUMBER TILE COTTAGE GARDEN 8,252.22,0.0,252.22,118,0,23,1.2283197139967093e-05,0.9947595670857426,3673
21370,MIRRORED WALL ART FOXY,251.97,0.0,251.97,54,0,22,1.2271022057558911e-05,0.9947718381078002,3674
23149,ANTIQUE IVORY WIRE BOWL SMALL,251.45000000000002,27.39,224.06000000000003,99,11,21,1.2245697886149893e-05,0.9947840838056864,3675
DCGSSBOY,BOYS PARTY BAG,251.35,0.0,251.35,77,0,21,1.2240827853186618e-05,0.9947963246335396,3676
90081C,LILY BROOCH OLIVE COLOUR,250.47000000000003,0.0,250.47000000000003,50,0,36,1.2197971563109819e-05,0.9948085226051028,3677
90073,VINTAGE ENAMEL & CRYSTAL EARRINGS,250.34,0.0,250.34,50,0,34,1.2191640520257561e-05,0.994820714245623,3678
47503H,ASS FLORAL PRINT SPIRIT LEVEL ,250.02,1.95,248.07,162,1,60,1.2176056414775088e-05,0.9948328903020378,3679
20836,FRENCH PAISLEY CUSHION COVER,250.0,45.36000000000001,204.64,224,24,22,1.2175082408182433e-05,0.994845065384446,3680
21460,GREEN EASTER EGG HUNT START POST,249.64999999999998,15.6,234.04999999999998,113,8,27,1.2158037292810978e-05,0.9948572234217388,3681
90170,DAISY HAIR BAND,249.57999999999998,19.799999999999997,229.78,150,12,73,1.2154628269736687e-05,0.9948693780500085,3682
90087,CRYSTAL SEA HORSE PHONE CHARM,249.55999999999997,42.5,207.06,311,50,53,1.2153654263144032e-05,0.9948815317042716,3683
46307,ROSES BLUE BASE CUSHION COVER ,249.33,0.0,249.33,53,0,33,1.2142453187328505e-05,0.994893674157459,3684
84030c,KNITTED RAINBOW HOT WATER BOTTLE,248.0,0.0,248.0,32,0,13,1.2077681748916975e-05,0.9949057518392079,3685
90081A,LILY BROOCH AMETHYST COLOUR,247.75000000000003,0.0,247.75000000000003,50,0,24,1.2065506666508793e-05,0.9949178173458745,3686
23465,TUSCAN VILLA BIRD FEEDER,247.63,0.0,247.63,29,0,16,1.2059662626952864e-05,0.9949298770085014,3687
84621,BLUE GINGHAM ROSE FLOOR CUSHION ,247.26,0.0,247.26,29,0,15,1.2041643504988754e-05,0.9949419186520064,3688
90036C,"FLOWER GLASS GARLAND NECKL.36""BLUE",246.83,0.0,246.83,31,0,15,1.2020702363246682e-05,0.9949539393543697,3689
82011A,"BATHROOM SCALES, TROPICAL BEACH",246.58,3.75,242.83,59,1,34,1.20085272808385e-05,0.9949659478816506,3690
90119,METALIC LEAVES BAG CHARMS,245.61999999999998,0.0,245.61999999999998,98,0,42,1.1961774964391077e-05,0.994977909656615,3691
84993B,75 BLACK PETIT FOUR CASES,244.08,0.0,244.08,552,0,86,1.1886776456756674e-05,0.9949897964330718,3692
90096,NECKLACE+BRACELET SET BLUE BLOSSOM,243.60999999999999,0.0,243.60999999999999,104,0,49,1.186388730182929e-05,0.9950016603203736,3693
90129C,GREEN GLASS TASSLE BAG CHARM,243.38,0.0,243.38,107,0,51,1.1852686226013763e-05,0.9950135130065997,3694
35818P,"ACRYLIC JEWEL ICICLE, PINK",243.29,0.0,243.29,562,0,25,1.1848303196346818e-05,0.995025361309796,3695
90196A,PURPLE GEMSTONE NECKLACE 45CM,242.25,12.75,229.5,19,1,11,1.1797654853528778e-05,0.9950371589646495,3696
23475,WOODLAND SMALL PINK FELT HEART,242.17999999999998,0.0,242.17999999999998,286,0,31,1.1794245830454486e-05,0.9950489532104799,3697
90196B,BLACK GEMSTONE NECKLACE 45CM,241.98,0.0,241.98,19,0,14,1.1784505764527941e-05,0.9950607377162445,3698
23143,ZINC WIRE KITCHEN ORGANISER,239.97,0.0,239.97,30,0,16,1.1686618101966155e-05,0.9950724243343464,3699
20855,PINK PATCH PURSE BLUE HEART,239.24999999999997,1.65,237.59999999999997,145,1,47,1.1651553864630587e-05,0.995084075888211,3700
90210D,PURPLE ACRYLIC FACETED BANGLE,238.68,0.0,238.68,143,0,23,1.1623794676739933e-05,0.9950956996828878,3701
84629,WHITE 3 FRAME BIRDS AND TREE ,237.8,4.95,232.85,24,1,13,1.1580938386663132e-05,0.9951072806212745,3702
82553,POP'S GREASY SPOON METAL SIGN,237.73,0.0,237.73,114,0,42,1.157752936358884e-05,0.995118858150638,3703
37508,NEW ENGLAND CERAMIC CAKE SERVER,237.21999999999997,0.0,237.21999999999997,92,0,46,1.1552692195476146e-05,0.9951304108428335,3704
82585,SWEET VALENCIA CANDLE+CUP,237.15,15.0,222.15,165,12,47,1.1549283172401857e-05,0.9951419601260059,3705
23580,SNACK TRAY HAPPY FOREST  ,236.87,0.0,236.87,117,0,25,1.1535647080104692e-05,0.995153495773086,3706
90133,TEAL/FUSCHIA COL BEAD NECKLACE,236.46,0.0,236.46,47,0,36,1.1515679944955273e-05,0.9951650114530309,3707
84247K,"FOLK ART GREETING CARD,pack/12",236.43000000000004,32.45,203.98000000000002,76,11,28,1.1514218935066293e-05,0.995176525671966,3708
44217M,MULTICOLOUR FEATHERS CURTAIN,236.40000000000003,236.40000000000003,0.0,72,72,3,1.1512757925177312e-05,0.9951880384298912,3709
20891,LARGE GLASS ROSE SCENTED CANDLE ,236.32999999999998,0.0,236.32999999999998,684,0,3,1.1509348902103018e-05,0.9951995477787934,3710
37483,ENGLISH ROSE MUG IN GIFT BOX,235.44,2.55,232.89,144,1,10,1.1466005608729889e-05,0.9952110137844021,3711
90210B,CLEAR ACRYLIC FACETED BANGLE,234.99,0.0,234.99,103,0,24,1.144409046039516e-05,0.9952224578748625,3712
20736,PINK MINI TAPE MEASURE ,234.35,0.0,234.35,291,0,19,1.1412922249430212e-05,0.9952338707971119,3713
84796a,PINK HAWAIIAN PICNIC HAMPER FOR 2,234.28,0.0,234.28,28,0,20,1.1409513226355922e-05,0.9952452803103382,3714
22880,NUMBER TILE VINTAGE FONT 1,234.17,0.0,234.17,113,0,37,1.1404156190096321e-05,0.9952566844665283,3715
84660c,PINK STITCHED WALL CLOCK,233.98,0.0,233.98,31,0,28,1.1394903127466104e-05,0.9952680793696558,3716
23036,T-LIGHT HOLDER SILVER PETIT FOUR ,233.67000000000002,0.0,233.67000000000002,185,0,16,1.1379806025279958e-05,0.9952794591756811,3717
90185A,AMBER DIAMANTE EXPANDABLE RING,233.29,55.25,178.04,55,13,26,1.136129990001952e-05,0.995290820475581,3718
84797b,BLUE SAVANNAH PICNIC HAMPER FOR 4,232.62,0.0,232.62,21,0,19,1.1328670679165591e-05,0.9953021491462603,3719
35991,SET/6 BLACK SNOWFLAKE T-LIGHTS ,232.5,0.0,232.5,403,0,54,1.1322826639609663e-05,0.9953134719728999,3720
16256B,FLOWER PENCIL/RUBBER+5 MINI PENCILS,232.35,0.0,232.35,524,0,35,1.1315521590164754e-05,0.99532478749449,3721
23447,PINK BUNNY EASTER EGG BASKET,231.89999999999998,0.0,231.89999999999998,158,0,4,1.1293606441830025e-05,0.9953360811009319,3722
21226,POCKET MIRROR WOODLAND,231.79999999999998,0.0,231.79999999999998,214,0,37,1.1288736408866752e-05,0.9953473698373407,3723
90181B,AMETHYST GLASS/SHELL/PEARL NECKLACE,231.27,0.0,231.27,25,0,24,1.1262925234161406e-05,0.9953586327625749,3724
16202C,BEIGE PHOTO ALBUM,230.59,0.0,230.59,97,0,12,1.122980901001115e-05,0.9953698625715849,3725
90164A,PINK ROSEBUD PEARL BRACELET,230.39,0.0,230.39,40,0,25,1.1220068944084604e-05,0.9953810826405289,3726
23446,BLUE BUNNY EASTER EGG BASKET,230.24999999999997,0.0,230.24999999999997,157,0,3,1.121325089793602e-05,0.9953922958914269,3727
72781,BLACK SILOUETTE CANDLE PLATE ,229.5,12.600000000000001,216.9,121,6,15,1.1176725650711474e-05,0.9954034726170776,3728
90122B,JADE CRYSTAL+GLASS BRACELET,228.99,0.0,228.99,46,0,26,1.1151888482598783e-05,0.9954146245055602,3729
21639,ASSORTED TUTTI FRUTTI KEYRING,228.64999999999998,6.8,221.85,259,8,15,1.1135330370523653e-05,0.9954257598359307,3730
90199B,5 STRAND GLASS NECKLACE AMETHYST,228.60999999999999,0.0,228.60999999999999,36,0,31,1.1133382357338343e-05,0.9954368932182881,3731
17084P,DRAGONS BLOOD INCENSE,228.0,0.0,228.0,1015,0,70,1.110367515626238e-05,0.9954479968934443,3732
90090,PINK CRYSTAL HEART PHONE CHARM,227.72,31.45,196.26999999999998,263,37,22,1.1090039063965215e-05,0.9954590869325083,3733
35809B,ENAMEL BLUE RIM TEA CONTAINER,227.54000000000002,0.0,227.54000000000002,104,0,33,1.1081273004631325e-05,0.9954701682055129,3734
71028B,SILVER BLUE EGG T-LIGHT HOLDER,227.48000000000002,0.0,227.48000000000002,494,0,13,1.1078350984853362e-05,0.9954812465564978,3735
84705C,PINK FLOCK PHOTO FRAME ,227.33,0.0,227.33,162,0,8,1.1071045935408451e-05,0.9954923176024333,3736
72750D,F.FAIRY S/3 CANDLE/GLASS,226.5,0.0,226.5,110,0,11,1.1030624661813286e-05,0.9955033482270951,3737
23003,Printing smudges/thrown away,226.2,0.0,226.2,542,0,53,1.1016014562923466e-05,0.995514364241658,3738
90003D,CRYSTAL PAIR HEART HAIR SLIDES,226.17,26.25,199.92,60,7,32,1.1014553553034483e-05,0.995525378795211,3739
90155,RESIN NECKLACE W PASTEL BEADS,226.16,0.0,226.16,30,0,21,1.1014066549738156e-05,0.9955363928617607,3740
84966A,PINK KASHMIRI BOXED MIRROR,225.95,0.0,225.95,13,0,4,1.1003839480515284e-05,0.9955473967012411,3741
90116,FRUIT SALAD BAG CHARM,225.51999999999998,0.0,225.51999999999998,106,0,63,1.098289833877321e-05,0.9955583795995799,3742
21369,MIRRORED WALL ART SPLODGES,225.36,0.0,225.36,133,0,22,1.0975106286031973e-05,0.9955693547058659,3743
TEST001,This is a test product.,225.0,22.5,202.5,50,5,9,1.095757416736419e-05,0.9955803122800333,3744
90186A,AMETHYST HOOP EARRING FLORAL LEAF,224.38000000000002,0.0,224.38000000000002,76,0,33,1.0927379962991899e-05,0.9955912396599963,3745
84927E,FLOWERS TILE HOOK,224.31,19.56,204.75,494,194,29,1.0923970939917607e-05,0.9956021636309362,3746
35597B,BLACKCHRISTMAS TREE 30CM,224.1,0.0,224.1,78,0,7,1.0913743870694734e-05,0.995613077374807,3747
90125D,PURPLE BERTIE GLASS BEAD BAG CHARM,223.74,0.0,223.74,136,0,36,1.0896211752026951e-05,0.995623973586559,3748
84690,S/2 BEACH HUT STOOLS,222.6,15.9,206.70000000000002,28,2,14,1.0840693376245639e-05,0.9956348142799352,3749
16258B,DAISY ERASERS IN BAG,221.48000000000002,0.0,221.48000000000002,1017,0,15,1.0786149007056983e-05,0.9956456004289422,3750
17011C,ORIGAMI LAVENDER INCENSE+FLOWER,221.4,0.0,221.4,335,0,2,1.0782252980686363e-05,0.9956563826819229,3751
21102,"CANDLE IN JAR COLLAGE , VANILLA",221.07999999999998,79.05,142.03,82,31,20,1.076666887520389e-05,0.9956671493507981,3752
17013B,ORIGAMI JASMINE INCENSE IN TUBE,221.03,0.0,221.03,256,0,3,1.0764233858722254e-05,0.9956779135846568,3753
72807b,SET/3 OCEAN SCENT CANDLE JEWEL BOX,220.94000000000003,0.0,220.94000000000003,26,0,19,1.0759850829055308e-05,0.995688673435486,3754
90024B,NEW BAROQUE B'FLY NECKLACE RED,220.74,17.0,203.74,26,2,22,1.0750110763128762e-05,0.9956994235462491,3755
35833G,damages,220.66,0.0,220.66,134,0,34,1.0746214736758143e-05,0.9957101697609858,3756
62086A,PINK RETRO BIG FLOWER BAG,220.35,0.0,220.35,113,0,24,1.0731117634571996e-05,0.9957209008786204,3757
90124C,GREEN MURANO TWIST NECKLACE,220.20999999999998,0.0,220.20999999999998,22,0,16,1.0724299588423415e-05,0.9957316251782088,3758
90123A,PINK HEART OF GLASS BRACELET,220.02,0.0,220.02,37,0,19,1.0715046525793197e-05,0.9957423402247346,3759
72225D,VANILLA SCENT CAKE CANDLE ,219.45999999999998,0.0,219.45999999999998,962,0,11,1.0687774341198866e-05,0.9957530279990758,3760
85168A,WHITE BAROQUE CARRIAGE CLOCK,218.89999999999998,0.0,218.89999999999998,22,0,15,1.0660502156604538e-05,0.9957636885012324,3761
90058A,CRYSTAL STUD EARRINGS CLEAR DISPLAY,218.88,13.68,205.2,576,36,13,1.0659528150011885e-05,0.9957743480293825,3762
22881,NUMBER TILE VINTAGE FONT 2,218.82,0.0,218.82,112,0,36,1.065660613023392e-05,0.9957850046355127,3763
22884,NUMBER TILE VINTAGE FONT 5,217.26,0.0,217.26,110,0,39,1.0580633616006863e-05,0.9957955852691287,3764
90005A,JADE GREEN ENAMEL HAIR COMB,216.87,0.0,216.87,106,0,57,1.0561640487450099e-05,0.9958061469096161,3765
35817P,thrown away,216.7,0.0,216.7,420,0,11,1.0553361431412533e-05,0.9958167002710475,3766
84725,FREESTYLE CANVAS ART PICTURE,216.49999999999997,0.0,216.49999999999997,134,0,29,1.0543621365485986e-05,0.995827243892413,3767
35793,S/3 PUPPIES CHRISTMAS DECORATIONS,216.33,0.0,216.33,108,0,15,1.0535342309448424e-05,0.9958377792347224,3768
37492A,YELLOW RED FLOWER PIGGY BANK,216.07,4.65,211.42,108,1,11,1.0522680223743914e-05,0.9958483019149461,3769
84807,damages,215.93,0.0,215.93,233,0,7,1.0515862177595333e-05,0.9958588177771237,3770
90036A,FLOWER GARLAND NECKLACE RED,215.76000000000002,0.0,215.76000000000002,27,0,20,1.0507583121557769e-05,0.9958693253602453,3771
84247C,PACK/12 BLUE REINDEER CARD,215.35000000000002,0.0,215.35000000000002,73,0,22,1.048761598640835e-05,0.9958798129762317,3772
21368,MIRRORED WALL ART LADIES,215.33999999999997,0.0,215.33999999999997,203,0,47,1.048712898311202e-05,0.9958903001052148,3773
21543,BUTTERFLY WATER TRANSFER TATTOOS ,215.0,0.0,215.0,284,0,24,1.0470570871036893e-05,0.9959007706760858,3774
48179,DOOR MAT SWEET HOME,214.47,0.0,214.47,34,0,11,1.0444759696331545e-05,0.9959112154357822,3775
51012C,"FEATHER DUSTER, COAL BLACK",213.75,3.75,210.0,171,3,27,1.0409695458995981e-05,0.9959216251312412,3776
90214A,"LETTER ""A"" BLING KEY RING",213.65,7.5,206.15,213,6,104,1.0404825426032708e-05,0.9959320299566672,3777
90019C,SILVER BLACK ORBIT BRACELET,213.38,0.0,213.38,40,0,34,1.039167633703187e-05,0.9959424216330042,3778
16201A,PASTEL PINK PHOTO ALBUM,213.37,3.9,209.47,101,2,9,1.0391189333735545e-05,0.9959528128223379,3779
21400,RED PUDDING SPOON,213.07,5.04,208.03,1078,12,91,1.0376579234845725e-05,0.9959631894015728,3780
22883,NUMBER TILE VINTAGE FONT 4,213.04999999999998,1.95,211.1,109,1,34,1.037560522825307e-05,0.995973565006801,3781
84805A,CREAM CLIMBING HYDRANGA ART FLOWER,212.85,0.0,212.85,147,0,8,1.0365865162326523e-05,0.9959839308719634,3782
47574B,ENGLISH ROSE SCENTED HANGING HEART,212.5,0.0,212.5,50,0,27,1.034882004695507e-05,0.9959942796920103,3783
85039a,SET/4 RED MINI ROSE CANDLE IN BOWL,212.45,0.0,212.45,64,0,44,1.0346385030473432e-05,0.9960046260770408,3784
84313A,PINK TV TRAY TABLE ,212.42,0.0,212.42,38,0,19,1.034492402058445e-05,0.9960149710010614,3785
84927D,LA PALMIERA TILE HOOK,211.68,40.86000000000001,170.82000000000002,954,435,28,1.030888577665623e-05,0.9960252798868381,3786
47343A,FUSCHIA FLOWER PURSE WITH BEADS,210.73,0.0,210.73,203,0,23,1.0262620463505137e-05,0.9960355425073016,3787
90210A,GREY ACRYLIC FACETED BANGLE,210.29,0.0,210.29,89,0,21,1.0241192318466735e-05,0.9960457836996202,3788
22885,NUMBER TILE VINTAGE FONT 6 ,210.26,1.95,208.31,112,1,35,1.0239731308577754e-05,0.9960560234309287,3789
20827,damages,209.36,0.0,209.36,173,0,8,1.0195901011908298e-05,0.9960662193319406,3790
20814,SILVER FINCH DECORATION,208.89000000000001,16.25,192.64000000000001,189,13,13,1.0173011856980915e-05,0.9960763923437976,3791
84706F,RED PEONY TABLE CLOCK,208.3,8.95,199.35,34,1,17,1.0144278662497604e-05,0.9960865366224602,3792
90211B,JET BLACK LAS VEGAS NECKLACE 45CM,208.21,11.9,196.31,35,2,26,1.0139895632830658e-05,0.996096676518093,3793
90056,CHUNKY CRACKED GLAZE NECKLACE IVORY,207.94,0.0,207.94,19,0,14,1.0126746543829821e-05,0.9961068032646369,3794
90016A,SILVER/M.O.P PENDANT ORBIT NECKLACE,207.86,0.0,207.86,29,0,16,1.0122850517459203e-05,0.9961169261151543,3795
37485,ENGLISH ROSE TEA SET IN GIFT BOX,207.69,0.0,207.69,49,0,15,1.0114571461421639e-05,0.9961270406866157,3796
90040A,MURANO STYLE GLASS BRACELET RED,207.05,10.5,196.55,53,3,34,1.0083403250456693e-05,0.9961371240898662,3797
17014D,ORIGAMI ROSE INCENSE CONES,204.36,0.0,204.36,479,0,8,9.952399363744649e-06,0.99614707648923,3798
35824B,"HANGING FLOWERS+MIRROR,BLUE",203.24,0.0,203.24,528,0,6,9.897854994555991e-06,0.9961569743442245,3799
20890,SMALL GLASS ROSE SCENTED CANDLE,202.62,0.0,202.62,605,0,4,9.867660790183698e-06,0.9961668420050146,3800
37506,NEW ENGLAND MILK JUG W GIFT BOX,202.3,0.0,202.3,34,0,26,9.852076684701225e-06,0.9961766940816993,3801
48103,DOORMAT KISS MY.......,201.73,0.0,201.73,35,0,10,9.824317496810568e-06,0.9961865183991961,3802
84723,CHERRY BLOSSOM CANVAS ART PICTURE,201.3,47.7,153.6,54,6,12,9.803376355068496e-06,0.9961963217755512,3803
72754A,damaged,201.24,0.0,201.24,292,0,5,9.800454335290533e-06,0.9962061222298865,3804
20672,PINK TEATIME PRINT BOWL,201.0,0.0,201.0,138,0,36,9.788766256178676e-06,0.9962159109961426,3805
90144,SILVER DROP EARRINGS WITH FLOWER,199.45,0.0,199.45,53,0,33,9.713280745247945e-06,0.9962256242768879,3806
79403,FROSTED WHITE BASE ,199.01999999999998,11.899999999999999,187.11999999999998,216,14,36,9.692339603505871e-06,0.9962353166164913,3807
90000A,RASPBERRY ANT COPPER FLOWER NECKLAC,198.98000000000002,0.0,198.98000000000002,33,0,21,9.690391590320563e-06,0.9962450070080816,3808
84797a,PINK HAWAIIAN PICNIC HAMPER FOR 4,198.84,0.0,198.84,18,0,17,9.683573544171981e-06,0.9962546905816257,3809
47504F,ENGLISH ROSE TORCH,198.11,0.0,198.11,528,0,14,9.64802230354009e-06,0.9962643386039293,3810
22330,72 ROUND PINK DOILIES,197.89999999999998,17.4,180.5,128,12,22,9.637795234317214e-06,0.9962739763991636,3811
37471,MULTICOLOUR POLKADOT PLATE,197.85,68.4,129.45,1405,684,10,9.635360217835578e-06,0.9962836117593814,3812
84855,BLOKEY SILVER TOOL SET,196.70000000000002,0.0,196.70000000000002,36,0,15,9.57935483875794e-06,0.9962931911142202,3813
90029,NEW BAROQUE SMALL NECKLACE BLACK,195.14,8.5,186.64,23,1,12,9.50338232453088e-06,0.9963026944965447,3814
84985B,SET OF 72 BLACK PAPER DOILIES ,194.95999999999998,0.0,194.95999999999998,128,0,24,9.494616265196987e-06,0.9963121891128099,3815
23697,A PRETTY THANK YOU CARD,194.58,0.0,194.58,456,0,35,9.476110139936553e-06,0.9963216652229498,3816
90065A,WHITE VINTAGE CRYSTAL BRACELET,193.96,7.22,186.74,28,1,16,9.44591593556426e-06,0.9963311111388854,3817
35819B,check,193.06,0.0,193.06,387,0,32,9.402085638894802e-06,0.9963405132245243,3818
21582,KINGS CHOICE SMALL TUBE MATCHES,193.04999999999998,0.0,193.04999999999998,117,0,16,9.401598635598475e-06,0.9963499148231599,3819
84893,ANT WHITE IRON BASKET,192.3,0.0,192.3,34,0,15,9.36507338837393e-06,0.9963592798965483,3820
84255B,ORANGE COCKTAIL GLASS LAMP,192.26000000000002,0.0,192.26000000000002,66,0,18,9.36312537518862e-06,0.9963686430219234,3821
90036F,"FLOWER GLASS GARLD NECKL36""TURQUOIS",192.17000000000002,0.0,192.17000000000002,24,0,15,9.358742345521674e-06,0.9963780017642689,3822
84899F,YELLOW PURPLE DAISY FELT PURSE KIT,192.17,0.0,192.17,121,0,53,9.358742345521672e-06,0.9963873605066145,3823
84926C,FAIRY CAKES TILE COASTER,192.1,7.5,184.6,140,6,31,9.355333322447381e-06,0.9963967158399369,3824
72051S,BAG OF SILVER STONES,191.73,0.0,191.73,302,0,54,9.337314200483272e-06,0.9964060531541374,3825
90003C,MIDNIGHT BLUE PAIR HEART HAIR SLIDE,191.54,26.25,165.29,51,7,35,9.328061137853053e-06,0.9964153812152753,3826
90178B,PURPLE CHUNKY GLASS+BEAD NECKLACE,191.40999999999997,0.0,191.40999999999997,16,0,11,9.321730095000798e-06,0.9964247029453703,3827
90094,NECKLACE+BRACELET SET FRUIT SALAD ,190.17,0.0,190.17,75,0,38,9.261341686256213e-06,0.9964339642870566,3828
84744,S/6 SEW ON CROCHET FLOWERS,190.02,0.0,190.02,150,0,31,9.254036636811304e-06,0.9964432183236933,3829
84803A,PINK ALLIUM  ARTIFICIAL FLOWER,189.28,5.07,184.21,112,3,17,9.217998392883085e-06,0.9964524363220862,3830
85128,PLANTPOT SINGLE HOOK PISTACHIO,188.95000000000002,0.0,188.95000000000002,167,0,4,9.201927284104284e-06,0.9964616382493704,3831
84706B,FAIRY CAKES TABLE CLOCK,188.73,17.9,170.82999999999998,20,2,9,9.191213211585083e-06,0.996470829462582,3832
90159,COTE D'AZURE NECKLACE,188.58,0.0,188.58,38,0,20,9.183908162140174e-06,0.9964800133707442,3833
90130B,TURQ STONE/CRYSTAL EARRINGS,188.09,0.0,188.09,64,0,49,9.160045000620137e-06,0.9964891734157448,3834
20837,FRENCH FLORAL CUSHION COVER ,188.07,0.0,188.07,165,0,18,9.159070994027482e-06,0.9964983324867389,3835
85114b,IVORY ENCHANTED FOREST PLACEMAT,186.76000000000002,0.0,186.76000000000002,56,0,19,9.095273562208607e-06,0.9965074277603011,3836
90210C,RED   ACRYLIC FACETED BANGLE,186.56,0.0,186.56,118,0,14,9.08553349628206e-06,0.9965165132937974,3837
84452,METAL RABBIT LADDER EASTER ,186.16,13.6,172.56,198,16,44,9.066053364428967e-06,0.9965255793471619,3838
16053,POPART COL BALLPOINT PEN ASST,185.73,60.0,125.73,4313,2000,10,9.045112222686893e-06,0.9965346244593846,3839
84510a,SET OF 4 ENGLISH ROSE COASTERS,185.7,0.0,185.7,75,0,58,9.043651212797911e-06,0.9965436681105974,3840
84877A,PINK ROUND COMPACT MIRROR,185.66,0.0,185.66,74,0,17,9.041703199612603e-06,0.996552709813797,3841
85114a,BLACK ENCHANTED FOREST PLACEMAT,185.64000000000001,0.0,185.64000000000001,56,0,17,9.04072919301995e-06,0.99656175054299,3842
35838A,S/6 MULTICOLOUR ORNAMENETAL CANDLE,185.25,0.0,185.25,181,0,20,9.021736064463184e-06,0.9965707722790544,3843
20968,GREEN FLORAL FELTCRAFT SHOULDER BAG,185.11,0.0,185.11,43,0,19,9.014918018314602e-06,0.9965797871970727,3844
35911B,PINK/FLOWER RABBIT EGG WARMER ,184.76000000000002,0.0,184.76000000000002,159,0,24,8.997872902943147e-06,0.9965887850699757,3845
23416,CHAMBRE HOOK,184.67999999999998,0.0,184.67999999999998,132,0,25,8.993976876572527e-06,0.9965977790468523,3846
20957,PORCELAIN HANGING BELL SMALL,184.60999999999999,1.45,183.16,126,1,15,8.990567853498236e-06,0.9966067696147058,3847
84029D,LEOPARD PRINT HOT WATER BOTTLE,183.98000000000002,0.0,183.98000000000002,51,0,15,8.959886645829617e-06,0.9966157295013517,3848
90125A,PINK BERTIE GLASS BEAD BAG CHARM,183.97,25.200000000000003,158.77,149,12,18,8.95939964253329e-06,0.9966246889009942,3849
21018,damaged,183.56,0.0,183.56,214,0,42,8.939432507383871e-06,0.9966336283335016,3850
90129F,RED GLASS TASSLE BAG CHARM,183.26000000000002,0.0,183.26000000000002,81,0,41,8.924822408494053e-06,0.99664255315591,3851
90086,CRYSTAL FROG PHONE CHARM,182.79,0.0,182.79,216,0,46,8.901933253566667e-06,0.9966514550891635,3852
17090A,LAVENDER INCENSE 40 CONES IN TIN,182.65,0.0,182.65,173,0,26,8.895115207418086e-06,0.9966603502043709,3853
90214S,"LETTER ""S"" BLING KEY RING",182.59,7.5,175.09,185,6,86,8.892193187640122e-06,0.9966692423975586,3854
20796,SMALL BLUE PROVENCAL CERAMIC BALL,182.15999999999997,0.0,182.15999999999997,99,0,22,8.871252045898047e-06,0.9966781136496045,3855
79144B,PAINTED LIGHTBULB STAR+ MOON,181.87,0.0,181.87,352,0,91,8.857128950304558e-06,0.9966869707785547,3856
84464,S/60 PINK FLUFFY CHICKS IN BOX,181.64999999999998,0.0,181.64999999999998,83,0,11,8.846414877785355e-06,0.9966958171934325,3857
37379B,BLUE CHERRY BLOSSOM CUP & SAUCER,181.5,0.0,181.5,1122,0,3,8.839109828340447e-06,0.9967046563032608,3858
79144C,PAINTED LIGHTBULB RAINBOW DESIGN,180.98,0.0,180.98,308,0,97,8.813785656931428e-06,0.9967134700889178,3859
16043,POP ART PUSH DOWN RUBBER ,180.29999999999998,67.67999999999999,112.62,2145,984,13,8.78066943278117e-06,0.9967222507583505,3860
35818B,adjustment,180.05,0.0,180.05,408,0,11,8.76849435037299e-06,0.9967310192527009,3861
47347B,BLUE FLOWER T-LIGHT HOLDER,179.88,0.0,179.88,240,0,11,8.760215294335425e-06,0.9967397794679953,3862
90180B,PURPLE AMETHYST NECKLACE W TASSEL,179.88,0.0,179.88,18,0,14,8.760215294335425e-06,0.9967485396832897,3863
84962,SET/3 COLOUR PAINTED KASHMIRI STOOL,179.85000000000002,0.0,179.85000000000002,3,0,2,8.758754284446444e-06,0.9967572984375741,3864
84661C,PINK SQUARE TABLE CLOCK,179.75,0.0,179.75,150,0,25,8.75388425148317e-06,0.9967660523218256,3865
21310,CAPIZ CHANDELIER,179.7,29.95,149.75,6,1,4,8.751449235001534e-06,0.9967748037710605,3866
17011A,ORIGAMI VANILLA INCENSE+FLOWER ,179.56,0.0,179.56,261,0,12,8.744631188852952e-06,0.9967835484022494,3867
90063A,WHITE VINT ART DECO CRYSTAL NECKLAC,178.48,0.0,178.48,21,0,13,8.692034832849603e-06,0.9967922404370823,3868
90013D,PURPLE VINTAGE EARRINGS,178.11,0.0,178.11,46,0,17,8.674015710885494e-06,0.9968009144527932,3869
21031,SPACE CADET BLACK,177.95,1.25,176.7,145,1,39,8.666223658144256e-06,0.9968095806764513,3870
90000B,MIDNIGHT BLUE COPPER FLOWER NECKLAC,177.29000000000002,5.95,171.34,29,1,21,8.634081440586656e-06,0.9968182147578919,3871
90072,RUBY DROP CHANDELIER EARRINGS,176.31,0.0,176.31,44,0,30,8.58635511754658e-06,0.9968268011130095,3872
82607C,damages,175.60999999999999,0.0,175.60999999999999,115,0,43,8.552264886803668e-06,0.9968353533778963,3873
84564,6 SEGMENT COLOURED SNACK BOWL ,175.48000000000002,0.0,175.48000000000002,21,0,11,8.545933843951415e-06,0.9968438993117402,3874
84967A,PINK KASHMIRI OCCASIONAL TABLE,174.9,79.95,94.95,3,1,3,8.51768765276443e-06,0.996852416999393,3875
22886,NUMBER TILE VINTAGE FONT 7,174.16,0.0,174.16,98,0,29,8.481649408836211e-06,0.9968608986488018,3876
82587,TEXRIO TOMATOES CANDLE+CUP,173.03,15.0,158.03,133,12,40,8.426618036351226e-06,0.9968693252668381,3877
21461,BLUE EASTER EGG HUNT START POST,172.98999999999998,9.75,163.23999999999998,83,5,23,8.424670023165916e-06,0.9968777499368613,3878
75011,BLUE DAISY MOBILE,172.51,0.0,172.51,181,0,15,8.401293864942207e-06,0.9968861512307262,3879
90123D,WHITE HEART OF GLASS BRACELET,172.39,0.0,172.39,29,0,14,8.395449825386278e-06,0.9968945466805516,3880
90060F,FIRE POLISHED GLASS NECKL GREEN,172.09,0.0,172.09,29,0,18,8.38083972649646e-06,0.9969029275202781,3881
85185C,COW  SOCK PUPPET,171.10000000000002,0.0,171.10000000000002,58,0,27,8.332626400160058e-06,0.9969112601466783,3882
84706C,PINK FLOCK TABLE CLOCK ,170.8,0.0,170.8,84,0,4,8.318016301270239e-06,0.9969195781629796,3883
90063B,BLACK VINT ART DEC CRYSTAL NECKLACE,170.17000000000002,0.0,170.17000000000002,20,0,14,8.28733509360162e-06,0.9969278654980732,3884
17014A,ORIGAMI VANILLA INCENSE CONES,170.13,0.0,170.13,276,0,16,8.28538708041631e-06,0.9969361508851536,3885
85040a,S/4 PINK FLOWER CANDLES IN BOWL,169.75,0.0,169.75,51,0,34,8.266880955155872e-06,0.9969444177661088,3886
47570b,TEA TIME TABLE CLOTH,169.4,0.0,169.4,8,0,8,8.249835839784418e-06,0.9969526676019486,3887
84531A,returned,169.35999999999999,0.0,169.35999999999999,191,0,45,8.247887826599108e-06,0.9969609154897752,3888
37491C,GREEN/BLUE CERAMIC CANDLE HOLDER,169.17,0.0,169.17,59,0,10,8.238634763968889e-06,0.9969691541245391,3889
90166,PINK & WHITE ROSEBUD RING,168.94,4.25,164.69,40,1,31,8.227433688153362e-06,0.9969773815582272,3890
90019B,GOLD M.O.P ORBIT BRACELET,168.62,0.0,168.62,32,0,28,8.211849582670889e-06,0.9969855934078099,3891
90204,PAIR OF ENAMEL BUTTERFLY HAIRCLIP,168.46,13.4,155.06,50,4,37,8.204057529929652e-06,0.9969937974653398,3892
90065B,BLACK VINT ART DEC CRYSTAL BRACELET,168.37,0.0,168.37,24,0,16,8.199674500262706e-06,0.9970019971398401,3893
85205A,IVORY FELT EASTER RABBIT GARLAND,168.29999999999998,0.0,168.29999999999998,66,0,21,8.196265477188414e-06,0.9970101934053173,3894
90186B,CRYSTAL HOOP EARRING FLORAL LEAF,168.26000000000002,0.0,168.26000000000002,57,0,31,8.194317464003106e-06,0.9970183877227813,3895
21087,SET/6 POSIES PAPER CUPS,168.08,0.0,168.08,260,0,32,8.185551404669214e-06,0.997026573274186,3896
84531B,returned,167.91,0.0,167.91,196,0,42,8.17727234863165e-06,0.9970347505465346,3897
35916C,PINK FELT HANGING HEART W FLOWER,167.54999999999998,0.0,167.54999999999998,157,0,42,8.159740229963867e-06,0.9970429102867645,3898
90123B,TURQUOISE HEART OF GLASS BRACELET,166.59,0.0,166.59,28,0,13,8.112987913516448e-06,0.997051023274678,3899
90211A,DIAMOND LAS VEGAS NECKLACE 45CM,166.57000000000002,0.0,166.57000000000002,28,0,21,8.112013906923793e-06,0.9970591352885849,3900
84231,EASTER BUNNY WITH BASKET ON BACK,166.21,0.0,166.21,230,0,50,8.09448178825601e-06,0.9970672297703732,3901
gift_0001_40,Dotcomgiftshop Gift Voucher £40.00,166.09,0.0,166.09,5,0,5,8.088637748700081e-06,0.9970753184081219,3902
90214L,"LETTER ""L"" BLING KEY RING",166.06,10.0,156.06,176,8,68,8.0871767388111e-06,0.9970834055848607,3903
90003B,ROSE COLOUR PAIR HEART HAIR SLIDES,165.81,26.25,139.56,44,7,25,8.075001656402918e-06,0.9970914805865172,3904
10123G,ARMY CAMO WRAPPING TAPE,165.55999999999997,66.24,99.32,2251,1104,16,8.062826573994734e-06,0.9970995434130911,3905
90093,CLEAR CRYSTAL STAR PHONE CHARM,165.34,22.95,142.39,209,27,25,8.052112501475534e-06,0.9971075955255926,3906
23694,PAISLEY PARK CARD,165.07999999999998,0.0,165.07999999999998,376,0,41,8.039450415771025e-06,0.9971156349760083,3907
37479P,CUBIC MUG FLOCK PINK ON BROWN,164.76,0.0,164.76,182,0,34,8.023866310288551e-06,0.9971236588423186,3908
90018B,GOLD M.O.P ORBIT DROP EARRINGS,164.62,0.0,164.62,39,0,31,8.01704826413997e-06,0.9971316758905827,3909
90129D,AMBER GLASS TASSLE BAG CHARM,164.52,0.0,164.52,68,0,34,8.012178231176697e-06,0.9971396880688139,3910
85024C,PINK SMALL JEWELLED PHOTOFRAME,163.35,1.65,161.7,99,1,42,7.955198845506402e-06,0.9971476432676595,3911
16202E,BLACK PHOTO ALBUM ,162.73,5.55,157.18,82,1,14,7.925004641134109e-06,0.9971555682723006,3912
90039D,FIRE POLISHED GLASS BRACELET GREEN,162.66,0.0,162.66,43,0,24,7.921595618059818e-06,0.9971634898679186,3913
90214C,"LETTER ""C"" BLING KEY RING",162.53,7.5,155.03,165,6,69,7.915264575207564e-06,0.9971714051324938,3914
90162B,ANT SILVER LIME GREEN BOUDICCA RING,162.25000000000003,2.95,159.3,55,1,20,7.9016284829104e-06,0.9971793067609768,3915
47369B,BLUE GREEN EMBROIDERY COSMETIC BAG,162.03,0.0,162.03,57,0,29,7.8909144103912e-06,0.9971871976753872,3916
20693,FLORAL DINOSAUR GREEN,161.89000000000001,4.25,157.64000000000001,33,1,18,7.884096364242618e-06,0.9971950817717514,3917
90190C,SILVER/AMETHYST DROP EARRINGS LEAF,161.82,0.0,161.82,55,0,36,7.880687341168325e-06,0.9972029624590926,3918
90214J,"LETTER ""J"" BLING KEY RING",161.47,7.5,153.97,157,6,88,7.86364222579687e-06,0.9972108261013184,3919
90042A,FRESHWATER PEARL BRACELET GOLD,160.79,0.0,160.79,63,0,33,7.830526001646614e-06,0.99721865662732,3920
90123C,GREEN HEART OF GLASS BRACELET,160.75,0.0,160.75,27,0,12,7.828577988461305e-06,0.9972264852053084,3921
21353,SILVER SLEIGHBELL  WREATH,160.45,0.0,160.45,19,0,9,7.813967889571485e-06,0.9972342991731981,3922
22887,NUMBER TILE VINTAGE FONT 8,160.35999999999999,0.0,160.35999999999999,92,0,28,7.80958485990454e-06,0.997242108758058,3923
81952V,ROUND PURPLE CLOCK WITH SUCKER,160.25,0.0,160.25,466,0,46,7.80422782364494e-06,0.9972499129858816,3924
84599,CANDY STRIPE ROSE FLOOR CUSHION,160.15,0.0,160.15,15,0,6,7.799357790681667e-06,0.9972577123436723,3925
23305,SET 4 PICNIC CUTLERY BLUEBERRY,159.9,0.0,159.9,82,0,9,7.787182708273485e-06,0.9972654995263805,3926
90214K,"LETTER ""K"" BLING KEY RING",159.65,1.25,158.4,155,1,83,7.775007625865303e-06,0.9972732745340064,3927
37379A,PINK CHERRY BLOSSOM CUP & SAUCER,159.2,1.25,157.95,41,1,16,7.753092477530574e-06,0.997281027626484,3928
16054,POPART RECT PENCIL SHARPENER ASST,159.0,12.959999999999999,146.04000000000002,1210,108,39,7.743352411604027e-06,0.9972887709788956,3929
85166A,WHITE METAL BAROQUE PHOTO FRAME,158.9,3.75,155.15,77,1,12,7.738482378640756e-06,0.9972965094612742,3930
90048,GREEN WITH METAL BAG CHARM,158.89000000000001,49.5,109.39,31,10,8,7.737995375344428e-06,0.9973042474566496,3931
22864,MUG AND COASTER SET RED CIRCLES,158.76,0.0,158.76,378,0,2,7.731664332492173e-06,0.9973119791209821,3932
48175,DOOR MAT CAMOUFLAGE,158.04,0.0,158.04,39,0,2,7.696600095156606e-06,0.9973196757210773,3933
84927A,WAKE UP COCKEREL TILE HOOK,157.61,10.35,147.26000000000002,226,75,33,7.675658953414534e-06,0.9973273513800307,3934
21489,BLUE WHITE SCARF HOT WATER BOTTLE,157.60000000000002,0.0,157.60000000000002,28,0,14,7.675171950118207e-06,0.9973350265519808,3935
72140E,BEST DAD CANDLE LETTERS,157.57,0.85,156.72,219,1,29,7.673710940229224e-06,0.997342700262921,3936
23417,BATHROOM HOOK,157.5,0.0,157.5,146,0,27,7.670301917154933e-06,0.9973503705648382,3937
90059A,DIAMANTE HAIR GRIP PACK/2 CRYSTAL,156.98,9.899999999999999,147.07999999999998,94,6,48,7.644977745745914e-06,0.997358015542584,3938
23468,TUSCAN VILLA BIRD TABLE ,156.75,0.0,156.75,19,0,11,7.633776669930387e-06,0.9973656493192539,3939
17178,FLAT PALM T-LIGHT HOLDER,156.65,0.0,156.65,133,0,24,7.628906636967113e-06,0.9973732782258908,3940
46138B,BLUE CHENILLE SHAGGY CUSHION COVER ,156.29,11.05,145.24,71,13,25,7.61137451829933e-06,0.9973808896004092,3941
84228,HEN HOUSE WITH CHICK STANDING,156.07,0.42,155.65,354,1,46,7.6006604457801295e-06,0.997388490260855,3942
84914A,PINK ROSE PICNIC RUG,155.7,0.0,155.7,6,0,5,7.582641323816019e-06,0.9973960729021788,3943
90183A,AMBER DROP EARRINGS W LONG BEADS,155.65,17.700000000000003,137.95000000000002,53,6,31,7.580206307334383e-06,0.9974036531084861,3944
20664,TROPICAL HOLIDAY PURSE ,155.41,0.0,155.41,57,0,31,7.568518228222528e-06,0.9974112216267144,3945
72351a,SET/6 TURQUOISE BUTTERFLY T-LIGHTS,154.89,0.0,154.89,37,0,28,7.543194056813508e-06,0.9974187648207712,3946
23496,PANTRY KITCHEN THERMOMETER ,154.52,0.0,154.52,112,0,31,7.525174934849399e-06,0.997426289995706,3947
72801c,4 ROSE PINK DINNER CANDLES,153.67,0.0,153.67,62,0,36,7.483779654661578e-06,0.9974337737753607,3948
47518F,ICON PLACEMAT POP ART ELVIS,153.14,0.0,153.14,903,0,34,7.457968479956231e-06,0.9974412317438407,3949
79192A,RETRO PLASTIC 70'S TRAY,152.64,10.0,142.64,114,8,35,7.433618315139866e-06,0.9974486653621558,3950
84622,PINK GINGHAM ROSE CUSHION COVER,152.6,5.95,146.65,23,1,9,7.431670301954557e-06,0.9974560970324577,3951
90030C,BROWN KUKUI COCONUT SEED NECKLACE,151.3,0.0,151.3,87,0,16,7.36835987343201e-06,0.9974634653923312,3952
20952,PORCELAIN CHERUB BELL SMALL,151.14,119.16,31.97999999999999,330,260,24,7.3605678206907715e-06,0.9974708259601519,3953
84968a,SET OF 16 VINTAGE ROSE CUTLERY,150.82,0.0,150.82,6,0,4,7.344983715208298e-06,0.9974781709438671,3954
84989a,75 GREEN FAIRY CAKE CASES,150.57,0.0,150.57,74,0,41,7.332808632800116e-06,0.9974855037525,3955
79161A,ST GEORGE SET OF 10 PARTY LIGHTS,150.45000000000002,0.0,150.45000000000002,51,0,16,7.3269645932441895e-06,0.9974928307170933,3956
35980C,REDWHITE STRIPE SCANDINAVIAN HEART ,150.3,16.72,133.58,384,44,29,7.31965954379928e-06,0.9975001503766371,3957
90042C,FRESHWATER PEARL BRACELET IVORY,150.20999999999998,0.0,150.20999999999998,59,0,26,7.315276514132332e-06,0.9975074656531512,3958
84527,FLAMES SUNGLASSES PINK LENSES,150.01,0.0,150.01,79,0,22,7.305536448205787e-06,0.9975147711895994,3959
17108D,missing?,149.1,0.0,149.1,355,0,23,7.261219148240003e-06,0.9975220324087477,3960
90040D,MURANO STYLE GLASS BRACELET PINK,148.87,0.0,148.87,41,0,25,7.250018072424476e-06,0.9975292824268202,3961
84709A,Damaged,148.75,0.0,148.75,25,0,13,7.244174032868548e-06,0.997536526600853,3962
71496A,A4 WALL TIDY BLUE OFFICE,148.01000000000002,0.0,148.01000000000002,244,0,17,7.208135788940329e-06,0.9975437347366419,3963
90022,EDWARDIAN DROP EARRINGS JET BLACK,147.17,22.5,124.67,39,6,32,7.1672275120488344e-06,0.997550901964154,3964
84720,DOT MATRIX CANVAS ART PICTURE,147.05,0.0,147.05,35,0,3,7.161383472492908e-06,0.9975580633476264,3965
90040C,MURANO STYLE GLASS BRACELET GOLD,146.75,10.5,136.25,41,3,21,7.146773373603089e-06,0.9975652101210001,3966
90002A,FLOWER BURST SILVER RING OPAL,146.25,0.0,146.25,39,0,14,7.1224232087867235e-06,0.9975723325442089,3967
35610B,thrown away,144.07,0.0,144.07,179,0,13,7.0162564901873726e-06,0.997579348800699,3968
90016C,SILVER/BLACK PENDANT ORBIT NECKLACE,144.07,0.0,144.07,17,0,14,7.0162564901873726e-06,0.9975863650571891,3969
79191D,RETRO PLASTIC DAISY TRAY,143.87,11.86,132.01,138,13,56,7.006516424260827e-06,0.9975933715736134,3970
90036B,"FLOWER GLASS GARLAND NECKL.36""GREEN",143.1,0.0,143.1,18,0,10,6.969017170443625e-06,0.9976003405907838,3971
10120,DOGGY RUBBER,142.95,6.3,136.65,665,30,73,6.961712120998715e-06,0.9976073023029048,3972
84874B,BLUE TRAVEL FIRST AID KIT,141.76,0.0,141.76,86,0,36,6.903758728735767e-06,0.9976142060616335,3973
90202D,PINK ENAMEL FLOWER HAIR TIE,141.49,17.700000000000003,123.79,48,6,24,6.89060963973493e-06,0.9976210966712733,3974
72740A,LARGE STRAWBERRY CHOCOLATE CANDLE,141.23,0.0,141.23,65,0,12,6.87794755403042e-06,0.9976279746188274,3975
90214M,"LETTER ""M"" BLING KEY RING",141.07,0.0,141.07,139,0,64,6.870155501289183e-06,0.9976348447743286,3976
47590b,PINK HAPPY BIRTHDAY BUNTING,140.5,0.0,140.5,13,0,10,6.842396313398528e-06,0.997641687170642,3977
47369A,PINK GREEN EMBROIDERY COSMETIC BAG,140.4,0.0,140.4,48,0,25,6.837526280435255e-06,0.9976485246969224,3978
84617,NEW BAROQUE BLACK BOXES,140.25,0.0,140.25,11,0,7,6.830221230990345e-06,0.9976553549181534,3979
84765,SILVER ROCOCO CANDELABRA,140.23,25.5,114.72999999999999,9,2,6,6.82924722439769e-06,0.9976621841653778,3980
90212B,JET BLACK LAS VEGAS BRACELET ROUND,140.07,0.0,140.07,37,0,28,6.821455171656454e-06,0.9976690056205494,3981
78026,SEAGRASS S/3 SQU LAUNDRY BOX,139.95,0.0,139.95,12,0,2,6.815611132100526e-06,0.9976758212316815,3982
90199A,5 STRAND GLASS NECKLACE BLACK,139.5,6.35,133.15,22,1,16,6.7936959837657985e-06,0.9976826149276653,3983
23463,VINTAGE ZINC WATERING CAN,139.39999999999998,0.0,139.39999999999998,13,0,8,6.788825950802524e-06,0.9976894037536161,3984
90199D,5 STRAND GLASS NECKLACE AMBER,139.28,0.0,139.28,22,0,16,6.782981911246598e-06,0.9976961867355274,3985
90214E,"LETTER ""E"" BLING KEY RING",139.28,7.5,131.78,142,6,67,6.782981911246598e-06,0.9977029697174387,3986
84510c,SET OF 4 POLKADOT COASTERS,138.85999999999999,0.0,138.85999999999999,56,0,34,6.762527772800851e-06,0.9977097322452114,3987
23304,SET 4 PICNIC CUTLERY CHERRY ,138.45,0.0,138.45,71,0,9,6.742560637651431e-06,0.997716474805849,3988
72754B,F FAIRY POTPOURRI CUSHIONS LAVENDER,137.54000000000002,0.0,137.54000000000002,170,0,8,6.698243337685649e-06,0.9977231730491867,3989
35816P,"ACRYLIC JEWEL ANGEL,PINK",137.43,0.0,137.43,297,0,9,6.6928863014260475e-06,0.9977298659354881,3990
90156,RESIN BRACELET W PASTEL BEADS,137.37,0.0,137.37,25,0,14,6.689964281648084e-06,0.9977365558997697,3991
84549,CROCHET WHITE RABBIT KEYRING ,137.26999999999998,0.0,137.26999999999998,75,0,16,6.68509424868481e-06,0.9977432409940185,3992
S,SAMPLES,136.85,6137.7,-6000.85,3,99,3,6.664640110239064e-06,0.9977499056341287,3993
35824P,damages,136.44,0.0,136.44,324,0,3,6.644672975089645e-06,0.9977565503071038,3994
90151,SILVER/NATURAL SHELL NECKLACE,136.17000000000002,0.0,136.17000000000002,16,0,9,6.6315238860888084e-06,0.9977631818309899,3995
90024E,NEW BAROQUE B'FLY NECKLACE MONTANA,135.98,0.0,135.98,16,0,11,6.6222708234585885e-06,0.9977698041018134,3996
90194,SILVER LARIAT BLACK STONE EARRINGS,135.84,0.0,135.84,32,0,21,6.615452777310007e-06,0.9977764195545907,3997
90038A,GLASS AND PAINTED BEADS BRACELET TO,135.8,0.0,135.8,36,0,22,6.613504764124699e-06,0.9977830330593549,3998
90177D,DROP DIAMANTE EARRINGS PURPLE,135.76000000000002,17.700000000000003,118.06,46,6,25,6.6115567509393896e-06,0.9977896446161059,3999
17011D,ORIGAMI ROSE INCENSE+FLOWER,135.70000000000002,0.0,135.70000000000002,209,0,4,6.608634731161426e-06,0.997796253250837,4000
77079,DOLPHIN WINDMILL,135.68,0.0,135.68,64,0,12,6.6076607245687705e-06,0.9978028609115616,4001
85132a,CHARLIE + LOLA BISCUITS TINS,135.13,0.0,135.13,10,0,10,6.580875543270769e-06,0.9978094417871048,4002
72134,COLUMBIAN  CUBE CANDLE ,134.85,0.0,134.85,339,0,29,6.567239450973604e-06,0.9978160090265559,4003
16020C,CLEAR STATIONERY BOX SET ,134.5,0.0,134.5,160,0,39,6.55019433560215e-06,0.9978225592208915,4004
22879,NUMBER TILE VINTAGE FONT 0,134.4,0.0,134.4,82,0,21,6.545324302638876e-06,0.9978291045451941,4005
35015,JACOBS LADDER SMALL,134.08,0.0,134.08,2072,0,39,6.529740197156403e-06,0.9978356342853912,4006
84555A,YELLOW VW BEETLE CERAMIC MONEY BOX,133.85000000000002,0.0,133.85000000000002,47,0,16,6.518539121340876e-06,0.9978421528245126,4007
35609A,PINK FEATHER CHRISTMAS DECORATION,133.23,0.0,133.23,447,0,24,6.488344916968582e-06,0.9978486411694296,4008
46137D,GREEN CHENILLE SHAGGY RUG,132.75,0.0,132.75,45,0,4,6.464968758744873e-06,0.9978551061381884,4009
90190B,GOLD/AMBER DROP EARRINGS W LEAF,132.58,0.0,132.58,45,0,15,6.456689702707309e-06,0.9978615628278911,4010
90137,PINK COMBO MINI CRYSTALS NECKLACE,132.52,0.0,132.52,26,0,15,6.453767682929345e-06,0.997868016595574,4011
45013,FOLDING SHOE TIDY,132.0,0.0,132.0,48,0,8,6.428443511520325e-06,0.9978744450390855,4012
47592B,SCOTTIE DOGS CHILDRENS OVERALL,131.9,0.0,131.9,67,0,29,6.423573478557052e-06,0.9978808686125641,4013
90023,FILIGREE DIAMANTE EARRINGS,131.74,0.0,131.74,31,0,21,6.415781425815816e-06,0.9978872843939899,4014
90165B,WHITE ROSEBUD  PEARL EARRINGS,131.65,0.0,131.65,52,0,35,6.41139839614887e-06,0.9978936957923861,4015
35933,PINK STOCKING CHRISTMAS DECORATION,131.38,0.0,131.38,319,0,28,6.398249307148033e-06,0.9979000940416932,4016
90101,WHITE FRANGIPANI NECKLACE,131.16,15.299999999999999,115.86,52,6,29,6.387535234628832e-06,0.9979064815769279,4017
84656,WHITE ROSE C/COVER,130.9,0.0,130.9,22,0,13,6.374873148924322e-06,0.9979128564500768,4018
22888,NUMBER TILE VINTAGE FONT 9 ,130.82999999999998,0.0,130.82999999999998,79,0,23,6.371464125850031e-06,0.9979192279142026,4019
16119,FUNKY GIRL ADDRESS BOOK,130.71,0.0,130.71,273,0,8,6.365620086294104e-06,0.9979255935342889,4020
84925E,FLOWERS WALL THERMOMETER,130.05,0.0,130.05,75,0,3,6.333477868736503e-06,0.9979319270121576,4021
20899,VINTAGE NOTEBOOK RED ROSE,129.8,0.0,129.8,44,0,12,6.32130278632832e-06,0.9979382483149439,4022
90099,NECKLACE+BRACELET SET BLUE HIBISCUS,129.69,0.0,129.69,42,0,25,6.315945750068719e-06,0.997944564260694,4023
90190A,SILVER/CRYSTAL DROP EARRINGS W LEAF,129.59,0.0,129.59,44,0,31,6.311075717105447e-06,0.9979508753364111,4024
84886,BLUE METAL WALL SHELF,129.35,0.0,129.35,13,0,9,6.299387637993591e-06,0.9979571747240491,4025
10080,GROOVY CACTUS INFLATABLE,129.29,0.0,129.29,315,0,27,6.296465618215627e-06,0.9979634711896673,4026
85160a,WHITE BIRD GARDEN DESIGN MUG,129.04,0.0,129.04,8,0,3,6.2842905358074445e-06,0.9979697554802032,4027
84858A,NATURAL RIVIERA HANDBAG,128.83,0.0,128.83,53,0,8,6.274063466584572e-06,0.9979760295436697,4028
90181A,AMBER GLASS/SHELL/PEARL NECKLACE,128.64,0.0,128.64,14,0,14,6.264810403954352e-06,0.9979822943540737,4029
84559D,3D SHEET OF SEA WORLD STICKERS,128.41,0.0,128.41,149,0,31,6.253609328138825e-06,0.9979885479634019,4030
90003E,GREEN PAIR HEART HAIR SLIDES,127.81,15.0,112.81,34,4,22,6.224389130359188e-06,0.9979947723525322,4031
84251G,"GREETING CARD, OVERCROWDED POOL.",127.75,0.0,127.75,473,0,91,6.221467110581224e-06,0.9980009938196428,4032
90024D,NEW BAROQUE B'FLY NECKLACE PINK,127.5,0.0,127.5,15,0,13,6.2092920281730415e-06,0.998007203111671,4033
84782B,BLACK 3 TIER GLASS PLATE STAND,127.5,0.0,127.5,10,0,6,6.2092920281730415e-06,0.9980134124036992,4034
85018C,S/6 PAPER BOXES CURIOUS IMAGES ,127.2,0.0,127.2,36,0,4,6.1946819292832226e-06,0.9980196070856285,4035
81950B,FLOWER BLUE CLOCK WITH SUCKER,127.03,0.85,126.17999999999999,217,1,34,6.1864028732456585e-06,0.9980257934885017,4036
16168S,FUNKY MONKEY GIFT BAG SMALL,126.82999999999998,0.0,126.82999999999998,1283,0,11,6.176662807319111e-06,0.9980319701513091,4037
23303,SET 4 PICNIC CUTLERY FONDANT,126.75,0.0,126.75,65,0,6,6.172766780948494e-06,0.99803814291809,4038
84367,crushed,126.29999999999998,0.0,126.29999999999998,74,0,8,6.150851632613765e-06,0.9980442937697226,4039
82607E,GLASS BONBON JAR. D'AMANDES,126.25,1.25,125.0,101,1,25,6.148416616132129e-06,0.9980504421863388,4040
gift_0001_10,Dotcomgiftshop Gift Voucher £10.00,126.21,0.0,126.21,15,0,14,6.14646860294682e-06,0.9980565886549417,4041
90174,BUTTERFLY HAIR BAND,126.11999999999999,30.599999999999998,95.52,50,12,32,6.142085573279873e-06,0.998062730740515,4042
90108,BLUE BLOSSOM HAIR CLIP,125.83000000000001,10.5,115.33000000000001,109,10,21,6.127962477686384e-06,0.9980688587029927,4043
23578,SNACK TRAY RED GINGHAM,125.72,0.0,125.72,60,0,14,6.122605441426782e-06,0.9980749813084341,4044
90138,WHITE/PINK MINI CRYSTALS NECKLACE,125.64,0.0,125.64,24,0,17,6.118709415056164e-06,0.9980811000178491,4045
84558a,3D DOG PICTURE PLAYING CARDS,125.17,0.0,125.17,21,0,19,6.095820260128781e-06,0.9980871958381092,4046
84614A,thrown away,124.83,11.9,112.93,17,2,10,6.079262148053653e-06,0.9980932751002572,4047
90002C,FLOWER BURST SILVER RING MIDN'T BLU,124.38,7.5,116.88,33,2,19,6.057346999718925e-06,0.998099332447257,4048
85190,PINK FLOWER HANGING HEART ,124.16,5.1,119.06,140,6,17,6.046632927199724e-06,0.9981053790801843,4049
90162C,ANT SILVER FUSCHIA BOUDICCA RING,123.90000000000002,0.0,123.90000000000002,42,0,16,6.033970841495215e-06,0.9981114130510258,4050
72133,COLUMBIAN CANDLE RECTANGLE,123.88,0.0,123.88,110,0,31,6.032996834902559e-06,0.9981174460478607,4051
90168,2 DAISIES HAIR COMB,123.76,17.700000000000003,106.06,42,6,24,6.027152795346633e-06,0.998123473200656,4052
17191A,ROSE FLOWER CANDLE+INCENSE 16X16CM,123.75,0.0,123.75,33,0,12,6.026665792050305e-06,0.9981294998664481,4053
20816,GOLD FLOWER CUSHION COVER ,123.6,33.75,89.85,24,5,7,6.019360742605395e-06,0.9981355192271907,4054
22850,BREAD BIN DINER STYLE BLACK,123.6,123.6,7.105427357601002e-15,8,8,1,6.019360742605395e-06,0.9981415385879333,4055
23477,WOODLAND LARGE BLUE FELT HEART,123.47,0.0,123.47,92,0,13,6.01302969975314e-06,0.998147551617633,4056
21228,"POCKET MIRROR ""GLAMOROUS""",122.57,0.0,122.57,97,0,31,5.9691994030836835e-06,0.9981535208170361,4057
79308B,MOSAIC CANDLE DISH BLUE PURPLE,122.39999999999999,0.0,122.39999999999999,144,0,2,5.9609203470461194e-06,0.9981594817373831,4058
90205C,LARGE CRYSTAL DIAMANTE HAIRSLIDE,122.31,0.0,122.31,78,0,24,5.956537317379174e-06,0.9981654382747005,4059
84199,GLOW IN DARK DOLPHINS,121.92,2.52,119.4,558,12,69,5.93754418882241e-06,0.9981713758188894,4060
44242B,PINK FEATHERS CURTAIN,121.53,0.0,121.53,109,0,9,5.918551060265645e-06,0.9981772943699496,4061
79532,MOSAIC GLASS BALL CANDLEHOLDER,121.25,1.25,120.0,97,1,18,5.90491496796848e-06,0.9981831992849176,4062
84288B,SET/2 BLUE  NOODLE BASKETS,120.89999999999999,3.9,117.0,62,2,24,5.887869852597025e-06,0.9981890871547702,4063
23467,VINTAGE ZINC PLANTER  ,120.08000000000001,0.0,120.08000000000001,32,0,11,5.847935582298187e-06,0.9981949350903525,4064
35916B,BLUE FELT HANGING HEART WITH FLOWER,119.67,0.0,119.67,132,0,46,5.827968447148767e-06,0.9982007630587997,4065
35607A,PINK FLUFFY CHRISTMAS DECORATION,118.81,0.0,118.81,556,0,31,5.78608616366462e-06,0.9982065491449633,4066
90018C,SILVER BLACK ORBIT DROP EARRINGS,118.51,4.25,114.26,28,1,20,5.7714760647748015e-06,0.998212320621028,4067
20887,BOX OF 6 PEBBLE CANDLES,118.39,0.0,118.39,18,0,8,5.765632025218873e-06,0.9982180862530533,4068
90139,FLOWER BROOCH 4 ASSORTED COLOURS,118.24000000000001,0.0,118.24000000000001,23,0,18,5.758326975773964e-06,0.9982238445800291,4069
20896,VINTAGE NOTEBOOK PINK FLOWER,118.00000000000001,0.0,118.00000000000001,40,0,14,5.746638896662109e-06,0.9982295912189257,4070
84510E,SET OF 4 GREEN CAROUSEL COASTERS,117.77,0.0,117.77,148,0,28,5.73543782084658e-06,0.9982353266567466,4071
84751B,BLACK MEDIUM GLASS CAKE STAND,117.44,8.29,109.15,40,3,19,5.71936671206778e-06,0.9982410460234588,4072
35824C,damaged,117.05,0.0,117.05,235,0,8,5.700373583511015e-06,0.9982467463970423,4073
23151,ZINC SWEETHEART SOAP DISH,116.82000000000001,0.0,116.82000000000001,62,0,21,5.689172507695488e-06,0.9982524355695499,4074
23185,FRENCH STYLE STORAGE JAR JAM,116.58999999999999,0.29,116.29999999999998,323,1,30,5.6779714318799596e-06,0.9982581135409818,4075
72038P,damages,116.5,10.5,106.0,1050,50,9,5.673588402213014e-06,0.998263787129384,4076
16206B,RED PURSE WITH PINK HEART,116.4,0.0,116.4,96,0,16,5.668718369249741e-06,0.9982694558477533,4077
20848,ZINC HEART LATTICE CHARGER SMALL,115.05000000000001,0.0,115.05000000000001,39,0,12,5.6029729242455566e-06,0.9982750588206776,4078
84462,3 PINK HEN+CHICKS IN BASKET,114.86,0.0,114.86,100,0,14,5.5937198616153375e-06,0.9982806525405392,4079
20698,LITTLE PINK MONSTER SOFT TOY,114.44999999999999,0.0,114.44999999999999,47,0,21,5.573752726465918e-06,0.9982862262932657,4080
90049,IVORY GOLD METAL BAG CHARM,114.24,34.65,79.59,20,7,6,5.563525657243045e-06,0.998291789818923,4081
90030A,SPOTTED WHITE NATURAL SEED NECKLACE,113.76,0.0,113.76,79,0,10,5.540149499019335e-06,0.998297329968422,4082
84705B,FAIRY CAKES PHOTO FRAME,113.27,0.0,113.27,84,0,3,5.516286337499297e-06,0.9983028462547595,4083
84249A,"GREETING CARD,SQUARE, DOUGHNUTS",113.22,0.0,113.22,252,0,34,5.51385132101766e-06,0.9983083601060805,4084
90179C,BLACK FINE BEAD NECKLACE W TASSEL,112.78,5.95,106.83000000000001,19,1,16,5.49242317597926e-06,0.9983138525292564,4085
21089,damaged,112.54,0.0,112.54,323,0,40,5.480735096867405e-06,0.9983193332643533,4086
84921,CREAM AND PINK FLOWERS PONY ,112.5,0.0,112.5,30,0,14,5.478787083682095e-06,0.998324812051437,4087
44236,PINK/PURPLE CIRCLE CURTAIN,112.32000000000001,0.0,112.32000000000001,64,0,12,5.470021024348204e-06,0.9983302820724613,4088
71510,SQUARE METAL CANDLEHOLDER BASE,112.05,0.0,112.05,177,0,17,5.456871935347367e-06,0.9983357389443966,4089
35916A,YELLOW FELT HANGING HEART W FLOWER,112.03999999999999,0.0,112.03999999999999,129,0,44,5.456384932051039e-06,0.9983411953293287,4090
71495B,CD WALL TIDY RED FLOWERS,111.57000000000001,0.0,111.57000000000001,294,0,18,5.433495777123657e-06,0.9983466288251058,4091
35966,FOLKART CHRISTMAS TREE T-LIGHT HOLD,111.34,0.0,111.34,255,0,26,5.422294701308129e-06,0.9983520511198072,4092
10138,ASSORTED COLOUR JUMBO PEN,111.22,81.9,29.32,261,194,21,5.416450661752201e-06,0.998357467570469,4093
84493,BLUE/PINK NEST STRIPE BOX,111.11999999999999,45.36,65.75999999999999,1142,567,5,5.411580628788928e-06,0.9983628791510978,4094
90103,PURPLE FRANGIPANI NECKLACE,110.85,0.0,110.85,44,0,30,5.3984315397880905e-06,0.9983682775826376,4095
82069,BEECH WOOD P/FRAME,109.85,0.0,109.85,17,0,11,5.349731210155361e-06,0.9983736273138477,4096
85185F,LION SOCK PUPPET,109.15,0.0,109.15,37,0,19,5.315640979412451e-06,0.9983789429548271,4097
84247H,PACK/12 DECOUPAGE CARD,109.13000000000001,32.45,76.68,42,11,20,5.314666972819797e-06,0.9983842576217999,4098
90177C,DROP DIAMANTE EARRINGS CRYSTAL,109.03,17.700000000000003,91.33,37,6,24,5.3097969398565235e-06,0.9983895674187399,4099
90071,RUBY GLASS CLUSTER EARRINGS,108.99,0.0,108.99,87,0,73,5.3078489266712135e-06,0.9983948752676666,4100
90104,PURPLE FRANGIPANI HAIRCLIP,108.96,0.0,108.96,130,0,49,5.306387916782232e-06,0.9984001816555833,4101
20667,CHERRY BLOSSOM PURSE,108.69,0.0,108.69,40,0,24,5.293238827781395e-06,0.9984054748944111,4102
72753C,S/3 FLWR FAIRY ROSE CANDLES,107.68,0.0,107.68,43,0,6,5.244051494852338e-06,0.9984107189459059,4103
90118,PINK DAISY BAG CHARM,107.39,15.299999999999999,92.08999999999999,42,6,29,5.229928399258846e-06,0.9984159488743052,4104
35096B,RED VICTORIAN FABRIC HEART BOX,107.33,0.0,107.33,295,0,25,5.227006379480882e-06,0.9984211758806847,4105
35840,FLAT GLASS  BAUBLE WHITE FLOCK ,107.13,0.85,106.28,45,1,11,5.2172663135543366e-06,0.9984263931469982,4106
23626,SET 10 CARDS DINKY TREE 17076,107.07000000000001,0.0,107.07000000000001,43,0,16,5.214344293776373e-06,0.998431607491292,4107
90059D,DIAMANTE HAIR GRIP PACK/2 PERIDOT,106.74,9.899999999999999,96.83999999999999,64,6,40,5.198273184997572e-06,0.998436805764477,4108
84562B,BLUE/WHITE RIBBED MELAMINE JUG,106.59,0.0,106.59,10,0,7,5.190968135552663e-06,0.9984419967326126,4109
90165A,PINK ROSEBUD PEARL EARRINGS,106.49,0.0,106.49,42,0,27,5.1860981025893895e-06,0.9984471828307152,4110
22987,WRAP SUMMER ROSE DESIGN,105.84,0.0,105.84,252,0,11,5.154442888328115e-06,0.9984523372736035,4111
84867A,PINK BABY GIRLS PHOTO ALBUM,105.82000000000001,0.0,105.82000000000001,16,0,4,5.153468881735461e-06,0.9984574907424852,4112
90051,CRACKED GLAZE NECKLACE RED,105.72,0.0,105.72,15,0,11,5.148598848772188e-06,0.9984626393413341,4113
35594,WOODEN CHRISTMAS TREE 3 HANGING,105.58,10.08,95.5,171,24,39,5.141780802623605e-06,0.9984677811221366,4114
35610A,thrown away,105.43,0.0,105.43,143,0,12,5.134475753178696e-06,0.9984729155978899,4115
84458,S/3 RABBIT FLOWER/EGG/CARROT ROPE,105.39999999999999,0.0,105.39999999999999,124,0,20,5.133014743289714e-06,0.9984780486126331,4116
17090D,VANILLA INCENSE 40 CONES IN TIN,105.2,0.0,105.2,88,0,28,5.123274677363168e-06,0.9984831718873105,4117
16169D,WRAP WINTER FOREST,105.0,0.0,105.0,250,0,9,5.113534611436622e-06,0.9984882854219219,4118
23574,PACKING CHARGE,105.0,15.0,90.0,14,2,14,5.113534611436622e-06,0.9984933989565333,4119
90141A,GREEN PENDANT TRIPLE SHELL NECKLACE,104.95,0.0,104.95,20,0,17,5.111099594954986e-06,0.9984985100561283,4120
90079,VINTAGE ENAMEL & CRYSTAL NECKLACE,104.77000000000001,0.0,104.77000000000001,21,0,13,5.102333535621095e-06,0.9985036123896639,4121
21118,SHOPPING BAG DOORSTOP,104.25,0.0,104.25,69,0,7,5.0770093642120745e-06,0.9985086893990281,4122
21337,SILVER WASHBAG,103.53000000000002,0.0,103.53000000000002,33,0,12,5.04194512687651e-06,0.998513731344155,4123
35910A,MULTICOLOUR EASTER RABBIT ,103.35,0.0,103.35,53,0,13,5.033179067542618e-06,0.9985187645232225,4124
84679,CLASSICAL ROSE TABLE LAMP,103.3,5.95,97.35,14,1,4,5.030744051060982e-06,0.9985237952672736,4125
16248B,BLUE HOLE PUNCH,102.5,0.0,102.5,82,0,12,4.9917837873547975e-06,0.998528787051061,4126
84613A,thrown away,102.30000000000001,4.65,97.65,22,1,10,4.982043721428253e-06,0.9985337690947824,4127
20697,LITTLE GREEN MONSTER SOFT TOY,101.7,0.0,101.7,42,0,21,4.952823523648614e-06,0.9985387219183061,4128
90125C,TURQUOISE BERTIE GLASS BEAD CHARM,101.35,0.0,101.35,92,0,10,4.935778408277158e-06,0.9985436576967144,4129
72369A,PINK CLEAR GLASS CANDLE PLATE,101.28999999999999,0.0,101.28999999999999,67,0,14,4.932856388499194e-06,0.9985485905531029,4130
85050,FRENCH ENAMEL SOAP DISH WITH LID,100.80000000000001,0.0,100.80000000000001,48,0,1,4.908993226979158e-06,0.9985534995463299,4131
72821,CUPID SCENTED CANDLE IN GLASS,100.64999999999999,4.949999999999999,95.69999999999999,61,3,14,4.901688177534247e-06,0.9985584012345075,4132
84968d,SET OF 16 VINTAGE RED CUTLERY,100.37,0.0,100.37,4,0,4,4.888052085237084e-06,0.9985632892865927,4133
75172,PAINTED SEA SHELL METAL WINDCHIME,100.31,0.0,100.31,97,0,11,4.88513006545912e-06,0.9985681744166581,4134
78027,SEAGRASS S/2 CORNER LAUNDRY ,100.15,0.0,100.15,6,0,5,4.877338012717883e-06,0.9985730517546708,4135
23611,SET 10 CARDS RED RIDING HOOD 17214,99.60000000000001,0.0,99.60000000000001,40,0,16,4.850552831419882e-06,0.9985779023075022,4136
84465,15 PINK FLUFFY CHICKS IN BOX,99.46000000000001,0.0,99.46000000000001,33,0,23,4.8437347852713e-06,0.9985827460422875,4137
23464,VINTAGE ZINC WATERING CAN SMALL,99.2,0.0,99.2,18,0,8,4.83107269956679e-06,0.998587577114987,4138
21266,VINTAGE SILVER TINSEL REEL,98.9,0.0,98.9,23,0,9,4.816462600676971e-06,0.9985923935775877,4139
90169,DAISY HAIR COMB,98.87,15.299999999999999,83.57,39,6,23,4.815001590787989e-06,0.9985972085791784,4140
84575A,PINK DOG CANNISTER,98.8,5.95,92.85,24,1,13,4.811592567713698e-06,0.9986020201717462,4141
20861,GOLD COSMETIC BAG PINK STAR,98.7,0.0,98.7,47,0,16,4.806722534750425e-06,0.9986068268942809,4142
90163B,WHITE ROSEBUD & PEARL NECKLACE,98.45,0.0,98.45,13,0,9,4.794547452342242e-06,0.9986116214417333,4143
84705D,CHERRY BLOSSOM PHOTO FRAME ,97.9,0.0,97.9,22,0,14,4.767762271044242e-06,0.9986163892040044,4144
90150,BLUE SHELL+SILVER NECKLACE,97.5,0.0,97.5,13,0,8,4.7482821391911495e-06,0.9986211374861436,4145
16161G,WRAP BAD HAIR DAY,97.5,0.0,97.5,975,0,33,4.7482821391911495e-06,0.9986258857682827,4146
90067A,PINK VINTAGE VICTORIAN EARRINGS,97.24000000000001,0.0,97.24000000000001,33,0,16,4.73562005348664e-06,0.9986306213883362,4147
85132b,CHARLIE AND LOLA TABLE TINS,95.83999999999999,0.0,95.83999999999999,10,0,10,4.667439592000817e-06,0.9986352888279283,4148
35913B,WHITE/PINK CHICK EASTER DECORATION,95.78999999999999,0.0,95.78999999999999,104,0,21,4.665004575519181e-06,0.9986399538325038,4149
17084J,LOVE POTION MASALA INCENSE,95.76,0.0,95.76,456,0,20,4.6635435656302e-06,0.9986446173760695,4150
84559a,3D SHEET OF DOG STICKERS,95.69999999999999,0.0,95.69999999999999,57,0,40,4.660621545852235e-06,0.9986492779976153,4151
84539,KNITTED RABBIT DOLL ,95.69999999999999,0.0,95.69999999999999,58,0,11,4.660621545852235e-06,0.9986539386191611,4152
84891B,GREEN WIRE GOBLET CANDLEHOLDER,95.4,0.0,95.4,12,0,6,4.646011446962417e-06,0.9986585846306081,4153
90214R,"LETTER ""R"" BLING KEY RING",94.97999999999999,0.0,94.97999999999999,92,0,50,4.62555730851667e-06,0.9986632101879166,4154
72606A,BROWN ANTIQUE CUBE CANDLE,94.92,0.0,94.92,226,0,18,4.6226352887387064e-06,0.9986678328232054,4155
90089,PINK CRYSTAL SKULL PHONE CHARM,94.17999999999999,0.0,94.17999999999999,116,0,26,4.586597044810486e-06,0.9986724194202502,4156
90024C,NEW BAROQUE B'FLY NECKLACE GREEN,93.48,0.0,93.48,11,0,10,4.552506814067576e-06,0.9986769719270643,4157
90026A,GLASS BEAD HOOP NECKLACE BLACK,93.47,0.0,93.47,11,0,9,4.552019810771248e-06,0.998681523946875,4158
90214G,"LETTER ""G"" BLING KEY RING",93.17999999999999,8.75,84.42999999999999,100,7,48,4.537896715177756e-06,0.9986860618435902,4159
17084A,TRANQUILITY MASALA INCENSE,92.82,0.0,92.82,442,0,18,4.520364596509974e-06,0.9986905822081867,4160
84388,WISE MAN STAR SHAPE EGG PAN,92.33999999999999,3.3,89.03999999999999,72,2,22,4.496988438286263e-06,0.998695079196625,4161
90075,MONTANA DIAMOND CLUSTER NECKLACE,92.17999999999999,0.0,92.17999999999999,10,0,8,4.489196385545027e-06,0.9986995683930106,4162
84753A,PINK EAU DE COLOGNE BOTTLE,92.16999999999999,0.0,92.16999999999999,97,0,24,4.488709382248699e-06,0.9987040571023929,4163
21343,GOLD JEWELERY BOX,92.00000000000001,33.9,58.10000000000001,20,2,3,4.480430326211136e-06,0.998708537532719,4164
90202C,GREEN ENAMEL FLOWER HAIR TIE,91.46000000000001,17.700000000000003,73.76,31,6,25,4.454132148209462e-06,0.9987129916648673,4165
90177B,DROP DIAMANTE EARRINGS BLACK DIAMON,91.38000000000001,0.0,91.38000000000001,31,0,19,4.450236121838844e-06,0.9987174419009891,4166
20660,VIP LUGGAGE TAG ,91.25,0.0,91.25,73,0,26,4.443905078986588e-06,0.9987218858060681,4167
90112,PINK DOLLY HAIR CLIPS,91.25,0.0,91.25,84,0,20,4.443905078986588e-06,0.9987263297111472,4168
84437A,S/6 PINK EASTER DECS IN BOX,90.94999999999999,0.0,90.94999999999999,106,0,18,4.4292949800967685e-06,0.9987307590061273,4169
90202A,PURPLE ENAMEL FLOWER HAIR TIE,90.9,17.700000000000003,73.2,31,6,23,4.426859963615134e-06,0.9987351858660909,4170
90214D,"LETTER ""D"" BLING KEY RING",90.82,0.0,90.82,100,0,50,4.4229639372445145e-06,0.9987396088300281,4171
79026B,"S/4 ICON COASTER,ELVIS LIVES",90.5,0.0,90.5,70,0,37,4.407379831762041e-06,0.9987440162098599,4172
72783,BLACK SIL'T SQU CANDLE PLATE ,90.30000000000001,0.0,90.30000000000001,43,0,9,4.397639765835496e-06,0.9987484138496256,4173
71406C,BLACK ORANGE SQUEEZER,89.92,0.0,89.92,210,0,35,4.379133640575058e-06,0.9987527929832662,4174
17013C,missing,89.46000000000001,40.32,49.14,213,96,2,4.356731488944002e-06,0.9987571497147552,4175
47598,NEW ENGLAND EGG WARMER,89.12,0.0,89.12,138,0,32,4.340173376868874e-06,0.9987614898881321,4176
90162A,ANT SILVER TURQUOISE BOUDICCA RING,88.5,0.0,88.5,30,0,11,4.309979172496581e-06,0.9987657998673045,4177
90059E,DIAMANTE HAIR GRIP PACK/2 RUBY,88.30999999999999,9.899999999999999,78.41,53,6,33,4.300726109866362e-06,0.9987701005934144,4178
35638A,PINK AND BLACK STRING CURTAIN,88.04999999999998,0.0,88.04999999999998,39,0,6,4.288064024161852e-06,0.9987743886574386,4179
71495A,CD WALL TIDY BLUE OFFICE,87.96000000000001,0.42,87.53999999999999,225,1,20,4.283680994494908e-06,0.9987786723384331,4180
84721,MANHATTAN CANVAS ART PICTURE,87.8,0.0,87.8,20,0,2,4.275888941753671e-06,0.9987829482273749,4181
90092,BLUE CRYSTAL BOOT PHONE CHARM,87.50999999999999,22.95,64.56,102,27,10,4.261765846160179e-06,0.998787209993221,4182
23442,12 HANGING EGGS HAND PAINTED,87.36,0.0,87.36,42,0,7,4.2544607967152695e-06,0.9987914644540177,4183
37462B,"PET MUG, BUDGIE",87.28,0.42,86.86,170,1,32,4.250564770344651e-06,0.998795715018788,4184
20835,FRENCH LATTICE CUSHION COVER ,87.02,0.0,87.02,80,0,10,4.2379026846401414e-06,0.9987999529214727,4185
35822B,"ACRYLIC BEAD CHAIN, BLUE",87.02,0.0,87.02,229,0,1,4.2379026846401414e-06,0.9988041908241574,4186
35265,COLOURFUL FLOWER FRUIT BOWL,86.95,0.0,86.95,22,0,16,4.234493661565851e-06,0.998808425317819,4187
90088,CRYSTAL KEY+LOCK PHONE CHARM,86.69999999999999,21.25,65.45,101,25,14,4.2223185791576675e-06,0.9988126476363981,4188
90039C,FIRE POLISHED GLASS BRACELET BLACK,86.65,0.0,86.65,23,0,12,4.219883562676032e-06,0.9988168675199608,4189
23614,SET 10 CARDS 12 DAYS WRAP  17058,86.58000000000001,0.0,86.58000000000001,26,0,11,4.216474539601741e-06,0.9988210839945004,4190
84424A,FOUR PICTURE WHITE GLASS FRAME,86.25,0.0,86.25,23,0,10,4.2004034308229395e-06,0.9988252843979313,4191
35271S,GOLD PRINT PAPER BAG,85.97,0.0,85.97,420,0,20,4.1867673385257756e-06,0.9988294711652698,4192
90012B,BLACK DROP CRYSTAL NECKLACE,85.9,0.0,85.9,17,0,6,4.183358315451485e-06,0.9988336545235852,4193
90162D,ANT SILVER PURPLE BOUDICCA RING,85.55000000000001,0.0,85.55000000000001,29,0,14,4.166313200080029e-06,0.9988378208367853,4194
84454,missing,85.53,0.0,85.53,93,0,18,4.165339193487374e-06,0.9988419861759787,4195
85099c,JUMBO  BAG BAROQUE BLACK WHITE,85.17,0.0,85.17,17,0,10,4.147807074819592e-06,0.9988461339830536,4196
35838B,S/6 SILVER ORNAMENETAL CANDLE,85.0,0.0,85.0,100,0,23,4.139528018782027e-06,0.9988502735110724,4197
90026D,GLASS BEAD HOOP NECKLACE AMETHYST,85.0,0.0,85.0,10,0,8,4.139528018782027e-06,0.9988544130390912,4198
90001D,ANTIQUE OLIVE GREEN FLOWER EARRINGS,84.96000000000001,0.0,84.96000000000001,20,0,11,4.137580005596719e-06,0.9988585506190968,4199
17027A,INCENSE BAZAAR CANNABIS,84.84,0.0,84.84,228,0,2,4.1317359660407906e-06,0.9988626823550628,4200
84251B,"GREETING CARD, STICKY GORDON",84.84,2.2800000000000002,82.56,319,12,61,4.1317359660407906e-06,0.9988668140910288,4201
46775B,BERRIES CHUNKY KNITTED THROW ,84.75,0.0,84.75,5,0,4,4.127352936373845e-06,0.9988709414439653,4202
16051,TEATIME PENCIL W STAMP ASST,84.69,0.0,84.69,941,0,4,4.1244309165958815e-06,0.9988750658748818,4203
81952B,ROUND BLUE CLOCK WITH SUCKER,84.56,0.0,84.56,254,0,20,4.118099873743627e-06,0.9988791839747556,4204
84450B,PINK/YELLOW RABBIT SAT EASTER,84.55,0.0,84.55,139,0,35,4.117612870447299e-06,0.9988833015876261,4205
84251F,"GREETING CARD, RITA",83.97,0.0,83.97,341,0,50,4.089366679260316e-06,0.9988873909543053,4206
90141C,TURQ PENDANT TRIPLE SHELL NECKLACE,83.69,0.0,83.69,16,0,13,4.075730586963151e-06,0.9988914666848923,4207
22016,Dotcomgiftshop Gift Voucher £100.00,83.33,0.0,83.33,1,0,1,4.058198468295368e-06,0.9988955248833605,4208
72779,SET/6 BLACK ROSE T-LIGHT CANDLES,82.81,0.0,82.81,49,0,15,4.0328742968863496e-06,0.9988995577576574,4209
90176D,DIAMANTE NECKLACE PURPLE,82.81,7.5,75.31,11,1,7,4.0328742968863496e-06,0.9989035906319542,4210
84030C,KNITTED RAINBOW HOT WATER BOTTLE,82.78,30.0,52.78,21,8,6,4.031413286997368e-06,0.9989076220452412,4211
90002B,FLOWER BURST SILVER RING ROSE,82.74,0.0,82.74,22,0,11,4.029465273812058e-06,0.998911651510515,4212
90177E,DROP DIAMANTE EARRINGS GREEN,82.71000000000001,17.700000000000003,65.01,28,6,22,4.028004263923077e-06,0.9989156795147789,4213
90189A,SILVER 2 STRAND NECKLACE-LEAF CHARM,82.64,0.0,82.64,11,0,8,4.0245952408487855e-06,0.9989197041100197,4214
90130A,WHITE STONE/CRYSTAL EARRINGS,82.51,0.0,82.51,28,0,16,4.018264197996531e-06,0.9989237223742178,4215
90069,RUBY GLASS CLUSTER NECKLACE,82.5,0.0,82.5,11,0,5,4.017777194700203e-06,0.9989277401514125,4216
21699,SET 5 MINI CHOCOLATE FRIDGE MAGNETS,82.44,0.0,82.44,108,0,3,4.014855174922239e-06,0.9989317550065874,4217
90183B,AMETHYST DROP EARRINGS W LONG BEADS,81.92999999999999,0.0,81.92999999999999,28,0,24,3.990018006809547e-06,0.9989357450245941,4218
35610C,Thrown away.,81.56,0.0,81.56,94,0,8,3.971998884845437e-06,0.998939717023479,4219
16201B,PASTEL BLUE PHOTO ALBUM,81.1,0.0,81.1,34,0,5,3.949596733214382e-06,0.9989436666202122,4220
90121B,VINTAGE ROSE BEAD BRACELET BLUE,80.75,12.75,68.0,19,3,9,3.932551617842926e-06,0.99894759917183,4221
84596I,WRAP SWEETS LIGHT PINK SMALL BOWL,80.62,0.0,80.62,72,0,10,3.926220574990671e-06,0.998951525392405,4222
17011E,ORIGAMI OPIUM SCENT INCENSE+FLOWER,80.60000000000001,0.0,80.60000000000001,124,0,1,3.925246568398017e-06,0.9989554506389734,4223
DCGS0069,ebay,80.31,0.0,80.31,5,0,5,3.911123472804525e-06,0.9989593617624462,4224
84415B,BLUE FLOCK CUSHION COVER ,80.0,0.0,80.0,24,0,7,3.896026370618379e-06,0.9989632577888168,4225
90059F,DIAMANTE HAIR GRIP PACK/2 LT ROSE,79.86999999999999,9.899999999999999,69.97,48,6,27,3.889695327766123e-06,0.9989671474841445,4226
90206A,GOLD DIAMANTE STAR BROOCH,79.60000000000001,0.0,79.60000000000001,16,0,12,3.876546238765287e-06,0.9989710240303833,4227
90125B,AQUA BERTIE GLASS BEAD BAG CHARM,79.57,0.0,79.57,44,0,17,3.8750852288763045e-06,0.9989748991156122,4228
84795E,RIO PINK STRIPE HAMMOCK,79.5,0.0,79.5,10,0,5,3.871676205802014e-06,0.998978770791818,4229
84548,CROCHET BEAR RED/BLUE  KEYRING,79.19999999999999,0.0,79.19999999999999,48,0,13,3.857066106912195e-06,0.9989826278579249,4230
90038B,GLASS AND PAINTED BEADS BRACELET OL,79.19,0.0,79.19,21,0,13,3.856579103615867e-06,0.9989864844370285,4231
90064A,WHITE VINTAGE CRYSTAL EARRINGS,79.14,0.0,79.14,20,0,12,3.8541440871342315e-06,0.9989903385811156,4232
90039B,FIRE POLISHED GLASS BRACELET MONTAN,78.99,0.0,78.99,21,0,11,3.8468390376893216e-06,0.9989941854201533,4233
84251C,"GREETING CARD, TWO SISTERS.",78.96000000000001,0.0,78.96000000000001,259,0,53,3.84537802780034e-06,0.9989980307981811,4234
84455,SET OF 3 RABBIT CARROTS EASTER,78.81,0.0,78.81,86,0,20,3.838072978355431e-06,0.9990018688711594,4235
90064B,BLACK VINTAGE  CRYSTAL EARRINGS,78.75,3.75,75.0,21,1,12,3.835150958577467e-06,0.999005704022118,4236
35931,PINK STAR CHRISTMAS DECORATION,78.12,0.0,78.12,156,0,15,3.804469750908847e-06,0.9990095084918689,4237
90214H,"LETTER ""H"" BLING KEY RING",77.71,0.0,77.71,83,0,53,3.7845026157594275e-06,0.9990132929944846,4238
90214N,"LETTER ""N"" BLING KEY RING",77.64999999999999,0.0,77.64999999999999,79,0,43,3.7815805959814634e-06,0.9990170745750806,4239
21450,DISTRESSED CANDLE STICK WHITE,77.35,59.5,17.849999999999998,13,10,3,3.766970497091645e-06,0.9990208415455777,4240
90176C,DIAMANTE NECKLACE,77.0,15.0,62.0,10,2,6,3.7499253817201897e-06,0.9990245914709595,4241
21595,Dad's Cab Electronic Meter,76.95,0.0,76.95,9,0,9,3.747490365238553e-06,0.9990283389613247,4242
84593,CROCHET ROSE DES CLOTHES HANGER,76.7,0.0,76.7,26,0,7,3.7353152828303708e-06,0.9990320742766076,4243
84425A,WHITE GLASS TV TRIPLE FRAME,76.6,0.0,76.6,18,0,9,3.7304452498670975e-06,0.9990358047218574,4244
90100,NECKLACE+BRACELET SET PINK DAISY,76.5,0.0,76.5,30,0,12,3.7255752169038246e-06,0.9990395302970743,4245
90020,FILIGREE DIAMANTE CHAIN,76.23,0.0,76.23,6,0,4,3.7124261279029878e-06,0.9990432427232022,4246
35815P,"ACRYLIC JEWEL SNOWFLAKE, PINK",75.88000000000001,0.0,75.88000000000001,168,0,7,3.6953810125315326e-06,0.9990469381042147,4247
90176A,CLASSIC DIAMANTE NECKLACE JET,75.88,7.5,68.38,10,1,7,3.695381012531532e-06,0.9990506334852273,4248
84746,PINK EASTER HENS+FLOWER,75.81,0.0,75.81,24,0,16,3.6919719894572414e-06,0.9990543254572167,4249
20879,TREE OF NOAH FESTIVE SCENTED CANDLE,75.60000000000001,201.60000000000002,-126.00000000000001,69,96,11,3.6817449202343682e-06,0.999058007202137,4250
62043B,BLUE CHECK BAG W HANDLE 34X20CM,75.15999999999998,0.83,74.32999999999998,54,1,10,3.660316775195966e-06,0.9990616675189122,4251
16161E,WRAP BOUDOIR ,75.0,0.0,75.0,750,0,9,3.6525247224547303e-06,0.9990653200436347,4252
37399,"ASS RETROSPOOF MUGS,SPORTS",75.0,0.0,75.0,143,0,6,3.6525247224547303e-06,0.9990689725683571,4253
72802a,ROSE SCENT CANDLE IN JEWELLED BOX,74.97,0.0,74.97,9,0,4,3.6510637125657483e-06,0.9990726236320697,4254
72807a,SET/3 ROSE CANDLE IN JEWELLED BOX,74.78999999999999,0.0,74.78999999999999,9,0,6,3.6422976532318563e-06,0.999076265929723,4255
84757,ENCHANTED GARDEN WROUGHT IRON TABLE,74.75,0.0,74.75,5,0,4,3.6403496400465476e-06,0.999079906279363,4256
21267,VINTAGE PINK TINSEL REEL ,74.6,0.0,74.6,24,0,10,3.633044590601638e-06,0.9990835393239537,4257
90012A,MIDNIGHT BLUE DROP CRYSTAL NECKLACE,74.38,0.0,74.38,13,0,7,3.6223305180824375e-06,0.9990871616544718,4258
37509,NEW ENGLAND MUG W GIFT BOX,73.94999999999999,2.55,71.39999999999999,29,1,14,3.601389376340363e-06,0.9990907630438481,4259
84899E,YELLOW BROWN BEAR FELT PURSE KIT,73.93,1.25,72.68,53,1,21,3.6004153697477095e-06,0.9990943634592179,4260
15030,FAN BLACK FRAME ,73.66,0.0,73.66,254,0,26,3.587266280746872e-06,0.9990979507254987,4261
90130C,GREEN STONE/CRYSTAL EARRINGS,73.62,0.0,73.62,25,0,24,3.5853182675615635e-06,0.9991015360437663,4262
79331,PINK FLOCK GLASS CANDLEHOLDER,73.6,0.0,73.6,60,0,9,3.584344260968908e-06,0.9991051203880272,4263
84447,6 RABBIT CHAIN EASTER,73.27,0.0,73.27,70,0,19,3.5682731521901075e-06,0.9991086886611794,4264
16151A,FLOWERS HANDBAG blue and orange,72.5,0.0,72.5,52,0,5,3.530773898372906e-06,0.9991122194350778,4265
90214B,"LETTER ""B"" BLING KEY RING",72.33,0.0,72.33,75,0,40,3.5224948423353415e-06,0.9991157419299201,4266
84427B,BLACK GLASS TV DOUBLE P/FRAME 15X10,72.25,0.0,72.25,17,0,5,3.518598815964723e-06,0.9991192605287361,4267
90027D,GLASS BEAD HOOP EARRINGS AMETHYST,72.18,0.0,72.18,23,0,16,3.5151897928904324e-06,0.999122775718529,4268
90031,BILI NUT AND WOOD NECKLACE,71.9,0.0,71.9,52,0,9,3.501553700593268e-06,0.9991262772722296,4269
90038C,GLASS AND BEADS BRACELET IVORY,71.46000000000001,0.0,71.46000000000001,19,0,9,3.480125555554867e-06,0.9991297573977851,4270
35937,CERISE+GOLD CHRISTMAS STOCKING DEC,71.44,0.0,71.44,188,0,17,3.479151548962212e-06,0.9991332365493341,4271
90060D,FIRE POLISHED GLASS NECKL BRONZE,71.4,0.0,71.4,12,0,8,3.4772035357769034e-06,0.9991367137528698,4272
17007B,S/3 POT POURI CUSHIONS BLUE COLOURS,71.4,0.0,71.4,34,0,6,3.4772035357769034e-06,0.9991401909564056,4273
84925C,FAIRY CAKES  WALL THERMOMETER,71.39999999999999,0.0,71.39999999999999,28,0,10,3.4772035357769026e-06,0.9991436681599414,4274
84415A,PINK FLOCK SUEDE CUSHION COVER ,71.25,0.0,71.25,27,0,6,3.4698984863319935e-06,0.9991471380584277,4275
90037B,TINY CRYSTAL BRACELET GREEN,71.17,0.0,71.17,28,0,10,3.4660024599613753e-06,0.9991506040608876,4276
90179A,AMBER FINE BEAD NECKLACE W TASSEL,71.0,0.0,71.0,12,0,9,3.4577234039238112e-06,0.9991540617842916,4277
84803B,WHITE ALLIUM  ARTIFICIAL FLOWER,70.98,15.21,55.769999999999996,42,9,11,3.4567493973311567e-06,0.9991575185336888,4278
16256C,HEARTS PENCIL/RUBBER+5 MINI PENCILS,70.98,5.88,65.10000000000001,169,14,10,3.4567493973311567e-06,0.9991609752830861,4279
84086B,YELLOW/BLUE RETRO RADIO,70.80000000000001,2.95,67.85000000000001,24,1,12,3.447983337997266e-06,0.9991644232664241,4280
90187B,GREEN DROP EARRINGS W BEAD CLUSTER,70.6,0.0,70.6,21,0,15,3.438243272070719e-06,0.9991678615096962,4281
20958,PORCELAIN HANGING BELL LARGE,70.5,0.0,70.5,38,0,10,3.433373239107446e-06,0.9991712948829353,4282
90202B,WHITE ENAMEL FLOWER HAIR TIE,70.49,17.700000000000003,52.79,24,6,16,3.4328862358111187e-06,0.9991747277691712,4283
90050,CRACKED GLAZE NECKLACE IVORY,70.16,13.9,56.260000000000005,10,2,6,3.416815127032318e-06,0.9991781445842982,4284
47420,ASSORTED COLOUR SUCTION CUP HOOK,70.11,0.0,70.11,369,0,31,3.414380110550682e-06,0.9991815589644087,4285
84705A,ENGLISH ROSE PHOTO FRAME ,69.75,0.0,69.75,15,0,7,3.3968479918828992e-06,0.9991849558124006,4286
90131,PINK/AMETHYST/GOLD NECKLACE,69.62,0.0,69.62,10,0,5,3.3905169490306443e-06,0.9991883463293496,4287
gift_0001_80,Dotcomgiftshop Gift Voucher £80.00,69.56,69.56,0.0,1,1,1,3.3875949292526806e-06,0.9991917339242788,4288
72140F,throw away,69.17999999999999,0.0,69.17999999999999,175,0,14,3.3690888039922426e-06,0.9991951030130828,4289
90037C,TINY CRYSTAL BRACELET BLUE,68.63,0.0,68.63,27,0,13,3.3423036226942413e-06,0.9991984453167054,4290
90059C,DIAMANTE HAIR GRIP PACK/2 MONTANA,68.17999999999999,9.899999999999999,58.279999999999994,41,6,23,3.320388474359513e-06,0.9992017657051798,4291
71215,METAL BASE FOR CANDLES,68.1,0.0,68.1,177,0,12,3.3164924479888946e-06,0.9992050821976278,4292
84857A,SILVER MONTE CARLO HANDBAG,68.0,0.0,68.0,8,0,3,3.311622415025622e-06,0.9992083938200429,4293
DCGS0004,HAYNES CAMPER SHOULDER BAG,67.94,0.0,67.94,4,0,4,3.308700395247658e-06,0.9992117025204381,4294
90140,PINK SWEETIE NECKLACE,67.9,0.0,67.9,9,0,7,3.3067523820623494e-06,0.9992150092728201,4295
90026B,GLASS BEAD HOOP NECKLACE MONTANA,67.82,0.0,67.82,8,0,7,3.3028563556917302e-06,0.9992183121291759,4296
90026C,GLASS BEAD HOOP NECKLACE GREEN,67.82,0.0,67.82,8,0,6,3.3028563556917302e-06,0.9992216149855316,4297
90002E,FLOWER BURST SILVER RING GREEN,67.77,11.25,56.519999999999996,18,3,11,3.300421339210094e-06,0.9992249154068709,4298
84596e,SMALL LICORICE DES PINK BOWL,67.77,0.0,67.77,27,0,17,3.300421339210094e-06,0.9992282158282101,4299
84864A,PINK PAISLEY PHOTO ALBUM,67.71000000000001,0.0,67.71000000000001,7,0,4,3.2974993194321307e-06,0.9992315133275295,4300
90078,PINK/WHITE GLASS DEMI CHOKER,67.64,0.0,67.64,9,0,5,3.294090296357839e-06,0.9992348074178258,4301
90024F,NEW BAROQUE B'FLY NECKLACE CRYSTAL,67.61,0.0,67.61,8,0,6,3.2926292864688575e-06,0.9992381000471122,4302
47341B,BLUE TABLE RUN FLOWER,67.5,0.0,67.5,48,0,14,3.287272250209257e-06,0.9992413873193624,4303
84926B,SCOTTS ROSES TILE COASTER,67.5,0.0,67.5,54,0,10,3.287272250209257e-06,0.9992446745916126,4304
47504J,ENGLISH ROSE SET/3 GARDEN TOOLS,67.25,31.8,35.449999999999996,5,4,4,3.275097167801075e-06,0.9992479496887804,4305
90214P,"LETTER ""P"" BLING KEY RING",66.59,7.5,59.089999999999996,77,6,33,3.2429549502434732e-06,0.9992511926437306,4306
35819P,"ACRYLIC HANGING JEWEL,PINK",66.55,0.0,66.55,95,0,7,3.2410069370581637e-06,0.9992544336506677,4307
90037A,TINY CRYSTAL BRACELET RED,66.31,0.0,66.31,26,0,12,3.229318857946309e-06,0.9992576629695257,4308
40002,WHITE BAMBOO RIBS LAMPSHADE,66.3,5.1,61.199999999999996,78,6,1,3.2288318546499814e-06,0.9992608918013803,4309
85072,OCCASIONS GIFT CARD ASSORTMENT,66.0,0.0,66.0,120,0,1,3.2142217557601624e-06,0.9992641060231361,4310
17136A,check,65.94,0.0,65.94,795,0,34,3.2112997359821987e-06,0.9992673173228721,4311
79329,PINK FLOCK GLASS CANDLEHOLDER,65.94,0.0,65.94,100,0,7,3.2112997359821987e-06,0.9992705286226081,4312
84340,LARGE FIBRE OPTIC CHRISTMAS TREE,65.76,0.0,65.76,21,0,11,3.2025336766483076e-06,0.9992737311562848,4313
79406,FROSTED WHITE BASE ,65.62,0.0,65.62,259,0,21,3.1957156304997256e-06,0.9992769268719153,4314
90179B,PURPLE FINE BEAD NECKLACE W TASSEL,65.31,0.0,65.31,11,0,9,3.180618528313579e-06,0.9992801074904436,4315
47016,LIGHT DECORATION BATTERY OPERATED,65.10000000000001,0.0,65.10000000000001,31,0,5,3.170391459090706e-06,0.9992832778819027,4316
90141B,IVORY PENDANT TRIPLE SHELL NECKLACE,64.94,0.0,64.94,13,0,9,3.162599406349469e-06,0.9992864404813091,4317
90046,WHITE WITH METAL BAG CHARM,64.35000000000001,9.9,54.45,13,2,7,3.133866211866159e-06,0.999289574347521,4318
84551,CROCHET DOG KEYRING,64.35,0.0,64.35,39,0,8,3.1338662118661582e-06,0.9992927082137328,4319
90074,BLACK DIAMOND CLUSTER NECKLACE,64.09,0.0,64.09,7,0,6,3.121204126161649e-06,0.999295829417859,4320
79534,MULTICOLOUR GLASS PLATE,63.800000000000004,0.0,63.800000000000004,116,0,16,3.1070810305681574e-06,0.9992989364988896,4321
85018A,S/6 PAPER BOXES ROMANTIC IMAGES,63.75,0.0,63.75,15,0,10,3.1046460140865208e-06,0.9993020411449036,4322
35973,GERANIUM FOLKART HEART DECORATION,63.75,0.0,63.75,51,0,13,3.1046460140865208e-06,0.9993051457909177,4323
84582,PINK CROCHET CAT WITH SCARF,63.75,0.0,63.75,15,0,11,3.1046460140865208e-06,0.9993082504369317,4324
20791,BLUE TILED SET OF 3 DRAWERS,63.75,63.75,0.0,5,5,1,3.1046460140865208e-06,0.9993113550829458,4325
85018B,S/6 PAPER BOXES BLOSSOM IMAGES ,63.75,0.0,63.75,15,0,10,3.1046460140865208e-06,0.9993144597289598,4326
20905,VINTAGE KEEPSAKE BOX BEAUTY GIRL,63.5,0.0,63.5,10,0,4,3.092470931678338e-06,0.9993175521998915,4327
90205A,LARGE MINT DIAMANTE HAIRSLIDE,63.46,0.0,63.46,38,0,22,3.090522918493029e-06,0.99932064272281,4328
37491D,PURPLE/BLUE CERAMIC CANDLE HOLDER,63.28,0.0,63.28,26,0,13,3.0817568591591378e-06,0.9993237244796691,4329
72709,IVORY SCULPTED RND CANDLE ,62.9,0.0,62.9,74,0,13,3.0632507338987e-06,0.999326787730403,4330
84529B,BLUE KNITTED KID'S RUCKSACK,62.35,0.0,62.35,13,0,5,3.036465552600699e-06,0.9993298241959555,4331
35607B,thrown away,62.3,0.0,62.3,312,0,17,3.0340305361190622e-06,0.9993328582264916,4332
47348A,FUSCHIA VOILE POINTY SHOE DEC,62.01,0.0,62.01,103,0,16,3.0199074405255708e-06,0.9993358781339322,4333
72771B,BURG FLOCK GOLD CUP/CANDLE ,61.94,0.0,61.94,129,0,8,3.0164984174512796e-06,0.9993388946323497,4334
20620,RED SPOTTY PASSPORT COVER,61.76,0.0,61.76,15,0,14,3.0077323581173885e-06,0.9993419023647078,4335
35817B,"ACRYLIC JEWEL SNOWFLAKE,BLUE",61.3,0.0,61.3,143,0,3,2.9853302064863326e-06,0.9993448876949143,4336
35910B,PINK FLOWERS RABBIT EASTER,61.07,0.0,61.07,29,0,8,2.974129130670805e-06,0.9993478618240449,4337
90188,DROP EARRINGS W FLOWER & LEAF,61.05,0.0,61.05,24,0,20,2.9731551240781502e-06,0.999350834979169,4338
90214I,"LETTER ""I"" BLING KEY RING",61.0,7.5,53.5,62,6,27,2.970720107596514e-06,0.9993538056992766,4339
37477B,"FLOWER FAIRY MUG+COASTER,LAVENDER",60.0,3.75,56.25,16,1,8,2.922019777963784e-06,0.9993567277190545,4340
84875A,PINK SQUARE COMPACT MIRROR,60.0,0.0,60.0,16,0,12,2.922019777963784e-06,0.9993596497388324,4341
23629,SET 10 CARDS DRESSING UP 17077,59.760000000000005,0.0,59.760000000000005,24,0,10,2.910331698851929e-06,0.9993625600705313,4342
90021,LASER CUT MULTI STRAND NECKLACE,59.75,0.0,59.75,5,0,4,2.9098446955556016e-06,0.9993654699152268,4343
84292B,BLUE COL METAL FOLDING CHAIR,59.75,0.0,59.75,9,0,5,2.9098446955556016e-06,0.9993683797599223,4344
90171,DAISY RING,59.650000000000006,0.0,59.650000000000006,47,0,27,2.9049746625923288e-06,0.9993712847345849,4345
gift_0001_70,Dotcomgiftshop Gift Voucher £70.00,59.57,0.0,59.57,1,0,1,2.9010786362217105e-06,0.9993741858132211,4346
44241C,BLUE BUTTERFLY ON SPRING,59.5,0.0,59.5,70,0,8,2.8976696131474193e-06,0.9993770834828343,4347
35654,VINTAGE BEAD FILLED PINK CUSHION,59.400000000000006,0.0,59.400000000000006,12,0,5,2.8927995801841465e-06,0.9993799762824145,4348
35001B,HAND OPEN SHAPE BLACK,59.330000000000005,5.9,53.43000000000001,17,2,6,2.8893905571098553e-06,0.9993828656729716,4349
90011B,BLACK CRYSTAL DROP EARRINGS,59.06,0.0,59.06,20,0,15,2.8762414681090184e-06,0.9993857419144397,4350
35909A,RABBIT EASTER DECORATION,59.00000000000001,0.0,59.00000000000001,20,0,5,2.8733194483310547e-06,0.9993886152338881,4351
17129C,wrong invc,58.83,0.0,58.83,87,0,11,2.8650403922934902e-06,0.9993914802742804,4352
85023C,PINK LARGE JEWELED PHOTOFRAME,58.65,2.55,56.099999999999994,23,1,11,2.856274332959599e-06,0.9993943365486133,4353
81985A,"ICON ALARM CLOCK,FUSCHIA  PIN UP",58.64999999999999,0.0,58.64999999999999,23,0,7,2.8562743329595987e-06,0.9993971928229463,4354
84226,HEN HOUSE W FAMILY IN BARN & NEST,58.31,0.0,58.31,77,0,18,2.839716220884471e-06,0.9994000325391671,4355
35816B,damaged,58.07,0.0,58.07,139,0,3,2.8280281417726158e-06,0.9994028605673089,4356
35821B,gone,57.0,0.0,57.0,150,0,3,2.775918789065595e-06,0.9994056364860979,4357
90212C,PURPLE LAS VEGAS BRACELET ROUND,56.25,0.0,56.25,15,0,7,2.7393935418410475e-06,0.9994083758796398,4358
85080,PADDED RED HEART DECORATION,56.18,0.0,56.18,114,0,22,2.7359845187667563e-06,0.9994111118641585,4359
47344B,BLUE FLOWER DES PURSE,56.16,0.0,56.16,54,0,10,2.7350105121741018e-06,0.9994138468746707,4360
85023A,CRYSTAL LARGE JEWELLED PHOTO FRAME,56.099999999999994,2.55,53.55,22,1,10,2.732088492396138e-06,0.9994165789631632,4361
90033,IVORY SHELL HEART EARRINGS,55.879999999999995,0.0,55.879999999999995,22,0,18,2.7213744198769374e-06,0.9994193003375831,4362
90182C,BLACK 3 BEAD DROP EARRINGS,55.74,17.700000000000003,38.04,19,6,13,2.7145563737283554e-06,0.9994220148939568,4363
90177A,CLASSIC DIAMANTE EARRINGS JET,55.690000000000005,17.700000000000003,37.99,19,6,14,2.7121213572467192e-06,0.999424727015314,4364
90214T,"LETTER ""T"" BLING KEY RING",55.57,0.0,55.57,57,0,24,2.7062773176907914e-06,0.9994274332926317,4365
22657,HEN & 2 CHICKS IN BASKET,55.24999999999999,0.0,55.24999999999999,65,0,7,2.6906932122083174e-06,0.999430123985844,4366
90001B,ANTIQUE MID BLUE FLOWER EARRINGS,55.120000000000005,4.25,50.870000000000005,13,1,10,2.6843621693560634e-06,0.9994328083480133,4367
85151,WELCOME METAL SIGN,55.0,0.0,55.0,44,0,8,2.6785181298001356e-06,0.9994354868661431,4368
90135A,ORANGE/FUSCHIA STONES NECKLACE,54.620000000000005,0.0,54.620000000000005,11,0,4,2.6600120045396983e-06,0.9994381468781477,4369
90142D,MOP PENDANT SHELL NECKLACE,54.59,0.0,54.59,11,0,5,2.6585509946507163e-06,0.9994408054291424,4370
90043,COPPER AND BRASS BAG CHARM,54.510000000000005,0.0,54.510000000000005,10,0,6,2.654654968280098e-06,0.9994434600841107,4371
20820,SILVER LOOKING MIRROR,54.45,0.0,54.45,11,0,8,2.6517329485021343e-06,0.9994461118170592,4372
20953,PORCELAIN CHERUB BELL LARGE,54.449999999999996,0.0,54.449999999999996,33,0,9,2.651732948502134e-06,0.9994487635500078,4373
90084,PINK CRYSTAL GUITAR PHONE CHARM,54.4,10.2,44.199999999999996,64,12,9,2.6492979320204977e-06,0.9994514128479398,4374
46115B,GREEN POP ART MAO CUSHION COVER ,54.34,0.0,54.34,286,0,22,2.646375912242534e-06,0.9994540592238521,4375
20870,OPULENT VELVET CANDLE IN BOX,54.3,2.1,52.2,30,1,7,2.6444278990572244e-06,0.9994567036517512,4376
84402B,PURPLE DRESS JEWELLERY STAND,54.09,0.0,54.09,63,0,4,2.6342008298343517e-06,0.999459337852581,4377
84559b,3D SHEET OF CAT STICKERS,53.54,0.0,53.54,32,0,25,2.60741564853635e-06,0.9994619452682295,4378
84660b,BLACK STITCHED WALL CLOCK,53.18,0.0,53.18,7,0,6,2.5898835298685673e-06,0.9994645351517594,4379
72798C,SET/4 GARDEN ROSE DINNER CANDLE,53.11,0.0,53.11,28,0,15,2.586474506794276e-06,0.9994671216262662,4380
84660a,WHITE STITCHED WALL CLOCK,52.699999999999996,0.0,52.699999999999996,7,0,5,2.566507371644857e-06,0.9994696881336378,4381
84845C,CARNATION SQUARE HANDY TIN,52.5,3.75,48.75,42,3,14,2.556767305718311e-06,0.9994722449009436,4382
84951b,SET OF 4 BLACK LOVEBIRD COASTERS,51.26,0.0,51.26,10,0,5,2.4963788969737262e-06,0.9994747412798405,4383
84845D,GERANIUM SQUARE HANDY TIN,51.25,0.0,51.25,41,0,11,2.4958918936773987e-06,0.9994772371717342,4384
35071,ASSORTED SANTA CHRISTMAS DECORATION,51.13999999999999,0.0,51.13999999999999,50,0,7,2.4905348574177984e-06,0.9994797277065917,4385
84612B,thrown away,51.0,0.0,51.0,20,0,4,2.4837168112692164e-06,0.9994822114234029,4386
20964,POLYESTER FILLER PAD 60x40cm,50.99999999999999,0.0,50.99999999999999,20,0,6,2.483716811269216e-06,0.9994846951402141,4387
84968f,SET OF 16 VINTAGE SKY BLUE CUTLERY,50.98,0.0,50.98,2,0,2,2.482742804676562e-06,0.9994871778830188,4388
84968b,SET OF 16 VINTAGE IVORY CUTLERY,50.98,0.0,50.98,2,0,2,2.482742804676562e-06,0.9994896606258235,4389
85069,CREAM SWEETHEART DOUBLE SHELF,50.849999999999994,101.69999999999999,-50.849999999999994,3,6,1,2.476411761824307e-06,0.9994921370375853,4390
85035b,CHOCOLATE 3 WICK MORRIS BOX CANDLE,50.82000000000001,0.0,50.82000000000001,6,0,6,2.4749507519353253e-06,0.9994946119883372,4391
85124a,PINK JUICY FRUIT PHOTO FRAME,50.599999999999994,0.0,50.599999999999994,10,0,9,2.4642366794161242e-06,0.9994970762250166,4392
90034,WHITE SILVER NECKLACE SHELL GLASS,50.48,0.0,50.48,5,0,5,2.458392639860197e-06,0.9994995346176565,4393
72083A,STRAWBERY SWIRL FLARE CANDLE,50.400000000000006,0.0,50.400000000000006,24,0,7,2.454496613489579e-06,0.99950198911427,4394
90141E,ORANGE PENDANT TRIPLE SHELL NECKLAC,50.06,0.0,50.06,10,0,5,2.4379385014144505e-06,0.9995044270527714,4395
23603,SET 10 CARD KRAFT REINDEER 17084,49.800000000000004,0.0,49.800000000000004,20,0,14,2.425276415709941e-06,0.9995068523291871,4396
72129,COLUMBIAN CANDLE ROUND ,49.760000000000005,0.0,49.760000000000005,75,0,18,2.423328402524632e-06,0.9995092756575896,4397
90052,CRACKED GLAZE NECKLACE BROWN,49.58,0.0,49.58,7,0,5,2.4145623431907404e-06,0.9995116902199328,4398
84537B,FAIRY CAKES GIFT BAG,49.14,0.0,49.14,117,0,11,2.393134198152339e-06,0.9995140833541309,4399
35644,PAIR PINK/BLACK COATHANGERS,48.75,0.0,48.75,25,0,7,2.3741410695955748e-06,0.9995164574952006,4400
90128A,PINK LEAVES AND BEADS PHONE CHARM,48.71,0.0,48.71,33,0,10,2.3721930564102656e-06,0.999518829688257,4401
37489A,YELLOW/PINK FLOWER DESIGN BIG MUG,48.51,0.0,48.51,47,0,23,2.3624529904837195e-06,0.9995211921412475,4402
35603C,SET/16 WHITE SHINY & MATT BAUBLES,48.3,0.0,48.3,83,0,24,2.352225921260846e-06,0.9995235443671687,4403
37491A,YELLOW/PINK CERAMIC CANDLE HOLDER,48.3,0.0,48.3,18,0,13,2.352225921260846e-06,0.99952589659309,4404
90083,CRYSTAL CZECH CROSS PHONE CHARM,48.08,0.0,48.08,52,0,15,2.3415118487416457e-06,0.9995282381049387,4405
84608,ORNATE EDWARDIAN CANDLE HOLDER,47.7,15.9,31.799999999999997,6,2,4,2.3230057234812085e-06,0.9995305611106622,4406
21347,GOTHIC CARRIAGE LANTERN,47.6,0.0,47.6,8,0,4,2.3181356905179356e-06,0.9995328792463527,4407
85081,PADDED HOLLY CHRISTMAS DECORATION ,47.43,0.0,47.43,107,0,21,2.309856634480371e-06,0.9995351891029872,4408
20895,VINTAGE NOTEBOOK FRENCH LETTER ,47.20000000000001,0.0,47.20000000000001,16,0,4,2.298655558664844e-06,0.9995374877585459,4409
35909B,PINK FLOWERS RABBIT EASTER,47.2,0.0,47.2,16,0,6,2.298655558664844e-06,0.9995397864141046,4410
90067B,BROWN VINTAGE VICTORIAN EARRINGS,47.120000000000005,0.0,47.120000000000005,16,0,6,2.294759532294225e-06,0.9995420811736369,4411
37462E,"PET MUG, GOLDFISH",47.12,2.52,44.6,107,6,28,2.294759532294225e-06,0.9995443759331691,4412
84227,HEN HOUSE W CHICK IN NEST,47.04,0.0,47.04,112,0,13,2.290863505923607e-06,0.999546666796675,4413
90181C,BLACK GLASS/SHELL/PEARL NECKLACE,46.93,0.0,46.93,5,0,5,2.2855064696640065e-06,0.9995489523031447,4414
84596f,SMALL MARSHMALLOWS PINK BOWL,46.89,0.0,46.89,19,0,14,2.2835584564786974e-06,0.9995512358616011,4415
84857B,BLUE MONTE CARLO HANDBAG,46.8,3.9,42.9,24,2,1,2.2791754268117516e-06,0.9995535150370279,4416
20988,TRELLIS FLOWER CHOPSTICKS SET/5,46.8,0.0,46.8,24,0,9,2.2791754268117516e-06,0.9995557942124548,4417
90001C,ANTIQUE OPAL WHITE FLOWER EARRINGS,46.7,0.0,46.7,11,0,10,2.2743053938484788e-06,0.9995580685178487,4418
90001A,ANTIQUE RASPBERRY FLOWER EARRINGS,46.6,0.0,46.6,11,0,10,2.269435360885206e-06,0.9995603379532095,4419
84705F,RED PEONY PHOTO FRAME ,46.5,0.0,46.5,10,0,5,2.2645653279219327e-06,0.9995626025185375,4420
16050,TEATIME PENCIL WITH RUBBER,46.45,0.0,46.45,151,0,8,2.2621303114402965e-06,0.9995648646488489,4421
47341A,FUSCHIA TABLE RUN FLOWER ,46.25,0.0,46.25,29,0,7,2.2523902455137504e-06,0.9995671170390944,4422
72024U,LILAC VOTIVE CANDLE,46.2,0.0,46.2,220,0,11,2.2499552290321137e-06,0.9995693669943234,4423
85132c,CHARLIE AND LOLA FIGURES TINS,46.099999999999994,0.0,46.099999999999994,4,0,4,2.2450851960688405e-06,0.9995716120795195,4424
84626,CANDY STRIPE ROSE QUILT,45.95,0.0,45.95,1,0,1,2.2377801466239314e-06,0.9995738498596661,4425
18097A,PINK TALL PORCELAIN T-LIGHT HOLDER ,45.9,0.0,45.9,18,0,12,2.235345130142295e-06,0.9995760852047962,4426
35611B,thrown away,45.760000000000005,0.0,45.760000000000005,62,0,3,2.228527083993713e-06,0.9995783137318802,4427
35233,PASTA ENAMEL/BRASS CONTAINER,45.0,0.0,45.0,12,0,8,2.191514833472838e-06,0.9995805052467137,4428
16161C,WRAP SPEED DEMONS ,45.0,0.0,45.0,450,0,2,2.191514833472838e-06,0.9995826967615472,4429
72724,SET/6 CHRISTMAS ICICLE T-LIGHTS,45.0,0.0,45.0,36,0,10,2.191514833472838e-06,0.9995848882763807,4430
23625,SET 6 CARDS SPARKLY REINDEER 17262,44.910000000000004,0.0,44.910000000000004,9,0,4,2.1871318038058926e-06,0.9995870754081845,4431
90059B,DIAMANTE HAIR GRIP PACK/2 BLACK DIA,44.87,9.899999999999999,34.97,27,6,16,2.185183790620583e-06,0.9995892605919751,4432
21685,MEDINA STAMPED METAL TRAY ,44.849999999999994,14.95,29.9,3,1,2,2.1842097840279285e-06,0.9995914448017591,4433
90135,ORANGE/WHT/FUSCHIA STONES NECKLACE,44.75,0.0,44.75,9,0,3,2.1793397510646556e-06,0.9995936241415102,4434
90197D,AMBER GLASS BRACELET HEART CHARMS,44.550000000000004,0.0,44.550000000000004,9,0,4,2.16959968513811e-06,0.9995957937411953,4435
72796B,S/3 FRENCH VANILLA SQU CANDLE,44.55,0.0,44.55,27,0,12,2.1695996851381095e-06,0.9995979633408805,4436
90011A,MIDNIGHT BLUE CRYSTAL DROP EARRINGS,44.28,0.0,44.28,15,0,15,2.1564505961372727e-06,0.9996001197914766,4437
84586L,"PINK ROSES/GINGHAM PATCH RABBIT 8""",44.25000000000001,0.0,44.25000000000001,15,0,9,2.154989586248291e-06,0.9996022747810628,4438
35085E,IVORY ROSE LAMPSHADE ,44.25,0.0,44.25,39,0,9,2.1549895862482906e-06,0.999604429770649,4439
90125E,AMBER BERTIE GLASS BEAD BAG CHARM,44.19,0.0,44.19,18,0,17,2.152067566470327e-06,0.9996065818382155,4440
35815B,"ACRYLIC JEWEL SNOWFLAKE,BLUE",43.940000000000005,0.0,43.940000000000005,95,0,3,2.139892484062145e-06,0.9996087217306996,4441
17014C,ORIGAMI LAVENDER INCENSE CONES,43.75,0.0,43.75,97,0,2,2.130639421431926e-06,0.999610852370121,4442
79063C,"RETRO PILL BOX KEY CHAIN,THE KING",43.65,0.0,43.65,235,0,14,2.1257693884686527e-06,0.9996129781395096,4443
90042B,FRESHWATER PEARL BRACELET PINK,43.349999999999994,0.0,43.349999999999994,17,0,6,2.1111592895788338e-06,0.9996150892987992,4444
35822P,"ACRYLIC BEAD CHAIN, PINK",43.32,0.0,43.32,114,0,1,2.109698279689852e-06,0.9996171989970789,4445
90054,CRACKED GLAZE EARRINGS RED,43.019999999999996,0.0,43.019999999999996,17,0,17,2.095088180800033e-06,0.9996192940852597,4446
23038,T-LIGHT HOLDER SILVER SAUCER,42.919999999999995,0.0,42.919999999999995,44,0,8,2.09021814783676e-06,0.9996213843034075,4447
79066k,RETRO MOD TRAY,42.71,0.0,42.71,26,0,16,2.079991078613887e-06,0.9996234642944861,4448
84993a,75 GREEN PETIT FOUR CASES,42.71,0.0,42.71,51,0,30,2.079991078613887e-06,0.9996255442855647,4449
21596,Hypochondriac Pill Stress Ball,42.64,0.0,42.64,10,0,9,2.076582055539596e-06,0.9996276208676202,4450
90024A,NEW BAROQUE B'FLY NECKLACE BLACK,42.5,0.0,42.5,5,0,4,2.0697640093910136e-06,0.9996296906316297,4451
90126C,AMBER BERTIE MOBILE PHONE CHARM,42.1,0.0,42.1,21,0,5,2.0502838775379218e-06,0.9996317409155072,4452
72771C,BLACK FLOCK GOLD CANDLE,42.08,0.0,42.08,54,0,6,2.049309870945267e-06,0.9996337902253781,4453
20860,GOLD COSMETICS BAG WITH BUTTERFLY,42.0,0.0,42.0,20,0,11,2.045413844574649e-06,0.9996358356392226,4454
15060b,FAIRY CAKE DESIGN UMBRELLA,41.81,0.0,41.81,5,0,5,2.0361607819444303e-06,0.9996378718000046,4455
90152C,BLUE/NAT SHELL NECKLACE W PENDANT,41.650000000000006,0.0,41.650000000000006,7,0,4,2.0283687292031938e-06,0.9996399001687338,4456
84611B,thrown away,41.65,17.85,23.8,7,3,4,2.0283687292031933e-06,0.999641928537463,4457
90060B,FIRE POLISHED GLASS NECKL GOLD,41.65,0.0,41.65,7,0,4,2.0283687292031933e-06,0.9996439569061922,4458
90060C,FIRE POLISHED GLASS NECKL SILVER,41.65,0.0,41.65,7,0,3,2.0283687292031933e-06,0.9996459852749214,4459
35809a,ENAMEL PINK TEA CONTAINER,41.54,0.0,41.54,10,0,10,2.023011692943593e-06,0.9996480082866144,4460
85184B,SET 4 EASTER DECOUPAGE OVAL BOXES,41.300000000000004,2.95,38.35,14,1,7,2.011323613831738e-06,0.9996500196102283,4461
23448,CREAM BUNNY EASTER EGG BASKET,41.24999999999999,0.0,41.24999999999999,25,0,3,2.008888597350101e-06,0.9996520284988256,4462
90027C,GLASS BEAD HOOP EARRINGS GREEN,41.17,0.0,41.17,14,0,12,2.0049925709794833e-06,0.9996540334913966,4463
18096c,WHITE ROUND PORCELAIN TLIGHT HOLDER,41.14,0.0,41.14,8,0,6,2.0035315610905012e-06,0.9996560370229577,4464
21119,Glow In The Dark Shot Glasses ,41.01,0.0,41.01,3,0,3,1.9972005182382463e-06,0.9996580342234759,4465
84798C,WHITE FOXGLOVE ARTIIFCIAL FLOWER,40.8,0.0,40.8,16,0,3,1.986973449015373e-06,0.9996600211969249,4466
44228,CANNABIS LEAF BEAD CURTAIN,40.8,0.0,40.8,48,0,3,1.986973449015373e-06,0.9996620081703739,4467
47013C,WINE BOTTLE DRESSING DARK BLUE,40.519999999999996,1.44,39.08,147,12,27,1.9733373567182088e-06,0.9996639815077306,4468
90136,PALE PINK/AMETHYST STONE NECKLACE,40.47,0.0,40.47,4,0,3,1.970902340236572e-06,0.9996659524100708,4469
90152A,SILVER/NAT SHELL NECKLACE W PENDANT,40.34,0.0,40.34,7,0,7,1.9645712973843177e-06,0.9996679169813683,4470
37468,HARDMAN MUG 3 ASSORTED,40.2,0.0,40.2,66,0,14,1.9577532512357357e-06,0.9996698747346194,4471
20994,JAZZ HEARTS SPIRAL NOTEPAD,39.949999999999996,0.0,39.949999999999996,47,0,12,1.9455781688275525e-06,0.9996718203127882,4472
47013A,damaged,39.87,0.0,39.87,141,0,25,1.9416821424569342e-06,0.9996737619949306,4473
79065A,TEATIME ROUND CAKE TINS ,39.8,9.95,29.849999999999998,4,1,1,1.9382731193826435e-06,0.99967570026805,4474
35963,FOLKART ZINC CLIP ON ANGEL WINGS,39.52,0.0,39.52,104,0,11,1.924637027085479e-06,0.9996776249050771,4475
82545A,COGNAC AUX OEUFS METAL 1 HOOK,38.75,0.0,38.75,31,0,11,1.8871377732682772e-06,0.9996795120428503,4476
47567b,TEA TIME KITCHEN APRON,38.72,0.0,38.72,3,0,3,1.8856767633792953e-06,0.9996813977196137,4477
90130D,RED STONE/CRYSTAL EARRINGS,38.31,0.0,38.31,13,0,8,1.8657096282298762e-06,0.999683263429242,4478
90027B,GLASS BEAD HOOP EARRINGS MONTANA,38.28,0.0,38.28,13,0,10,1.8642486183408944e-06,0.9996851276778603,4479
90183C,BLACK DROP EARRINGS W LONG BEADS,38.12,0.0,38.12,13,0,13,1.8564565655996574e-06,0.9996869841344259,4480
47518f,ICON PLACEMAT POP ART ELVIS,37.75,0.0,37.75,9,0,9,1.8384374436355475e-06,0.9996888225718695,4481
90176B,DIAMANTE NECKLACE BLACK ,37.620000000000005,0.0,37.620000000000005,5,0,4,1.8321064007832928e-06,0.9996906546782703,4482
85115B,S/4 BLACK DISCO PARTITION PANEL,37.62,0.0,37.62,6,0,2,1.8321064007832926e-06,0.9996924867846712,4483
90039A,FIRE POLISHED GLASS BRACELET RED,37.61,0.0,37.61,10,0,5,1.8316193974869653e-06,0.9996943184040686,4484
90214F,"LETTER ""F"" BLING KEY RING",37.53,0.0,37.53,45,0,27,1.827723371116347e-06,0.9996961461274397,4485
37112,YELLOW BIRDS FELT DES FOODCOVER,37.5,0.0,37.5,10,0,5,1.8262623612273652e-06,0.999697972389801,4486
79413,GLASS WINE GLASS DECORATIONS,37.5,0.0,37.5,30,0,9,1.8262623612273652e-06,0.9996997986521622,4487
84509b,SET OF 4 FAIRY CAKE PLACEMATS,37.3,0.0,37.3,5,0,4,1.816522295300819e-06,0.9997016151744574,4488
90126A,PINK BERTIE MOBILE PHONE CHARM,37.14,0.0,37.14,20,0,5,1.8087302425595823e-06,0.9997034239047,4489
84251J,"GREETING CARD, THE BLACK CAT",37.04,0.0,37.04,74,0,17,1.8038602095963093e-06,0.9997052277649097,4490
16162M,THE KING GIFT BAG 25x24x12cm,36.96,0.0,36.96,88,0,13,1.799964183225691e-06,0.9997070277290929,4491
72715,SPHERICAL IVORY CANDLE ,36.96,0.0,36.96,88,0,13,1.799964183225691e-06,0.9997088276932762,4492
17014E,ORIGAMI OPIUM INCENSE CONES,36.599999999999994,0.0,36.599999999999994,95,0,6,1.7824320645579081e-06,0.9997106101253408,4493
90141D,ROSE PENDANT TRIPLE SHELL NECKLACE,36.33,0.0,36.33,7,0,5,1.7692829755570712e-06,0.9997123794083164,4494
90037D,TINY CRYSTALS BRACELET BLACK,35.87,0.0,35.87,14,0,8,1.7468808239260155e-06,0.9997141262891402,4495
84745B,BLUE HANGING GINGHAM EASTER HEN,35.7,0.0,35.7,85,0,17,1.7386017678884517e-06,0.9997158648909081,4496
37348,SET OF 4 PASTEL STACKING MUGS,35.7,5.1,30.6,14,2,7,1.7386017678884517e-06,0.999717603492676,4497
90132,LIGHT TOPAZ TEAL/AQUA COL NECKLACE,35.63,0.0,35.63,7,0,7,1.7351927448141605e-06,0.9997193386854208,4498
85184c,SET 4 VALENTINE DECOUPAGE HEART BOX,35.35,0.0,35.35,6,0,6,1.7215566525169961e-06,0.9997210602420734,4499
90011C,GREEN CRYSTAL DROP EARRINGS,35.33,0.0,35.33,12,0,7,1.7205826459243416e-06,0.9997227808247193,4500
79063D,"RETRO PILL BOX , REVOLUTIONARY",35.33,0.0,35.33,190,0,11,1.7205826459243416e-06,0.9997245014073652,4501
90152B,BLUE/GREEN SHELL NECKLACE W PENDANT,35.26,0.0,35.26,6,0,5,1.7171736228500504e-06,0.9997262185809881,4502
84510e,SET OF 4 GREEN CAROUSEL COASTERS,35.089999999999996,0.0,35.089999999999996,14,0,6,1.7088945668124863e-06,0.999727927475555,4503
82613b,"METAL SIGN,CUPCAKE SINGLE HOOK",35.04,0.0,35.04,14,0,11,1.70645955033085e-06,0.9997296339351053,4504
DCGS0058,MISO PRETTY  GUM,34.82,0.0,34.82,42,0,30,1.6957454778116494e-06,0.9997313296805831,4505
84868B,BLUE BABY BOY'S MEMORY BOX,34.75,13.9,20.85,5,2,4,1.6923364547373582e-06,0.9997330220170378,4506
37482p,CUBIC MUG PINK POLKA DOT,34.7,0.0,34.7,2,0,2,1.689901438255722e-06,0.9997347119184761,4507
90081B,LILY BROOCH WHITE/SILVER COLOUR,34.650000000000006,0.0,34.650000000000006,7,0,3,1.6874664217740856e-06,0.9997363993848979,4508
84546,CROCHET POODLE KEYRING,34.64999999999999,0.0,34.64999999999999,21,0,3,1.687466421774085e-06,0.9997380868513197,4509
35955,cant find,34.620000000000005,0.0,34.620000000000005,135,0,4,1.6860054118851036e-06,0.9997397728567315,4510
44265,M/COLOUR POM-POM CURTAIN,34.0,0.0,34.0,8,0,4,1.655811207512811e-06,0.999741428667939,4511
90066A,PINK VINTAGE VICTORIAN CHOKER,33.75,0.0,33.75,5,0,2,1.6436361251046286e-06,0.9997430723040641,4512
47591b,SCOTTIES CHILDRENS APRON,33.6,0.0,33.6,8,0,4,1.636331075659719e-06,0.9997447086351398,4513
84456,SET OF 3 RABBIT EGG EASTER,33.15,10.2,22.95,37,12,16,1.6144159273249907e-06,0.999746323051067,4514
85079,EMBROIDERED REINDEER DECORATION,33.1,0.0,33.1,24,0,8,1.6119809108433543e-06,0.9997479350319779,4515
90076,MONTANA DIAMOND CLUSTER EARRINGS,33.0,2.55,30.45,12,1,7,1.6071108778800812e-06,0.9997495421428558,4516
DCGS0003,ebay,32.589999999999996,0.0,32.589999999999996,13,0,13,1.587143742730662e-06,0.9997511292865986,4517
82613c,"METAL SIGN,CUPCAKE SINGLE HOOK",32.48,0.0,32.48,13,0,12,1.5817867064710616e-06,0.9997527110733051,4518
90214O,"LETTER ""O"" BLING KEY RING",31.419999999999998,0.0,31.419999999999998,36,0,18,1.5301643570603682e-06,0.9997542412376622,4519
23632,SET 10 CARDS CHEERFUL ROBIN 17065,31.200000000000003,0.0,31.200000000000003,15,0,10,1.519450284541168e-06,0.9997557606879468,4520
84745A,PINK HANGING GINGHAM EASTER HEN,31.08,0.0,31.08,74,0,15,1.5136062449852401e-06,0.9997572742941918,4521
44091C,MULTICOLOUR CRUSOE CHECK LAMPSHADE,30.66,0.0,30.66,61,0,17,1.4931521065394938e-06,0.9997587674462983,4522
21919,Electronic Talking Breath-A-Loser,30.47,0.0,30.47,6,0,5,1.483899043909275e-06,0.9997602513453422,4523
37489B,BLUE/YELLOW FLOWER DESIGN BIG MUG,30.419999999999998,0.0,30.419999999999998,38,0,17,1.4814640274276385e-06,0.9997617328093696,4524
90025F,BAROQUE BUTTERFLY EARRINGS CRYSTAL,30.23,0.0,30.23,8,0,8,1.47221096479742e-06,0.9997632050203344,4525
90214V,"LETTER ""V"" BLING KEY RING",30.23,0.0,30.23,39,0,24,1.47221096479742e-06,0.9997646772312992,4526
18010,ASSORTED FRAGRANCE BATH CONFETTI,30.16,0.0,30.16,64,0,9,1.4688019417231287e-06,0.999766146033241,4527
37491B,BLUE/YELLOW CERAMIC CANDLE HOLDER,30.08,0.0,30.08,14,0,8,1.4649059153525105e-06,0.9997676109391563,4528
47563B,WAVELINE SURF IRONING BOARD COVER,30.0,0.0,30.0,8,0,6,1.461009888981892e-06,0.9997690719490453,4529
84876C,SILVER HEART COMPACT MIRROR,30.0,3.75,26.25,8,1,4,1.461009888981892e-06,0.9997705329589343,4530
90176E,DIAMANTE NECKLACE GREEN,29.98,0.0,29.98,4,0,3,1.4600358823892374e-06,0.9997719929948167,4531
21767,FRENCH STYLE WIRE DOOR CABINET ,29.95,0.0,29.95,1,0,1,1.4585748725002555e-06,0.9997734515696892,4532
78056,CAMOUFLAGE BACKPACK ON WHEELS,29.849999999999998,17.0,12.849999999999998,3,2,2,1.4537048395369825e-06,0.9997749052745287,4533
22351,DOTCOMGIFTSHOP TEA TOWEL,29.809999999999995,0.0,29.809999999999995,15,0,3,1.4517568263516731e-06,0.999776357031355,4534
84985a,SET OF 72 GREEN PAPER DOILIES,29.8,0.0,29.8,10,0,8,1.451269823055346e-06,0.9997778083011781,4535
35598A,DUSTY PINK CHRISTMAS TREE 60CM,29.500000000000004,0.0,29.500000000000004,10,0,3,1.4366597241655273e-06,0.9997792449609023,4536
78034B,BLUE NETTING STORAGE HANGER,29.25,0.0,29.25,15,0,9,1.4244846417573448e-06,0.9997806694455441,4537
46776f,WOVEN ROSE GARDEN CUSHION COVER ,28.91,0.0,28.91,7,0,1,1.4079265296822167e-06,0.9997820773720738,4538
40005B,BLUE ORGANDY ROUND LAMPSHADE W BEA,28.9,0.0,28.9,34,0,13,1.4074395263858892e-06,0.9997834848116002,4539
37489D,PINK/GREEN FLOWER DESIGN BIG MUG,28.86,0.0,28.86,46,0,20,1.40549151320058e-06,0.9997848903031133,4540
44089C,LILAC GAUZE BUTTERFLY LAMPSHADE,28.56,0.0,28.56,68,0,18,1.3908814143107612e-06,0.9997862811845276,4541
21097,SET/6 GREEN SPRING  PAPER PLATE,28.049999999999997,0.0,28.049999999999997,33,0,7,1.366044246198069e-06,0.9997876472287738,4542
37489C,GREEN/BLUE FLOWER DESIGN BIG MUG,28.009999999999998,0.0,28.009999999999998,28,0,12,1.3640962330127597e-06,0.9997890113250067,4543
17091F,SANDALWOOD INCENSE IN TIN,27.71,0.0,27.71,19,0,8,1.349486134122941e-06,0.9997903608111409,4544
23613,SET 10 XMAS CARDS & BADGES 17070,27.39,0.0,27.39,11,0,6,1.3339020286404674e-06,0.9997916947131695,4545
23637,SET 10 CARDS OUT OF ORDER 17216,27.39,0.0,27.39,11,0,9,1.3339020286404674e-06,0.9997930286151981,4546
84867b,BLUE BABY BOY'S PHOTO ALBUM,27.14,0.0,27.14,2,0,1,1.3217269462322851e-06,0.9997943503421444,4547
90187A,BLUE DROP EARRINGS W BEAD CLUSTER,27.04,0.0,27.04,8,0,7,1.316856913269012e-06,0.9997956671990577,4548
23702,High Resolution Image,27.0,0.0,27.0,4,0,3,1.314908900083703e-06,0.9997969821079578,4549
17013F,ORIGAMI SANDLEWOOD INCENSE IN TUBE,26.7,0.0,26.7,62,0,5,1.300298801193884e-06,0.9997982824067589,4550
90027A,GLASS BEAD HOOP EARRINGS BLACK,26.52,0.0,26.52,9,0,6,1.2915327418599925e-06,0.9997995739395008,4551
90025E,BAROQUE BUTTERFLY EARRINGS MONTANA,26.5,0.0,26.5,7,0,7,1.2905587352673379e-06,0.999800864498236,4552
23636,SET 10 CARDS WISHING TREE 17116,26.19,0.0,26.19,9,0,7,1.2754616330811919e-06,0.9998021399598691,4553
90182A,AMBER 3 BEAD DROP EARRINGS,26.16,0.0,26.16,9,0,9,1.2740006231922098e-06,0.9998034139604923,4554
85164b,BLACK BAROQUE CUCKOO CLOCK,26.04,0.0,26.04,1,0,1,1.2681565836362822e-06,0.999804682117076,4555
90041,PEARL AND CHERRY QUARTZ BRACLET,25.67,0.0,25.67,7,0,6,1.2501374616721725e-06,0.9998059322545376,4556
20954,*USB Office Mirror Ball,25.590000000000003,0.0,25.590000000000003,3,0,3,1.2462414353015542e-06,0.9998071784959729,4557
90142A,GREEN PENDANT SHELL NECKLACE,25.45,0.0,25.45,5,0,4,1.2394233891529718e-06,0.999808417919362,4558
DCGS0070,CAMOUFLAGE DOG COLLAR,25.44,0.0,25.44,2,0,2,1.2389363858566445e-06,0.9998096568557479,4559
85035a,GARDENIA 3 WICK MORRIS BOXED CANDLE,25.410000000000004,0.0,25.410000000000004,3,0,3,1.2374753759676627e-06,0.9998108943311238,4560
47552A,DOTS IRONING BOARD COVER,25.35,3.3,22.05,13,2,11,1.234553356189699e-06,0.99981212888448,4561
90214Y,"LETTER ""Y"" BLING KEY RING",25.339999999999996,0.0,25.339999999999996,68,0,10,1.2340663528933712e-06,0.9998133629508329,4562
90055,CRACKED GLAZE EARRINGS BROWN,25.28,0.0,25.28,10,0,10,1.2311443331154078e-06,0.999814594095166,4563
35597D,PINK/WHITE CHRISTMAS TREE 30CM,25.28,0.0,25.28,58,0,7,1.2311443331154078e-06,0.9998158252394992,4564
90053,CRACKED GLAZE EARRINGS IVORY,25.23,0.0,25.23,10,0,10,1.2287093166337713e-06,0.9998170539488158,4565
84596b,SMALL DOLLY MIX DESIGN ORANGE BOWL,25.099999999999998,0.0,25.099999999999998,10,0,8,1.2223782737815162e-06,0.9998182763270896,4566
72801g,4 BURGUNDY WINE DINNER CANDLES,25.099999999999998,0.0,25.099999999999998,10,0,3,1.2223782737815162e-06,0.9998194987053635,4567
90128C,GREEN LEAVES AND BEADS PHONE CHARM,25.04,0.0,25.04,17,0,6,1.2194562540035525e-06,0.9998207181616174,4568
23620,SET 10 CARDS PERFECT POST 17090,24.900000000000002,0.0,24.900000000000002,10,0,7,1.2126382078549705e-06,0.9998219307998253,4569
85034a,3 GARDENIA MORRIS BOXED CANDLES,24.869999999999997,0.0,24.869999999999997,3,0,3,1.2111771979659885e-06,0.9998231419770233,4570
84550,CROCHET LILAC/RED BEAR KEYRING,24.749999999999996,0.0,24.749999999999996,15,0,5,1.2053331584100609e-06,0.9998243473101817,4571
35633B,BLUE TINSEL GARLAND ,24.7,0.0,24.7,130,0,12,1.2028981419284244e-06,0.9998255502083236,4572
35596,WOOD XMAS TREE 9 FIG SHELVES,24.65,0.0,24.65,29,0,4,1.2004631254467878e-06,0.9998267506714491,4573
10124A,SPOTS ON RED BOOKCOVER TAPE,24.36,0.0,24.36,58,0,18,1.1863400298532964e-06,0.999827937011479,4574
84450A,PINK RABBIT SITTING EASTER,24.18,1.68,22.5,52,4,5,1.177573970519405e-06,0.9998291145854495,4575
37494a,FAIRY CAKE CERAMIC BUTTER DISH,24.16,0.0,24.16,4,0,3,1.1765999639267505e-06,0.9998302911854134,4576
84575B,BROWN DOG CANNISTER W BONE,23.8,0.0,23.8,4,0,3,1.1590678452589678e-06,0.9998314502532587,4577
79302m,"ART LIGHTS,FUNK MONKEY",23.77,0.0,23.77,4,0,4,1.1576068353699857e-06,0.9998326078600941,4578
90128B,BLUE LEAVES AND BEADS PHONE CHARM,23.759999999999998,0.0,23.759999999999998,18,0,6,1.1571198320736585e-06,0.9998337649799262,4579
17014F,ORIGAMI SANDLEWOOD INCENSE CONES,23.7,0.0,23.7,61,0,4,1.1541978122956948e-06,0.9998349191777385,4580
47556b,TEA TIME TEA TOWELS ,23.64,0.0,23.64,4,0,4,1.151275792517731e-06,0.999836070453531,4581
90011E,AMBER CRYSTAL DROP EARRINGS,23.61,0.0,23.61,8,0,8,1.149814782628749e-06,0.9998372202683136,4582
85040b,SET/4 BLUE FLOWER CANDLES IN BOWL,23.519999999999996,0.0,23.519999999999996,7,0,3,1.1454317529618032e-06,0.9998383657000666,4583
23623,SET 10 CARD CHRISTMAS WELCOME 17112,23.28,0.0,23.28,8,0,6,1.1337436738499482e-06,0.9998394994437404,4584
90095,NECKLACE+BRACELET SET PINK BLOSSOM,22.909999999999997,0.0,22.909999999999997,8,0,3,1.115724551885838e-06,0.9998406151682923,4585
90025C,BAROQUE BUTTERFLY EARRINGS GREEN,22.56,0.0,22.56,6,0,6,1.0986794365143827e-06,0.9998417138477288,4586
90189B,GOLD 2 STRAND NECKLACE-LEAF CHARMS,22.5,0.0,22.5,3,0,2,1.095757416736419e-06,0.9998428096051455,4587
37477C,"FLOWER FAIRY MUG+COASTER,ROSE",22.5,0.0,22.5,6,0,1,1.095757416736419e-06,0.9998439053625622,4588
85225,BLING KEY RING STAND,22.5,0.0,22.5,19,0,11,1.095757416736419e-06,0.9998450011199789,4589
35591T,TURQUOISE CHRISTMAS TREE ,22.5,0.0,22.5,18,0,9,1.095757416736419e-06,0.9998460968773956,4590
23645,SET 10 CHRISTMAS CARDS HOHOHO 16956,22.410000000000004,0.0,22.410000000000004,9,0,4,1.0913743870694736e-06,0.9998471882517826,4591
23640,SET 10 CARDS SCOTTIE DOG 17211,22.410000000000004,0.0,22.410000000000004,9,0,8,1.0913743870694736e-06,0.9998482796261697,4592
35652,VINTAGE BEAD CHAISE LONG JEWEL BOX,21.5,0.0,21.5,18,0,2,1.0470570871036893e-06,0.9998493266832569,4593
90214Z,"LETTER ""Z"" BLING KEY RING",21.49,0.0,21.49,31,0,18,1.046570083807362e-06,0.9998503732533407,4594
84387A,BIRD ON BRANCH CANVAS SCREEN,21.45,0.0,21.45,11,0,1,1.0446220706220529e-06,0.9998514178754113,4595
21387,IVORY HANGING DECORATION  RABBIT,21.25,0.0,21.25,25,0,4,1.0348820046955068e-06,0.999852452757416,4596
44092C,PURPLE/COPPER HANGING LAMPSHADE,21.25,0.0,21.25,25,0,10,1.0348820046955068e-06,0.9998534876394206,4597
90128D,PURPLE LEAVES AND BEADS PHONE CHAR,21.24,0.0,21.24,13,0,7,1.0343950013991795e-06,0.999854522034422,4598
21594,Dr. Jam's Arouzer Stress Ball,21.06,0.0,21.06,5,0,5,1.0256289420652882e-06,0.9998555476633642,4599
35603B,S/16 BLACK SHINY/MAT BAUBLES,21.0,50.400000000000006,-29.400000000000006,50,24,2,1.0227069222873245e-06,0.9998565703702864,4600
23692,WRAP A PRETTY THANK YOU,21.0,0.0,21.0,50,0,2,1.0227069222873245e-06,0.9998575930772087,4601
DCGS0072,CAT CAMOUFLAGUE COLLAR,20.68,0.0,20.68,4,0,3,1.007122816804851e-06,0.9998586002000255,4602
46776a,WOVEN BUBBLE GUM CUSHION COVER,20.65,0.0,20.65,5,0,1,1.0056618069158689e-06,0.9998596058618324,4603
10002R,ROBOT PENCIL SHARPNER,20.57,0.0,20.57,4,0,3,1.0017657805452506e-06,0.999860607627613,4604
79172D,PURPLE TINT ACRYLIC FLOWER VASE,20.4,0.0,20.4,24,0,4,9.934867245076866e-07,0.9998616011143375,4605
85232a,SET/3 POLKA DOT STACKING TINS,20.34,0.0,20.34,2,0,2,9.905647047297229e-07,0.9998625916790422,4606
84536a,ENGLISH ROSE NOTEBOOK A7 SIZE,19.970000000000002,0.0,19.970000000000002,25,0,12,9.72545582765613e-07,0.999863564224625,4607
90082C,DIAMANTE BOW BROOCH WHITE COLOUR,19.93,0.0,19.93,3,0,3,9.705975695803036e-07,0.9998645348221945,4608
23601,SET 10 CARDS SNOWY SNOWDROPS  17100,19.92,0.0,19.92,8,0,4,9.701105662839765e-07,0.9998655049327608,4609
23646,SET 10 CARDS JINGLE BELLS 16957,19.92,0.0,19.92,8,0,5,9.701105662839765e-07,0.9998664750433272,4610
90127A,PINK BEADS+HAND PHONE CHARM,19.92,0.0,19.92,14,0,2,9.701105662839765e-07,0.9998674451538935,4611
23616,SET 10 CARDS JINGLE BELLS 17217,19.92,0.0,19.92,8,0,7,9.701105662839765e-07,0.9998684152644598,4612
84570B,WHITE SATIN DRESS JEWEL STAND,19.8,0.0,19.8,4,0,2,9.64266526728049e-07,0.9998693795309865,4613
37488A,damaged,19.770000000000003,2.95,16.82,31,1,5,9.62805516839067e-07,0.9998703423365034,4614
37487B,Damaged,19.72,0.0,19.72,68,0,2,9.603705003574304e-07,0.9998713027070038,4615
20680,PINK FLOWERS CHILDS UMBRELLA,19.5,0.0,19.5,6,0,4,9.496564278382298e-07,0.9998722523634316,4616
79062D,"RETRO TIN ASHTRAY,REVOLUTIONARY",19.4,0.0,19.4,52,0,4,9.447863948749568e-07,0.9998731971498265,4617
81950V,FLOWER PURPLE CLOCK WITH SUCKER,19.09,0.0,19.09,33,0,10,9.296892926888107e-07,0.9998741268391191,4618
84030B,KNITTED POM POM HOT WATER BOTTLE,18.75,0.0,18.75,5,0,3,9.131311806136826e-07,0.9998750399702998,4619
90025D,BAROQUE BUTTERFLY EARRINGS PINK,18.69,0.0,18.69,5,0,5,9.102091608357188e-07,0.9998759501794606,4620
84732B,CUTE BIRD CEATURE SCREEN,18.48,0.0,18.48,28,0,6,8.999820916128455e-07,0.9998768501615523,4621
84311,CAMOFLAGE CUSHION COVER,18.15,0.0,18.15,11,0,1,8.839109828340446e-07,0.9998777340725351,4622
72796A,S/3 ENGLISH LAVENDER SQU CANDLE,18.15,0.0,18.15,11,0,5,8.839109828340446e-07,0.999878617983518,4623
84986b,SET OF 36 SILVER PAPER DOILIES,17.88,0.0,17.88,6,0,5,8.707618938332076e-07,0.9998794887454118,4624
84614C,BLUE BAROQUE FLOCK CANDLE HOLDER,17.85,0.0,17.85,3,0,1,8.693008839442259e-07,0.9998803580462957,4625
71050,SMALL SINGLE FLAME CANDLE HOLDER,17.849999999999998,0.0,17.849999999999998,51,0,8,8.693008839442256e-07,0.9998812273471797,4626
18097B,BLUE TALL PORCELAIN T-LIGHT HOLDER,17.849999999999998,0.0,17.849999999999998,7,0,3,8.693008839442256e-07,0.9998820966480636,4627
72801e,4 FESTIVE GREEN DINNER CANDLES,17.57,0.0,17.57,7,0,4,8.556647916470615e-07,0.9998829523128553,4628
90182B,AMETHYST 3 BEAD DROP EARRINGS,17.53,0.0,17.53,6,0,6,8.537167784617523e-07,0.9998838060296338,4629
23627,SET 10 CARDS XMAS GRAPHIC  17218,17.43,0.0,17.43,7,0,2,8.488467454984793e-07,0.9998846548763792,4630
37482b,CUBIC MUG BLUE POLKA DOT,17.35,0.0,17.35,1,0,1,8.44950719127861e-07,0.9998854998270984,4631
DCGS0066N,NAVY CUDDLES DOG HOODIE,17.3,0.0,17.3,2,0,2,8.425157026462245e-07,0.999886342342801,4632
84796b,BLUE SAVANNAH PICNIC HAMPER FOR 2,17.12,0.0,17.12,2,0,2,8.337496433123332e-07,0.9998871760924444,4633
DCGS0068,ebay,17.12,0.0,17.12,2,0,2,8.337496433123332e-07,0.9998880098420877,4634
84993b,75 BLACK PETIT FOUR CASES,16.99,0.0,16.99,20,0,13,8.274186004600782e-07,0.9998888372606881,4635
21120,*Boombox Ipod Classic,16.98,0.0,16.98,1,0,1,8.269315971637509e-07,0.9998896641922853,4636
85036b,CHOCOLATE 1 WICK MORRIS BOX CANDLE,16.94,0.0,16.94,2,0,2,8.249835839784417e-07,0.9998904891758693,4637
85035c,ROSE 3 WICK MORRIS BOX CANDLE,16.94,0.0,16.94,2,0,2,8.249835839784417e-07,0.9998913141594533,4638
72805,VANILLA CANDLE IN EMBOSSED ZINC POT,16.9,0.0,16.9,10,0,3,8.230355707931325e-07,0.9998921371950241,4639
47591c,BLUE FAIRY CAKE CHILD'S APRON,16.84,0.0,16.84,4,0,3,8.201135510151687e-07,0.9998929573085752,4640
44089A,PINK GAUZE BUTTERFLY LAMPSHADE,16.8,0.0,16.8,40,0,13,8.181655378298595e-07,0.9998937754741131,4641
72785A,S/4 CONTEMPORY PINK ROSEBUD CANDLES,16.8,0.0,16.8,8,0,4,8.181655378298595e-07,0.9998945936396509,4642
21511,VINTAGE COLLAGE  GREETING  CARD ,16.799999999999997,0.0,16.799999999999997,40,0,2,8.181655378298594e-07,0.9998954118051888,4643
23644,SET 10 CARDS CHRISTMAS TREE 16955,16.65,0.0,16.65,5,0,5,8.1086048838495e-07,0.9998962226656772,4644
84031b,CHARLIE LOLA BLUE HOT WATER BOTTLE ,16.63,0.0,16.63,1,0,1,8.098864817922954e-07,0.999897032552159,4645
84031a,CHARLIE+LOLA RED HOT WATER BOTTLE ,16.63,0.0,16.63,1,0,1,8.098864817922954e-07,0.9998978424386408,4646
85036a,GARDENIA 1 WICK MORRIS BOXED CANDLE,16.58,0.0,16.58,2,0,1,8.074514653106589e-07,0.9998986498901061,4647
85160b,BLACK BIRD GARDEN DESIGN MUG,16.13,0.0,16.13,1,0,1,7.855363169759306e-07,0.9998994354264231,4648
90102,WHITE FRANGIPANI HAIR CLIP,16.11,0.0,16.11,19,0,4,7.84562310383276e-07,0.9999002199887335,4649
62074B,ELEPHANT CLIP W SUCTION CUP,15.96,0.0,15.96,38,0,12,7.772572609383666e-07,0.9999009972459943,4650
84630,FLOWERS AND BIRDS WALL PLAQUE,15.9,0.0,15.9,2,0,1,7.743352411604028e-07,0.9999017715812355,4651
84250M,"GREETING CARD, BLACKPOOL ROCK",15.9,0.0,15.9,28,0,13,7.743352411604028e-07,0.9999025459164766,4652
35932,PINK CHRISTMAS TREE DECORATION,15.63,0.0,15.63,37,0,10,7.611861521595658e-07,0.9999033071026288,4653
84912a,PINK ROSE WASHBAG,15.56,0.0,15.56,2,0,1,7.577771290852747e-07,0.9999040648797578,4654
21560,TOADSTOOL  LUNCHBOX WITH CUTLERY,15.44,0.0,15.44,4,0,4,7.519330895293471e-07,0.9999048168128474,4655
21853,GUMBALL CUSTOM CARS TOP TRUMPS GAME,15.399999999999999,0.0,15.399999999999999,3,0,3,7.499850763440379e-07,0.9999055667979238,4656
37481,CUBIC MUG TEATIME CAKES,15.299999999999999,0.0,15.299999999999999,6,0,1,7.451150433807649e-07,0.9999063119129671,4657
84509e,SET OF 4 CAROUSEL PLACEMATS ,15.24,0.0,15.24,2,0,1,7.421930236028012e-07,0.9999070541059907,4658
85124c,GREEN JUICY FRUIT PHOTO FRAME,15.18,0.0,15.18,3,0,2,7.392710038248374e-07,0.9999077933769945,4659
17174,ASSTD RASTA KEY-CHAINS,15.120000000000001,0.0,15.120000000000001,36,0,7,7.363489840468736e-07,0.9999085297259785,4660
m,Manual,15.049999999999999,0.0,15.049999999999999,5,0,4,7.329399609725825e-07,0.9999092626659395,4661
84206A,3 BLACK CATS W HEARTS BLANK CARD,15.010000000000002,0.0,15.010000000000002,79,0,9,7.309919477872734e-07,0.9999099936578872,4662
23449,SET OF 6 EASTER RAINBOW CHICKS,15.0,0.0,15.0,12,0,1,7.30504944490946e-07,0.9999107241628318,4663
90068,"RUBY GLASS NECKLACE 42""",15.0,0.0,15.0,2,0,2,7.30504944490946e-07,0.9999114546677763,4664
21475,SWEETHEART CREAM STEEL FOLDIN CHAIR,14.95,14.95,0.0,1,1,1,7.280699280093095e-07,0.9999121827377043,4665
23621,SET 10 CARDS DAVID'S MADONNA 17074,14.940000000000001,0.0,14.940000000000001,6,0,4,7.275829247129823e-07,0.999912910320629,4666
84509g,SET OF 4 FAIRY CAKE PLACEMATS ,14.92,0.0,14.92,2,0,2,7.266089181203276e-07,0.9999136369295472,4667
35650,VINTAGE BEAD PINK JEWEL STAND,14.850000000000001,0.0,14.850000000000001,3,0,3,7.231998950460366e-07,0.9999143601294422,4668
84567,FROSTED GLASS WITH SILVER SURROUND,14.85,0.0,14.85,9,0,1,7.231998950460365e-07,0.9999150833293373,4669
SP1002,KID'S CHALKBOARD/EASEL,14.75,0.0,14.75,5,0,2,7.183298620827636e-07,0.9999158016591994,4670
90011D,PURPLE CRYSTAL DROP EARRINGS,14.75,0.0,14.75,5,0,5,7.183298620827636e-07,0.9999165199890614,4671
23634,SET 10 CARDS XMAS CHOIR 17068,14.55,0.0,14.55,5,0,5,7.085897961562177e-07,0.9999172285788576,4672
90077,BLACK DIAMOND CLUSTER EARRINGS,14.399999999999999,0.0,14.399999999999999,5,0,5,7.012847467113081e-07,0.9999179298636043,4673
10124G,ARMY CAMO BOOKCOVER TAPE,14.28,0.0,14.28,33,0,10,6.954407071553806e-07,0.9999186253043114,4674
21852,EMPIRE TEDDY,13.9,0.0,13.9,2,0,2,6.769345818949434e-07,0.9999193022388934,4675
84868A,PINK BABY GIRL'S MEMORY BOX,13.9,0.0,13.9,2,0,2,6.769345818949434e-07,0.9999199791734753,4676
84406b,CREAM CUPID HEARTS COAT HANGER,13.82,0.0,13.82,2,0,2,6.73038555524325e-07,0.9999206522120309,4677
16245A,damaged,13.75,0.0,13.75,11,0,7,6.696295324500339e-07,0.9999213218415633,4678
35936,CERISE+GOLD CHRISTMAS TREE DEC,13.68,0.0,13.68,36,0,9,6.662205093757428e-07,0.9999219880620728,4679
84814B,RHOMBUS CRYSTAL PERFUME BOTTLE,13.65,0.0,13.65,7,0,3,6.647594994867609e-07,0.9999226528215722,4680
35443,RASTA IN BATH W SPLIFF ASHTRAY,13.6,0.0,13.6,16,0,10,6.623244830051244e-07,0.9999233151460553,4681
79342b,BROWN FLOWER LIGHTS,13.57,0.0,13.57,1,0,1,6.608634731161426e-07,0.9999239760095284,4682
84867a,PINK BABY GIRLS PHOTO ALBUM,13.57,0.0,13.57,1,0,1,6.608634731161426e-07,0.9999246368730016,4683
21525,BEWARE OF THE CAT DOORMAT,13.5,13.5,0.0,2,2,2,6.574544500418515e-07,0.9999252943274516,4684
85039b,S/4 IVORY MINI ROSE CANDLE IN BOWL,13.44,0.0,13.44,4,0,1,6.545324302638877e-07,0.9999259488598818,4685
62097B,BLUE STRIPES SHOULDER BAG,13.37,0.0,13.37,11,0,4,6.511234071895966e-07,0.999926599983289,4686
23639,SET 10 CARDS MAGICAL TREE 17086,13.32,0.0,13.32,4,0,4,6.4868839070796e-07,0.9999272486716797,4687
23607,SET 10 CARDS HATS & STOCKINGS 17081,13.28,0.0,13.28,8,0,7,6.467403775226509e-07,0.9999278954120572,4688
79149B,SILICON STAR BULB  BLUE,13.02,0.0,13.02,31,0,12,6.340782918181411e-07,0.999928529490349,4689
35004s,SET OF 3 SILVER FLYING DUCKS,13.0,0.0,13.0,1,0,1,6.331042852254865e-07,0.9999291625946343,4690
85159b,"WHITE TEA,COFFEE,SUGAR JARS",13.0,0.0,13.0,1,0,1,6.331042852254865e-07,0.9999297956989195,4691
16192,PINK BALLET OPENING CUBE BOX ,12.899999999999999,0.0,12.899999999999999,3,0,1,6.282342522622135e-07,0.9999304239331718,4692
84989b,75 BLACK FAIRY CAKE CASES,12.8,0.0,12.8,10,0,6,6.233642192989406e-07,0.9999310472973911,4693
84247J,PACK/12 RUSSIAN DOLL CARDS,12.780000000000001,0.0,12.780000000000001,10,0,9,6.223902127062861e-07,0.9999316696876038,4694
21772,VINTAGE METAL CAKE STAND CREAM ,12.75,0.0,12.75,1,0,1,6.209292028173041e-07,0.9999322906168067,4695
44092B,BLUE WHITE PLASTIC RINGS LAMPSHADE,12.75,0.0,12.75,15,0,6,6.209292028173041e-07,0.9999329115460095,4696
20812,EMBOSSED FLOWER TRELLIS PHOTO FRAME,12.75,0.0,12.75,5,0,3,6.209292028173041e-07,0.9999335324752123,4697
72752B,"F.FAIRY,CANDLE IN GLASS,LAVENDER",12.75,0.0,12.75,3,0,2,6.209292028173041e-07,0.9999341534044152,4698
85083,KISS REINDEER SCANDINAVIAN STOCKING,12.75,15.299999999999999,-2.55,5,6,2,6.209292028173041e-07,0.999934774333618,4699
84648,NEW BAROQUE WALL MIRROR,12.75,0.0,12.75,1,0,1,6.209292028173041e-07,0.9999353952628208,4700
DCGS0037,KEY-RING CORKSCREW,12.72,0.0,12.72,1,0,1,6.194681929283223e-07,0.9999360147310138,4701
85157,SET OF 2 CHESTS CHOCOLAT AU LAIT,12.72,0.0,12.72,1,0,1,6.194681929283223e-07,0.9999366341992068,4702
35004p,SET OF 3 PINK FLYING DUCKS,12.72,0.0,12.72,1,0,1,6.194681929283223e-07,0.9999372536673997,4703
DCGS0075,CAMOUFLAGUE DOG LEAD,12.72,0.0,12.72,1,0,1,6.194681929283223e-07,0.9999378731355927,4704
35751C,PURPLE CURRENT CANDLE RING,12.61,0.0,12.61,31,0,2,6.141111566687219e-07,0.9999384872467494,4705
35918B,BLUE FLORIBUNDA EGG WARMER,12.5,1.25,11.25,10,1,5,6.087541204091217e-07,0.9999390960008698,4706
35597A,DUSTY PINK CHRISTMAS TREE 30CM,12.5,0.0,12.5,10,0,4,6.087541204091217e-07,0.9999397047549903,4707
84743C,damages,12.5,0.0,12.5,10,0,5,6.087541204091217e-07,0.9999403135091107,4708
51012L,"FEATHER DUSTER, LIGHT PINK",12.5,1.25,11.25,10,1,6,6.087541204091217e-07,0.9999409222632312,4709
23635,SET 10 CARDS CHRISTMAS HOLLY  17259,12.48,0.0,12.48,3,0,3,6.077801138164671e-07,0.999941530043345,4710
23654,SET 10 CARD SNOWMAN 16965,12.450000000000001,0.0,12.450000000000001,5,0,4,6.063191039274853e-07,0.9999421363624489,4711
84596g,SMALL CHOCOLATES PINK BOWL,12.399999999999999,0.0,12.399999999999999,5,0,2,6.038840874458486e-07,0.9999427402465363,4712
90000C,OPAL WHITE/SILVER FLOWER NECKLACE,12.32,0.0,12.32,2,0,2,5.999880610752304e-07,0.9999433402345974,4713
44242A,LILAC FEATHERS CURTAIN,11.98,0.0,11.98,14,0,2,5.834299490001023e-07,0.9999439236645464,4714
22206,"MUG , DOTCOMGIFTSHOP.COM ",11.82,0.0,11.82,14,0,10,5.756378962588655e-07,0.9999444993024427,4715
85185E,DUCK SOCK PUPPET,11.8,5.1,6.700000000000002,4,2,2,5.74663889666211e-07,0.9999450739663324,4716
85179a,GREEN BITTY LIGHT CHAIN,11.780000000000001,0.0,11.780000000000001,2,0,2,5.736898830735563e-07,0.9999456476562154,4717
23605,SET 10 CARDS 12 DAYS OF XMAS 17059,11.64,0.0,11.64,4,0,1,5.668718369249741e-07,0.9999462145280523,4718
23608,SET 10 CARDS RUDOLPHS NOSE 17097,11.64,0.0,11.64,4,0,3,5.668718369249741e-07,0.9999467813998892,4719
90025B,BAROQUE BUTTERFLY EARRINGS RED,11.29,0.0,11.29,3,0,3,5.498267215535186e-07,0.9999473312266108,4720
79070b,ENGLISH ROSE SQUARE CAKE TINS,11.26,0.0,11.26,1,0,1,5.483657116645368e-07,0.9999478795923225,4721
84366,VENDETTA CANVAS PICTURE,11.25,0.0,11.25,3,0,3,5.478787083682095e-07,0.9999484274710309,4722
17011B,ORIGAMI JASMINE INCENSE+FLOWER ,11.100000000000001,0.0,11.100000000000001,19,0,2,5.405736589233001e-07,0.9999489680446898,4723
47590a,BLUE HAPPY BIRTHDAY BUNTING,11.02,0.0,11.02,1,0,1,5.366776325526816e-07,0.9999495047223224,4724
72785B,S/4 CONTEMPORY RED ROSEBUD CANDLES,10.9,0.0,10.9,9,0,3,5.308335929967541e-07,0.9999500355559153,4725
84732D,CUTE RABBIT CEATURE SCREEN ,10.89,0.0,10.89,15,0,6,5.303465897004268e-07,0.9999505659025051,4726
17084G,MOON INCENSE,10.5,0.0,10.5,50,0,2,5.113534611436622e-07,0.9999510772559662,4727
21496,WOODLAND CREATURES  WRAP,10.5,10.5,0.0,25,25,1,5.113534611436622e-07,0.9999515886094273,4728
16169G,WRAP ROMANTIC DECOUPAGE,10.5,0.0,10.5,25,0,1,5.113534611436622e-07,0.9999520999628885,4729
16169A,WRAP CHRISTMAS DECOUPAGE,10.5,0.0,10.5,25,0,1,5.113534611436622e-07,0.9999526113163496,4730
21858,dirty,10.23,0.0,10.23,2,0,2,4.982043721428252e-07,0.9999531095207217,4731
85124b,BLUE JUICY FRUIT PHOTO FRAME,10.23,0.0,10.23,2,0,2,4.982043721428252e-07,0.9999536077250938,4732
21857,STAR WARS TOP TRUMPS GAME,10.23,0.0,10.23,2,0,2,4.982043721428252e-07,0.9999541059294659,4733
20939,ORANGE CANDLE,10.2,0.0,10.2,12,0,1,4.967433622538433e-07,0.9999546026728281,4734
90214W,"LETTER ""W"" BLING KEY RING",10.17,0.0,10.17,19,0,8,4.952823523648614e-07,0.9999550979551804,4735
85232d,SET/3 DECOUPAGE STACKING TINS,10.17,0.0,10.17,1,0,1,4.952823523648614e-07,0.9999555932375328,4736
84661c,PINK SQUARE TABLE CLOCK,10.12,0.0,10.12,2,0,2,4.928473358832249e-07,0.9999560860848686,4737
84661a,WHITE SQUARE TABLE CLOCK,10.02,0.0,10.02,2,0,2,4.87977302919952e-07,0.9999565740621715,4738
23619,SET 10 CARDS POINSETTIA 17093,9.96,0.0,9.96,4,0,2,4.850552831419883e-07,0.9999570591174547,4739
23650,SET 10 CARDS FILIGREE BAUBLE 16961,9.96,0.0,9.96,4,0,4,4.850552831419883e-07,0.9999575441727379,4740
23615,SET 10 CARDS PRINTED GRAPHIC 17219,9.96,0.0,9.96,4,0,4,4.850552831419883e-07,0.999958029228021,4741
23624,SET 10 CARD PERFECT NATIVITY 17089,9.96,0.0,9.96,4,0,4,4.850552831419883e-07,0.9999585142833042,4742
84971s,SMALL HEART FLOWERS HOOK ,9.959999999999999,0.0,9.959999999999999,6,0,3,4.850552831419882e-07,0.9999589993385873,4743
85049b,LUSH GREENS RIBBONS,9.94,0.0,9.94,4,0,3,4.840812765493336e-07,0.9999594834198638,4744
85231g,ORANGE SCENTED SET/9 T-LIGHTS,9.78,0.0,9.78,6,0,6,4.762892238080968e-07,0.9999599597090877,4745
81953P,ROUND ARTICULATED PINK CLOCK W/SUCK,9.57,0.0,9.57,33,0,6,4.660621545852236e-07,0.9999604257712422,4746
20822,SILVER WINE GOBLET,9.3,9.3,0.0,2,2,1,4.5291306558438656e-07,0.9999608786843078,4747
72708,SCULPTED ROUND IVORY CANDLE ,9.24,0.0,9.24,44,0,5,4.4999104580642275e-07,0.9999613286753536,4748
23441,HAND PAINTED HANGING EASTER EGG,9.24,0.0,9.24,22,0,3,4.4999104580642275e-07,0.9999617786663993,4749
90184c,BLACK CHUNKY BEAD BRACELET W STRAP,9.15,0.0,9.15,1,0,1,4.456080161394771e-07,0.9999622242744155,4750
18098B,BLUE PORCELAIN B'FLY OIL BURNER,8.850000000000001,0.0,8.850000000000001,3,0,3,4.3099791724965825e-07,0.9999626552723327,4751
62097A,PINK STRIPES SHOULDER BAG,8.850000000000001,0.0,8.850000000000001,3,0,3,4.3099791724965825e-07,0.99996308627025,4752
35598C,WHITE CHRISTMAS TREE 60CM,8.850000000000001,0.0,8.850000000000001,3,0,3,4.3099791724965825e-07,0.9999635172681672,4753
20882,MODERN CHRISTMAS TREE CANDLE,8.850000000000001,0.0,8.850000000000001,3,0,2,4.3099791724965825e-07,0.9999639482660845,4754
71496B,A4 WALL TIDY RED FLOWERS,8.67,0.0,8.67,15,0,6,4.222318579157668e-07,0.9999643704979424,4755
20739,*USB Office Glitter Lamp,8.65,0.0,8.65,1,0,1,4.2125785132311225e-07,0.9999647917557937,4756
21406,SPOTTY CAT DOORSTOP ,8.65,0.0,8.65,1,0,1,4.2125785132311225e-07,0.9999652130136449,4757
90013E,AMBER VINTAGE EARRINGS ,8.57,0.0,8.57,2,0,2,4.1736182495249387e-07,0.9999656303754699,4758
84572,6 HOOK JEWEL STAND LILAC DRESS,8.49,0.0,8.49,1,0,1,4.1346579858187544e-07,0.9999660438412685,4759
90126B,BLUE BERTIE MOBILE PHONE CHARM,8.48,0.0,8.48,3,0,3,4.1297879528554815e-07,0.9999664568200638,4760
72803b,OCEAN SCENT CANDLE JEWELLED DRAWER,8.47,0.0,8.47,1,0,1,4.1249179198922087e-07,0.9999668693118557,4761
84030b,KNITTED POM POM HOT WATER BOTTLE,8.46,0.0,8.46,1,0,1,4.120047886928936e-07,0.9999672813166445,4762
90111,BLUE HIBISCUS  HAIR CLIP,8.4,0.0,8.4,8,0,6,4.090827689149298e-07,0.9999676903994134,4763
44091A,BLUE CRUSOE CHECK LAMPSHADE,8.4,0.0,8.4,20,0,6,4.090827689149298e-07,0.9999680994821822,4764
84534b,FAIRY CAKE NOTEBOOK A5 SIZE,8.3,0.0,8.3,5,0,4,4.0421273595165683e-07,0.9999685036949182,4765
23612,SET 10 MINICARDS CUTE SNOWMAN 17071,8.299999999999999,0.0,8.299999999999999,5,0,2,4.042127359516568e-07,0.9999689079076541,4766
72802c,VANILLA SCENT CANDLE JEWELLED BOX,8.29,0.0,8.29,1,0,1,4.0372573265532944e-07,0.9999693116333868,4767
85034b,3 WHITE CHOC MORRIS BOXED CANDLES,8.29,0.0,8.29,1,0,1,4.0372573265532944e-07,0.9999697153591194,4768
84029c,BROWN FURRY HOT WATER BOTTLE,7.78,0.0,7.78,1,0,1,3.7888856454263737e-07,0.9999700942476839,4769
20942,SET/6 GINGERBREAD TREE T-LIGHTS,7.5,1.25,6.25,6,1,4,3.65252472245473e-07,0.9999704595001562,4770
46037A,PINK CANVAS DES CUSHION COVER ,7.5,0.0,7.5,6,0,2,3.65252472245473e-07,0.9999708247526284,4771
90025A,BAROQUE BUTTERFLY EARRINGS BLACK,7.5,0.0,7.5,2,0,2,3.65252472245473e-07,0.9999711900051007,4772
82011E,"BATHROOM SCALES, FAG BREAK",7.5,0.0,7.5,2,0,2,3.65252472245473e-07,0.999971555257573,4773
37438,FUNKY FLOWER COFFEE POT,7.5,0.0,7.5,2,0,1,3.65252472245473e-07,0.9999719205100452,4774
82613a,"METAL SIGN,CUPCAKE SINGLE HOOK",7.4799999999999995,0.0,7.4799999999999995,3,0,3,3.6427846565281837e-07,0.9999722847885109,4775
23633,SET 10 CARDS WORLD CHILDREN 17067,7.470000000000001,0.0,7.470000000000001,3,0,3,3.6379146235649114e-07,0.9999726485799733,4776
84201B,HAPPY BIRTHDAY CARD STRIPEY TEDDY,7.41,0.0,7.41,39,0,8,3.6086944257852733e-07,0.9999730094494158,4777
35001P,HAND OPEN SHAPE PINK,6.98,3.49,3.49,2,1,2,3.399283008364536e-07,0.9999733493777166,4778
85230C,ROSE SCENTED VOTIVE CANDLE,6.959999999999999,0.0,6.959999999999999,24,0,1,3.389542942437989e-07,0.999973688332011,4779
85230D,VANILLA SCENTED VOTIVE CANDLE,6.959999999999999,0.0,6.959999999999999,24,0,1,3.389542942437989e-07,0.9999740272863052,4780
84705b,FAIRY CAKES PHOTO FRAME,6.86,0.0,6.86,2,0,2,3.34084261280526e-07,0.9999743613705665,4781
37409,ASSORTED DESIGN FLOWER MUGS,6.8,0.0,6.8,8,0,3,3.311622415025622e-07,0.999974692532808,4782
37484,ENGLISH ROSE TEA FOR ONE GIFT BOX,6.75,0.0,6.75,1,0,1,3.2872722502092574e-07,0.999975021260033,4783
48173A,DOOR MAT BLUE FLOCK,6.75,0.0,6.75,1,0,1,3.2872722502092574e-07,0.999975349987258,4784
23604,SET 10 MINI SANTA & SNOWMAN  17087,6.64,0.0,6.64,4,0,2,3.2337018876132545e-07,0.9999756733574467,4785
20678,LARGE BLACK DIAMANTE HAIRSLIDE,6.6,0.0,6.6,4,0,1,3.214221755760162e-07,0.9999759947796223,4786
20858,SILVER PURSE GOLD PINK BUTTERFLY,6.6,0.0,6.6,4,0,1,3.214221755760162e-07,0.9999763162017978,4787
85231b,CINAMMON SET OF 9 T-LIGHTS,6.58,0.0,6.58,4,0,4,3.2044816898336164e-07,0.9999766366499668,4788
84536b,FAIRY CAKES NOTEBOOK A7 SIZE,6.48,0.0,6.48,8,0,4,3.155781360200887e-07,0.9999769522281029,4789
20884,MODERN CHRISTMAS TREE CANDLE ,6.300000000000001,0.0,6.300000000000001,3,0,3,3.0681207668619737e-07,0.9999772590401795,4790
79140,gone,6.3,0.0,6.3,15,0,2,3.068120766861973e-07,0.9999775658522562,4791
37408,ASSORTED DESIGN GEISHA GIRL MUGS,6.25,0.0,6.25,5,0,1,3.0437706020456084e-07,0.9999778702293164,4792
20673,STRAWBERRIES PRINT BOWL,6.25,0.0,6.25,5,0,2,3.0437706020456084e-07,0.9999781746063766,4793
82072,WHITE WOOD SINGLE P/FRAME,6.25,0.0,6.25,5,0,3,3.0437706020456084e-07,0.9999784789834368,4794
23610,SET 10 CARDS CHRISTMAS ROBIN 17095,6.24,0.0,6.24,3,0,3,3.0389005690823356e-07,0.9999787828734937,4795
85123b,ZINC HANGING HEART T-LITE HLDR,6.04,0.0,6.04,1,0,1,2.941499909816876e-07,0.9999790770234848,4796
79051a,SMOKEY GREY COLOUR D.O.F. GLASS,6.04,0.0,6.04,1,0,1,2.941499909816876e-07,0.9999793711734758,4797
72751C,"F.FAIRY S/3 SML CANDLE, ROSE",5.95,0.0,5.95,1,0,1,2.8976696131474195e-07,0.9999796609404371,4798
72751A,"F.FAIRY S/3 SML CANDLE,LILY/VALLEY",5.95,0.0,5.95,1,0,1,2.8976696131474195e-07,0.9999799507073984,4799
85077,KISSING REINDEER TABLE RUNNER,5.95,0.0,5.95,1,0,1,2.8976696131474195e-07,0.9999802404743597,4800
72751B,"F.FAIRY S/3 SML CANDLE, LAVENDER",5.95,0.0,5.95,1,0,1,2.8976696131474195e-07,0.999980530241321,4801
85184d,S/4 BLUE ROUND DECOUPAGE BOXES,5.91,0.0,5.91,1,0,1,2.8781894812943276e-07,0.9999808180602692,4802
79303A,WHITE ROHMBIC BLOCK TABLE LAMP,5.9,0.0,5.9,2,0,1,2.873319448331055e-07,0.999981105392214,4803
35821P,"JEWELLED DECORATION,PINK",5.9,0.0,5.9,2,0,2,2.873319448331055e-07,0.9999813927241588,4804
35823P,"ACRYLIC BEAD GARLAND,PINK",5.9,0.0,5.9,2,0,2,2.873319448331055e-07,0.9999816800561036,4805
18098A,PINK PORCELAIN B'FLY OIL BURNER,5.9,0.0,5.9,2,0,2,2.873319448331055e-07,0.9999819673880483,4806
85186B,BUNNY BUNCH OF FLOWERS,5.88,0.0,5.88,14,0,2,2.8635793824045086e-07,0.9999822537459866,4807
35051B,PINK BEADED CONE CHRISTMAS,5.88,0.0,5.88,14,0,2,2.8635793824045086e-07,0.9999825401039248,4808
37326,FAIRY DESIGN MUGS,5.859999999999999,0.0,5.859999999999999,3,0,2,2.8538393164779624e-07,0.9999828254878564,4809
23652,SET 10 CARD CHRISTMAS STAMPS 16963,5.82,0.0,5.82,2,0,1,2.8343591846248705e-07,0.999983108923775,4810
23617,SET 10 CARDS SWIRLY XMAS TREE 17104,5.82,0.0,5.82,2,0,1,2.8343591846248705e-07,0.9999833923596935,4811
23638,SET 10 CARDS ROBIN WATERPUMP  17096,5.82,0.0,5.82,2,0,2,2.8343591846248705e-07,0.999983675795612,4812
23630,SET 10 CARDS HANGING BAUBLES 17080,5.48,2.99,2.49,2,1,2,2.6687780638735897e-07,0.9999839426734184,4813
35537,CANDLE RING W/CLEAR BEADS,5.46,0.0,5.46,13,0,3,2.6590379979470435e-07,0.9999842085772181,4814
21838,DADDY MOUSE RED GINGHAM BOW TIE,5.45,0.0,5.45,1,0,1,2.6541679649837706e-07,0.9999844739940147,4815
35751D,PINK CURRENT CANDLE RING,5.32,0.0,5.32,28,0,1,2.590857536461222e-07,0.9999847330797683,4816
16215,FUNKY GIRLZ MAGNETIC TO DO LIST ,5.2,0.0,5.2,8,0,3,2.5324171409019464e-07,0.9999849863214824,4817
21854,EURO FOOTBALL STARS TOP TRUMPS GAME,5.17,0.0,5.17,1,0,1,2.5178070420121274e-07,0.9999852381021865,4818
21860,DR WHO TOP TRUMPS GAME,5.17,0.0,5.17,1,0,1,2.5178070420121274e-07,0.9999854898828907,4819
71101A,ANGEL ON KNEES METAL POLE 100CM H,5.1,0.0,5.1,6,0,1,2.4837168112692164e-07,0.9999857382545718,4820
71434B,"BLACK RND BULLET""KEEP CLEAN"" BIN",5.1,0.0,5.1,2,0,2,2.4837168112692164e-07,0.9999859866262529,4821
90142B,IVORY PENDANT SHELL NECKLACE,5.09,0.0,5.09,1,0,1,2.4788467783059436e-07,0.9999862345109307,4822
90142C,ROSE PINK PENDANT SHELL NECKLACE,5.09,0.0,5.09,1,0,1,2.4788467783059436e-07,0.9999864823956085,4823
84942,KASHMIR FOLKART HEART DISHES,5.07,0.0,5.07,3,0,3,2.469106712379398e-07,0.9999867293062797,4824
72740B,LARGE WHITE CHOCOLATE CANDLE,5.06,0.0,5.06,1,0,1,2.4642366794161245e-07,0.9999869757299477,4825
DCGS0041,HAYNES MINI-COOPER PLAYING CARDS,5.06,0.0,5.06,1,0,1,2.4642366794161245e-07,0.9999872221536156,4826
20877,MODERN CHRISTMAS BAUBLE CANDLE ,5.04,0.0,5.04,12,0,5,2.454496613489579e-07,0.999987467603277,4827
84596j,MIXED NUTS LIGHT GREEN BOWL,5.02,0.0,5.02,2,0,2,2.4447565475630327e-07,0.9999877120789317,4828
23649,SET 10 CARDS DECK THE HALLS 16960,4.98,0.0,4.98,2,0,2,2.4252764157099413e-07,0.9999879546065732,4829
47593b,SCOTTIE DOGS BABY BIB,4.9799999999999995,0.0,4.9799999999999995,6,0,1,2.425276415709941e-07,0.9999881971342147,4830
84661b,BLACK SQUARE TABLE CLOCK,4.96,0.0,4.96,1,0,1,2.415536349783395e-07,0.9999884386878497,4831
37451,CERAMIC CAKE TEAPOT WITH CHERRY,4.95,8.5,-3.55,1,2,1,2.410666316820122e-07,0.9999886797544814,4832
85232C,RUSSIAN FOLKART STACKING TINS,4.95,0.0,4.95,1,0,1,2.410666316820122e-07,0.999988920821113,4833
85043,RED HEART CANDY POP LIGHTS,4.95,14.850000000000001,-9.9,1,3,1,2.410666316820122e-07,0.9999891618877447,4834
84971l,LARGE HEART FLOWERS HOOK   ,4.92,0.0,4.92,2,0,1,2.396056217930303e-07,0.9999894014933665,4835
85049d,BRIGHT BLUES RIBBONS ,4.92,0.0,4.92,2,0,2,2.396056217930303e-07,0.9999896410989882,4836
90214U,"LETTER ""U"" BLING KEY RING",4.7299999999999995,0.0,4.7299999999999995,13,0,2,2.3035255916281163e-07,0.9999898714515474,4837
45014,FOLDING SHIRT TIDY,4.65,0.0,4.65,1,0,1,2.2645653279219328e-07,0.9999900979080801,4838
81953B,ROUND BLUE CLOCK WITH SUCKER,4.64,0.0,4.64,14,0,6,2.2596952949586597e-07,0.9999903238776097,4839
79151B,"SILICON CUBE 25W, BLUE",4.62,0.0,4.62,11,0,2,2.2499552290321137e-07,0.9999905488731325,4840
72529w,WHITE ADVENT CANDLE,4.3,0.0,4.3,1,0,1,2.0941141742073786e-07,0.99999075828455,4841
21409,SPOTTY COCKEREL DOORSTOP,4.25,0.0,4.25,1,0,1,2.069764009391014e-07,0.9999909652609509,4842
72752A,"F.FAIRY,CANDLE IN GLASS,LILY/VALLEY",4.25,0.0,4.25,1,0,1,2.069764009391014e-07,0.9999911722373518,4843
79157B,UBO-LIGHT TRIOBASE BLUE,4.25,0.0,4.25,5,0,3,2.069764009391014e-07,0.9999913792137527,4844
79157V,UBO-LIGHT TRIOBASE PURPLE,4.25,0.0,4.25,5,0,3,2.069764009391014e-07,0.9999915861901536,4845
47594a,CAROUSEL DESIGN WASHBAG,4.21,0.0,4.21,1,0,1,2.0502838775379217e-07,0.9999917912185413,4846
84255A,PINK GLASS COCKTAIL LAMP,4.2,0.0,4.2,2,0,2,2.045413844574649e-07,0.9999919957599258,4847
46776e,WOVEN CANDY CUSHION COVER ,4.13,0.0,4.13,1,0,1,2.011323613831738e-07,0.9999921968922872,4848
46776b,WOVEN BERRIES CUSHION COVER ,4.13,0.0,4.13,1,0,1,2.011323613831738e-07,0.9999923980246487,4849
37432,MUG PINK AND PURPLE ARABIC DESIGN,3.9000000000000004,0.0,3.9000000000000004,6,0,1,1.89931285567646e-07,0.9999925879559343,4850
72084B,CHOCOLATE ICE CREAM CANDLE,3.9,0.0,3.9,2,0,1,1.8993128556764597e-07,0.9999927778872199,4851
16010,FOLDING CAMPING SCISSOR W/KNIF & S,3.84,0.0,3.84,32,0,4,1.8700926578968219e-07,0.9999929648964856,4852
35995,SET/6 BLACK GLITTER REINDEER CANDLE,3.7800000000000002,0.0,3.7800000000000002,5,0,5,1.840872460117184e-07,0.9999931489837316,4853
35974,S/6 CHRISTMAS TREE PLACE SETTING,3.75,0.0,3.75,1,0,1,1.826262361227365e-07,0.9999933316099677,4854
90004A,JADE GREEN PAIR ENAMEL HAIR SLIDES,3.75,0.0,3.75,1,0,1,1.826262361227365e-07,0.9999935142362039,4855
40046C,PINK BUTTERFLY PAPER LAMPSHADE,3.75,0.0,3.75,3,0,3,1.826262361227365e-07,0.99999369686244,4856
84731,3 BIRDS CANVAS SCREEN,3.69,0.0,3.69,3,0,3,1.797042163447727e-07,0.9999938765666564,4857
35818C,"ACRYLIC JEWEL ICICLE, CLEAR ",3.43,0.0,3.43,1,0,1,1.67042130640263e-07,0.9999940436087871,4858
21081,SET/20 POSIES PAPER NAPKINS,3.4,0.0,3.4,4,0,4,1.655811207512811e-07,0.9999942091899078,4859
84559d,3D SHEET OF SEA WORLD STICKERS,3.38,0.0,3.38,2,0,1,1.646071141586265e-07,0.9999943737970219,4860
23643,SET 10 CARDS CHRISTMAS BAUBLE 16954,3.33,0.0,3.33,1,0,1,1.6217209767699e-07,0.9999945359691196,4861
20683,RAIN GIRL CHILDS UMBRELLA,3.25,0.0,3.25,1,0,1,1.5827607130637163e-07,0.9999946942451909,4862
84985b,SET OF 72 BLACK PAPER DOILIES ,2.98,0.0,2.98,1,0,1,1.4512698230553462e-07,0.9999948393721733,4863
79301,FEATHER HEART LIGHTS,2.95,22.95,-20.0,1,9,1,1.4366597241655274e-07,0.9999949830381457,4864
20885,BOX OF 3 PEBBLE CANDLES,2.95,2.95,0.0,1,1,1,1.4366597241655274e-07,0.9999951267041182,4865
23602,SET 10 CARDS 3 WISE MEN 17107,2.91,0.0,2.91,1,0,1,1.4171795923124352e-07,0.9999952684220774,4866
23609,SET 10 CARDS SNOWY ROBIN 17099,2.91,0.0,2.91,1,0,1,1.4171795923124352e-07,0.9999954101400367,4867
23628,SET 10 CARDS TRIANGLE ICONS  17220,2.91,0.0,2.91,1,0,1,1.4171795923124352e-07,0.9999955518579959,4868
90183c,BLACK DROP EARRINGS W LONG BEADS,2.9,0.0,2.9,1,0,1,1.4123095593491624e-07,0.9999956930889519,4869
DCGS0044,HANDZ-OFF CAR FRESHENER,2.57,0.0,2.57,1,0,1,1.2515984715611542e-07,0.999995818248799,4870
90091,CRYSTAL DRAGONFLY PHONE CHARM,2.55,0.0,2.55,3,0,2,1.2418584056346082e-07,0.9999959424346396,4871
47554,S/3 COLOURS FLOCK TEA TOWELS,2.55,0.0,2.55,1,0,1,1.2418584056346082e-07,0.9999960666204802,4872
47556,SET/2 SPOTTY + ROSE TEA TOWELS ,2.55,0.0,2.55,1,0,1,1.2418584056346082e-07,0.9999961908063209,4873
47569,ENGLISH ROSE DESIGN SHOPPING BAG,2.55,2.55,0.0,1,1,1,1.2418584056346082e-07,0.9999963149921615,4874
21036,SET/2 TEA TOWELS MODERN VINTAGE,2.55,0.0,2.55,1,0,1,1.2418584056346082e-07,0.9999964391780021,4875
20881,MODERN CHRISTMAS TREE CANDLE,2.55,0.0,2.55,3,0,2,1.2418584056346082e-07,0.9999965633638427,4876
85171,S/2 HYACINTH BULB CANDLES,2.55,0.0,2.55,1,0,1,1.2418584056346082e-07,0.9999966875496833,4877
35999,S/6 SCANDINAVIAN HEART T-LIGHT,2.55,0.0,2.55,1,0,1,1.2418584056346082e-07,0.9999968117355239,4878
17028J,INCENSE BAZAAR PEACH,2.52,0.0,2.52,6,0,1,1.2272483067447894e-07,0.9999969344603545,4879
47593a,CAROUSEL DESIGN BABY BIB,2.51,0.0,2.51,1,0,1,1.2223782737815163e-07,0.999997056698182,4880
DCGS0062,ROAD-RAGE CAR FRESHENER,2.51,0.0,2.51,1,0,1,1.2223782737815163e-07,0.9999971789360094,4881
21008,ETCHED GLASS HEART TREE DECORATION,2.51,0.0,2.51,1,0,1,1.2223782737815163e-07,0.9999973011738368,4882
90127B,BLUE BEADS+HAND PHONE CHARM,2.5,0.0,2.5,2,0,2,1.2175082408182435e-07,0.9999974229246609,4883
21290,LARGE SPOTTY CHOCOLATE GIFT BAG,2.5,0.0,2.5,2,0,1,1.2175082408182435e-07,0.999997544675485,4884
21225,POCKET MIRROR BUTTERFLY ,2.5,0.0,2.5,2,0,2,1.2175082408182435e-07,0.999997666426309,4885
84596l,BISCUITS SMALL BOWL LIGHT BLUE,2.46,0.0,2.46,1,0,1,1.1980281089651516e-07,0.99999778622912,4886
85049c,ROMANTIC PINKS RIBBONS ,2.46,0.0,2.46,1,0,1,1.1980281089651516e-07,0.9999979060319308,4887
84510b,SET OF 4 FAIRY CAKES COASTERS ,2.15,0.0,2.15,1,0,1,1.0470570871036893e-07,0.9999980107376395,4888
17061,ASSORTED SHAPED STENCIL FOR HENNA,2.08,0.0,2.08,52,0,1,1.0129668563607785e-07,0.9999981120343251,4889
84814A,HEXAGONAL CRYSTAL PERFUME BOTTLE,1.95,0.0,1.95,1,0,1,9.496564278382298e-08,0.9999982069999679,4890
35945,GOLD CHRISTMAS STOCKING DECORATION,1.95,0.0,1.95,1,0,1,9.496564278382298e-08,0.9999983019656107,4891
85192S,HANGING SPRING FLOWER HEART SMALL,1.95,0.0,1.95,3,0,2,9.496564278382298e-08,0.9999983969312535,4892
46138D,GREEN CHENILLE SHAGGY C/COVER,1.95,0.0,1.95,1,0,1,9.496564278382298e-08,0.9999984918968963,4893
84206C,CHAMPAGNE TRAY BLANK CARD,1.9,0.0,1.9,10,0,4,9.25306263021865e-08,0.9999985844275225,4894
84201C,HAPPY BIRTHDAY CARD TEDDY/CAKE,1.9,0.0,1.9,10,0,3,9.25306263021865e-08,0.9999986769581488,4895
84206B,CAT WITH SUNGLASSES BLANK CARD,1.71,0.0,1.71,9,0,2,8.327756367196785e-08,0.9999987602357124,4896
35837,SET OF SIX SILVER+RED FLOCK BAUBLES,1.7,0.0,1.7,2,0,1,8.279056037564055e-08,0.9999988430262728,4897
30086C,ASSORTED FRUIT STRAWS,1.7,0.0,1.7,1,0,1,8.279056037564055e-08,0.9999989258168333,4898
20737,RED MINI TAPE MEASURE ,1.7,0.0,1.7,1,0,1,8.279056037564055e-08,0.9999990086073937,4899
72754D,F FAIRY POTPOURRI CUSHIONS SUMMER,1.69,0.0,1.69,1,0,1,8.230355707931325e-08,0.9999990909109507,4900
10109,BENDY COLOUR PENCILS,1.68,0.0,1.68,4,0,1,8.181655378298596e-08,0.9999991727275045,4901
85231e,STRAWBERRY SCENTED SET/9 T-LIGHTS,1.66,0.0,1.66,1,0,1,8.084254719033136e-08,0.9999992535700517,4902
21585,SWALLOW SMALL TUBE MATCHES,1.65,0.0,1.65,1,0,1,8.035554389400405e-08,0.9999993339255956,4903
72796C,S/3 ROSE GARDEN SCENT SQU CANDLE,1.65,0.0,1.65,1,0,1,8.035554389400405e-08,0.9999994142811395,4904
85024A,CRYSTAL SMALL JEWELLED PHOTOFRAME,1.65,0.0,1.65,1,0,1,8.035554389400405e-08,0.9999994946366834,4905
23664,FLOWER SHOP DESIGN MUG,1.65,0.0,1.65,1,0,1,8.035554389400405e-08,0.9999995749922272,4906
35980B,RED TOP SCANDINAVIAN HEART ,1.52,0.0,1.52,4,0,2,7.40245010417492e-08,0.9999996490167283,4907
35976B,WHITE SCANDINAVIAN HEART CHRISTMAS,1.25,15.0,-13.75,1,12,1,6.087541204091217e-08,0.9999997098921404,4908
35950,FOLKART HEART CHRISTMAS DECORATIONS,1.25,0.0,1.25,1,0,1,6.087541204091217e-08,0.9999997707675524,4909
84845A,HOLLYHOCK SQUARE HANDY TIN,1.25,0.0,1.25,1,0,1,6.087541204091217e-08,0.9999998316429645,4910
TEST002,This is a test product.,1.0,0.0,1.0,1,0,1,4.8700329632729735e-08,0.9999998803432941,4911
20721,OWLS CHARLOTTE BAG,0.85,0.0,0.85,1,0,1,4.1395280187820276e-08,0.9999999217385743,4912
51014c,"FEATHER PEN,COAL BLACK",0.83,0.0,0.83,1,0,1,4.042127359516568e-08,0.9999999621598479,4913
35930,PINK HEART CHRISTMAS DECORATION,0.38,0.0,0.38,1,0,1,1.85061252604373e-08,0.9999999806659732,4914
84205C,HAPPY BIRTHDAY GINGER CAT CARD,0.38,0.0,0.38,2,0,1,1.85061252604373e-08,0.9999999991720985,4915
PADS,PADS TO MATCH ALL CUSHIONS,0.017,36.6,-36.583,17,1,17,8.279056037564056e-10,1.000000000000004,4916
84476A,Description unavailable,0.0,0.0,0.0,0,0,0,0.0,1.000000000000004,4917
84494B,Description unavailable,0.0,0.0,0.0,0,0,0,0.0,1.000000000000004,4918
17084F,Description unavailable,0.0,0.0,0.0,0,0,0,0.0,1.000000000000004,4919
84511,Description unavailable,0.0,0.0,0.0,0,0,0,0.0,1.000000000000004,4920
84519D,Description unavailable,0.0,0.0,0.0,0,0,0,0.0,1.000000000000004,4921
DCGS0056,Description unavailable,0.0,0.0,0.0,0,0,0,0.0,1.000000000000004,4922
DCGS0057,Description unavailable,0.0,0.0,0.0,0,0,0,0.0,1.000000000000004,4923
DCGS0066P,Description unavailable,0.0,0.0,0.0,0,0,0,0.0,1.000000000000004,4924
DCGS0067,ebay,0.0,0.0,0.0,0,0,0,0.0,1.000000000000004,4925
DCGS0071,Description unavailable,0.0,0.0,0.0,0,0,0,0.0,1.000000000000004,4926
DCGS0073,ebay,0.0,0.0,0.0,0,0,0,0.0,1.000000000000004,4927
DCGS0074,Description unavailable,0.0,0.0,0.0,0,0,0,0.0,1.000000000000004,4928
gift_0001_90,Description unavailable,0.0,0.0,0.0,0,0,0,0.0,1.000000000000004,4929
DCGS0060,Description unavailable,0.0,0.0,0.0,0,0,0,0.0,1.000000000000004,4930
48169,Description unavailable,0.0,0.0,0.0,0,0,0,0.0,1.000000000000004,4931
48172,Description unavailable,0.0,0.0,0.0,0,0,0,0.0,1.000000000000004,4932
90005B,Description unavailable,0.0,0.0,0.0,0,0,0,0.0,1.000000000000004,4933
15060A,Description unavailable,0.0,0.0,0.0,0,0,0,0.0,1.000000000000004,4934
21778,Description unavailable,0.0,0.0,0.0,0,0,0,0.0,1.000000000000004,4935
85231A,Description unavailable,0.0,0.0,0.0,0,0,0,0.0,1.000000000000004,4936
85231D,Description unavailable,0.0,0.0,0.0,0,0,0,0.0,1.000000000000004,4937
85231K,Description unavailable,0.0,0.0,0.0,0,0,0,0.0,1.000000000000004,4938
21859,Description unavailable,0.0,0.0,0.0,0,0,0,0.0,1.000000000000004,4939
21862,Description unavailable,0.0,0.0,0.0,0,0,0,0.0,1.000000000000004,4940
21863,Description unavailable,0.0,0.0,0.0,0,0,0,0.0,1.000000000000004,4941
21835,Description unavailable,0.0,0.0,0.0,0,0,0,0.0,1.000000000000004,4942
85223,Description unavailable,0.0,0.0,0.0,0,0,0,0.0,1.000000000000004,4943
85226B,Description unavailable,0.0,0.0,0.0,0,0,0,0.0,1.000000000000004,4944
21766,VINTAGE WOOD ORGANISER,0.0,33.9,-33.9,0,2,0,0.0,1.000000000000004,4945
20690,Description unavailable,0.0,0.0,0.0,0,0,0,0.0,1.000000000000004,4946
20691,Description unavailable,0.0,0.0,0.0,0,0,0,0.0,1.000000000000004,4947
49031B,CHROME EURO HOOK 20cm,0.0,0.0,0.0,0,0,0,0.0,1.000000000000004,4948
21776,Description unavailable,0.0,0.0,0.0,0,0,0,0.0,1.000000000000004,4949
21583,Description unavailable,0.0,0.0,0.0,0,0,0,0.0,1.000000000000004,4950
21646,Description unavailable,0.0,0.0,0.0,0,0,0,0.0,1.000000000000004,4951
85193S,Description unavailable,0.0,0.0,0.0,0,0,0,0.0,1.000000000000004,4952
85207B,Description unavailable,0.0,0.0,0.0,0,0,0,0.0,1.000000000000004,4953
21701,No Stock,0.0,20.28,-20.28,0,12,0,0.0,1.000000000000004,4954
21753,Description unavailable,0.0,0.0,0.0,0,0,0,0.0,1.000000000000004,4955
85219,S/4 HEART CRYSTAL FRIDGE MAGNETS,0.0,4.949999999999999,-4.949999999999999,0,3,0,0.0,1.000000000000004,4956
21601,Description unavailable,0.0,0.0,0.0,0,0,0,0.0,1.000000000000004,4957
21602,Description unavailable,0.0,0.0,0.0,0,0,0,0.0,1.000000000000004,4958
35839,Description unavailable,0.0,0.0,0.0,0,0,0,0.0,1.000000000000004,4959
35900,Description unavailable,0.0,0.0,0.0,0,0,0,0.0,1.000000000000004,4960
35908C,Description unavailable,0.0,0.0,0.0,0,0,0,0.0,1.000000000000004,4961
47581A,Description unavailable,0.0,0.0,0.0,0,0,0,0.0,1.000000000000004,4962
35940,Description unavailable,0.0,0.0,0.0,0,0,0,0.0,1.000000000000004,4963
35941,Description unavailable,0.0,0.0,0.0,0,0,0,0.0,1.000000000000004,4964
35948,Description unavailable,0.0,0.0,0.0,0,0,0,0.0,1.000000000000004,4965
35949,Description unavailable,0.0,0.0,0.0,0,0,0,0.0,1.000000000000004,4966
35956,lost,0.0,0.0,0.0,0,0,0,0.0,1.000000000000004,4967
35960,Description unavailable,0.0,0.0,0.0,0,0,0,0.0,1.000000000000004,4968
70037L,Description unavailable,0.0,0.0,0.0,0,0,0,0.0,1.000000000000004,4969
71028A,Description unavailable,0.0,0.0,0.0,0,0,0,0.0,1.000000000000004,4970
71263G,Description unavailable,0.0,0.0,0.0,0,0,0,0.0,1.000000000000004,4971
71265,Description unavailable,0.0,0.0,0.0,0,0,0,0.0,1.000000000000004,4972
71406B,Description unavailable,0.0,0.0,0.0,0,0,0,0.0,1.000000000000004,4973
71409B,Description unavailable,0.0,0.0,0.0,0,0,0,0.0,1.000000000000004,4974
71431,Description unavailable,0.0,0.0,0.0,0,0,0,0.0,1.000000000000004,4975
16131,Description unavailable,0.0,0.0,0.0,0,0,0,0.0,1.000000000000004,4976
16132,Description unavailable,0.0,0.0,0.0,0,0,0,0.0,1.000000000000004,4977
21514,Description unavailable,0.0,0.0,0.0,0,0,0,0.0,1.000000000000004,4978
21487,Description unavailable,0.0,0.0,0.0,0,0,0,0.0,1.000000000000004,4979
21492,Description unavailable,0.0,0.0,0.0,0,0,0,0.0,1.000000000000004,4980
85184A,Description unavailable,0.0,0.0,0.0,0,0,0,0.0,1.000000000000004,4981
21505,Description unavailable,0.0,0.0,0.0,0,0,0,0.0,1.000000000000004,4982
21510,Description unavailable,0.0,0.0,0.0,0,0,0,0.0,1.000000000000004,4983
21512,Description unavailable,0.0,0.0,0.0,0,0,0,0.0,1.000000000000004,4984
72038B,damaged,0.0,0.0,0.0,0,0,0,0.0,1.000000000000004,4985
72045A,Description unavailable,0.0,0.0,0.0,0,0,0,0.0,1.000000000000004,4986
21502,Description unavailable,0.0,0.0,0.0,0,0,0,0.0,1.000000000000004,4987
16065A,Description unavailable,0.0,0.0,0.0,0,0,0,0.0,1.000000000000004,4988
72331R,Description unavailable,0.0,0.0,0.0,0,0,0,0.0,1.000000000000004,4989
72348B,Description unavailable,0.0,0.0,0.0,0,0,0,0.0,1.000000000000004,4990
85148,Description unavailable,0.0,0.0,0.0,0,0,0,0.0,1.000000000000004,4991
72024HC,Description unavailable,0.0,0.0,0.0,0,0,0,0.0,1.000000000000004,4992
21325,Description unavailable,0.0,0.0,0.0,0,0,0,0.0,1.000000000000004,4993
21342,Description unavailable,0.0,0.0,0.0,0,0,0,0.0,1.000000000000004,4994
21362,Description unavailable,0.0,0.0,0.0,0,0,0,0.0,1.000000000000004,4995
72140D,Description unavailable,0.0,0.0,0.0,0,0,0,0.0,1.000000000000004,4996
72226D,Description unavailable,0.0,0.0,0.0,0,0,0,0.0,1.000000000000004,4997
72234,Description unavailable,0.0,0.0,0.0,0,0,0,0.0,1.000000000000004,4998
35978,damages,0.0,0.0,0.0,0,0,0,0.0,1.000000000000004,4999
47559,Description unavailable,0.0,0.0,0.0,0,0,0,0.0,1.000000000000004,5000
47565,Description unavailable,0.0,0.0,0.0,0,0,0,0.0,1.000000000000004,5001
47567,ENGLISH ROSE DESIGN KITCHEN APRON,0.0,11.9,-11.9,0,2,0,0.0,1.000000000000004,5002
21345,Description unavailable,0.0,0.0,0.0,0,0,0,0.0,1.000000000000004,5003
21346,LARGE SILVER BALUSTRADE CANDLESTICK,0.0,5.95,-5.95,0,1,0,0.0,1.000000000000004,5004
21315,LARGE GLASS HEART TRINKET POT,0.0,17.0,-17.0,0,4,0,0.0,1.000000000000004,5005
72483,Description unavailable,0.0,0.0,0.0,0,0,0,0.0,1.000000000000004,5006
72620A,Description unavailable,0.0,0.0,0.0,0,0,0,0.0,1.000000000000004,5007
72655C,Description unavailable,0.0,0.0,0.0,0,0,0,0.0,1.000000000000004,5008
72671B,Description unavailable,0.0,0.0,0.0,0,0,0,0.0,1.000000000000004,5009
72697A,Description unavailable,0.0,0.0,0.0,0,0,0,0.0,1.000000000000004,5010
21295,Description unavailable,0.0,0.0,0.0,0,0,0,0.0,1.000000000000004,5011
21301,Description unavailable,0.0,0.0,0.0,0,0,0,0.0,1.000000000000004,5012
72719,Description unavailable,0.0,0.0,0.0,0,0,0,0.0,1.000000000000004,5013
72732,thrown away-can't sell,0.0,0.0,0.0,0,0,0,0.0,1.000000000000004,5014
72748,Description unavailable,0.0,0.0,0.0,0,0,0,0.0,1.000000000000004,5015
72751D,Description unavailable,0.0,0.0,0.0,0,0,0,0.0,1.000000000000004,5016
85120,Description unavailable,0.0,0.0,0.0,0,0,0,0.0,1.000000000000004,5017
72752C,Description unavailable,0.0,0.0,0.0,0,0,0,0.0,1.000000000000004,5018
72752D,Description unavailable,0.0,0.0,0.0,0,0,0,0.0,1.000000000000004,5019
72754C,Description unavailable,0.0,0.0,0.0,0,0,0,0.0,1.000000000000004,5020
72755A,Description unavailable,0.0,0.0,0.0,0,0,0,0.0,1.000000000000004,5021
72755B,Description unavailable,0.0,0.0,0.0,0,0,0,0.0,1.000000000000004,5022
72759,thrown away-can't sell.,0.0,0.0,0.0,0,0,0,0.0,1.000000000000004,5023
72768,Description unavailable,0.0,0.0,0.0,0,0,0,0.0,1.000000000000004,5024
72777,Description unavailable,0.0,0.0,0.0,0,0,0,0.0,1.000000000000004,5025
85105,Description unavailable,0.0,0.0,0.0,0,0,0,0.0,1.000000000000004,5026
20720,Description unavailable,0.0,0.0,0.0,0,0,0,0.0,1.000000000000004,5027
35975A,Description unavailable,0.0,0.0,0.0,0,0,0,0.0,1.000000000000004,5028
35975B,Description unavailable,0.0,0.0,0.0,0,0,0,0.0,1.000000000000004,5029
35977B,Description unavailable,0.0,0.0,0.0,0,0,0,0.0,1.000000000000004,5030
21254,SET OF KITCHEN WALL  STICKERS,0.0,11.8,-11.8,0,4,0,0.0,1.000000000000004,5031
21227,Description unavailable,0.0,0.0,0.0,0,0,0,0.0,1.000000000000004,5032
21236,Description unavailable,0.0,0.0,0.0,0,0,0,0.0,1.000000000000004,5033
21273,Description unavailable,0.0,0.0,0.0,0,0,0,0.0,1.000000000000004,5034
85085A,Description unavailable,0.0,0.0,0.0,0,0,0,0.0,1.000000000000004,5035
85086B,Description unavailable,0.0,0.0,0.0,0,0,0,0.0,1.000000000000004,5036
85098A,Description unavailable,0.0,0.0,0.0,0,0,0,0.0,1.000000000000004,5037
85051,Description unavailable,0.0,0.0,0.0,0,0,0,0.0,1.000000000000004,5038
85056,Description unavailable,0.0,0.0,0.0,0,0,0,0.0,1.000000000000004,5039
85057,Description unavailable,0.0,0.0,0.0,0,0,0,0.0,1.000000000000004,5040
16155H,Description unavailable,0.0,0.0,0.0,0,0,0,0.0,1.000000000000004,5041
16156A,Description unavailable,0.0,0.0,0.0,0,0,0,0.0,1.000000000000004,5042
16161N,Description unavailable,0.0,0.0,0.0,0,0,0,0.0,1.000000000000004,5043
85073,Description unavailable,0.0,0.0,0.0,0,0,0,0.0,1.000000000000004,5044
85074,Description unavailable,0.0,0.0,0.0,0,0,0,0.0,1.000000000000004,5045
90080,Description unavailable,0.0,0.0,0.0,0,0,0,0.0,1.000000000000004,5046
21920,Description unavailable,0.0,0.0,0.0,0,0,0,0.0,1.000000000000004,5047
21855,Description unavailable,0.0,0.0,0.0,0,0,0,0.0,1.000000000000004,5048
47361,Description unavailable,0.0,0.0,0.0,0,0,0,0.0,1.000000000000004,5049
21176,Description unavailable,0.0,0.0,0.0,0,0,0,0.0,1.000000000000004,5050
21177,Description unavailable,0.0,0.0,0.0,0,0,0,0.0,1.000000000000004,5051
72778,Description unavailable,0.0,0.0,0.0,0,0,0,0.0,1.000000000000004,5052
35794,Description unavailable,0.0,0.0,0.0,0,0,0,0.0,1.000000000000004,5053
35813A,Description unavailable,0.0,0.0,0.0,0,0,0,0.0,1.000000000000004,5054
21182,Description unavailable,0.0,0.0,0.0,0,0,0,0.0,1.000000000000004,5055
21183,Description unavailable,0.0,0.0,0.0,0,0,0,0.0,1.000000000000004,5056
16169H,Description unavailable,0.0,0.0,0.0,0,0,0,0.0,1.000000000000004,5057
21170,Description unavailable,0.0,0.0,0.0,0,0,0,0.0,1.000000000000004,5058
23001,TRAVEL CARD WALLET DOTCOMGIFTSHOP,0.0,0.0,0.0,0,0,0,0.0,1.000000000000004,5059
16195,Description unavailable,0.0,0.0,0.0,0,0,0,0.0,1.000000000000004,5060
16200A,Description unavailable,0.0,0.0,0.0,0,0,0,0.0,1.000000000000004,5061
90097,Description unavailable,0.0,0.0,0.0,0,0,0,0.0,1.000000000000004,5062
85037,Description unavailable,0.0,0.0,0.0,0,0,0,0.0,1.000000000000004,5063
72798A,Description unavailable,0.0,0.0,0.0,0,0,0,0.0,1.000000000000004,5064
72798B,Description unavailable,0.0,0.0,0.0,0,0,0,0.0,1.000000000000004,5065
90107,Description unavailable,0.0,0.0,0.0,0,0,0,0.0,1.000000000000004,5066
90109,Description unavailable,0.0,0.0,0.0,0,0,0,0.0,1.000000000000004,5067
90110,Description unavailable,0.0,0.0,0.0,0,0,0,0.0,1.000000000000004,5068
20743,Description unavailable,0.0,0.0,0.0,0,0,0,0.0,1.000000000000004,5069
35980A,Description unavailable,0.0,0.0,0.0,0,0,0,0.0,1.000000000000004,5070
35983,Description unavailable,0.0,0.0,0.0,0,0,0,0.0,1.000000000000004,5071
35990,Description unavailable,0.0,0.0,0.0,0,0,0,0.0,1.000000000000004,5072
35992,Description unavailable,0.0,0.0,0.0,0,0,0,0.0,1.000000000000004,5073
35993,Description unavailable,0.0,0.0,0.0,0,0,0,0.0,1.000000000000004,5074
35751A,Description unavailable,0.0,0.0,0.0,0,0,0,0.0,1.000000000000004,5075
21104,Description unavailable,0.0,0.0,0.0,0,0,0,0.0,1.000000000000004,5076
21113,Description unavailable,0.0,0.0,0.0,0,0,0,0.0,1.000000000000004,5077
85025A,Description unavailable,0.0,0.0,0.0,0,0,0,0.0,1.000000000000004,5078
21148,Description unavailable,0.0,0.0,0.0,0,0,0,0.0,1.000000000000004,5079
23059,Thrown away-rusty,0.0,0.0,0.0,0,0,0,0.0,1.000000000000004,5080
21083,Description unavailable,0.0,0.0,0.0,0,0,0,0.0,1.000000000000004,5081
85017D,Description unavailable,0.0,0.0,0.0,0,0,0,0.0,1.000000000000004,5082
72801H,Description unavailable,0.0,0.0,0.0,0,0,0,0.0,1.000000000000004,5083
16210,Description unavailable,0.0,0.0,0.0,0,0,0,0.0,1.000000000000004,5084
16222B,Description unavailable,0.0,0.0,0.0,0,0,0,0.0,1.000000000000004,5085
35763,Description unavailable,0.0,0.0,0.0,0,0,0,0.0,1.000000000000004,5086
72806,Description unavailable,0.0,0.0,0.0,0,0,0,0.0,1.000000000000004,5087
72809,Description unavailable,0.0,0.0,0.0,0,0,0,0.0,1.000000000000004,5088
75132,Description unavailable,0.0,0.0,0.0,0,0,0,0.0,1.000000000000004,5089
21057,Description unavailable,0.0,0.0,0.0,0,0,0,0.0,1.000000000000004,5090
35994,Description unavailable,0.0,0.0,0.0,0,0,0,0.0,1.000000000000004,5091
90117,Description unavailable,0.0,0.0,0.0,0,0,0,0.0,1.000000000000004,5092
90121A,Description unavailable,0.0,0.0,0.0,0,0,0,0.0,1.000000000000004,5093
35643,?,0.0,0.0,0.0,0,0,0,0.0,1.000000000000004,5094
21047,Description unavailable,0.0,0.0,0.0,0,0,0,0.0,1.000000000000004,5095
16201C,Description unavailable,0.0,0.0,0.0,0,0,0,0.0,1.000000000000004,5096
84986A,Description unavailable,0.0,0.0,0.0,0,0,0,0.0,1.000000000000004,5097
35608C,Description unavailable,0.0,0.0,0.0,0,0,0,0.0,1.000000000000004,5098
35630B,Description unavailable,0.0,0.0,0.0,0,0,0,0.0,1.000000000000004,5099
35631A,Description unavailable,0.0,0.0,0.0,0,0,0,0.0,1.000000000000004,5100
35631B,BLUE GREEN CHRISTMAS HANGING BALL ,0.0,0.19,-0.19,0,1,0,0.0,1.000000000000004,5101
35632A,Description unavailable,0.0,0.0,0.0,0,0,0,0.0,1.000000000000004,5102
47009,Description unavailable,0.0,0.0,0.0,0,0,0,0.0,1.000000000000004,5103
47284V,Description unavailable,0.0,0.0,0.0,0,0,0,0.0,1.000000000000004,5104
47285B,Description unavailable,0.0,0.0,0.0,0,0,0,0.0,1.000000000000004,5105
47340A,Description unavailable,0.0,0.0,0.0,0,0,0,0.0,1.000000000000004,5106
47340B,Description unavailable,0.0,0.0,0.0,0,0,0,0.0,1.000000000000004,5107
47347A,Description unavailable,0.0,0.0,0.0,0,0,0,0.0,1.000000000000004,5108
21024,Description unavailable,0.0,0.0,0.0,0,0,0,0.0,1.000000000000004,5109
79003B,Description unavailable,0.0,0.0,0.0,0,0,0,0.0,1.000000000000004,5110
79023B,Description unavailable,0.0,0.0,0.0,0,0,0,0.0,1.000000000000004,5111
79053A,Description unavailable,0.0,0.0,0.0,0,0,0,0.0,1.000000000000004,5112
79053B,Description unavailable,0.0,0.0,0.0,0,0,0,0.0,1.000000000000004,5113
79053D,Description unavailable,0.0,0.0,0.0,0,0,0,0.0,1.000000000000004,5114
79057B,Description unavailable,0.0,0.0,0.0,0,0,0,0.0,1.000000000000004,5115
79064C,Description unavailable,0.0,0.0,0.0,0,0,0,0.0,1.000000000000004,5116
79065B,Description unavailable,0.0,0.0,0.0,0,0,0,0.0,1.000000000000004,5117
84972M,Description unavailable,0.0,0.0,0.0,0,0,0,0.0,1.000000000000004,5118
16240,Description unavailable,0.0,0.0,0.0,0,0,0,0.0,1.000000000000004,5119
16243A,Description unavailable,0.0,0.0,0.0,0,0,0,0.0,1.000000000000004,5120
16245B,Description unavailable,0.0,0.0,0.0,0,0,0,0.0,1.000000000000004,5121
16248A,Description unavailable,0.0,0.0,0.0,0,0,0,0.0,1.000000000000004,5122
16249B,Description unavailable,0.0,0.0,0.0,0,0,0,0.0,1.000000000000004,5123
21048,Description unavailable,0.0,0.0,0.0,0,0,0,0.0,1.000000000000004,5124
21052,Description unavailable,0.0,0.0,0.0,0,0,0,0.0,1.000000000000004,5125
21053,ZINC HEART HANGER WITH HOOKS,0.0,4.25,-4.25,0,1,0,0.0,1.000000000000004,5126
21019,Description unavailable,0.0,0.0,0.0,0,0,0,0.0,1.000000000000004,5127
21020,Description unavailable,0.0,0.0,0.0,0,0,0,0.0,1.000000000000004,5128
21021,Description unavailable,0.0,0.0,0.0,0,0,0,0.0,1.000000000000004,5129
21022,Description unavailable,0.0,0.0,0.0,0,0,0,0.0,1.000000000000004,5130
21023,Description unavailable,0.0,0.0,0.0,0,0,0,0.0,1.000000000000004,5131
21005,Description unavailable,0.0,0.0,0.0,0,0,0,0.0,1.000000000000004,5132
21029,Description unavailable,0.0,0.0,0.0,0,0,0,0.0,1.000000000000004,5133
84940,Description unavailable,0.0,0.0,0.0,0,0,0,0.0,1.000000000000004,5134
17010S,Description unavailable,0.0,0.0,0.0,0,0,0,0.0,1.000000000000004,5135
20995,Description unavailable,0.0,0.0,0.0,0,0,0,0.0,1.000000000000004,5136
79069A,Description unavailable,0.0,0.0,0.0,0,0,0,0.0,1.000000000000004,5137
79070B,Description unavailable,0.0,0.0,0.0,0,0,0,0.0,1.000000000000004,5138
79071A,Description unavailable,0.0,0.0,0.0,0,0,0,0.0,1.000000000000004,5139
79082C,Description unavailable,0.0,0.0,0.0,0,0,0,0.0,1.000000000000004,5140
79142,Description unavailable,0.0,0.0,0.0,0,0,0,0.0,1.000000000000004,5141
84928,Description unavailable,0.0,0.0,0.0,0,0,0,0.0,1.000000000000004,5142
84933D,Description unavailable,0.0,0.0,0.0,0,0,0,0.0,1.000000000000004,5143
84938,Description unavailable,0.0,0.0,0.0,0,0,0,0.0,1.000000000000004,5144
16255,Description unavailable,0.0,0.0,0.0,0,0,0,0.0,1.000000000000004,5145
79165,Description unavailable,0.0,0.0,0.0,0,0,0,0.0,1.000000000000004,5146
79302C,Description unavailable,0.0,0.0,0.0,0,0,0,0.0,1.000000000000004,5147
79302J,Description unavailable,0.0,0.0,0.0,0,0,0,0.0,1.000000000000004,5148
79309A,Description unavailable,0.0,0.0,0.0,0,0,0,0.0,1.000000000000004,5149
21909,Description unavailable,0.0,0.0,0.0,0,0,0,0.0,1.000000000000004,5150
44266F,Description unavailable,0.0,0.0,0.0,0,0,0,0.0,1.000000000000004,5151
44276,Description unavailable,0.0,0.0,0.0,0,0,0,0.0,1.000000000000004,5152
45007B,Description unavailable,0.0,0.0,0.0,0,0,0,0.0,1.000000000000004,5153
45008L,Description unavailable,0.0,0.0,0.0,0,0,0,0.0,1.000000000000004,5154
35600A,Found by jackie,0.0,0.0,0.0,0,0,0,0.0,1.000000000000004,5155
35604B,Description unavailable,0.0,0.0,0.0,0,0,0,0.0,1.000000000000004,5156
35605A,damages,0.0,0.0,0.0,0,0,0,0.0,1.000000000000004,5157
35608A,Description unavailable,0.0,0.0,0.0,0,0,0,0.0,1.000000000000004,5158
20951,Description unavailable,0.0,0.0,0.0,0,0,0,0.0,1.000000000000004,5159
20937,Description unavailable,0.0,0.0,0.0,0,0,0,0.0,1.000000000000004,5160
20938,Description unavailable,0.0,0.0,0.0,0,0,0,0.0,1.000000000000004,5161
20955,Description unavailable,0.0,0.0,0.0,0,0,0,0.0,1.000000000000004,5162
20959,Description unavailable,0.0,0.0,0.0,0,0,0,0.0,1.000000000000004,5163
20965,Description unavailable,0.0,0.0,0.0,0,0,0,0.0,1.000000000000004,5164
84927C,Description unavailable,0.0,0.0,0.0,0,0,0,0.0,1.000000000000004,5165
79315B,Description unavailable,0.0,0.0,0.0,0,0,0,0.0,1.000000000000004,5166
37350,Description unavailable,0.0,0.0,0.0,0,0,0,0.0,1.000000000000004,5167
37353,Description unavailable,0.0,0.0,0.0,0,0,0,0.0,1.000000000000004,5168
37365Y,Description unavailable,0.0,0.0,0.0,0,0,0,0.0,1.000000000000004,5169
22003,VINTAGE BLUE VACUUM FLASK 0.5L ,0.0,67.5,-67.5,0,10,0,0.0,1.000000000000004,5170
90172,Description unavailable,0.0,0.0,0.0,0,0,0,0.0,1.000000000000004,5171
20946,Description unavailable,0.0,0.0,0.0,0,0,0,0.0,1.000000000000004,5172
79333,Description unavailable,0.0,0.0,0.0,0,0,0,0.0,1.000000000000004,5173
79340P,PURPLE ORCHID FLOWER LIGHTS,0.0,15.9,-15.9,0,2,0,0.0,1.000000000000004,5174
79340W,WHITE ORCHID FLOWER LIGHTS,0.0,45.3,-45.3,0,6,0,0.0,1.000000000000004,5175
20900,Description unavailable,0.0,0.0,0.0,0,0,0,0.0,1.000000000000004,5176
82039C,Description unavailable,0.0,0.0,0.0,0,0,0,0.0,1.000000000000004,5177
84877C,Description unavailable,0.0,0.0,0.0,0,0,0,0.0,1.000000000000004,5178
84896C,Description unavailable,0.0,0.0,0.0,0,0,0,0.0,1.000000000000004,5179
84897A,Description unavailable,0.0,0.0,0.0,0,0,0,0.0,1.000000000000004,5180
84898E,Description unavailable,0.0,0.0,0.0,0,0,0,0.0,1.000000000000004,5181
84899A,Description unavailable,0.0,0.0,0.0,0,0,0,0.0,1.000000000000004,5182
84904,Description unavailable,0.0,0.0,0.0,0,0,0,0.0,1.000000000000004,5183
20944,Description unavailable,0.0,0.0,0.0,0,0,0,0.0,1.000000000000004,5184
84871,Description unavailable,0.0,0.0,0.0,0,0,0,0.0,1.000000000000004,5185
84873B,Description unavailable,0.0,0.0,0.0,0,0,0,0.0,1.000000000000004,5186
84874A,Description unavailable,0.0,0.0,0.0,0,0,0,0.0,1.000000000000004,5187
18096B,Description unavailable,0.0,0.0,0.0,0,0,0,0.0,1.000000000000004,5188
44242C,Description unavailable,0.0,0.0,0.0,0,0,0,0.0,1.000000000000004,5189
35591G,Description unavailable,0.0,0.0,0.0,0,0,0,0.0,1.000000000000004,5190
84849C,Description unavailable,0.0,0.0,0.0,0,0,0,0.0,1.000000000000004,5191
20904,Description unavailable,0.0,0.0,0.0,0,0,0,0.0,1.000000000000004,5192
20911,Description unavailable,0.0,0.0,0.0,0,0,0,0.0,1.000000000000004,5193
84866,Description unavailable,0.0,0.0,0.0,0,0,0,0.0,1.000000000000004,5194
84867B,Description unavailable,0.0,0.0,0.0,0,0,0,0.0,1.000000000000004,5195
20883,Description unavailable,0.0,0.0,0.0,0,0,0,0.0,1.000000000000004,5196
82096,Description unavailable,0.0,0.0,0.0,0,0,0,0.0,1.000000000000004,5197
35442,Description unavailable,0.0,0.0,0.0,0,0,0,0.0,1.000000000000004,5198
35471B,Description unavailable,0.0,0.0,0.0,0,0,0,0.0,1.000000000000004,5199
35473,Description unavailable,0.0,0.0,0.0,0,0,0,0.0,1.000000000000004,5200
22022,Description unavailable,0.0,0.0,0.0,0,0,0,0.0,1.000000000000004,5201
17013A,Description unavailable,0.0,0.0,0.0,0,0,0,0.0,1.000000000000004,5202
17013E,Description unavailable,0.0,0.0,0.0,0,0,0,0.0,1.000000000000004,5203
17014B,Description unavailable,0.0,0.0,0.0,0,0,0,0.0,1.000000000000004,5204
84825,Description unavailable,0.0,0.0,0.0,0,0,0,0.0,1.000000000000004,5205
84841,Description unavailable,0.0,0.0,0.0,0,0,0,0.0,1.000000000000004,5206
DCGS0006,Description unavailable,0.0,0.0,0.0,0,0,0,0.0,1.000000000000004,5207
84845B,Description unavailable,0.0,0.0,0.0,0,0,0,0.0,1.000000000000004,5208
20880,Description unavailable,0.0,0.0,0.0,0,0,0,0.0,1.000000000000004,5209
20859,Description unavailable,0.0,0.0,0.0,0,0,0,0.0,1.000000000000004,5210
35592T,Description unavailable,0.0,0.0,0.0,0,0,0,0.0,1.000000000000004,5211
82576,Description unavailable,0.0,0.0,0.0,0,0,0,0.0,1.000000000000004,5212
82577,Description unavailable,0.0,0.0,0.0,0,0,0,0.0,1.000000000000004,5213
82595,Description unavailable,0.0,0.0,0.0,0,0,0,0.0,1.000000000000004,5214
82609,Description unavailable,0.0,0.0,0.0,0,0,0,0.0,1.000000000000004,5215
37452B,Description unavailable,0.0,0.0,0.0,0,0,0,0.0,1.000000000000004,5216
37493B,Description unavailable,0.0,0.0,0.0,0,0,0,0.0,1.000000000000004,5217
37493C,Description unavailable,0.0,0.0,0.0,0,0,0,0.0,1.000000000000004,5218
37493D,Description unavailable,0.0,0.0,0.0,0,0,0,0.0,1.000000000000004,5219
37504,Description unavailable,0.0,0.0,0.0,0,0,0,0.0,1.000000000000004,5220
17160,Description unavailable,0.0,0.0,0.0,0,0,0,0.0,1.000000000000004,5221
18033,Description unavailable,0.0,0.0,0.0,0,0,0,0.0,1.000000000000004,5222
84810C,Description unavailable,0.0,0.0,0.0,0,0,0,0.0,1.000000000000004,5223
84811A,Description unavailable,0.0,0.0,0.0,0,0,0,0.0,1.000000000000004,5224
35232,Description unavailable,0.0,0.0,0.0,0,0,0,0.0,1.000000000000004,5225
18094A,Description unavailable,0.0,0.0,0.0,0,0,0,0.0,1.000000000000004,5226
84010,Description unavailable,0.0,0.0,0.0,0,0,0,0.0,1.000000000000004,5227
20844,Description unavailable,0.0,0.0,0.0,0,0,0,0.0,1.000000000000004,5228
84195,Description unavailable,0.0,0.0,0.0,0,0,0,0.0,1.000000000000004,5229
84200,Description unavailable,0.0,0.0,0.0,0,0,0,0.0,1.000000000000004,5230
10124C,Description unavailable,0.0,0.0,0.0,0,0,0,0.0,1.000000000000004,5231
84224,Description unavailable,0.0,0.0,0.0,0,0,0,0.0,1.000000000000004,5232
20852,Given away,0.0,0.0,0.0,0,0,0,0.0,1.000000000000004,5233
84775,Description unavailable,0.0,0.0,0.0,0,0,0,0.0,1.000000000000004,5234
37477D,Description unavailable,0.0,0.0,0.0,0,0,0,0.0,1.000000000000004,5235
37445A,Description unavailable,0.0,0.0,0.0,0,0,0,0.0,1.000000000000004,5236
37445C,Description unavailable,0.0,0.0,0.0,0,0,0,0.0,1.000000000000004,5237
37445D,Description unavailable,0.0,0.0,0.0,0,0,0,0.0,1.000000000000004,5238
84248F,Description unavailable,0.0,0.0,0.0,0,0,0,0.0,1.000000000000004,5239
84750C,Description unavailable,0.0,0.0,0.0,0,0,0,0.0,1.000000000000004,5240
84752B,Description unavailable,0.0,0.0,0.0,0,0,0,0.0,1.000000000000004,5241
84706E,Description unavailable,0.0,0.0,0.0,0,0,0,0.0,1.000000000000004,5242
84718,Description unavailable,0.0,0.0,0.0,0,0,0,0.0,1.000000000000004,5243
84247B,Description unavailable,0.0,0.0,0.0,0,0,0,0.0,1.000000000000004,5244
84247D,Description unavailable,0.0,0.0,0.0,0,0,0,0.0,1.000000000000004,5245
84248B,Description unavailable,0.0,0.0,0.0,0,0,0,0.0,1.000000000000004,5246
84248E,Description unavailable,0.0,0.0,0.0,0,0,0,0.0,1.000000000000004,5247
84705E,Description unavailable,0.0,0.0,0.0,0,0,0,0.0,1.000000000000004,5248
84250H,Description unavailable,0.0,0.0,0.0,0,0,0,0.0,1.000000000000004,5249
37452A,Description unavailable,0.0,0.0,0.0,0,0,0,0.0,1.000000000000004,5250
22126,given away,0.0,0.0,0.0,0,0,0,0.0,1.000000000000004,5251
90197A,Description unavailable,0.0,0.0,0.0,0,0,0,0.0,1.000000000000004,5252
90197C,Description unavailable,0.0,0.0,0.0,0,0,0,0.0,1.000000000000004,5253
22213,Description unavailable,0.0,0.0,0.0,0,0,0,0.0,1.000000000000004,5254
84681,Description unavailable,0.0,0.0,0.0,0,0,0,0.0,1.000000000000004,5255
84699,Description unavailable,0.0,0.0,0.0,0,0,0,0.0,1.000000000000004,5256
35001C,HAND OPEN SHAPE CHROME,0.0,10.17,-10.17,0,3,0,0.0,1.000000000000004,5257
17120,Description unavailable,0.0,0.0,0.0,0,0,0,0.0,1.000000000000004,5258
84341A,Description unavailable,0.0,0.0,0.0,0,0,0,0.0,1.000000000000004,5259
84344,Description unavailable,0.0,0.0,0.0,0,0,0,0.0,1.000000000000004,5260
20824,Description unavailable,0.0,0.0,0.0,0,0,0,0.0,1.000000000000004,5261
84671A,Description unavailable,0.0,0.0,0.0,0,0,0,0.0,1.000000000000004,5262
84672A,Description unavailable,0.0,0.0,0.0,0,0,0,0.0,1.000000000000004,5263
84641,damages,0.0,0.0,0.0,0,0,0,0.0,1.000000000000004,5264
84642,Description unavailable,0.0,0.0,0.0,0,0,0,0.0,1.000000000000004,5265
DCGSLGIRL,Description unavailable,0.0,0.0,0.0,0,0,0,0.0,1.000000000000004,5266
20779,PINK EAR MUFF HEADPHONES,0.0,14.790000000000001,-14.790000000000001,0,3,0,0.0,1.000000000000004,5267
37490C,Description unavailable,0.0,0.0,0.0,0,0,0,0.0,1.000000000000004,5268
37490D,Description unavailable,0.0,0.0,0.0,0,0,0,0.0,1.000000000000004,5269
84389,Description unavailable,0.0,0.0,0.0,0,0,0,0.0,1.000000000000004,5270
84394,Description unavailable,0.0,0.0,0.0,0,0,0,0.0,1.000000000000004,5271
84395,Description unavailable,0.0,0.0,0.0,0,0,0,0.0,1.000000000000004,5272
DCGS0059,Description unavailable,0.0,0.0,0.0,0,0,0,0.0,1.000000000000004,5273
DCGS0016,Description unavailable,0.0,0.0,0.0,0,0,0,0.0,1.000000000000004,5274
DCGS0027,Description unavailable,0.0,0.0,0.0,0,0,0,0.0,1.000000000000004,5275
DCGS0036,Description unavailable,0.0,0.0,0.0,0,0,0,0.0,1.000000000000004,5276
DCGS0039,Description unavailable,0.0,0.0,0.0,0,0,0,0.0,1.000000000000004,5277
DCGS0053,Description unavailable,0.0,0.0,0.0,0,0,0,0.0,1.000000000000004,5278
DCGS0055,Description unavailable,0.0,0.0,0.0,0,0,0,0.0,1.000000000000004,5279
C3,Description unavailable,0.0,0.0,0.0,0,0,0,0.0,1.000000000000004,5280
CRUK,CRUK Commission,0.0,7933.43,-7933.43,0,16,0,0.0,1.000000000000004,5281
gift_0001_60,Description unavailable,0.0,0.0,0.0,0,0,0,0.0,1.000000000000004,5282
DCGSLBOY,Description unavailable,0.0,0.0,0.0,0,0,0,0.0,1.000000000000004,5283
20710,Description unavailable,0.0,0.0,0.0,0,0,0,0.0,1.000000000000004,5284
35925,Description unavailable,0.0,0.0,0.0,0,0,0,0.0,1.000000000000004,5285
35926,Description unavailable,0.0,0.0,0.0,0,0,0,0.0,1.000000000000004,5286
35935,Description unavailable,0.0,0.0,0.0,0,0,0,0.0,1.000000000000004,5287
47595B,Description unavailable,0.0,0.0,0.0,0,0,0,0.0,1.000000000000004,5288
84402C,Description unavailable,0.0,0.0,0.0,0,0,0,0.0,1.000000000000004,5289
84439B,Description unavailable,0.0,0.0,0.0,0,0,0,0.0,1.000000000000004,5290
84440B,Description unavailable,0.0,0.0,0.0,0,0,0,0.0,1.000000000000004,5291
84444C,Description unavailable,0.0,0.0,0.0,0,0,0,0.0,1.000000000000004,5292
84448,Description unavailable,0.0,0.0,0.0,0,0,0,0.0,1.000000000000004,5293
84449,Description unavailable,0.0,0.0,0.0,0,0,0,0.0,1.000000000000004,5294
84460A,Description unavailable,0.0,0.0,0.0,0,0,0,0.0,1.000000000000004,5295
84597A,Description unavailable,0.0,0.0,0.0,0,0,0,0.0,1.000000000000004,5296
84600A,Description unavailable,0.0,0.0,0.0,0,0,0,0.0,1.000000000000004,5297
15002,rex use,0.0,0.0,0.0,0,0,0,0.0,1.000000000000004,5298
GIFT,Description unavailable,0.0,0.0,0.0,0,0,0,0.0,1.000000000000004,5299
17017,Description unavailable,0.0,0.0,0.0,0,0,0,0.0,1.000000000000004,5300
84571,Description unavailable,0.0,0.0,0.0,0,0,0,0.0,1.000000000000004,5301
84585L,Description unavailable,0.0,0.0,0.0,0,0,0,0.0,1.000000000000004,5302
23595,re-adjustment,0.0,0.0,0.0,0,0,0,0.0,1.000000000000004,5303
84558B,Description unavailable,0.0,0.0,0.0,0,0,0,0.0,1.000000000000004,5304
